Num_Acc;id_vehicule;num_veh;senc;catv;obs;obsm;choc;manv;motor;occutc
202300000287;155 680 044;A01;2;10;0;2;1;15;0;
202300000287;155 680 046;B01;1;2;0;2;1;1;0;
202300000288;155 680 040;C01;0;7;0;2;4;23;1;
202300000288;155 680 043;A01;0;7;0;2;1;1;1;
202300000288;155 680 045;B01;0;7;0;2;4;23;1;
202300000289;155 680 039;B01;3;60;0;2;8;19;5;
202300000289;155 680 042;A01;3;33;0;2;1;1;-1;
202300000290;155 680 034;B01;1;7;0;2;2;1;1;
202300000290;155 680 038;A01;1;50;0;2;4;0;3;
202300000291;155 680 035;A01;0;7;0;2;2;1;1;
202300000291;155 680 037;B01;0;1;0;2;4;0;5;
202300000292;155 680 033;B01;0;10;0;2;5;1;1;
202300000292;155 680 036;A01;0;7;0;2;1;1;1;
202300000293;155 680 029;A01;2;7;0;2;1;2;1;
202300000293;155 680 030;B01;2;7;0;2;4;2;1;
202300000293;155 680 032;C01;2;7;0;2;4;2;1;
202300000294;155 680 027;A01;3;7;0;0;3;15;1;
202300000294;155 680 031;B01;2;1;0;2;1;1;5;
202300000295;155 680 026;B01;3;7;0;2;4;1;-1;
202300000295;155 680 028;A01;3;7;0;2;1;1;1;
202300000296;155 680 025;A01;3;1;0;9;0;2;5;
202300000297;155 680 024;A01;3;7;0;1;1;1;1;
202300000298;155 680 021;A01;2;10;0;2;1;2;1;
202300000298;155 680 022;B01;2;7;0;2;4;1;1;
202300000298;155 680 023;C01;2;7;0;2;6;23;1;
202300000299;155 680 016;A01;1;7;0;2;1;10;1;
202300000299;155 680 018;B01;1;10;0;2;1;1;1;
202300000300;155 680 014;D01;2;7;0;2;4;23;1;
202300000300;155 680 015;C01;2;7;0;2;4;23;1;
202300000300;155 680 017;E01;2;7;0;2;4;23;1;
202300000300;155 680 019;A01;2;7;0;2;1;1;1;
202300000300;155 680 020;B01;2;7;0;2;4;23;1;
202300000301;155 680 013;A01;2;7;0;1;2;1;1;
202300000302;155 680 012;A01;3;7;9;0;9;1;-1;
202300000303;155 680 011;A01;1;37;0;1;2;16;1;1
202300000304;155 680 009;A01;3;1;0;2;1;19;5;
202300000304;155 680 010;B01;1;7;0;2;1;1;1;
202300000305;155 680 007;A01;1;7;0;2;8;15;1;
202300000305;155 680 008;B01;1;32;0;2;1;17;1;
202300000306;155 680 004;A01;3;1;0;2;8;19;5;
202300000306;155 680 006;B01;3;33;0;2;1;1;-1;
202300000307;155 680 003;A01;0;7;0;2;3;1;1;
202300000307;155 680 005;B01;0;7;0;2;3;15;2;
202300000308;155 680 000;B01;2;7;0;2;3;1;1;
202300000308;155 680 002;A01;1;7;0;2;1;19;1;
202300000309;155 679 999;A01;1;10;0;2;1;19;1;
202300000309;155 680 001;B01;2;33;0;2;8;21;1;
202300000310;155 679 997;A01;2;7;2;0;1;1;1;
202300000311;155 679 995;C01;3;30;0;2;9;1;-1;
202300000311;155 679 996;B01;3;7;0;2;8;9;1;
202300000311;155 679 998;D01;3;7;0;2;8;1;-1;
202300000312;155 679 994;A01;2;50;0;1;1;25;3;
202300000313;155 679 992;A01;2;33;0;2;1;9;1;
202300000313;155 679 993;B01;1;7;0;2;6;1;1;
202300000314;155 679 990;B01;1;30;0;2;1;1;1;
202300000314;155 679 991;A01;2;7;0;2;6;15;1;
202300000315;155 679 987;B01;3;30;0;2;8;1;-1;
202300000315;155 679 989;A01;3;10;0;2;7;1;-1;
202300000316;155 679 986;A01;2;7;0;2;2;15;1;
202300000316;155 679 988;B01;1;33;0;2;1;1;1;
202300000317;155 679 985;A01;2;7;9;0;1;1;-1;
202300000318;155 679 983;B01;1;50;0;2;1;19;3;
202300000318;155 679 984;A01;1;37;0;2;2;1;1;1
202300000319;155 679 980;A01;3;10;0;2;8;9;-1;
202300000319;155 679 982;B01;3;7;0;2;7;1;1;
202300000320;155 679 979;A01;1;7;0;2;1;0;1;
202300000320;155 679 981;B01;1;7;0;0;0;0;1;
202300000321;155 679 976;A01;1;7;0;2;2;16;1;
202300000321;155 679 978;B01;1;50;0;2;3;25;3;
202300000322;155 679 974;C01;1;7;0;2;4;1;1;
202300000322;155 679 975;A01;1;7;0;2;2;14;1;
202300000322;155 679 977;B01;1;7;9;2;4;1;1;
202300000323;155 679 972;A01;2;40;0;1;1;1;3;
202300000324;155 679 971;B01;3;7;0;2;3;15;1;
202300000324;155 679 973;A01;3;7;0;2;2;1;1;
202300000325;155 679 969;A01;1;7;0;1;1;1;1;
202300000326;155 679 968;A01;3;7;0;2;8;16;-1;
202300000326;155 679 970;B01;3;1;0;2;7;1;5;
202300000327;155 679 967;A01;0;10;0;1;2;9;1;
202300000328;155 679 966;A01;1;7;0;1;1;16;2;
202300000329;155 679 964;B01;2;50;0;2;7;15;2;
202300000329;155 679 965;A01;1;37;0;9;1;1;1;1
202300000330;155 679 962;A01;1;7;0;2;1;13;1;
202300000330;155 679 963;B01;2;7;0;2;1;1;1;
202300000331;155 679 961;A01;2;7;8;0;1;14;1;
202300000332;155 679 959;A01;1;7;0;1;2;1;1;
202300000333;155 679 958;A01;1;31;0;2;1;17;1;
202300000333;155 679 960;B01;1;7;-1;2;-1;1;-1;
202300000334;155 679 954;B01;2;7;0;2;1;13;1;
202300000334;155 679 955;A01;1;7;0;2;1;1;1;
202300000335;155 679 953;A01;1;7;0;1;1;16;0;
202300000336;155 679 951;A01;1;7;0;2;4;2;1;
202300000336;155 679 952;B01;1;10;0;2;1;2;1;
202300000337;155 679 947;A01;3;10;0;2;7;0;1;
202300000337;155 679 948;B01;3;2;0;2;1;26;1;
202300000338;155 679 949;B01;1;7;0;2;2;1;1;
202300000338;155 679 950;A01;3;7;0;2;3;9;1;
202300000339;155 679 945;A01;1;7;0;2;1;15;1;
202300000339;155 679 946;B01;1;7;0;2;1;1;1;
202300000340;155 679 943;A01;1;7;0;1;2;1;1;
202300000341;155 679 940;A01;1;7;0;1;1;1;1;
202300000342;155 679 939;A01;3;7;0;2;1;19;1;
202300000342;155 679 941;B01;3;7;0;2;0;0;1;
202300000343;155 679 938;A01;3;7;0;1;3;1;1;
202300000344;155 679 936;A01;1;30;0;2;1;17;1;
202300000344;155 679 937;B01;2;3;0;2;3;9;1;
202300000345;155 679 930;A01;1;20;0;2;1;1;0;
202300000345;155 679 932;B01;1;7;0;2;8;1;0;
202300000346;155 679 928;F01;2;7;0;0;6;1;1;
202300000346;155 679 929;E01;2;10;0;0;4;1;1;
202300000346;155 679 931;A01;2;7;0;2;7;13;2;
202300000346;155 679 933;B01;2;7;0;2;8;1;1;
202300000346;155 679 934;C01;2;33;0;2;4;1;1;
202300000346;155 679 935;D01;2;33;0;2;4;1;1;
202300000347;155 679 927;A01;2;33;13;0;1;1;1;
202300000348;155 679 923;A01;2;7;0;2;1;1;1;
202300000348;155 679 926;B01;1;10;0;2;1;5;1;
202300000349;155 679 924;B01;3;7;0;2;3;15;1;
202300000349;155 679 925;A01;3;1;0;2;1;26;5;
202300000350;155 679 922;A01;1;33;0;0;9;1;1;
202300000351;155 679 921;A01;3;7;0;1;7;2;1;
202300000352;155 679 919;A01;1;10;0;2;3;15;1;
202300000352;155 679 920;B01;1;33;6;2;1;17;1;
202300000353;155 679 918;A01;0;31;0;1;1;1;1;
202300000354;155 679 915;B01;2;7;0;2;3;15;1;
202300000354;155 679 917;A01;2;10;0;2;2;1;1;
202300000355;155 679 914;A01;3;7;0;2;3;26;2;
202300000355;155 679 916;B01;3;2;0;2;1;1;1;
202300000356;155 679 913;A01;1;7;8;0;7;1;1;
202300000357;155 679 910;A01;1;7;0;2;4;26;1;
202300000357;155 679 912;B01;1;0;0;2;1;1;1;
202300000358;155 679 907;C01;3;7;0;2;4;1;1;
202300000358;155 679 909;A01;3;7;0;2;1;1;1;
202300000358;155 679 911;B01;3;7;0;2;4;1;1;
202300000359;155 679 906;A01;1;7;0;0;4;2;1;
202300000359;155 679 908;B01;1;33;0;2;1;2;1;
202300000360;155 679 902;A01;0;7;0;2;1;19;1;
202300000360;155 679 904;B01;3;7;0;2;7;1;1;
202300000361;155 679 903;A01;2;60;0;2;7;19;5;
202300000361;155 679 905;Z01;2;7;0;9;1;1;0;
202300000362;155 679 901;A01;2;7;2;0;8;13;1;
202300000363;155 679 900;A01;1;7;0;1;3;1;1;
202300000364;155 679 898;A01;0;7;8;2;2;15;1;
202300000364;155 679 899;B01;3;10;0;2;3;17;1;
202300000365;155 679 897;A01;3;7;0;1;1;1;1;
202300000366;155 679 895;B01;0;7;0;2;2;0;1;
202300000366;155 679 896;A01;0;30;0;2;2;0;1;
202300000367;155 679 893;B01;3;50;0;2;0;14;3;
202300000367;155 679 894;A01;3;7;0;2;8;1;1;
202300000368;155 679 891;A01;1;7;0;2;3;1;1;
202300000368;155 679 892;B01;2;33;0;2;3;5;1;
202300000369;155 679 890;A01;2;40;0;1;2;1;3;
202300000370;155 679 888;A01;3;7;0;2;3;15;1;
202300000370;155 679 889;B01;0;2;0;2;1;1;1;
202300000371;155 679 887;A01;1;7;1;1;2;1;1;
202300000372;155 679 886;A01;3;7;2;0;2;1;0;
202300000373;155 679 882;A01;2;33;0;2;1;17;1;
202300000373;155 679 884;B01;1;33;0;0;1;1;1;
202300000374;155 679 883;A01;2;7;0;2;1;5;1;
202300000374;155 679 885;B01;1;7;0;2;1;1;2;
202300000375;155 679 881;A01;2;33;0;1;8;26;1;
202300000376;155 679 880;A01;2;7;1;1;3;1;1;
202300000377;155 679 879;A01;2;7;6;0;1;1;1;
202300000378;155 679 878;A01;3;7;8;0;0;1;1;
202300000379;155 679 877;A01;1;30;0;1;1;0;3;
202300000380;155 679 875;A01;1;7;0;2;3;13;1;
202300000380;155 679 876;B01;2;7;0;2;3;0;1;
202300000381;155 679 873;B01;3;43;0;2;8;15;1;
202300000381;155 679 874;A01;3;32;0;2;2;1;1;
202300000382;155 679 869;D01;2;7;0;2;7;1;0;
202300000382;155 679 870;A01;1;36;0;2;1;11;1;
202300000382;155 679 871;B01;2;7;0;0;0;15;0;
202300000382;155 679 872;C01;2;7;0;2;1;1;0;
202300000383;155 679 868;A01;1;7;0;1;3;1;1;
202300000384;155 679 867;A01;2;7;2;0;1;1;1;
202300000385;155 679 865;A01;2;7;0;2;7;24;0;
202300000385;155 679 866;B01;2;34;1;0;1;18;1;
202300000386;155 679 863;A01;1;7;0;2;3;1;1;
202300000386;155 679 864;B01;2;7;0;2;3;13;1;
202300000387;155 679 861;A01;3;7;2;0;1;1;0;
202300000388;155 679 860;A01;3;7;0;2;8;1;1;
202300000388;155 679 862;B01;3;7;0;2;3;19;1;
202300000389;155 679 859;A01;1;7;0;1;2;1;1;
202300000390;155 679 856;A01;1;7;1;0;2;26;2;
202300000390;155 679 858;B01;1;1;16;0;7;25;5;
202300000391;155 679 852;A01;-1;39;0;1;-1;1;-1;
202300000392;155 679 853;A01;1;7;0;2;2;19;0;
202300000392;155 679 854;B01;1;7;0;2;1;1;0;
202300000392;155 679 855;C01;2;7;0;0;8;23;0;
202300000393;155 679 850;A01;1;7;0;2;3;11;0;
202300000393;155 679 851;B01;2;2;1;2;6;1;1;
202300000394;155 679 849;A01;0;39;0;1;1;1;-1;
202300000395;155 679 847;A01;1;7;0;2;7;14;1;
202300000395;155 679 848;B01;1;33;3;2;8;1;1;
202300000396;155 679 845;B01;0;30;0;4;1;1;1;
202300000396;155 679 846;A01;0;39;0;2;1;1;3;
202300000397;155 679 843;A01;2;10;0;2;6;2;1;
202300000397;155 679 844;B01;2;7;0;2;1;2;1;
202300000398;155 679 842;A01;0;39;0;1;0;1;3;
202300000399;155 679 839;B01;2;33;0;2;1;21;1;
202300000399;155 679 840;C01;2;7;0;0;3;1;1;
202300000399;155 679 841;A01;2;7;0;2;0;14;1;
202300000400;155 679 838;A01;0;39;0;1;1;1;3;
202300000401;155 679 836;A01;1;17;0;2;2;15;1;
202300000401;155 679 837;B01;1;33;0;2;6;0;1;
202300000402;155 679 835;A01;0;39;0;1;1;1;3;
202300000403;155 679 833;A01;1;14;0;2;1;1;1;
202300000403;155 679 834;B01;1;7;0;2;4;1;2;
202300000404;155 679 832;A01;0;39;0;1;0;1;1;
202300000405;155 679 830;A01;2;7;0;2;1;2;1;
202300000405;155 679 831;B01;2;7;0;2;4;2;1;
202300000406;155 679 829;A01;0;39;0;1;1;1;3;
202300000407;155 679 828;A01;1;7;4;0;0;1;1;
202300000408;155 679 824;B01;2;7;0;2;3;1;1;
202300000408;155 679 827;A01;2;32;0;2;1;3;1;
202300000409;155 679 821;A01;1;10;0;2;1;2;1;
202300000409;155 679 822;B01;1;7;0;2;4;2;1;
202300000410;155 679 820;A01;0;10;0;0;0;0;0;
202300000410;155 679 823;B01;1;10;0;2;4;2;1;
202300000411;155 679 819;A01;1;7;3;0;1;1;1;
202300000412;155 679 816;A01;2;33;0;2;3;18;1;
202300000412;155 679 817;B01;2;7;0;2;5;14;1;
202300000413;155 679 815;A01;2;33;0;2;4;1;1;
202300000413;155 679 818;B01;2;7;0;2;1;26;1;
202300000414;155 679 810;A01;1;10;0;2;1;2;1;
202300000414;155 679 812;B01;1;7;0;2;4;2;1;
202300000414;155 679 813;C01;1;7;0;2;4;2;1;
202300000414;155 679 814;D01;1;7;0;2;4;2;1;
202300000415;155 679 811;A01;0;39;0;1;1;1;3;
202300000416;155 679 807;A01;2;7;0;2;4;2;1;
202300000416;155 679 809;B01;2;33;0;2;1;3;1;
202300000417;155 679 806;A01;0;39;0;2;1;1;-1;
202300000417;155 679 808;B01;3;7;0;4;1;1;1;
202300000418;155 679 803;A01;1;7;0;2;4;1;1;
202300000418;155 679 804;B01;1;7;0;2;1;11;1;
202300000418;155 679 805;C01;1;7;0;2;1;1;1;
202300000419;155 679 801;A01;1;43;0;2;2;14;0;
202300000419;155 679 802;B01;1;7;0;2;3;1;1;
202300000420;155 679 800;A01;1;7;0;1;1;1;1;
202300000421;155 679 798;Z01;0;7;0;2;1;7;1;
202300000421;155 679 799;A01;0;7;15;0;5;16;1;
202300000422;155 679 795;A01;2;7;0;1;2;9;1;
202300000423;155 679 796;A01;2;1;0;2;8;19;5;
202300000423;155 679 797;B01;2;31;0;9;1;2;1;
202300000424;155 679 794;A01;0;7;0;1;0;1;1;
202300000425;155 679 792;A01;1;7;0;2;8;13;2;
202300000425;155 679 793;B01;1;32;0;2;2;17;1;
202300000426;155 679 791;A01;1;2;0;1;2;1;3;
202300000427;155 679 789;A01;1;33;2;0;1;13;1;
202300000427;155 679 790;B01;1;33;8;0;1;13;1;
202300000428;155 679 787;B01;1;7;0;0;1;1;1;
202300000428;155 679 788;A01;1;7;0;0;0;23;1;
202300000429;155 679 786;A01;1;7;0;1;0;0;1;
202300000430;155 679 784;B01;1;2;0;2;3;15;1;
202300000430;155 679 785;A01;1;7;0;2;2;17;1;
202300000431;155 679 783;A01;-1;39;0;1;0;-1;-1;
202300000432;155 679 781;B01;1;7;0;1;1;17;1;
202300000432;155 679 782;A01;1;7;0;1;8;1;1;
202300000433;155 679 780;A01;1;1;0;0;0;1;5;
202300000434;155 679 777;B01;1;7;0;2;9;0;1;
202300000434;155 679 778;C01;1;7;0;2;9;0;1;
202300000434;155 679 779;A01;1;7;0;2;4;26;1;
202300000435;155 679 774;A01;1;33;0;2;1;3;1;
202300000435;155 679 775;B01;1;7;0;2;8;15;1;
202300000436;155 679 773;A01;1;7;0;1;2;1;1;
202300000437;155 679 771;A01;0;1;0;0;1;1;5;
202300000438;155 679 770;A01;1;7;0;2;1;1;1;
202300000438;155 679 772;B01;1;7;1;2;4;1;1;
202300000439;155 679 766;A01;1;7;0;2;1;1;1;
202300000439;155 679 767;B01;1;7;0;2;4;1;2;
202300000439;155 679 768;C01;1;7;0;2;4;1;1;
202300000440;155 679 769;A01;0;7;2;0;1;1;1;
202300000441;155 679 764;A01;1;33;0;2;1;26;1;
202300000441;155 679 765;B01;1;7;0;2;4;0;1;
202300000442;155 679 763;A01;0;7;0;1;4;20;1;
202300000443;155 679 761;B01;2;7;0;2;0;0;1;
202300000443;155 679 762;A01;2;50;0;2;1;1;3;
202300000444;155 679 760;A01;0;2;12;0;1;1;1;
202300000445;155 679 756;A01;1;10;0;2;1;2;1;
202300000445;155 679 757;B01;1;7;0;2;4;2;1;
202300000445;155 679 759;C01;1;10;0;2;4;2;1;
202300000446;155 679 755;A01;2;7;0;2;3;1;1;
202300000446;155 679 758;B01;1;30;0;2;1;1;3;
202300000447;155 679 754;A01;3;7;0;1;1;26;1;
202300000448;155 679 750;B01;1;7;0;2;3;2;1;
202300000448;155 679 752;A01;1;33;0;2;2;15;1;
202300000449;155 679 751;A01;2;7;0;2;3;5;0;
202300000449;155 679 753;B01;1;7;0;2;3;1;0;
202300000450;155 679 748;A01;1;10;0;2;4;1;1;
202300000450;155 679 749;B01;1;10;0;2;1;2;1;
202300000451;155 679 746;A01;1;7;9;0;1;16;1;
202300000452;155 679 744;A01;3;7;0;1;3;15;1;
202300000453;155 679 742;B01;1;7;0;2;3;1;1;
202300000453;155 679 745;C01;1;10;0;2;1;1;1;
202300000453;155 679 747;A01;2;7;0;2;1;13;1;
202300000454;155 679 741;A01;3;7;0;1;2;1;1;
202300000455;155 679 739;A01;1;37;0;0;0;1;6;4
202300000456;155 679 740;A01;2;7;13;0;1;1;1;
202300000457;155 679 737;A01;0;7;0;2;3;1;1;
202300000457;155 679 738;B01;0;10;0;2;3;15;1;
202300000458;155 679 735;A01;1;10;0;2;1;1;0;
202300000458;155 679 736;B01;1;7;8;0;2;1;1;
202300000459;155 679 734;A01;1;7;0;1;1;9;1;
202300000460;155 679 733;A01;2;2;0;0;0;1;1;
202300000461;155 679 731;A01;0;50;0;0;0;1;3;
202300000462;155 679 732;A01;1;7;13;0;1;14;1;
202300000463;155 679 730;A01;1;31;1;0;1;1;1;
202300000464;155 679 728;A01;3;7;0;2;2;1;1;
202300000464;155 679 729;B01;3;80;0;2;2;1;3;
202300000465;155 679 726;B01;1;1;0;2;2;1;5;
202300000465;155 679 727;A01;1;10;0;2;3;1;1;
202300000466;155 679 725;A01;1;7;0;1;3;1;1;
202300000467;155 679 723;A01;1;33;0;0;0;21;1;
202300000467;155 679 724;B01;1;14;0;0;0;26;0;
202300000468;155 679 719;A01;1;7;0;2;1;5;1;
202300000468;155 679 720;B01;2;15;0;2;2;1;0;
202300000469;155 679 717;B01;1;33;0;2;3;16;1;
202300000469;155 679 718;A01;2;7;0;2;3;13;1;
202300000470;155 679 715;B01;2;7;0;2;6;23;1;
202300000470;155 679 716;A01;1;33;12;2;1;14;1;
202300000471;155 679 714;A01;2;30;4;0;2;1;1;
202300000472;155 679 713;A01;2;34;0;1;1;26;1;
202300000473;155 679 711;A01;3;10;0;2;1;1;0;
202300000473;155 679 712;B01;3;7;0;2;4;1;0;
202300000474;155 679 710;A01;0;7;0;0;2;14;1;
202300000475;155 679 709;A01;1;10;3;0;3;14;1;
202300000476;155 679 708;A01;1;7;0;1;1;1;2;
202300000477;155 679 707;A01;1;7;0;1;1;15;1;
202300000478;155 679 706;A01;3;32;0;2;3;1;1;
202300000479;155 679 703;C01;1;15;0;2;5;16;1;
202300000479;155 679 704;A01;1;10;0;2;1;1;1;
202300000479;155 679 705;B01;1;7;0;2;4;1;1;
202300000480;155 679 702;A01;3;7;2;0;1;9;1;
202300000481;155 679 700;B01;2;7;0;2;3;1;1;
202300000481;155 679 701;A01;2;31;0;2;0;0;1;
202300000482;155 679 699;A01;0;7;0;1;2;1;1;
202300000483;155 679 696;A01;3;7;0;2;1;12;1;
202300000483;155 679 697;B01;3;7;0;2;4;2;1;
202300000483;155 679 698;C01;3;7;0;2;4;0;0;
202300000484;155 679 694;A01;1;7;0;2;3;13;1;
202300000484;155 679 695;B01;2;1;0;2;1;1;5;
202300000485;155 679 693;A01;2;7;1;0;2;14;1;
202300000486;155 679 692;A01;3;10;0;1;4;20;1;
202300000487;155 679 690;B01;2;7;0;2;3;1;1;
202300000487;155 679 691;A01;1;7;0;2;3;1;1;
202300000488;155 679 689;A01;3;10;0;1;1;15;1;
202300000489;155 679 687;A01;1;1;0;2;1;1;5;
202300000489;155 679 688;B01;1;7;0;2;4;2;1;
202300000490;155 679 685;B01;1;7;0;2;2;16;3;
202300000490;155 679 686;A01;3;50;0;2;1;19;3;
202300000491;155 679 683;A01;1;7;0;2;2;15;1;
202300000491;155 679 684;B01;1;33;0;2;1;1;1;
202300000492;155 679 682;A01;1;7;0;1;1;1;1;
202300000493;155 679 679;A01;2;7;6;2;9;1;1;
202300000493;155 679 680;B01;2;7;0;2;4;5;1;
202300000493;155 679 681;C01;2;37;0;2;1;2;1;1
202300000494;155 679 677;B01;2;1;0;2;1;1;5;
202300000494;155 679 678;A01;1;7;0;2;1;15;1;
202300000495;155 679 674;C01;1;30;0;2;4;23;1;
202300000495;155 679 675;A01;1;7;1;0;1;1;1;
202300000495;155 679 676;B01;1;31;0;2;4;24;1;
202300000496;155 679 672;A01;1;7;0;2;3;0;1;
202300000496;155 679 673;B01;2;33;0;2;8;0;1;
202300000497;155 679 671;A01;1;7;0;1;8;21;1;
202300000498;155 679 670;A01;1;7;0;1;2;1;1;
202300000499;155 679 669;A01;1;1;0;1;1;5;5;
202300000500;155 679 667;A01;3;7;0;2;1;15;1;
202300000500;155 679 668;B01;3;7;0;2;1;1;1;
202300000501;155 679 664;B01;3;3;0;2;1;1;1;
202300000501;155 679 666;A01;3;10;0;2;3;13;1;
202300000502;155 679 663;B01;2;7;1;2;5;1;1;
202300000502;155 679 665;A01;2;10;0;2;1;19;1;
202300000503;155 679 661;A01;1;2;0;2;1;1;1;
202300000503;155 679 662;B01;2;7;0;2;1;15;1;
202300000504;155 679 659;Z01;2;7;0;2;1;2;1;
202300000504;155 679 660;B01;2;7;0;2;4;23;3;
202300000505;155 679 657;A01;1;7;0;2;3;9;2;
202300000505;155 679 658;B01;1;2;0;2;4;1;1;
202300000506;155 679 655;A01;2;7;0;2;1;2;1;
202300000506;155 679 656;B01;2;7;0;2;5;2;1;
202300000507;155 679 653;A01;0;7;0;1;1;1;1;
202300000508;155 679 651;B01;1;37;0;2;3;2;1;2
202300000508;155 679 652;A01;1;7;0;2;7;14;1;
202300000509;155 679 650;A01;0;37;0;1;1;15;3;1
202300000510;155 679 648;A01;2;7;0;1;2;1;1;
202300000511;155 679 646;C01;2;10;0;2;4;1;1;
202300000511;155 679 647;A01;2;7;0;2;1;1;1;
202300000511;155 679 649;B01;2;7;0;2;6;1;1;
202300000512;155 679 643;B01;1;7;0;2;1;13;1;
202300000512;155 679 644;A01;2;7;0;2;3;1;1;
202300000513;155 679 642;A01;2;13;0;2;2;2;1;
202300000513;155 679 645;B01;2;50;0;2;6;26;3;
202300000514;155 679 641;A01;1;7;0;0;0;13;1;
202300000515;155 679 637;B01;1;33;0;2;1;1;1;
202300000515;155 679 640;A01;0;7;0;2;5;1;1;
202300000516;155 679 638;A01;2;7;0;2;5;15;1;
202300000516;155 679 639;B01;1;3;0;2;1;16;1;
202300000517;155 679 634;A01;1;7;0;2;1;1;1;
202300000517;155 679 635;B01;1;7;0;2;9;1;1;
202300000518;155 679 629;A01;3;7;0;2;8;11;1;
202300000518;155 679 631;B01;3;7;0;2;2;1;1;
202300000519;155 679 628;A01;0;50;0;0;0;21;3;
202300000520;155 679 627;CA01;2;7;0;9;3;15;3;
202300000520;155 679 630;B01;1;1;0;2;1;1;5;
202300000520;155 679 632;C01;1;1;0;2;1;0;5;
202300000521;155 679 626;A01;3;3;0;1;1;15;3;
202300000522;155 679 625;A01;3;10;0;1;4;26;1;
202300000523;155 679 623;A01;0;33;0;1;3;3;1;
202300000524;155 679 622;A01;1;50;0;2;1;1;3;
202300000524;155 679 624;B01;2;1;0;2;3;19;5;
202300000525;155 679 621;A01;2;7;9;0;2;1;1;
202300000526;155 679 618;B01;2;7;0;2;3;1;2;
202300000526;155 679 620;A01;1;1;0;2;2;19;5;
202300000527;155 679 617;A01;2;7;0;2;3;23;1;
202300000527;155 679 619;B01;1;30;1;0;1;1;1;
202300000528;155 679 614;A01;1;7;0;2;2;16;1;
202300000528;155 679 616;B01;2;1;0;2;1;19;5;
202300000529;155 679 613;A01;2;7;0;2;6;9;1;
202300000529;155 679 615;B01;2;33;0;2;1;1;1;
202300000530;155 679 612;A01;2;31;11;0;1;1;1;
202300000531;155 679 608;A01;1;7;0;2;3;1;1;
202300000531;155 679 610;B01;2;1;0;2;8;1;5;
202300000532;155 679 609;B01;2;7;0;2;2;1;1;
202300000532;155 679 611;A01;1;10;0;2;2;9;1;
202300000533;155 679 606;A01;1;0;0;0;0;26;0;
202300000534;155 679 605;B01;1;7;0;2;6;10;1;
202300000534;155 679 607;A01;1;33;0;2;1;1;1;
202300000535;155 679 599;A01;2;7;9;0;2;14;1;
202300000536;155 679 598;B01;1;37;0;0;0;1;1;4
202300000536;155 679 600;Z01;3;7;0;0;0;9;0;
202300000537;155 679 596;B01;1;1;0;2;1;1;5;
202300000537;155 679 597;A01;1;7;0;2;2;16;1;
202300000538;155 679 595;A01;2;7;0;1;2;5;1;
202300000539;155 679 592;A01;2;10;0;1;1;1;0;
202300000540;155 679 593;B01;1;50;0;2;1;19;3;
202300000540;155 679 594;A01;1;7;0;2;3;1;1;
202300000541;155 679 591;A01;1;1;0;1;1;1;5;
202300000542;155 679 590;A01;3;7;6;0;1;16;1;
202300000543;155 679 587;B01;2;32;0;2;4;1;1;
202300000543;155 679 589;A01;2;7;0;2;1;2;1;
202300000544;155 679 588;A01;3;30;1;0;6;0;1;
202300000545;155 679 585;B01;3;1;0;2;8;19;5;
202300000545;155 679 586;A01;0;10;0;2;1;1;1;
202300000546;155 679 584;A01;1;37;0;1;6;26;1;1
202300000547;155 679 583;A01;1;7;0;1;3;1;1;
202300000548;155 679 582;A01;3;7;0;1;2;1;1;
202300000549;155 679 580;A01;1;10;0;2;1;2;1;
202300000549;155 679 581;B01;1;7;0;2;4;1;1;
202300000550;155 679 577;A01;1;7;0;1;2;1;1;
202300000551;155 679 578;B01;1;7;0;2;8;1;1;
202300000551;155 679 579;A01;1;7;0;2;1;1;1;
202300000552;155 679 573;B01;1;7;0;2;3;15;0;
202300000552;155 679 575;A01;1;32;0;2;2;1;0;
202300000553;155 679 574;A01;1;10;0;2;1;15;1;
202300000553;155 679 576;B01;2;2;0;2;1;1;1;
202300000554;155 679 570;A01;2;7;0;2;1;2;1;
202300000554;155 679 571;B01;2;7;0;0;0;26;1;
202300000555;155 679 572;A01;2;7;3;0;3;2;1;
202300000556;155 679 567;B01;3;7;0;2;1;1;1;
202300000556;155 679 569;A01;3;7;0;2;1;1;1;
202300000557;155 679 566;A01;3;7;0;2;8;15;1;
202300000557;155 679 568;B01;1;7;0;2;1;1;1;
202300000558;155 679 565;A01;1;10;0;1;3;1;1;
202300000559;155 679 563;B01;2;2;0;2;2;1;1;
202300000559;155 679 564;A01;2;7;0;2;3;9;1;
202300000560;155 679 562;A01;1;10;0;1;2;16;1;
202300000561;155 679 559;A01;1;7;0;1;1;1;1;
202300000562;155 679 560;A01;2;33;12;2;3;1;1;
202300000562;155 679 561;B01;1;7;0;2;6;1;1;
202300000563;155 679 556;A01;3;7;0;2;1;1;1;
202300000563;155 679 558;B01;3;7;0;2;1;1;1;
202300000564;155 679 555;A01;3;7;12;0;2;14;1;
202300000565;155 679 554;A01;3;10;0;2;3;15;1;
202300000565;155 679 557;B01;3;7;0;2;6;1;1;
202300000566;155 679 553;A01;3;7;1;0;1;15;1;
202300000567;155 679 551;A01;3;40;0;2;1;24;-1;
202300000567;155 679 552;B01;3;1;0;4;8;18;5;
202300000568;155 679 549;A01;3;10;0;2;3;14;0;
202300000568;155 679 550;B01;3;7;0;2;5;1;1;
202300000569;155 679 545;A01;3;7;0;2;1;1;1;