Num_Acc;id_vehicule;num_veh;senc;catv;obs;obsm;choc;manv;motor;occutc
202300000569;155 679 547;B01;3;7;0;2;9;1;1;
202300000569;155 679 548;C01;3;7;0;2;4;1;0;
202300000570;155 679 544;A01;3;7;0;2;1;15;1;
202300000570;155 679 546;B01;3;1;0;2;1;0;5;
202300000571;155 679 542;A01;3;10;0;2;0;0;1;
202300000571;155 679 543;B01;3;2;0;2;7;0;1;
202300000572;155 679 540;A01;3;7;0;2;1;2;1;
202300000572;155 679 541;B01;3;7;0;2;4;2;1;
202300000573;155 679 538;B01;0;33;0;2;7;1;1;
202300000573;155 679 539;A01;0;33;0;2;7;10;1;
202300000574;155 679 536;A01;1;80;0;2;1;13;3;
202300000574;155 679 537;B01;2;80;0;2;1;21;3;
202300000575;155 679 533;A01;2;7;0;2;1;15;1;
202300000575;155 679 535;B01;1;2;0;2;1;1;1;
202300000576;155 679 531;B01;3;7;0;2;5;1;0;
202300000576;155 679 532;A01;3;7;0;2;3;1;0;
202300000577;155 679 530;B01;2;30;0;2;1;1;1;
202300000577;155 679 534;A01;1;7;0;2;7;15;2;
202300000578;155 679 526;A01;0;33;14;2;2;1;1;
202300000578;155 679 528;B01;0;33;0;2;5;1;1;
202300000579;155 679 524;A01;1;7;0;1;1;16;1;
202300000580;155 679 522;A01;3;7;0;1;1;1;1;
202300000581;155 679 523;A01;2;7;0;2;3;2;1;
202300000581;155 679 525;B01;2;31;0;2;1;2;1;
202300000582;155 679 520;A01;3;7;12;0;1;1;1;
202300000583;155 679 518;A01;1;7;0;2;1;2;1;
202300000583;155 679 519;B01;1;7;0;2;4;26;1;
202300000583;155 679 521;C01;1;7;0;2;4;15;1;
202300000584;155 679 514;A01;1;7;0;2;1;1;1;
202300000584;155 679 516;C01;1;1;0;2;7;19;5;
202300000584;155 679 517;B01;1;1;0;2;7;19;5;
202300000585;155 679 515;A01;1;7;6;0;1;14;1;
202300000586;155 679 513;A01;1;1;0;0;0;1;5;
202300000587;155 679 509;B01;3;7;0;2;1;15;1;
202300000587;155 679 511;A01;3;7;0;2;0;0;1;
202300000588;155 679 510;A01;1;7;0;2;3;26;1;
202300000588;155 679 512;B01;2;7;0;2;2;1;1;
202300000589;155 679 507;A01;1;33;0;2;2;17;1;
202300000589;155 679 508;B01;2;10;0;2;3;19;1;
202300000590;155 679 503;A01;2;10;0;2;1;1;1;
202300000590;155 679 504;B01;2;7;1;2;4;1;1;
202300000590;155 679 506;C01;2;7;0;0;4;1;1;
202300000591;155 679 502;A01;2;10;0;2;3;1;1;
202300000591;155 679 505;B01;1;7;0;2;2;15;1;
202300000592;155 679 500;A01;1;7;1;0;1;16;1;
202300000593;155 679 497;A01;2;80;12;0;2;0;3;
202300000594;155 679 498;A01;3;7;0;2;1;17;0;
202300000594;155 679 499;B01;3;16;0;2;0;0;0;
202300000594;155 679 501;C01;3;7;0;0;0;0;0;
202300000595;155 679 495;A01;2;33;0;2;3;15;1;
202300000595;155 679 496;B01;2;1;0;2;1;17;5;
202300000596;155 679 494;A01;1;7;0;1;2;20;0;
202300000597;155 679 492;A01;1;30;0;2;4;1;1;
202300000597;155 679 493;X01;1;7;0;2;1;1;1;
202300000598;155 679 491;A01;3;7;0;1;1;1;0;
202300000599;155 679 489;B01;2;33;0;2;6;1;1;
202300000599;155 679 490;A01;2;7;0;2;1;1;2;
202300000600;155 679 487;B01;1;32;-1;2;-1;-1;1;
202300000600;155 679 488;A01;1;7;0;2;7;15;1;
202300000601;155 679 485;A01;1;7;0;0;0;2;0;
202300000601;155 679 486;B01;1;33;0;2;4;2;1;
202300000602;155 679 483;A01;3;7;0;2;2;15;1;
202300000602;155 679 484;B01;3;33;0;2;1;1;1;
202300000603;155 679 479;B01;1;7;0;0;6;9;1;
202300000603;155 679 480;A01;1;7;0;2;1;1;1;
202300000604;155 679 481;A01;1;7;0;2;3;10;2;
202300000604;155 679 482;B01;1;32;0;2;1;17;1;
202300000605;155 679 477;A01;1;7;0;9;3;2;1;
202300000605;155 679 478;B01;1;50;0;2;4;0;3;
202300000606;155 679 475;A01;2;17;0;2;4;26;1;
202300000606;155 679 476;B01;2;1;0;2;1;1;5;
202300000607;155 679 473;A01;1;7;0;2;2;9;1;
202300000607;155 679 474;B01;1;1;0;2;6;1;5;
202300000608;155 679 471;A01;2;7;0;1;2;1;0;
202300000609;155 679 470;B01;3;7;0;2;6;1;2;
202300000609;155 679 472;A01;3;31;0;2;7;12;1;
202300000610;155 679 469;A01;1;7;0;1;1;1;1;
202300000611;155 679 467;A01;1;7;1;0;9;1;1;
202300000612;155 679 468;A01;3;7;0;1;1;26;1;
202300000613;155 679 464;A01;1;10;0;2;2;15;0;
202300000613;155 679 466;B01;1;7;0;2;1;1;1;
202300000614;155 679 463;B01;3;1;0;2;1;1;5;
202300000614;155 679 465;Z01;3;7;0;2;1;15;0;
202300000615;155 679 461;A01;1;31;0;2;4;2;1;
202300000615;155 679 462;Z01;1;7;0;2;1;2;0;
202300000616;155 679 457;A01;1;7;0;2;5;16;1;
202300000616;155 679 459;B01;1;50;0;2;1;1;3;
202300000617;155 679 458;A01;1;7;0;2;7;12;1;
202300000617;155 679 460;B01;1;33;0;2;8;1;1;
202300000618;155 679 455;A01;2;7;0;2;6;15;1;
202300000618;155 679 456;B01;2;33;0;2;2;1;1;
202300000619;155 679 453;A01;1;33;0;2;3;2;1;
202300000619;155 679 454;B01;1;7;0;2;5;2;1;
202300000620;155 679 451;A01;1;7;0;2;2;16;3;
202300000620;155 679 452;B01;1;80;0;2;1;1;3;
202300000621;155 679 450;A01;2;32;0;0;0;1;1;
202300000622;155 679 448;B01;1;1;0;2;1;1;5;
202300000622;155 679 449;A01;2;7;0;2;1;15;1;
202300000623;155 679 446;A01;2;10;0;2;5;1;1;
202300000623;155 679 447;B01;2;80;0;2;8;1;3;
202300000624;155 679 445;A01;1;7;0;1;0;1;1;
202300000625;155 679 443;A01;3;32;0;2;1;1;1;
202300000625;155 679 444;B01;2;1;8;2;8;1;5;
202300000626;155 679 441;B01;3;1;0;2;7;1;5;
202300000626;155 679 442;A01;3;43;0;2;8;15;1;
202300000627;155 679 438;A01;3;1;0;2;7;17;5;
202300000627;155 679 440;B01;3;50;0;2;8;13;3;
202300000628;155 679 437;B01;1;1;0;2;1;1;5;
202300000628;155 679 439;A01;2;7;0;2;2;16;1;
202300000629;155 679 434;B01;3;32;0;2;3;1;1;
202300000629;155 679 435;A01;3;7;0;2;1;10;1;
202300000630;155 679 433;B01;2;7;0;2;2;15;1;
202300000630;155 679 436;A01;3;31;0;2;1;2;1;
202300000631;155 679 431;B01;2;7;0;2;1;0;1;
202300000631;155 679 432;A01;1;30;0;2;1;0;1;
202300000632;155 679 430;Z01;1;32;0;1;0;17;0;
202300000633;155 679 427;A01;3;7;0;1;1;1;1;
202300000634;155 679 424;B01;2;1;0;2;8;1;5;
202300000634;155 679 426;A01;2;7;12;2;7;14;1;
202300000635;155 679 425;A01;3;10;0;1;1;15;1;
202300000636;155 679 422;B01;1;50;0;2;1;1;3;
202300000636;155 679 423;A01;1;7;0;2;1;15;1;
202300000637;155 679 421;A01;1;7;0;1;2;16;1;
202300000638;155 679 420;A01;3;7;9;1;2;0;1;
202300000639;155 679 418;A01;0;10;0;1;4;2;0;
202300000640;155 679 417;A01;2;0;0;1;7;16;0;
202300000641;155 679 419;A01;1;32;0;1;1;7;1;
202300000642;155 679 416;A01;1;7;11;0;1;11;1;
202300000643;155 679 413;A01;1;32;0;2;7;17;1;
202300000643;155 679 415;B01;1;7;0;2;3;15;1;
202300000644;155 679 412;A01;1;7;1;1;2;2;1;
202300000644;155 679 414;B01;1;7;0;0;0;0;1;
202300000645;155 679 409;A01;0;30;12;0;2;13;1;
202300000645;155 679 411;Z01;0;7;0;0;0;0;0;
202300000646;155 679 410;A01;2;30;0;0;2;20;1;
202300000647;155 679 407;B01;2;32;0;2;1;1;1;
202300000647;155 679 408;A01;1;7;0;2;3;15;1;
202300000648;155 679 406;A01;1;31;0;1;1;21;1;
202300000649;155 679 405;A01;1;7;0;1;1;1;1;
202300000650;155 679 401;B01;0;2;0;2;7;17;1;
202300000650;155 679 403;A01;0;7;0;2;3;15;1;
202300000651;155 679 402;A01;0;10;0;2;2;5;1;
202300000651;155 679 404;B01;3;10;0;2;8;15;1;
202300000652;155 679 399;B01;1;33;0;2;1;1;1;
202300000652;155 679 400;A01;2;7;0;2;6;19;1;
202300000653;155 679 398;A01;0;10;1;1;5;13;1;
202300000654;155 679 396;B01;1;7;0;2;6;1;1;
202300000654;155 679 397;A01;2;32;0;2;1;1;1;
202300000655;155 679 394;B01;2;30;0;2;1;1;3;
202300000655;155 679 395;A01;2;7;0;2;3;15;1;
202300000656;155 679 392;A01;1;32;0;2;0;0;0;
202300000656;155 679 393;B01;3;7;0;2;3;1;1;
202300000657;155 679 388;B01;3;14;0;2;8;2;0;
202300000657;155 679 389;A01;3;33;0;2;7;2;0;
202300000658;155 679 390;A01;1;7;0;0;8;1;1;
202300000658;155 679 391;B01;2;1;0;2;8;1;5;
202300000659;155 679 386;A01;1;10;0;2;0;24;0;
202300000659;155 679 387;B01;2;33;0;2;0;1;0;
202300000660;155 679 384;A01;3;1;0;1;1;1;5;
202300000661;155 679 383;B01;3;50;0;2;1;26;3;
202300000661;155 679 385;A01;3;7;0;2;1;2;1;
202300000662;155 679 381;B01;1;13;0;2;7;16;1;
202300000662;155 679 382;A01;1;2;0;2;8;18;1;
202300000663;155 679 380;A01;1;7;1;1;1;1;1;
202300000664;155 679 377;B01;1;99;0;2;8;2;0;
202300000664;155 679 379;A01;1;7;0;2;2;21;1;
202300000665;155 679 376;B01;1;1;0;2;1;2;5;
202300000665;155 679 378;A01;1;50;0;2;8;9;3;
202300000666;155 679 374;A01;2;7;0;2;6;23;1;
202300000666;155 679 375;B01;2;2;0;2;1;2;1;
202300000667;155 679 371;B01;2;2;0;2;1;21;1;
202300000667;155 679 372;A01;1;7;0;2;6;19;1;
202300000668;155 679 370;B01;2;1;0;2;4;1;5;
202300000668;155 679 373;A01;1;7;0;2;1;2;1;
202300000669;155 679 368;B01;2;7;0;2;1;1;2;
202300000669;155 679 369;A01;1;7;0;2;1;13;1;
202300000670;155 679 367;A01;1;32;0;0;0;1;1;
202300000671;155 679 365;A01;1;7;0;9;2;17;1;
202300000671;155 679 366;B01;1;1;0;2;0;26;5;
202300000672;155 679 363;A01;2;10;0;0;6;2;1;
202300000672;155 679 364;B01;2;33;0;2;1;2;1;
202300000673;155 679 361;A01;3;7;0;2;1;15;1;
202300000673;155 679 362;B01;3;34;0;2;1;16;1;
202300000674;155 679 359;A01;1;10;0;2;2;0;1;
202300000674;155 679 360;B01;1;17;0;0;6;2;1;
202300000675;155 679 356;B01;2;7;0;2;1;1;1;
202300000675;155 679 357;A01;1;7;0;2;1;13;1;
202300000676;155 679 355;A01;2;10;0;2;1;2;1;
202300000676;155 679 358;B01;2;7;0;2;4;23;3;
202300000677;155 679 354;A01;3;10;0;1;4;4;3;
202300000678;155 679 352;A01;1;40;0;2;2;0;3;
202300000678;155 679 353;B01;3;7;0;4;3;16;1;
202300000679;155 679 350;B01;2;7;0;0;6;15;0;
202300000679;155 679 351;A01;2;2;0;0;1;17;1;
202300000680;155 679 349;A01;3;7;0;1;4;4;1;
202300000681;155 679 347;A01;2;14;0;2;2;1;1;
202300000681;155 679 348;B01;2;7;0;0;4;1;1;
202300000682;155 679 345;A01;1;7;0;2;7;26;1;
202300000682;155 679 346;B01;1;38;0;2;1;26;1;5
202300000683;155 679 344;A01;1;7;7;0;1;15;1;
202300000684;155 679 342;A01;1;7;0;2;3;1;1;
202300000684;155 679 343;B01;2;7;0;2;4;1;1;
202300000685;155 679 340;A01;2;7;0;2;7;13;1;
202300000685;155 679 341;B01;1;17;0;2;1;1;1;
202300000686;155 679 339;A01;2;7;3;0;2;1;1;
202300000687;155 679 338;A01;0;7;2;0;1;0;1;
202300000688;155 679 337;A01;2;7;2;0;3;17;3;
202300000689;155 679 335;A01;1;2;0;2;7;17;6;
202300000689;155 679 336;B01;2;2;0;0;8;13;6;
202300000690;155 679 333;B01;1;15;1;0;2;1;1;
202300000690;155 679 334;A01;1;10;0;0;6;0;1;
202300000691;155 679 331;B01;3;1;0;2;1;1;5;
202300000691;155 679 332;A01;3;7;0;2;3;9;1;
202300000692;155 679 329;A01;1;7;0;2;1;1;1;
202300000692;155 679 330;B01;3;1;0;2;1;9;5;
202300000693;155 679 327;A01;3;7;0;2;3;0;1;
202300000693;155 679 328;B01;1;7;0;2;8;15;1;
202300000694;155 679 324;B01;2;7;0;2;5;23;1;
202300000694;155 679 325;C01;3;7;8;2;0;0;1;
202300000694;155 679 326;A01;2;7;1;2;1;12;1;
202300000695;155 679 322;B01;1;33;0;2;0;0;0;
202300000695;155 679 323;A01;1;7;0;2;8;13;0;
202300000696;155 679 319;C01;1;7;0;2;3;1;1;
202300000696;155 679 320;B01;1;7;0;2;3;23;1;
202300000696;155 679 321;A01;2;7;0;2;3;17;1;
202300000697;155 679 318;A01;2;7;0;1;1;1;1;
202300000698;155 679 316;A01;2;2;0;2;1;21;1;
202300000698;155 679 317;B01;1;7;0;2;8;9;1;
202300000699;155 679 314;A01;1;7;0;2;8;15;1;
202300000699;155 679 315;B01;1;33;0;2;7;17;1;
202300000700;155 679 312;A01;2;30;0;2;1;2;1;
202300000700;155 679 313;B01;2;7;0;2;4;23;1;
202300000701;155 679 310;A01;2;80;0;2;7;1;3;
202300000701;155 679 311;B01;1;7;0;2;2;1;1;
202300000702;155 679 309;A01;2;7;0;1;2;1;1;
202300000703;155 679 307;A01;3;7;0;2;8;1;1;
202300000703;155 679 308;B01;3;7;0;2;1;1;1;
202300000704;155 679 305;A01;2;7;0;2;2;9;1;
202300000704;155 679 306;B01;2;50;0;2;3;1;3;
202300000705;155 679 304;A01;0;7;0;0;9;1;1;
202300000706;155 679 303;A01;1;7;0;1;1;2;0;
202300000707;155 679 302;A01;1;7;13;0;1;19;1;
202300000708;155 679 301;A01;1;7;12;0;1;1;1;
202300000709;155 679 299;Y01;1;1;0;0;7;1;5;
202300000709;155 679 300;A01;1;7;0;2;1;19;1;
202300000710;155 679 297;A01;1;7;0;2;2;9;1;
202300000710;155 679 298;Y01;1;80;0;2;2;9;3;
202300000711;155 679 296;A01;0;10;0;1;0;4;1;
202300000712;155 679 293;Z01;2;7;0;0;0;0;0;
202300000712;155 679 294;B01;2;32;0;2;1;17;0;
202300000712;155 679 295;A01;1;7;0;2;8;1;0;
202300000713;155 679 291;A01;2;7;0;2;3;26;1;
202300000713;155 679 292;B01;2;7;0;2;2;21;1;
202300000714;155 679 289;A01;1;7;0;2;1;1;1;
202300000714;155 679 290;B01;1;7;0;2;3;16;0;
202300000715;155 679 287;A01;1;43;0;2;1;13;1;
202300000715;155 679 288;B01;2;7;0;2;1;23;1;
202300000716;155 679 286;A01;2;7;6;0;8;14;1;
202300000717;155 679 284;B01;2;33;0;2;1;3;1;
202300000717;155 679 285;A01;2;7;0;2;5;12;1;
202300000718;155 679 283;A01;1;33;0;1;1;1;1;
202300000719;155 679 281;A01;2;1;0;2;8;18;5;
202300000719;155 679 282;B01;2;7;0;2;2;1;1;
202300000720;155 679 278;B01;3;10;0;2;5;1;1;
202300000720;155 679 279;A01;3;32;0;2;1;3;1;
202300000720;155 679 280;C01;2;7;0;2;5;1;1;
202300000721;155 679 276;B01;3;33;0;2;1;21;1;
202300000721;155 679 277;A01;3;7;0;2;7;19;1;
202300000722;155 679 275;A01;2;1;0;0;0;1;5;
202300000723;155 679 273;B01;2;1;0;2;1;1;5;
202300000723;155 679 274;A01;2;7;0;2;3;15;1;
202300000724;155 679 271;A01;2;7;0;2;3;15;1;
202300000724;155 679 272;B01;2;2;0;2;1;1;3;
202300000725;155 679 269;A01;2;80;12;2;1;9;3;
202300000725;155 679 270;B01;2;33;12;2;2;16;1;
202300000726;155 679 268;A01;1;31;9;0;1;21;1;
202300000727;155 679 267;A01;2;7;8;0;1;1;1;
202300000728;155 679 265;B01;3;1;0;2;1;19;5;
202300000728;155 679 266;A01;3;2;0;2;1;1;0;
202300000729;155 679 263;Z01;1;7;0;2;1;0;0;
202300000729;155 679 264;B01;2;7;0;2;8;1;1;
202300000730;155 679 261;A01;1;7;0;2;4;26;1;
202300000730;155 679 262;B01;1;30;0;2;1;1;1;
202300000731;155 679 259;B01;3;10;0;2;2;1;1;
202300000731;155 679 260;A01;3;33;0;2;1;1;1;
202300000732;155 679 257;B01;1;7;0;2;6;10;1;
202300000732;155 679 258;A01;1;30;0;2;1;17;1;
202300000733;155 679 256;B01;0;37;1;1;0;1;0;1
202300000734;155 679 254;B01;3;7;0;2;2;1;1;
202300000734;155 679 255;A01;1;50;0;2;4;1;3;
202300000735;155 679 253;A01;2;7;14;0;4;4;1;
202300000736;155 679 251;B01;2;2;0;2;2;0;1;
202300000736;155 679 252;A01;2;7;0;2;2;16;1;
202300000737;155 679 249;A01;1;7;0;2;8;10;2;
202300000737;155 679 250;B01;1;33;0;2;1;1;1;
202300000738;155 679 248;A01;1;2;0;1;2;1;1;
202300000739;155 679 247;A01;1;7;2;0;2;1;1;
202300000740;155 679 246;A01;3;36;0;0;0;0;1;
202300000741;155 679 243;B01;2;7;0;2;1;0;1;
202300000741;155 679 244;A01;1;7;0;2;1;0;2;
202300000742;155 679 241;A01;1;7;8;0;1;2;1;
202300000742;155 679 242;B01;1;7;0;0;8;9;1;
202300000743;155 679 239;B01;2;7;0;2;3;9;6;
202300000743;155 679 240;A01;1;2;0;2;7;1;1;
202300000744;155 679 238;A01;0;7;3;0;1;1;1;
202300000745;155 679 237;A01;2;2;0;0;9;1;1;
202300000746;155 679 235;A01;2;33;0;2;1;2;1;
202300000746;155 679 236;B01;2;10;0;0;4;2;1;
202300000747;155 679 234;A01;1;7;2;0;3;14;1;
202300000748;155 679 230;A01;3;7;0;2;7;15;1;
202300000748;155 679 232;B01;3;7;0;2;2;1;1;
202300000749;155 679 229;A01;1;7;2;0;1;1;1;
202300000750;155 679 227;A01;2;7;0;2;3;13;3;
202300000750;155 679 228;B01;1;10;0;2;3;1;1;
202300000751;155 679 225;B01;1;10;0;2;2;2;1;
202300000751;155 679 226;A01;1;2;0;2;6;2;1;
202300000752;155 679 224;A01;1;2;0;0;1;0;1;
202300000753;155 679 221;A01;2;14;0;1;1;1;1;
202300000754;155 679 219;A01;2;1;0;2;0;1;5;
202300000754;155 679 220;B01;2;1;0;2;0;1;5;
202300000754;155 679 222;C01;2;1;0;2;0;1;5;
202300000754;155 679 223;D01;2;1;0;2;0;1;5;
202300000755;155 679 216;A01;1;2;13;0;0;0;1;
202300000756;155 679 215;A01;1;7;0;2;7;12;1;
202300000756;155 679 217;B01;1;33;0;2;8;3;1;
202300000756;155 679 218;C01;1;14;0;2;1;1;1;
202300000757;155 679 214;A01;1;7;13;0;9;1;1;
202300000758;155 679 211;A01;2;33;13;0;1;14;1;
202300000759;155 679 212;A01;1;33;0;2;1;1;1;
202300000759;155 679 213;B01;1;7;0;2;4;2;1;
202300000760;155 679 209;A01;2;43;8;0;2;0;1;
202300000761;155 679 208;B01;2;7;0;2;3;1;1;
202300000761;155 679 210;A01;2;7;0;2;5;12;2;
202300000762;155 679 207;A01;3;31;15;0;1;1;1;
202300000763;155 679 206;Z01;1;50;0;1;8;1;3;
202300000764;155 679 203;B01;0;7;0;0;3;1;1;
202300000764;155 679 204;C01;0;7;0;2;1;1;1;
202300000764;155 679 205;A01;1;7;0;2;1;15;1;
202300000765;155 679 201;B01;1;1;0;2;8;1;5;
202300000765;155 679 202;A01;1;7;0;2;7;22;3;
202300000766;155 679 198;B01;2;33;0;2;3;15;1;
202300000766;155 679 200;A01;2;7;0;2;2;21;1;
202300000767;155 679 197;A01;3;10;0;2;2;15;1;
202300000767;155 679 199;B01;3;33;0;2;3;1;1;
202300000768;155 679 196;A01;3;2;15;0;0;0;1;
202300000769;155 679 193;A01;1;7;0;2;3;16;1;
202300000769;155 679 195;B01;1;33;0;2;1;1;1;
202300000770;155 679 194;A01;2;10;0;1;3;1;3;
202300000771;155 679 190;B01;1;33;0;2;7;1;1;
202300000771;155 679 191;A01;1;7;0;2;3;11;1;
202300000772;155 679 188;A01;1;7;0;2;2;17;1;
202300000772;155 679 189;B01;1;7;0;2;2;17;1;
202300000772;155 679 192;C01;1;7;1;2;4;1;1;
202300000773;155 679 185;B01;1;7;0;2;1;1;3;
202300000773;155 679 187;A01;2;50;0;2;7;1;3;
202300000774;155 679 186;A01;3;7;6;0;1;0;0;
202300000775;155 679 182;A01;1;7;13;0;9;21;1;
202300000775;155 679 183;B01;2;7;0;0;0;13;0;
202300000776;155 679 181;B01;1;1;0;2;2;19;5;
202300000776;155 679 184;A01;1;7;0;2;3;15;1;
202300000777;155 679 180;A01;2;7;2;0;0;1;0;
202300000778;155 679 179;Z01;1;10;0;1;0;17;0;
202300000779;155 679 178;A01;2;7;16;0;9;1;0;
202300000780;155 679 177;A01;1;33;1;0;7;14;1;
202300000781;155 679 175;B01;1;7;0;0;6;15;1;
202300000781;155 679 176;A01;2;33;0;2;1;1;1;
202300000782;155 679 173;A01;0;7;0;0;5;16;1;
202300000782;155 679 174;B01;0;1;0;0;1;1;5;
202300000783;155 679 171;A01;1;7;0;2;3;13;1;
202300000783;155 679 172;B01;2;7;0;2;3;1;1;
202300000784;155 679 170;A01;2;7;1;0;1;2;1;
202300000785;155 679 166;B01;2;10;0;2;4;23;1;
202300000785;155 679 168;A01;2;80;0;2;1;2;3;
202300000786;155 679 167;A01;1;7;0;0;3;1;1;
202300000786;155 679 169;B01;1;7;3;0;2;14;1;
202300000787;155 679 164;A01;0;7;0;2;2;25;1;
202300000787;155 679 165;B01;0;50;0;2;1;25;3;
202300000788;155 679 162;A01;1;10;0;1;2;15;3;
202300000789;155 679 161;B01;0;7;0;2;6;15;1;
202300000789;155 679 163;A01;0;7;0;2;2;1;1;
202300000790;155 679 159;A01;1;33;0;2;4;17;1;
202300000790;155 679 160;B01;1;7;0;2;3;15;1;
202300000791;155 679 158;A01;1;80;0;1;1;1;3;
202300000792;155 679 157;A01;1;7;0;1;1;13;1;
202300000793;155 679 154;A01;3;10;0;2;1;15;1;
202300000793;155 679 156;B01;1;1;0;2;4;1;5;
202300000794;155 679 152;A01;1;2;0;2;3;1;3;
202300000794;155 679 155;Z01;1;2;0;2;0;1;0;
202300000795;155 679 151;A01;2;7;0;2;3;13;1;
202300000795;155 679 153;B01;1;10;0;2;3;1;1;
202300000796;155 679 150;A01;1;7;8;0;2;14;1;
202300000797;155 679 149;A01;1;7;2;0;9;14;1;
202300000798;155 679 148;Z01;1;42;0;1;1;1;0;
202300000799;155 679 147;A01;1;10;3;1;6;1;1;
202300000800;155 679 146;A01;2;43;0;0;0;1;1;
202300000801;155 679 144;A01;1;33;0;0;0;16;1;
202300000802;155 679 142;B01;2;1;0;4;3;21;5;
202300000802;155 679 145;A01;2;40;0;2;2;1;3;
202300000803;155 679 143;A01;1;10;0;1;1;15;1;
202300000804;155 679 141;A01;2;33;8;0;7;2;1;
202300000805;155 679 138;B01;1;32;0;2;0;1;3;
202300000805;155 679 139;A01;1;7;0;2;0;12;1;
202300000806;155 679 137;A01;1;7;0;2;2;1;1;
202300000806;155 679 140;B01;1;80;0;2;1;1;3;
202300000807;155 679 136;A01;1;36;12;0;2;14;1;
202300000808;155 679 134;A01;2;80;0;0;0;1;3;
202300000809;155 679 133;B01;1;7;0;2;6;1;1;
202300000809;155 679 135;A01;1;10;0;2;2;15;1;
202300000810;155 679 132;A01;3;7;0;0;0;26;1;
202300000811;155 679 130;A01;2;7;0;0;3;24;1;
202300000811;155 679 131;Y01;1;1;1;0;1;2;5;
202300000812;155 679 128;A01;1;7;0;2;1;15;2;
202300000812;155 679 129;B01;2;32;0;2;1;1;1;
202300000813;155 679 127;A01;2;7;13;0;0;0;1;
202300000814;155 679 126;A01;2;7;0;1;1;1;1;
202300000815;155 679 123;B01;3;7;0;2;3;1;1;
202300000815;155 679 125;A01;3;2;0;2;3;1;1;
202300000816;155 679 122;B01;2;34;0;2;9;2;3;
202300000816;155 679 124;A01;2;7;0;2;2;16;2;
202300000817;155 679 120;A01;1;17;0;2;4;4;1;
202300000817;155 679 121;B01;2;33;0;2;1;23;1;
202300000818;155 679 119;A01;1;7;2;0;1;1;1;
202300000819;155 679 118;A01;1;7;3;0;9;0;1;
202300000820;155 679 116;B01;3;15;0;2;2;1;1;
202300000820;155 679 117;A01;3;7;0;2;3;18;2;
202300000821;155 679 113;A01;3;7;0;0;1;1;1;
202300000821;155 679 115;B01;3;1;0;2;1;15;5;
202300000822;155 679 112;A01;2;10;0;0;3;1;1;
202300000822;155 679 114;B01;1;31;0;2;1;26;1;
202300000823;155 679 110;B01;2;80;0;2;6;1;3;
202300000823;155 679 111;A01;2;10;0;2;0;17;1;
202300000824;155 679 109;A01;3;7;0;1;5;20;1;
202300000825;155 679 104;A01;2;36;0;2;4;1;1;
202300000825;155 679 106;B01;2;15;0;2;1;1;1;
202300000826;155 679 105;B01;1;1;0;2;0;1;5;
202300000826;155 679 107;A01;1;33;0;2;2;16;1;
202300000827;155 679 103;B01;0;7;0;0;8;24;1;
202300000827;155 679 108;A01;1;7;1;1;1;14;1;
202300000828;155 679 101;A01;1;7;0;0;2;1;1;
202300000829;155 679 100;A01;1;1;0;1;0;21;5;
202300000830;155 679 097;A01;1;7;0;2;2;21;1;
202300000830;155 679 099;B01;2;7;0;2;2;5;1;
202300000831;155 679 096;A01;2;7;0;2;3;13;1;
202300000831;155 679 098;B01;1;7;0;2;3;14;1;
202300000832;155 679 094;B01;2;80;9;2;7;17;3;
202300000832;155 679 095;A01;2;1;9;2;8;15;5;
202300000833;155 679 092;A01;1;7;0;2;8;13;1;
202300000833;155 679 093;B01;2;14;0;2;3;1;1;
202300000834;155 679 091;A01;0;7;4;0;3;0;1;
202300000835;155 679 090;A01;2;7;1;0;1;21;1;
202300000836;155 679 088;B01;1;33;0;2;3;1;1;
202300000836;155 679 089;A01;2;7;0;2;8;15;1;
202300000837;155 679 086;B01;2;37;0;1;2;1;1;1
202300000838;155 679 083;Z01;2;10;0;2;0;0;0;
202300000838;155 679 085;B01;2;7;0;2;4;1;1;
202300000838;155 679 087;A01;2;7;0;2;4;1;1;
202300000839;155 679 082;A01;2;7;0;2;3;1;1;
202300000839;155 679 084;B01;2;1;0;0;4;1;5;
202300000840;155 679 078;A01;1;43;0;2;8;19;1;
202300000840;155 679 080;B01;1;14;0;2;0;0;1;
202300000841;155 679 076;A01;2;33;0;2;7;17;1;
202300000841;155 679 079;B01;1;7;0;2;0;18;0;
202300000842;155 679 077;B01;2;1;0;2;1;1;5;
202300000842;155 679 081;A01;2;99;0;2;1;15;0;
202300000843;155 679 074;B01;2;7;4;2;8;1;1;
202300000843;155 679 075;A01;2;7;3;2;9;11;1;
202300000844;155 679 073;A01;3;7;0;1;2;1;1;
202300000845;155 679 070;A01;0;40;0;2;7;0;3;
202300000845;155 679 072;B01;0;1;0;4;0;0;5;
202300000846;155 679 068;B01;1;7;0;2;2;12;1;
202300000846;155 679 071;A01;1;7;0;2;8;1;1;
202300000847;155 679 067;A01;2;7;0;0;2;1;1;
202300000847;155 679 069;B01;1;7;0;0;3;1;1;
202300000848;155 679 065;A01;1;7;0;0;2;16;1;
202300000849;155 679 064;A01;1;50;0;2;1;1;3;
202300000849;155 679 066;B01;2;1;0;2;1;1;5;
202300000850;155 679 062;A01;1;7;4;0;1;14;1;
202300000851;155 679 061;A01;0;7;0;9;1;1;1;
202300000851;155 679 063;B01;0;50;0;2;4;2;3;