Num_Acc;id_vehicule;num_veh;senc;catv;obs;obsm;choc;manv;motor;occutc
202300000852;155 679 057;A01;1;50;0;2;3;17;3;
202300000852;155 679 060;Z01;1;10;0;2;0;0;0;
202300000853;155 679 056;A01;2;7;0;2;1;1;1;
202300000853;155 679 058;B01;1;7;0;2;3;1;1;
202300000854;155 679 051;A01;3;80;0;1;8;1;3;
202300000855;155 679 052;A01;1;7;3;2;1;1;1;
202300000855;155 679 054;B01;1;7;3;2;4;1;1;
202300000855;155 679 055;D01;1;7;3;2;4;1;1;
202300000855;155 679 059;C01;1;7;3;2;4;1;1;
202300000856;155 679 050;A01;1;7;0;2;1;13;1;
202300000856;155 679 053;B01;2;7;0;2;1;1;1;
202300000857;155 679 049;A01;3;7;1;0;3;2;3;
202300000858;155 679 048;A01;1;33;3;0;8;2;0;
202300000859;155 679 047;A01;3;7;4;5;3;1;1;
202300000860;155 679 045;A01;0;32;0;2;4;23;1;
202300000860;155 679 046;B01;3;7;0;2;1;1;1;
202300000861;155 679 043;A01;2;7;13;0;8;1;1;
202300000862;155 679 044;A01;1;33;3;0;0;1;1;
202300000863;155 679 042;A01;1;10;8;0;3;13;1;
202300000864;155 679 041;A01;1;50;0;0;1;1;3;
202300000865;155 679 040;A01;3;7;0;1;2;1;1;
202300000866;155 679 039;A01;1;7;12;0;9;1;1;
202300000867;155 679 037;A01;3;30;0;1;1;2;1;
202300000868;155 679 036;A01;2;32;0;2;7;1;1;
202300000868;155 679 038;B01;2;7;0;2;1;26;1;
202300000869;155 679 034;A01;2;10;0;2;1;5;1;
202300000869;155 679 035;B01;1;7;0;2;1;1;1;
202300000870;155 679 032;B01;1;10;0;2;3;9;1;
202300000870;155 679 033;A01;1;7;0;2;1;13;1;
202300000871;155 679 031;A01;1;7;0;1;1;0;1;
202300000872;155 679 029;A01;1;33;0;2;1;2;1;
202300000872;155 679 030;B01;1;7;0;2;4;23;1;
202300000873;155 679 028;A01;2;33;0;1;1;1;1;
202300000874;155 679 026;A01;1;7;0;1;3;15;1;
202300000875;155 679 024;B01;2;7;0;2;1;1;1;
202300000875;155 679 027;A01;1;7;0;2;1;5;1;
202300000876;155 679 025;A01;2;37;0;1;4;24;1;1
202300000877;155 679 023;A01;3;2;0;0;0;14;1;
202300000878;155 679 022;A01;3;7;2;0;2;13;1;
202300000879;155 679 020;A01;2;33;0;2;2;2;0;
202300000879;155 679 021;B01;2;7;0;9;8;15;1;
202300000880;155 679 017;A01;2;13;13;0;2;1;1;
202300000881;155 679 015;A01;2;10;0;2;3;13;1;
202300000881;155 679 016;B01;1;37;0;2;3;1;1;2
202300000882;155 679 014;A01;1;10;11;0;3;0;1;
202300000883;155 679 012;B01;1;2;0;2;1;1;0;
202300000883;155 679 013;A01;2;7;0;2;8;15;2;
202300000884;155 679 010;A01;1;10;0;1;0;0;1;
202300000885;155 679 009;A01;1;7;0;2;3;13;1;
202300000885;155 679 011;B01;2;7;0;2;8;1;1;
202300000886;155 679 008;A01;0;7;6;0;1;0;1;
202300000887;155 679 007;A01;2;7;1;0;2;14;1;
202300000888;155 679 005;B01;2;7;3;2;6;23;1;
202300000888;155 679 006;A01;2;7;0;0;2;1;1;
202300000889;155 679 002;A01;1;7;0;2;3;5;1;
202300000889;155 679 004;B01;2;7;0;2;3;1;1;
202300000890;155 679 001;A01;2;7;0;2;5;15;1;
202300000890;155 679 003;B01;1;34;0;2;1;1;1;
202300000891;155 679 000;A01;2;7;4;0;2;0;1;
202300000892;155 678 999;A01;3;7;0;1;4;4;1;
202300000893;155 678 996;A01;2;17;1;0;1;1;1;
202300000893;155 678 997;B01;2;14;0;0;6;24;1;
202300000894;155 678 993;A01;0;2;0;1;1;17;1;
202300000895;155 678 994;A01;3;7;0;1;2;1;1;
202300000896;155 678 992;A01;3;7;0;1;8;1;3;
202300000897;155 678 991;A01;2;10;0;1;7;17;0;
202300000898;155 678 989;A01;2;3;0;1;2;17;1;
202300000899;155 678 988;B01;2;7;0;9;8;19;1;
202300000899;155 678 990;A01;2;1;0;2;1;1;5;
202300000900;155 678 985;B01;2;7;0;0;4;2;0;
202300000900;155 678 987;A01;2;1;0;0;1;2;5;
202300000901;155 678 983;A01;1;32;0;2;4;1;1;
202300000901;155 678 986;B01;1;10;0;2;0;23;1;
202300000902;155 678 981;A01;1;7;0;1;2;1;1;
202300000903;155 678 980;A01;3;7;0;1;8;1;1;
202300000904;155 678 977;B01;1;33;0;0;7;16;1;
202300000904;155 678 979;A01;2;7;0;0;1;16;1;
202300000905;155 678 976;B01;3;33;0;2;3;13;1;
202300000905;155 678 978;A01;3;7;0;2;3;13;1;
202300000906;155 678 975;A01;2;0;0;1;0;0;0;
202300000907;155 678 973;A01;0;7;0;1;2;1;1;
202300000908;155 678 972;B01;1;10;0;2;3;19;1;
202300000908;155 678 974;A01;2;7;0;2;1;1;1;
202300000909;155 678 971;A01;0;30;0;1;0;19;0;
202300000910;155 678 969;A01;3;7;0;2;3;1;0;
202300000910;155 678 970;B01;3;7;0;2;3;17;0;
202300000911;155 678 968;A01;1;7;0;1;3;1;1;
202300000912;155 678 967;A01;0;80;0;1;1;1;3;
202300000913;155 678 963;A01;1;10;0;9;7;1;1;
202300000913;155 678 965;B01;1;1;0;2;1;1;5;
202300000914;155 678 962;A01;3;33;0;1;1;2;1;
202300000915;155 678 961;A01;2;33;0;2;0;1;1;
202300000915;155 678 964;B01;1;10;0;2;3;1;1;
202300000915;155 678 966;C01;1;10;0;2;3;1;1;
202300000916;155 678 960;A01;1;2;0;0;3;2;1;
202300000917;155 678 959;A01;3;7;6;0;1;26;1;
202300000918;155 678 954;B01;1;7;0;2;8;1;1;
202300000918;155 678 957;A01;2;7;0;2;3;26;1;
202300000919;155 678 955;A01;1;1;0;2;1;19;5;
202300000919;155 678 958;B01;2;7;0;2;2;1;1;
202300000920;155 678 952;A01;2;10;0;2;4;2;1;
202300000920;155 678 953;B01;2;7;0;2;4;2;1;
202300000920;155 678 956;C01;2;7;0;2;1;2;1;
202300000921;155 678 950;A01;1;10;0;2;7;1;1;
202300000921;155 678 951;B01;1;1;0;2;8;1;5;
202300000922;155 678 947;A01;1;7;0;0;8;23;1;
202300000922;155 678 949;B01;1;2;0;2;2;13;1;
202300000923;155 678 943;Z01;1;10;0;2;0;0;0;
202300000923;155 678 945;B01;1;7;0;2;4;2;1;
202300000923;155 678 948;A01;1;7;0;2;4;0;1;
202300000924;155 678 944;A01;2;7;0;2;3;17;1;
202300000924;155 678 946;B01;2;2;0;2;4;15;1;
202300000925;155 678 942;A01;1;7;0;1;2;26;1;
202300000926;155 678 939;B01;0;1;0;2;1;0;5;
202300000926;155 678 941;A01;0;7;0;2;2;15;1;
202300000927;155 678 938;B01;1;33;0;2;2;0;0;
202300000927;155 678 940;A01;1;7;0;2;8;21;1;
202300000928;155 678 937;A01;2;7;0;1;2;1;1;
202300000929;155 678 932;A01;1;7;0;2;9;1;1;
202300000929;155 678 934;B01;1;7;2;0;6;16;1;
202300000929;155 678 936;C01;2;7;6;0;1;1;1;
202300000930;155 678 933;B01;1;7;0;2;2;16;1;
202300000930;155 678 935;A01;1;30;0;2;3;18;1;
202300000931;155 678 930;A01;3;14;0;2;1;5;1;
202300000931;155 678 931;B01;3;7;0;2;1;1;1;
202300000932;155 678 928;A01;1;7;0;2;3;0;1;
202300000932;155 678 929;B01;2;7;0;2;3;0;1;
202300000933;155 678 925;A01;0;15;0;2;2;2;1;
202300000933;155 678 926;B01;3;1;0;0;4;1;5;
202300000934;155 678 924;A01;1;7;1;1;1;1;1;
202300000934;155 678 927;B01;0;7;0;2;0;0;0;
202300000935;155 678 922;A01;2;7;0;2;3;15;1;
202300000935;155 678 923;B01;2;33;0;2;1;16;1;
202300000936;155 678 920;A01;1;7;8;0;3;1;1;
202300000937;155 678 919;B01;2;2;0;2;1;1;1;
202300000937;155 678 921;A01;1;7;0;2;3;9;1;
202300000938;155 678 917;A01;2;7;0;2;2;15;1;
202300000938;155 678 918;B01;1;2;0;2;1;1;1;
202300000939;155 678 914;A01;1;7;0;2;8;11;0;
202300000939;155 678 916;B01;1;33;0;2;8;1;1;
202300000940;155 678 913;A01;3;7;0;1;1;1;1;
202300000941;155 678 912;A01;1;7;0;2;3;26;1;
202300000941;155 678 915;B01;1;7;0;2;1;1;1;
202300000942;155 678 909;B01;1;7;0;2;3;1;1;
202300000942;155 678 911;A01;2;7;0;2;3;1;1;
202300000943;155 678 910;A01;0;7;0;1;4;4;1;
202300000944;155 678 908;A01;1;32;0;0;8;15;1;
202300000945;155 678 904;B01;1;50;0;2;3;5;3;
202300000945;155 678 907;A01;3;7;0;2;2;16;1;
202300000946;155 678 903;A01;2;7;0;9;1;9;1;
202300000946;155 678 905;B01;0;50;0;2;7;26;3;
202300000947;155 678 902;A01;2;7;0;2;2;15;0;
202300000947;155 678 906;B01;1;2;0;2;1;1;0;
202300000948;155 678 897;B01;3;7;0;2;3;15;1;
202300000948;155 678 900;A01;3;7;0;2;3;1;1;
202300000949;155 678 896;B01;1;33;0;0;4;2;1;
202300000949;155 678 898;C01;1;7;0;0;8;15;1;
202300000949;155 678 901;A01;1;33;6;0;1;2;1;
202300000950;155 678 895;A01;1;7;0;9;0;0;1;
202300000950;155 678 899;B01;2;1;0;2;2;0;5;
202300000951;155 678 894;A01;2;7;2;0;3;1;1;
202300000952;155 678 892;A01;3;10;0;1;4;4;1;
202300000953;155 678 888;A01;0;7;0;0;5;2;1;
202300000953;155 678 890;B01;0;1;0;2;1;2;5;
202300000954;155 678 887;B01;2;7;3;2;9;2;1;
202300000954;155 678 889;A01;2;10;0;2;2;0;1;
202300000954;155 678 891;C01;2;10;0;2;1;2;1;
202300000955;155 678 883;A01;2;0;0;1;2;13;0;
202300000956;155 678 880;A01;2;7;0;2;4;1;1;
202300000956;155 678 882;B01;2;7;0;2;0;2;1;
202300000956;155 678 884;C01;2;7;0;2;1;2;1;
202300000956;155 678 886;D01;2;7;0;2;1;1;1;
202300000957;155 678 879;A01;2;7;15;0;1;1;1;
202300000958;155 678 881;A01;2;7;15;2;8;21;2;
202300000958;155 678 885;B01;1;10;0;2;7;0;1;
202300000959;155 678 878;A01;2;7;4;0;2;14;1;
202300000960;155 678 876;A01;1;7;0;2;1;17;1;
202300000960;155 678 877;B01;1;7;6;0;4;17;1;
202300000961;155 678 873;A01;2;7;15;0;2;1;1;
202300000962;155 678 872;A01;1;7;3;0;2;14;1;
202300000963;155 678 871;B01;1;33;0;2;1;2;1;
202300000963;155 678 874;A01;1;7;0;2;3;9;1;
202300000963;155 678 875;C01;1;7;0;2;7;24;1;
202300000964;155 678 870;A01;0;7;1;0;2;21;0;
202300000965;155 678 868;A01;2;1;0;0;0;1;5;
202300000966;155 678 867;B01;1;7;0;2;5;0;1;
202300000966;155 678 869;A01;1;32;0;2;3;11;1;
202300000967;155 678 865;A01;1;32;0;2;3;13;1;
202300000967;155 678 866;B01;1;33;0;2;1;1;1;
202300000968;155 678 861;B01;1;7;0;2;2;12;1;
202300000968;155 678 864;A01;1;31;0;2;3;17;1;
202300000969;155 678 859;A01;2;7;0;0;4;2;1;
202300000969;155 678 862;B01;2;2;0;2;1;2;1;
202300000970;155 678 858;B01;1;7;0;2;4;23;1;
202300000970;155 678 860;C01;1;7;0;0;4;2;1;
202300000970;155 678 863;A01;1;7;0;2;1;2;1;
202300000971;155 678 856;A01;0;43;0;1;1;1;1;
202300000972;155 678 855;B01;1;7;0;2;3;15;0;
202300000972;155 678 857;A01;1;2;0;2;1;15;1;
202300000973;155 678 853;A01;1;33;0;2;1;3;1;
202300000973;155 678 854;B01;1;7;0;2;8;11;1;
202300000974;155 678 848;B01;0;50;0;2;1;1;3;
202300000974;155 678 852;A01;1;7;0;2;3;9;1;
202300000975;155 678 846;A01;2;33;0;2;1;13;1;
202300000975;155 678 849;B01;2;10;0;2;5;1;1;
202300000976;155 678 845;A01;1;7;0;2;1;13;1;
202300000976;155 678 847;B01;2;7;0;2;6;21;1;
202300000976;155 678 850;C01;2;7;0;2;8;21;1;
202300000976;155 678 851;D01;2;10;0;2;3;21;1;
202300000977;155 678 840;A01;1;7;0;2;4;23;0;
202300000977;155 678 843;B01;1;10;0;2;1;2;1;
202300000978;155 678 841;A01;1;7;0;2;5;15;1;
202300000978;155 678 842;B01;2;33;0;2;1;1;1;
202300000979;155 678 835;A01;2;7;0;2;5;20;1;
202300000979;155 678 838;B01;1;30;0;2;1;1;1;
202300000980;155 678 836;A01;1;33;0;2;1;18;1;
202300000980;155 678 839;B01;1;7;0;2;2;16;1;
202300000981;155 678 834;A01;1;7;0;2;7;17;1;
202300000981;155 678 837;B01;1;50;0;2;8;15;3;
202300000982;155 678 833;A01;1;7;3;0;1;14;1;
202300000983;155 678 831;A01;0;10;0;1;4;4;0;
202300000984;155 678 830;A01;3;7;0;2;4;15;0;
202300000984;155 678 832;B01;3;33;0;2;1;17;0;
202300000985;155 678 827;A01;1;10;0;2;1;2;1;
202300000985;155 678 828;B01;1;10;0;2;1;2;1;
202300000985;155 678 829;C01;1;15;0;2;4;2;1;
202300000986;155 678 825;B01;3;7;0;9;0;23;1;
202300000986;155 678 826;A01;1;50;15;0;3;25;3;
202300000987;155 678 824;A01;1;36;12;0;8;2;1;
202300000988;155 678 822;B01;1;7;4;0;6;1;1;
202300000988;155 678 823;A01;1;14;0;2;2;12;1;
202300000989;155 678 820;A01;2;15;3;0;3;2;1;
202300000990;155 678 818;A01;2;50;0;2;1;14;3;
202300000990;155 678 821;B01;2;50;0;2;4;1;3;
202300000991;155 678 815;A01;2;31;0;2;1;13;1;
202300000991;155 678 817;B01;1;7;0;2;3;1;1;
202300000992;155 678 814;A01;2;14;0;2;3;14;1;
202300000992;155 678 816;B01;2;17;0;2;4;1;1;
202300000992;155 678 819;C01;2;15;0;0;4;1;1;
202300000993;155 678 812;A01;2;7;0;1;2;1;1;
202300000994;155 678 811;A01;0;7;0;2;1;2;1;
202300000994;155 678 813;B01;0;7;0;2;4;23;1;
202300000995;155 678 808;A01;1;33;0;2;1;21;1;
202300000995;155 678 809;B01;2;7;0;2;8;1;2;
202300000995;155 678 810;C01;2;10;0;2;4;23;1;
202300000996;155 678 806;A01;1;14;13;0;1;1;1;
202300000997;155 678 804;A01;3;1;0;1;1;1;5;
202300000998;155 678 803;B01;2;32;0;2;1;1;1;
202300000998;155 678 805;C01;1;13;0;2;1;1;1;
202300000998;155 678 807;A01;2;10;0;2;6;1;1;
202300000999;155 678 802;A01;1;2;8;0;1;14;1;
202300001000;155 678 799;B01;3;10;0;2;4;2;1;
202300001000;155 678 801;A01;3;30;0;2;1;26;1;
202300001001;155 678 798;A01;3;7;0;2;2;14;1;
202300001001;155 678 800;B01;3;1;0;2;4;2;5;
202300001002;155 678 796;A01;1;7;0;2;1;5;1;
202300001002;155 678 797;B01;2;15;0;2;1;1;1;
202300001003;155 678 793;A01;2;10;0;2;3;1;1;
202300001003;155 678 795;B01;2;33;0;2;1;1;1;
202300001004;155 678 790;A01;1;33;0;2;3;17;1;
202300001004;155 678 792;B01;2;7;0;2;3;1;1;
202300001005;155 678 791;B01;1;37;0;2;3;0;0;2
202300001005;155 678 794;A01;1;7;0;2;3;1;1;
202300001006;155 678 788;A01;1;33;13;0;1;1;0;
202300001007;155 678 786;A01;1;7;0;2;3;13;1;
202300001007;155 678 789;B01;2;7;0;2;3;1;1;
202300001008;155 678 783;A01;2;7;0;2;3;9;1;
202300001008;155 678 785;B01;2;1;0;2;2;1;5;
202300001009;155 678 784;A01;1;10;0;2;1;17;1;
202300001009;155 678 787;B01;1;30;0;2;4;1;1;
202300001010;155 678 782;A01;2;7;0;1;3;15;1;
202300001011;155 678 780;A01;1;7;0;2;6;15;1;
202300001011;155 678 781;B01;1;2;0;2;2;15;1;
202300001012;155 678 779;A01;1;30;0;0;9;1;3;
202300001013;155 678 777;A01;1;7;2;0;3;1;1;
202300001014;155 678 776;A01;3;7;0;1;3;15;1;
202300001015;155 678 774;A01;1;7;5;0;1;14;1;
202300001016;155 678 775;A01;2;7;0;2;3;5;1;
202300001016;155 678 778;B01;1;7;0;2;3;1;1;
202300001017;155 678 770;A01;1;7;0;2;1;1;0;
202300001017;155 678 772;B01;0;1;0;2;7;19;5;
202300001018;155 678 768;B01;1;3;0;2;4;1;1;
202300001018;155 678 771;A01;1;31;0;2;1;2;1;
202300001019;155 678 769;A01;3;30;0;2;0;15;1;
202300001019;155 678 773;B01;3;7;0;2;5;1;1;
202300001020;155 678 766;A01;3;7;0;9;2;20;0;
202300001020;155 678 767;B01;0;1;0;2;4;1;5;
202300001021;155 678 764;A01;1;7;0;1;1;1;1;
202300001022;155 678 763;B01;3;1;0;2;7;1;5;
202300001022;155 678 765;A01;3;7;0;2;3;1;1;
202300001023;155 678 761;A01;3;7;0;2;4;2;1;
202300001023;155 678 762;B01;3;10;0;2;3;2;1;
202300001024;155 678 760;Z01;3;7;0;1;0;26;0;
202300001025;155 678 756;B01;1;10;0;2;1;1;1;
202300001025;155 678 758;A01;1;7;0;2;4;1;1;
202300001026;155 678 757;B01;2;1;0;2;1;1;5;
202300001026;155 678 759;A01;1;50;0;2;3;1;3;
202300001027;155 678 754;A01;1;7;0;2;8;11;1;
202300001027;155 678 755;B01;1;2;0;2;8;17;1;
202300001028;155 678 752;B01;2;10;0;2;1;5;1;
202300001028;155 678 753;A01;2;7;0;2;3;15;1;
202300001029;155 678 749;A01;2;7;0;2;1;6;1;
202300001029;155 678 750;B01;1;7;0;2;1;1;1;
202300001030;155 678 748;B01;1;37;0;2;4;23;1;1
202300001030;155 678 751;A01;1;30;0;2;1;1;1;
202300001031;155 678 744;A01;1;10;0;2;3;1;0;
202300001031;155 678 746;B01;1;7;0;2;5;1;1;
202300001031;155 678 747;C01;1;7;0;2;4;1;0;
202300001032;155 678 742;A01;2;10;0;2;2;12;1;
202300001032;155 678 745;B01;2;7;0;2;6;1;1;
202300001033;155 678 740;A01;2;7;0;2;4;12;1;
202300001033;155 678 741;B01;2;33;0;2;1;3;1;
202300001034;155 678 738;A01;0;7;0;1;2;26;1;
202300001035;155 678 737;B01;3;7;0;0;0;0;2;
202300001035;155 678 739;A01;3;37;0;2;0;1;6;2
202300001036;155 678 735;A01;2;33;0;2;1;1;1;
202300001036;155 678 736;B01;2;7;0;2;4;1;1;
202300001037;155 678 734;A01;3;7;0;1;1;2;0;
202300001038;155 678 733;A01;3;10;0;1;1;1;1;
202300001039;155 678 731;B01;1;7;0;2;3;1;1;
202300001039;155 678 732;A01;1;10;4;2;1;19;1;
202300001040;155 678 730;A01;3;33;0;0;0;0;1;
202300001041;155 678 728;A01;3;7;0;2;1;1;1;
202300001042;155 678 727;A01;2;7;0;2;3;2;1;
202300001042;155 678 729;B01;2;7;0;2;5;2;1;
202300001043;155 678 723;B01;2;7;4;2;3;1;1;
202300001043;155 678 725;A01;2;14;4;2;2;14;1;
202300001044;155 678 722;B01;3;7;0;2;8;23;1;
202300001044;155 678 724;A01;3;7;8;2;1;6;1;
202300001045;155 678 721;B01;3;1;0;2;8;9;5;
202300001045;155 678 726;A01;3;7;0;2;2;1;0;
202300001046;155 678 716;B01;1;7;0;2;1;2;1;
202300001046;155 678 719;A01;1;7;0;2;1;1;1;
202300001046;155 678 720;C01;1;7;0;2;4;23;3;
202300001047;155 678 717;A01;1;7;0;1;1;1;1;
202300001048;155 678 715;B01;2;7;0;2;8;1;1;
202300001048;155 678 718;A01;3;50;0;2;1;19;3;
202300001049;155 678 713;A01;1;7;0;1;1;1;1;
202300001050;155 678 711;B01;2;33;0;2;8;3;1;
202300001050;155 678 714;A01;2;10;0;2;2;14;1;
202300001051;155 678 709;B01;1;7;0;2;2;1;1;
202300001051;155 678 712;A01;1;7;0;2;8;19;1;
202300001052;155 678 708;A01;2;7;0;2;2;9;1;
202300001052;155 678 710;B01;2;50;0;2;1;25;3;
202300001053;155 678 704;B01;2;7;0;2;2;21;1;
202300001053;155 678 706;A01;2;7;0;0;6;20;1;
202300001054;155 678 703;A01;2;7;4;2;3;1;1;
202300001055;155 678 700;A01;2;7;0;9;1;1;1;
202300001055;155 678 702;B01;3;1;0;2;1;19;5;
202300001056;155 678 697;B01;2;7;0;2;8;9;1;
202300001056;155 678 699;A01;2;14;0;2;2;1;1;
202300001057;155 678 694;A01;1;7;0;0;9;14;1;
202300001058;155 678 701;A01;3;7;12;0;0;1;0;
202300001059;155 678 693;B01;2;80;0;2;1;1;3;
202300001059;155 678 695;A01;1;10;0;2;3;15;1;
202300001060;155 678 689;A01;1;7;2;2;2;13;1;
202300001060;155 678 691;B01;2;7;0;2;6;0;1;
202300001061;155 678 688;A01;2;7;8;0;2;2;1;
202300001062;155 678 687;A01;3;10;0;2;8;26;1;
202300001062;155 678 692;B01;3;7;0;2;1;0;1;
202300001063;155 678 686;B01;0;10;1;2;3;9;1;
202300001063;155 678 690;A01;0;7;1;2;1;9;1;
202300001064;155 678 683;A01;0;7;0;1;1;1;1;
202300001065;155 678 682;A01;3;7;0;2;2;16;1;
202300001065;155 678 684;B01;3;7;0;2;8;1;1;
202300001066;155 678 680;A01;1;7;0;2;1;2;1;
202300001066;155 678 685;B01;1;33;0;2;9;1;1;
202300001067;155 678 679;A01;2;7;1;0;1;1;3;
202300001067;155 678 681;B01;3;30;0;2;8;24;1;
202300001068;155 678 675;A01;3;50;0;0;0;1;3;
202300001069;155 678 676;A01;2;50;0;2;1;1;3;
202300001069;155 678 678;B01;0;7;0;2;3;1;1;
202300001070;155 678 672;A01;3;2;0;0;0;1;1;
202300001071;155 678 674;B01;1;43;0;2;8;1;1;
202300001071;155 678 677;A01;1;7;0;2;2;15;1;
202300001072;155 678 671;A01;1;33;0;2;1;2;1;
202300001072;155 678 673;B01;1;7;0;2;5;1;1;
202300001073;155 678 670;A01;0;7;0;1;1;1;1;
202300001074;155 678 665;B01;3;1;0;2;2;1;5;
202300001074;155 678 669;A01;0;10;0;2;8;0;1;
202300001075;155 678 666;A01;1;34;0;1;1;1;1;
202300001076;155 678 664;B01;1;7;0;0;5;2;1;
202300001076;155 678 668;A01;1;2;0;2;0;0;1;
202300001077;155 678 663;A01;0;7;0;2;2;1;1;
202300001077;155 678 667;B01;0;10;0;2;3;1;1;
202300001078;155 678 659;A01;3;7;0;2;3;1;2;
202300001078;155 678 661;B01;3;7;0;2;3;1;1;
202300001079;155 678 657;A01;3;7;0;2;2;19;1;
202300001079;155 678 662;B01;3;30;0;2;8;1;1;
202300001080;155 678 656;A01;0;7;0;2;1;1;1;
202300001080;155 678 660;B01;0;33;0;2;8;15;1;
202300001081;155 678 655;B01;2;1;0;2;8;1;5;
202300001081;155 678 658;A01;2;1;0;2;7;14;5;
202300001082;155 678 651;A01;0;7;0;1;3;1;1;
202300001083;155 678 652;A01;1;7;0;2;1;9;1;
202300001083;155 678 654;B01;1;33;0;2;7;1;1;
202300001084;155 678 646;B01;2;33;4;2;1;1;1;
202300001084;155 678 648;A01;2;7;0;2;3;11;1;
202300001085;155 678 647;A01;2;7;0;1;3;1;1;
202300001086;155 678 644;A01;0;7;0;1;3;26;1;
202300001087;155 678 645;A01;3;10;0;1;2;1;1;
202300001088;155 678 643;A01;3;50;0;1;1;1;3;
202300001089;155 678 642;A01;3;7;0;1;1;16;1;
202300001090;155 678 640;A01;1;32;0;1;1;1;0;
202300001091;155 678 638;A01;3;31;0;0;7;26;1;
202300001092;155 678 637;B01;1;1;0;2;7;1;5;
202300001092;155 678 641;A01;2;10;0;2;7;9;3;
202300001093;155 678 634;A01;2;7;0;2;1;0;1;
202300001093;155 678 636;B01;2;7;0;2;5;0;1;
202300001093;155 678 639;C01;2;7;0;2;4;0;1;
202300001094;155 678 633;B01;1;50;0;2;4;2;3;
202300001094;155 678 635;A01;1;7;0;2;2;2;0;
202300001095;155 678 627;A01;1;7;9;2;1;17;1;
202300001095;155 678 630;B01;2;7;0;2;1;1;1;
202300001096;155 678 624;A01;2;7;0;2;2;21;1;
202300001096;155 678 628;B01;2;33;0;2;6;23;1;
202300001097;155 678 623;A01;1;7;0;2;1;1;1;
202300001097;155 678 625;B01;2;7;0;2;4;2;1;
202300001098;155 678 626;B01;3;7;0;2;5;23;2;
202300001098;155 678 629;A01;3;10;0;2;3;1;1;
202300001099;155 678 621;A01;2;2;0;2;4;1;1;
202300001099;155 678 622;Z01;2;7;0;2;1;10;3;
202300001100;155 678 618;B01;1;33;0;2;1;2;1;
202300001100;155 678 620;A01;2;14;0;2;6;4;1;
202300001101;155 678 617;A01;2;31;0;1;1;1;1;
202300001102;155 678 614;B01;2;1;0;2;3;1;5;
202300001102;155 678 619;A01;2;10;0;2;1;10;3;
202300001103;155 678 615;A01;2;2;0;2;1;1;1;
202300001103;155 678 616;B01;1;7;0;2;6;9;1;
202300001104;155 678 613;A01;1;7;1;0;2;1;1;
202300001105;155 678 611;B01;1;7;0;2;3;15;3;
202300001105;155 678 612;A01;1;33;0;2;1;17;1;
202300001106;155 678 607;A01;2;7;0;2;2;1;1;
202300001106;155 678 610;B01;2;7;0;2;6;1;1;
202300001107;155 678 608;A01;1;1;0;1;1;1;5;
202300001108;155 678 605;A01;1;7;0;1;0;1;1;
202300001109;155 678 604;A01;3;10;0;1;1;2;1;
202300001110;155 678 603;A01;1;7;14;0;1;1;1;
202300001111;155 678 601;A01;1;10;0;2;1;15;1;
202300001111;155 678 602;B01;1;10;0;2;1;1;1;
202300001112;155 678 597;Z01;2;10;0;2;4;4;3;
202300001112;155 678 600;A01;2;80;0;2;1;23;3;
202300001113;155 678 596;A01;1;50;0;2;1;2;3;
202300001113;155 678 599;B01;1;7;0;2;5;2;1;
202300001114;155 678 595;A01;1;7;0;2;1;1;1;
202300001114;155 678 598;B01;1;7;0;2;4;23;1;
202300001115;155 678 592;A01;1;33;0;2;1;1;1;
202300001115;155 678 594;B01;2;7;0;2;7;15;1;
202300001116;155 678 591;A01;3;7;0;1;1;0;1;
202300001117;155 678 590;A01;1;10;0;1;3;1;1;
202300001118;155 678 589;A01;2;7;0;2;3;1;1;
202300001118;155 678 593;B01;3;7;0;2;1;9;1;
202300001119;155 678 587;A01;2;7;0;0;2;1;1;
202300001120;155 678 583;A01;2;7;0;2;5;23;1;
202300001120;155 678 586;B01;2;1;14;0;1;26;5;
202300001121;155 678 582;B01;2;7;0;2;2;9;1;
202300001121;155 678 585;A01;1;43;0;2;1;16;1;
202300001122;155 678 584;A01;1;30;0;2;1;1;1;
202300001122;155 678 588;B01;1;7;0;2;4;1;1;
202300001123;155 678 578;B01;3;3;0;0;1;5;1;
202300001123;155 678 581;A01;3;37;0;0;1;23;1;4
202300001124;155 678 575;A01;1;7;0;2;1;16;1;
202300001124;155 678 580;B01;1;50;0;2;0;0;3;
202300001125;155 678 576;B01;1;2;0;2;1;16;1;
202300001125;155 678 579;A01;2;7;0;2;2;15;1;
202300001126;155 678 573;B01;2;50;0;2;7;1;3;
202300001126;155 678 577;A01;2;7;0;2;1;9;1;
202300001127;155 678 572;B01;1;10;0;0;2;1;1;
202300001127;155 678 574;A01;1;37;0;0;3;1;1;2
202300001128;155 678 571;A01;1;14;0;1;1;9;1;
202300001129;155 678 570;A01;3;7;0;1;3;17;1;
202300001130;155 678 566;A01;2;1;0;1;1;1;5;
202300001131;155 678 565;A01;2;7;0;2;3;16;1;
202300001131;155 678 569;B01;2;1;0;2;1;1;5;
202300001132;155 678 563;A01;3;34;0;2;1;1;6;
202300001132;155 678 567;B01;3;7;0;2;1;9;1;
202300001133;155 678 564;A01;3;10;0;2;1;1;1;
202300001133;155 678 568;B01;3;7;0;2;4;1;1;
202300001134;155 678 562;A01;1;7;0;1;3;16;1;