Num_Acc;id_vehicule;num_veh;senc;catv;obs;obsm;choc;manv;motor;occutc
202300001135;155 678 559;A01;2;7;0;2;1;1;1;
202300001135;155 678 561;B01;2;10;0;2;5;20;-1;
202300001136;155 678 557;A01;2;7;0;2;2;15;1;
202300001136;155 678 560;B01;1;33;0;2;1;1;1;
202300001137;155 678 556;B01;0;7;0;2;4;2;1;
202300001137;155 678 558;A01;0;7;0;2;1;2;1;
202300001138;155 678 551;A01;0;7;0;2;1;0;0;
202300001138;155 678 554;B01;0;10;0;2;5;20;3;
202300001139;155 678 553;B01;3;10;0;0;3;1;0;
202300001139;155 678 555;A01;0;30;0;0;0;0;0;
202300001140;155 678 550;A01;3;10;0;2;3;0;1;
202300001140;155 678 552;B01;3;10;0;2;1;5;1;
202300001141;155 678 548;A01;0;7;0;1;1;1;1;
202300001142;155 678 545;B01;3;7;0;2;1;2;1;
202300001142;155 678 549;A01;3;7;0;2;1;13;1;
202300001143;155 678 541;B01;1;31;0;2;4;2;1;
202300001143;155 678 544;C01;2;7;0;2;1;0;1;
202300001143;155 678 547;A01;1;7;0;0;1;2;1;
202300001144;155 678 542;A01;2;10;0;2;2;16;1;
202300001144;155 678 546;B01;2;1;0;2;8;1;5;
202300001145;155 678 540;B01;1;7;0;2;4;1;1;
202300001145;155 678 543;A01;1;13;0;2;4;1;1;
202300001146;155 678 536;A01;2;7;0;1;1;0;1;
202300001147;155 678 535;A01;1;33;0;1;1;18;1;
202300001148;155 678 533;A01;3;7;0;2;3;1;1;
202300001148;155 678 538;B01;1;33;0;2;4;15;1;
202300001149;155 678 528;A01;1;7;8;2;1;9;2;
202300001149;155 678 532;B01;1;15;0;2;5;1;1;
202300001150;155 678 530;A01;1;7;0;0;4;23;1;
202300001150;155 678 534;B01;1;7;0;2;4;23;1;
202300001150;155 678 537;C01;1;13;0;2;1;21;1;
202300001151;155 678 527;A01;3;7;0;2;7;12;1;
202300001151;155 678 531;B01;3;30;0;2;8;1;1;
202300001152;155 678 525;B01;3;7;4;2;8;9;1;
202300001152;155 678 526;A01;3;7;0;2;1;1;1;
202300001153;155 678 523;A01;3;30;14;0;1;1;1;
202300001154;155 678 522;A01;1;7;8;0;1;26;1;
202300001155;155 678 520;A01;1;32;0;2;8;3;1;
202300001155;155 678 524;B01;1;10;0;2;2;12;1;
202300001156;155 678 519;A01;2;33;0;2;1;1;1;
202300001156;155 678 521;B01;1;32;0;2;1;13;1;
202300001157;155 678 517;B01;1;50;0;2;1;1;3;
202300001157;155 678 518;A01;2;10;0;2;1;13;1;
202300001158;155 678 515;A01;1;32;0;0;7;21;1;
202300001159;155 678 516;A01;1;43;8;0;3;17;1;
202300001160;155 678 514;A01;1;60;0;1;1;1;5;
202300001161;155 678 513;A01;3;7;0;1;2;14;1;
202300001162;155 678 506;A01;3;60;0;2;2;19;5;
202300001162;155 678 511;B01;2;33;0;2;1;1;1;
202300001163;155 678 508;B01;2;7;0;2;3;1;1;
202300001163;155 678 512;A01;1;1;0;2;7;15;5;
202300001164;155 678 507;Z01;3;7;0;2;0;1;0;
202300001164;155 678 510;A01;3;30;0;2;0;1;1;
202300001165;155 678 505;A01;2;99;0;1;5;26;1;
202300001166;155 678 504;B01;1;7;0;0;3;1;1;
202300001166;155 678 509;A01;2;7;0;2;2;15;1;
202300001167;155 678 501;A01;1;7;0;1;2;1;1;
202300001168;155 678 500;A01;1;2;0;2;1;2;1;
202300001168;155 678 503;B01;1;7;0;2;4;23;1;
202300001169;155 678 498;A01;1;7;14;1;3;11;1;
202300001170;155 678 499;A01;1;1;1;2;1;2;5;
202300001170;155 678 502;B01;1;10;0;0;8;22;1;
202300001171;155 678 496;A01;1;10;0;1;3;2;1;
202300001172;155 678 494;A01;3;37;0;2;2;21;1;1
202300001172;155 678 497;B01;3;1;0;2;7;9;5;
202300001173;155 678 493;A01;2;37;0;0;3;0;1;1
202300001174;155 678 491;A01;1;7;0;2;5;13;1;
202300001174;155 678 495;B01;1;33;0;2;1;3;1;
202300001175;155 678 490;A01;1;1;1;0;6;1;5;
202300001175;155 678 492;B01;1;13;0;2;6;24;1;
202300001176;155 678 489;A01;2;7;2;0;0;3;0;
202300001177;155 678 487;A01;3;10;13;0;3;1;1;
202300001178;155 678 485;B01;2;7;0;2;4;16;1;
202300001178;155 678 488;A01;2;7;0;2;1;2;1;
202300001179;155 678 482;A01;1;7;2;0;1;0;1;
202300001180;155 678 480;B01;1;32;0;2;2;17;1;
202300001180;155 678 483;A01;1;7;0;2;3;10;2;
202300001181;155 678 477;A01;1;7;0;2;3;15;1;
202300001181;155 678 478;B01;2;7;0;2;1;1;1;
202300001182;155 678 475;B01;0;7;13;2;3;1;1;
202300001182;155 678 476;A01;0;7;0;2;3;13;1;
202300001183;155 678 479;A01;3;7;0;2;1;2;1;
202300001183;155 678 481;B01;3;7;0;2;4;2;1;
202300001183;155 678 484;C01;3;7;0;2;4;2;1;
202300001183;155 678 486;D01;3;7;0;2;4;2;1;
202300001184;155 678 472;A01;1;1;0;1;1;1;5;
202300001185;155 678 471;A01;1;7;0;1;0;0;0;
202300001186;155 678 466;B01;1;7;0;2;4;23;2;
202300001186;155 678 468;A01;1;80;0;2;1;1;3;
202300001187;155 678 465;Z01;3;10;15;1;4;20;1;
202300001188;155 678 463;B01;3;7;0;2;3;1;1;
202300001188;155 678 469;A01;3;32;0;2;1;1;1;
202300001189;155 678 462;A01;1;32;0;2;1;2;1;
202300001189;155 678 464;B01;1;7;0;2;4;23;0;
202300001190;155 678 458;B01;1;31;0;2;7;17;0;
202300001190;155 678 460;A01;1;7;0;2;8;13;0;
202300001191;155 678 455;B01;2;1;0;2;8;1;5;
202300001191;155 678 459;A01;2;7;0;2;3;9;0;
202300001192;155 678 454;A01;1;7;0;1;3;1;1;
202300001193;155 678 457;A01;1;7;0;2;1;1;1;
202300001193;155 678 461;B01;1;32;0;2;4;23;3;
202300001194;155 678 453;A01;3;7;0;2;5;12;1;
202300001194;155 678 456;B01;3;32;0;2;8;1;1;
202300001195;155 678 452;A01;1;7;2;0;1;1;1;
202300001196;155 678 451;A01;2;7;4;0;3;1;1;
202300001197;155 678 448;A01;1;10;0;2;2;16;1;
202300001197;155 678 450;B01;2;33;0;2;1;7;1;
202300001198;155 678 447;B01;1;1;0;2;1;1;5;
202300001198;155 678 449;A01;1;10;0;2;8;22;1;
202300001199;155 678 445;A01;1;10;0;1;5;1;1;
202300001200;155 678 444;A01;1;7;6;2;1;26;1;
202300001200;155 678 446;B01;2;7;0;2;1;1;1;
202300001201;155 678 441;B01;2;2;0;2;2;1;1;
202300001201;155 678 443;A01;2;7;0;2;3;11;1;
202300001202;155 678 442;A01;1;7;0;1;1;1;1;
202300001203;155 678 438;A01;2;7;0;2;3;1;1;
202300001203;155 678 440;B01;1;7;0;2;8;1;1;
202300001204;155 678 437;A01;1;1;0;2;1;1;5;
202300001204;155 678 439;B01;1;7;0;0;4;1;1;
202300001205;155 678 435;A01;1;7;0;1;1;1;1;
202300001206;155 678 434;B01;1;32;0;2;1;17;1;
202300001206;155 678 436;A01;1;7;0;2;2;15;2;
202300001207;155 678 433;A01;1;7;6;0;2;1;1;
202300001208;155 678 432;A01;1;30;0;1;0;0;-1;
202300001209;155 678 430;A01;2;1;0;2;2;1;5;
202300001209;155 678 431;Z01;2;7;0;2;2;17;0;
202300001210;155 678 429;A01;3;7;0;1;4;4;1;
202300001211;155 678 428;A01;0;7;0;1;3;1;1;
202300001212;155 678 425;Z01;1;7;0;2;1;2;0;
202300001212;155 678 427;A01;1;33;0;2;6;1;1;
202300001213;155 678 424;A01;2;30;0;2;1;1;3;
202300001213;155 678 426;B01;2;10;0;2;2;1;1;
202300001214;155 678 422;A01;1;36;13;0;3;1;1;
202300001215;155 678 421;A01;1;7;0;0;1;1;1;
202300001215;155 678 423;B01;2;7;0;0;1;1;1;
202300001216;155 678 419;B01;2;1;0;2;8;19;5;
202300001216;155 678 420;A01;2;10;0;2;2;16;1;
202300001217;155 678 416;A01;1;7;0;2;1;16;1;
202300001217;155 678 418;B01;1;50;0;2;8;1;3;
202300001218;155 678 413;B01;3;21;0;2;3;15;1;
202300001218;155 678 417;A01;2;2;0;2;1;1;0;
202300001219;155 678 414;A01;1;7;0;2;1;16;1;
202300001219;155 678 415;B01;2;7;0;2;1;2;1;
202300001220;155 678 412;A01;1;7;0;1;1;1;1;
202300001221;155 678 408;A01;1;32;0;2;2;1;1;
202300001221;155 678 411;B01;1;1;0;0;4;15;5;
202300001222;155 678 407;B01;2;7;4;2;1;1;1;
202300001222;155 678 410;A01;2;32;4;2;4;12;1;
202300001223;155 678 406;A01;2;33;0;2;1;26;1;
202300001223;155 678 409;B01;1;14;0;2;7;19;1;
202300001224;155 678 405;A01;2;7;0;1;1;26;1;
202300001225;155 678 399;A01;1;10;0;2;2;16;1;
202300001225;155 678 403;B01;1;1;0;2;2;1;5;
202300001226;155 678 400;B01;1;7;0;0;0;0;0;
202300001226;155 678 404;A01;1;7;0;0;0;0;0;
202300001227;155 678 398;A01;0;33;0;2;3;1;1;
202300001227;155 678 402;B01;0;7;0;2;1;15;1;
202300001228;155 678 401;A01;1;7;0;1;1;15;1;
202300001229;155 678 394;Z01;1;13;0;2;7;1;0;
202300001229;155 678 397;B01;2;1;0;2;8;1;5;
202300001230;155 678 391;A01;2;7;0;2;2;15;3;
202300001230;155 678 395;B01;1;33;0;2;1;17;1;
202300001231;155 678 390;C01;1;7;0;0;0;0;0;
202300001231;155 678 392;A01;1;7;0;2;1;26;1;
202300001231;155 678 396;B01;1;7;0;2;4;0;1;
202300001232;155 678 389;A01;1;7;0;2;2;15;1;
202300001232;155 678 393;B01;3;31;0;2;1;1;1;
202300001233;155 678 386;A01;1;7;0;1;3;17;0;
202300001234;155 678 387;B01;1;7;0;2;3;15;1;
202300001234;155 678 388;A01;1;34;0;2;3;17;1;
202300001235;155 678 383;B01;2;1;0;2;1;1;5;
202300001235;155 678 384;A01;1;7;0;2;3;15;1;
202300001236;155 678 382;A01;2;7;0;2;1;21;1;
202300001236;155 678 385;B01;1;7;0;2;1;1;1;
202300001237;155 678 381;A01;1;43;0;0;1;13;0;
202300001238;155 678 379;A01;1;7;0;2;2;12;1;
202300001238;155 678 380;B01;1;33;0;2;3;1;1;
202300001239;155 678 376;A01;1;7;4;0;8;13;1;
202300001240;155 678 375;A01;3;34;0;2;1;5;1;
202300001240;155 678 377;B01;0;7;0;2;1;1;1;
202300001241;155 678 373;A01;3;7;0;1;3;1;0;
202300001242;155 678 372;A01;1;33;0;2;1;1;1;
202300001242;155 678 374;B01;2;7;0;2;6;16;1;
202300001243;155 678 370;A01;2;2;3;0;7;1;1;
202300001244;155 678 371;A01;1;7;15;0;1;15;1;
202300001245;155 678 365;A01;1;30;0;2;2;1;1;
202300001245;155 678 368;B01;1;7;0;2;8;20;1;
202300001246;155 678 367;A01;1;10;1;2;1;6;1;
202300001246;155 678 369;B01;1;7;0;2;0;23;1;
202300001247;155 678 363;B01;1;7;0;2;1;1;1;
202300001247;155 678 366;A01;2;7;0;2;1;13;1;
202300001248;155 678 362;A01;1;7;0;2;1;26;1;
202300001248;155 678 364;B01;1;7;0;0;4;26;1;
202300001249;155 678 360;A01;2;32;11;0;1;1;1;
202300001250;155 678 359;A01;2;33;0;2;1;2;1;
202300001250;155 678 361;Z01;2;7;0;2;4;2;0;
202300001251;155 678 357;A01;1;10;0;0;2;19;1;
202300001251;155 678 358;B01;1;2;0;0;1;1;1;
202300001252;155 678 354;B01;1;33;0;2;1;2;1;
202300001252;155 678 356;A01;1;7;0;2;4;2;1;
202300001253;155 678 353;A01;3;32;8;0;8;15;1;
202300001254;155 678 352;A01;2;32;0;2;7;19;0;
202300001254;155 678 355;B01;0;7;0;2;1;1;0;
202300001255;155 678 350;A01;1;37;0;0;0;1;0;7
202300001256;155 678 348;A01;1;7;0;0;4;2;1;
202300001256;155 678 351;B01;1;33;0;0;4;15;1;
202300001257;155 678 347;A01;1;7;0;1;2;1;1;
202300001258;155 678 343;A01;2;30;0;1;1;1;1;
202300001259;155 678 342;D01;1;10;0;2;1;2;1;
202300001259;155 678 345;A01;1;7;0;2;6;15;1;
202300001259;155 678 346;C01;1;7;0;2;4;23;1;
202300001259;155 678 349;B01;1;7;0;2;4;23;1;
202300001260;155 678 340;A01;2;7;0;2;3;1;0;
202300001260;155 678 344;B01;1;33;0;2;1;13;0;
202300001261;155 678 336;A01;1;7;0;2;1;2;1;
202300001261;155 678 339;B01;1;37;0;2;6;24;2;1
202300001261;155 678 341;C01;3;50;0;2;8;19;3;
202300001262;155 678 334;A01;1;7;0;2;1;16;0;
202300001262;155 678 337;B01;2;7;0;2;3;15;1;
202300001263;155 678 333;A01;2;7;0;2;1;14;1;
202300001263;155 678 338;B01;2;17;0;2;4;1;1;
202300001264;155 678 332;A01;3;7;0;2;4;4;1;
202300001264;155 678 335;B01;3;37;0;2;3;1;1;1
202300001265;155 678 328;A01;3;7;0;2;1;20;1;
202300001265;155 678 331;B01;3;7;0;2;7;1;1;
202300001266;155 678 327;B01;1;7;0;2;8;1;1;
202300001266;155 678 330;A01;1;15;0;2;7;12;1;
202300001267;155 678 326;A01;1;7;0;2;4;2;1;
202300001267;155 678 329;B01;1;7;0;2;4;2;1;
202300001268;155 678 324;A01;2;7;4;0;0;1;1;
202300001269;155 678 323;A01;3;7;0;1;2;11;2;
202300001270;155 678 322;A01;2;7;0;2;3;9;1;
202300001270;155 678 325;B01;1;2;0;2;1;1;1;
202300001271;155 678 320;A01;1;7;13;0;3;21;1;
202300001271;155 678 321;B01;1;7;0;0;0;17;1;
202300001272;155 678 318;A01;1;33;0;2;1;2;1;
202300001272;155 678 319;B01;1;7;0;2;6;2;1;
202300001273;155 678 317;A01;3;30;8;0;1;1;1;
202300001274;155 678 316;A01;1;7;1;0;3;13;0;
202300001275;155 678 315;A01;3;7;8;0;1;14;1;
202300001276;155 678 313;A01;2;7;0;5;1;1;1;
202300001277;155 678 311;A01;2;33;0;2;1;3;1;
202300001277;155 678 314;B01;2;7;0;2;2;1;1;
202300001278;155 678 310;A01;1;7;7;0;1;1;1;
202300001279;155 678 309;A01;2;99;0;2;1;1;0;
202300001279;155 678 312;B01;2;33;5;0;7;0;1;
202300001280;155 678 307;A01;2;31;0;0;8;3;3;
202300001281;155 678 306;A01;3;7;13;0;2;2;1;
202300001282;155 678 303;A01;1;7;4;2;1;2;0;
202300001282;155 678 305;B01;1;10;4;2;4;2;1;
202300001282;155 678 308;C01;1;7;4;2;4;2;3;
202300001283;155 678 302;A01;3;50;0;2;1;21;3;
202300001283;155 678 304;B01;0;50;0;2;1;21;3;
202300001284;155 678 301;A01;0;7;0;0;0;0;-1;
202300001285;155 678 298;B01;1;7;0;2;4;2;1;
202300001285;155 678 300;A01;1;7;0;2;1;2;1;
202300001286;155 678 299;A01;1;7;0;1;1;1;1;
202300001287;155 678 296;A01;1;7;0;2;8;11;1;
202300001287;155 678 297;B01;1;36;0;2;7;2;1;
202300001288;155 678 293;A01;2;7;0;2;1;15;1;
202300001288;155 678 295;B01;1;2;0;2;1;1;1;
202300001289;155 678 292;Z01;1;7;0;1;1;1;1;
202300001290;155 678 291;A01;3;7;0;1;0;0;3;
202300001291;155 678 288;B01;2;7;0;2;4;1;1;
202300001291;155 678 290;A01;2;7;0;2;2;12;1;
202300001291;155 678 294;C01;2;7;0;2;4;1;1;
202300001292;155 678 287;A01;3;7;0;0;3;1;2;
202300001292;155 678 289;B01;3;7;0;2;1;5;1;
202300001293;155 678 285;A01;1;3;0;1;1;2;0;
202300001294;155 678 281;B01;1;7;0;2;4;1;1;
202300001294;155 678 283;A01;1;7;0;2;1;1;1;
202300001295;155 678 282;A01;1;7;0;2;3;11;1;
202300001295;155 678 284;B01;2;32;0;2;8;1;1;
202300001295;155 678 286;C01;1;7;0;2;3;24;3;
202300001296;155 678 277;B01;2;7;0;2;1;1;1;
202300001296;155 678 280;A01;1;32;0;2;1;1;1;
202300001297;155 678 276;A01;2;7;3;0;1;1;1;
202300001298;155 678 274;A01;1;7;0;2;1;2;2;
202300001298;155 678 278;B01;1;7;0;2;9;2;1;
202300001298;155 678 279;C01;1;7;0;0;4;2;1;
202300001299;155 678 273;A01;3;32;0;2;3;18;1;
202300001299;155 678 275;B01;3;7;0;2;2;16;1;
202300001300;155 678 270;B01;0;7;0;0;4;24;0;
202300001300;155 678 272;A01;0;7;1;0;1;2;1;
202300001301;155 678 268;A01;-1;10;0;1;4;4;1;
202300001302;155 678 263;D01;2;10;0;2;1;2;1;
202300001302;155 678 266;C01;2;7;0;2;1;2;1;
202300001302;155 678 269;B01;2;7;0;2;4;2;0;
202300001302;155 678 271;A01;2;7;0;2;4;2;1;
202300001303;155 678 265;A01;2;10;0;2;8;15;1;
202300001303;155 678 267;B01;2;34;0;2;1;17;1;
202300001304;155 678 262;A01;1;7;0;2;3;15;0;
202300001304;155 678 264;B01;2;31;0;2;1;17;0;
202300001305;155 678 261;A01;2;7;0;1;2;1;1;
202300001306;155 678 260;A01;2;7;0;1;1;1;1;
202300001307;155 678 259;A01;1;50;0;1;1;25;3;
202300001308;155 678 257;A01;1;33;0;1;7;25;0;
202300001309;155 678 258;A01;2;7;13;0;1;1;1;
202300001310;155 678 256;A01;1;7;4;0;2;1;1;
202300001311;155 678 253;A01;2;7;0;0;1;19;1;
202300001311;155 678 255;B01;1;7;0;2;8;1;1;
202300001312;155 678 252;A01;1;1;0;2;5;14;5;
202300001312;155 678 254;B01;1;1;0;2;6;1;5;
202300001313;155 678 249;A01;1;7;0;2;1;1;1;
202300001313;155 678 251;B01;1;7;0;2;4;23;1;
202300001314;155 678 248;A01;2;7;0;2;1;13;1;
202300001314;155 678 250;B01;1;7;0;2;1;1;1;
202300001315;155 678 247;A01;1;43;2;0;1;1;1;
202300001316;155 678 241;A01;3;1;0;2;1;13;5;
202300001316;155 678 242;B01;3;1;0;2;1;16;5;
202300001317;155 678 244;A01;1;7;0;2;7;22;1;
202300001317;155 678 246;B01;1;1;0;2;1;1;5;
202300001318;155 678 239;A01;2;7;0;2;1;1;1;
202300001318;155 678 243;B01;3;80;0;2;8;9;3;
202300001319;155 678 238;A01;1;7;0;2;1;1;1;
202300001319;155 678 240;B01;1;7;0;2;4;1;1;
202300001319;155 678 245;C01;1;7;0;2;4;23;2;
202300001320;155 678 237;A01;1;10;9;0;2;0;1;
202300001321;155 678 236;A01;2;50;0;1;8;1;3;
202300001322;155 678 233;A01;2;7;0;2;6;1;1;
202300001322;155 678 235;B01;2;7;0;2;2;13;1;
202300001323;155 678 232;A01;1;7;0;2;1;1;1;
202300001324;155 678 231;B01;2;7;15;0;1;0;1;
202300001324;155 678 234;A01;2;3;16;0;5;1;0;
202300001325;155 678 230;A01;1;30;0;1;1;17;1;
202300001326;155 678 229;A01;1;7;0;0;8;13;1;
202300001327;155 678 228;A01;3;37;0;1;1;1;1;1
202300001328;155 678 226;B01;1;2;0;2;1;1;1;
202300001328;155 678 227;A01;1;7;0;2;1;1;1;
202300001329;155 678 225;Z01;3;32;0;1;1;1;0;
202300001330;155 678 224;A01;1;7;2;0;3;1;1;
202300001331;155 678 222;B01;1;2;1;0;0;0;0;
202300001332;155 678 221;B01;2;7;0;2;1;1;1;
202300001332;155 678 223;A01;1;7;0;2;1;13;1;
202300001333;155 678 219;Z01;2;7;0;2;1;1;0;
202300001333;155 678 220;B01;2;41;0;2;4;1;1;
202300001334;155 678 217;B01;2;2;0;2;8;1;1;
202300001334;155 678 218;A01;1;14;0;2;1;15;1;
202300001335;155 678 215;A01;1;7;4;0;3;13;1;
202300001336;155 678 213;A01;1;7;0;2;3;13;1;
202300001336;155 678 216;B01;2;2;0;2;1;1;1;
202300001337;155 678 212;A01;1;7;0;2;2;2;1;
202300001337;155 678 214;B01;1;80;0;2;4;2;3;
202300001338;155 678 210;A01;1;33;0;0;7;0;1;
202300001339;155 678 209;A01;1;30;0;2;1;5;0;
202300001339;155 678 211;B01;2;7;0;2;3;0;0;
202300001340;155 678 207;Z01;1;1;0;1;1;1;5;
202300001341;155 678 208;A01;1;7;0;1;2;1;1;
202300001342;155 678 202;A01;1;32;0;2;1;1;0;
202300001342;155 678 205;B01;2;30;0;2;5;6;0;
202300001343;155 678 201;A01;3;34;0;0;0;26;1;
202300001344;155 678 204;B01;3;1;0;2;1;2;5;
202300001344;155 678 206;A01;3;7;0;9;7;15;1;
202300001345;155 678 200;A01;3;7;0;2;2;17;1;
202300001345;155 678 203;B01;3;50;0;2;3;15;3;
202300001346;155 678 196;A01;1;1;0;2;1;1;5;
202300001346;155 678 199;B01;1;7;0;9;4;1;1;
202300001347;155 678 195;B01;0;7;0;0;0;0;1;
202300001347;155 678 198;A01;2;7;0;0;4;1;2;
202300001348;155 678 194;B01;2;7;0;2;4;2;1;
202300001348;155 678 197;A01;2;7;0;2;1;2;1;
202300001349;155 678 193;A01;3;43;0;1;7;1;1;
202300001350;155 678 188;A01;2;7;0;1;1;9;0;
202300001351;155 678 189;A01;0;7;0;2;3;1;1;
202300001351;155 678 191;B01;0;1;0;2;1;14;5;
202300001352;155 678 187;A01;2;1;1;0;1;1;5;
202300001353;155 678 182;A01;1;7;0;2;7;16;1;
202300001353;155 678 186;B01;1;1;0;2;8;2;5;
202300001354;155 678 181;B01;2;7;0;2;4;1;1;
202300001354;155 678 185;A01;2;7;0;2;1;1;1;
202300001355;155 678 179;A01;3;32;0;2;1;9;1;
202300001355;155 678 184;B01;0;31;0;0;0;0;1;
202300001356;155 678 177;A01;1;7;15;0;3;13;1;
202300001357;155 678 176;A01;1;7;0;2;1;2;1;
202300001357;155 678 178;B01;1;7;0;2;4;2;1;
202300001357;155 678 180;C01;1;10;0;2;4;2;1;
202300001357;155 678 183;D01;1;7;0;2;4;2;1;
202300001358;155 678 172;B01;2;7;0;2;4;23;1;
202300001358;155 678 175;A01;2;7;0;2;1;2;1;
202300001359;155 678 169;A01;2;7;0;2;4;2;1;
202300001359;155 678 174;B01;2;1;0;2;4;1;5;
202300001360;155 678 170;A01;3;1;0;2;3;1;5;
202300001360;155 678 171;B01;3;43;0;2;2;15;1;
202300001361;155 678 167;A01;2;33;0;0;0;1;1;
202300001362;155 678 166;B01;1;7;0;2;3;1;1;
202300001362;155 678 168;A01;2;7;0;2;8;0;1;
202300001363;155 678 164;A01;2;7;0;2;1;2;0;
202300001363;155 678 165;B01;2;32;0;2;4;1;1;
202300001364;155 678 163;A01;1;50;0;1;1;25;3;
202300001365;155 678 160;A01;0;7;0;2;1;0;1;
202300001365;155 678 162;B01;0;1;0;2;8;9;5;
202300001366;155 678 159;A01;3;7;0;2;1;19;1;
202300001366;155 678 161;B01;2;32;0;2;8;1;1;
202300001367;155 678 158;A01;1;7;0;1;2;16;1;
202300001368;155 678 156;A01;1;33;5;0;3;13;1;
202300001369;155 678 155;A01;2;7;13;0;1;1;1;
202300001370;155 678 154;A01;1;7;0;2;6;12;1;
202300001370;155 678 157;B01;1;31;0;2;1;12;1;
202300001371;155 678 149;A01;0;7;0;2;1;26;0;
202300001371;155 678 153;B01;3;50;0;2;1;0;3;
202300001372;155 678 150;A01;3;7;0;2;1;16;0;
202300001372;155 678 152;B01;3;43;0;2;7;1;1;
202300001373;155 678 148;A01;1;32;0;0;7;17;1;
202300001374;155 678 147;B01;2;7;0;2;8;21;1;
202300001374;155 678 151;A01;2;7;14;2;1;6;1;
202300001375;155 678 145;B01;1;2;0;2;2;2;1;
202300001375;155 678 146;A01;1;7;0;2;3;15;1;
202300001376;155 678 142;A01;3;7;6;0;1;13;1;
202300001377;155 678 141;A01;1;7;0;1;8;20;0;
202300001377;155 678 144;B01;1;7;1;0;8;24;0;
202300001378;155 678 140;A01;1;33;0;2;1;21;1;
202300001378;155 678 143;B01;1;7;0;2;3;15;1;
202300001379;155 678 139;A01;2;7;8;0;8;1;1;
202300001380;155 678 138;A01;2;7;0;1;2;16;1;
202300001381;155 678 136;A01;1;1;0;0;-1;1;5;
202300001382;155 678 135;B01;1;7;0;2;4;1;1;
202300001382;155 678 137;A01;1;33;0;2;1;1;1;
202300001383;155 678 133;A01;2;33;0;2;1;17;1;
202300001383;155 678 134;B01;2;7;0;2;8;15;1;
202300001384;155 678 130;A01;1;33;4;0;7;1;1;
202300001385;155 678 128;B01;2;7;0;2;4;1;1;
202300001385;155 678 132;A01;2;7;0;2;1;1;1;
202300001386;155 678 127;B01;0;7;0;2;3;15;1;
202300001386;155 678 129;C01;3;7;0;2;8;1;1;
202300001386;155 678 131;A01;3;34;0;2;3;1;1;
202300001387;155 678 124;B01;1;1;0;2;8;1;5;
202300001387;155 678 126;A01;3;7;0;2;1;19;1;
202300001388;155 678 122;A01;3;31;0;2;3;17;1;
202300001388;155 678 125;B01;3;7;1;2;3;15;1;
202300001389;155 678 121;A01;1;33;0;0;0;1;1;
202300001390;155 678 120;A01;0;32;0;2;1;15;0;
202300001390;155 678 123;B01;0;14;0;2;3;1;0;
202300001391;155 678 117;A01;2;2;0;2;2;2;1;
202300001391;155 678 119;B01;2;7;0;2;3;15;1;
202300001392;155 678 116;A01;1;1;0;0;-1;1;5;
202300001393;155 678 115;B01;3;1;0;2;1;26;5;
202300001393;155 678 118;A01;1;7;0;2;3;9;1;
202300001394;155 678 112;A01;3;10;8;0;3;13;1;
202300001395;155 678 110;B01;1;7;0;2;6;16;1;
202300001395;155 678 114;A01;1;7;0;2;6;21;1;
202300001396;155 678 111;A01;3;2;0;2;1;15;1;
202300001396;155 678 113;B01;3;7;0;2;8;1;1;
202300001397;155 678 108;A01;1;10;0;0;0;0;0;
202300001397;155 678 109;B01;1;33;0;2;0;0;0;
202300001398;155 678 105;B01;2;10;0;2;1;1;1;
202300001398;155 678 107;A01;1;32;0;2;1;5;1;
202300001399;155 678 104;A01;3;7;6;1;1;25;1;
202300001400;155 678 103;B01;3;7;0;0;1;1;1;
202300001400;155 678 106;A01;1;31;0;0;8;1;1;
202300001401;155 678 102;A01;2;7;0;1;1;1;1;
202300001402;155 678 100;A01;2;10;0;2;7;12;1;
202300001402;155 678 101;B01;2;33;0;2;3;2;1;
202300001403;155 678 097;A01;1;7;0;0;1;1;1;
202300001404;155 678 096;A01;2;7;0;0;3;9;1;
202300001404;155 678 098;B01;2;1;0;0;7;1;5;
202300001405;155 678 099;A01;1;7;0;1;3;15;0;
202300001406;155 678 094;A01;2;31;0;2;6;12;1;
202300001406;155 678 095;B01;2;15;0;2;2;2;1;
202300001407;155 678 093;A01;0;10;6;0;1;14;1;
202300001408;155 678 090;B01;2;1;0;2;3;1;5;
202300001408;155 678 092;A01;1;7;0;2;8;13;1;
202300001409;155 678 089;A01;3;7;0;2;1;26;0;
202300001409;155 678 091;B01;3;10;0;2;6;2;1;
202300001410;155 678 087;A01;1;7;13;0;0;0;1;
202300001411;155 678 086;B01;2;80;0;2;7;1;3;
202300001411;155 678 088;A01;2;7;0;2;2;15;1;
202300001412;155 678 084;A01;2;33;0;2;1;1;1;
202300001412;155 678 085;B01;1;21;0;2;1;15;1;
202300001413;155 678 083;A01;1;30;0;1;1;1;1;
202300001414;155 678 079;B01;1;33;0;2;1;1;1;
202300001414;155 678 082;A01;2;7;0;2;7;19;1;
202300001415;155 678 078;A01;1;7;0;2;3;9;1;
202300001415;155 678 080;B01;1;2;0;2;7;9;3;
202300001416;155 678 077;A01;2;7;0;2;2;5;2;
202300001416;155 678 081;B01;1;1;0;2;1;1;5;
202300001417;155 678 076;A01;3;7;0;1;2;1;1;
202300001418;155 678 071;A01;3;35;0;2;1;9;1;
202300001418;155 678 074;B01;3;10;0;2;3;1;1;
202300001419;155 678 072;A01;2;7;0;2;3;1;1;