Num_Acc;id_vehicule;num_veh;senc;catv;obs;obsm;choc;manv;motor;occutc
202300001701;155 677 560;A01;2;10;0;2;8;9;1;
202300001702;155 677 558;C01;2;7;0;9;3;1;1;
202300001702;155 677 559;A01;1;10;8;2;9;16;1;
202300001702;155 677 562;B01;1;7;0;2;4;1;1;
202300001703;155 677 555;A01;0;10;0;1;4;4;1;
202300001704;155 677 554;B01;1;1;0;2;4;1;5;
202300001704;155 677 556;A01;1;7;0;2;2;1;1;
202300001705;155 677 553;A01;3;7;13;0;2;16;0;
202300001706;155 677 548;B01;1;7;0;2;3;1;1;
202300001706;155 677 549;A01;2;10;0;2;6;9;1;
202300001706;155 677 551;C01;1;7;0;0;3;23;1;
202300001706;155 677 552;D01;1;7;0;0;3;23;1;
202300001707;155 677 547;A01;1;7;0;2;1;13;1;
202300001707;155 677 550;B01;2;15;0;2;1;1;0;
202300001708;155 677 546;A01;1;7;13;0;2;1;1;
202300001709;155 677 545;A01;1;7;2;0;9;1;1;
202300001710;155 677 542;B01;2;7;0;2;1;13;1;
202300001710;155 677 544;A01;1;7;0;2;1;13;1;
202300001711;155 677 541;A01;3;7;0;2;3;0;1;
202300001711;155 677 543;B01;1;7;0;2;2;1;1;
202300001712;155 677 540;A01;1;7;0;1;2;1;1;
202300001713;155 677 539;A01;1;33;0;0;0;1;0;
202300001714;155 677 537;A01;1;7;0;2;1;2;1;
202300001714;155 677 538;B01;1;7;0;0;4;1;1;
202300001715;155 677 535;A01;1;7;0;2;5;2;1;
202300001715;155 677 536;B01;1;7;0;2;1;2;1;
202300001716;155 677 533;A01;2;7;0;2;1;12;0;
202300001716;155 677 534;B01;2;7;0;2;4;1;0;
202300001717;155 677 530;A01;2;7;0;2;1;21;1;
202300001717;155 677 532;B01;2;7;0;2;4;2;1;
202300001718;155 677 529;A01;1;10;0;2;1;14;1;
202300001718;155 677 531;B01;1;15;0;0;5;1;1;
202300001719;155 677 528;A01;1;7;13;0;2;14;1;
202300001720;155 677 526;A01;1;7;0;2;9;11;1;
202300001720;155 677 527;B01;1;7;0;2;2;1;1;
202300001721;155 677 525;A01;0;10;0;1;1;0;1;
202300001722;155 677 522;A01;1;99;0;2;1;2;1;
202300001722;155 677 523;B01;1;99;0;2;1;2;1;
202300001722;155 677 524;C01;1;99;0;2;4;2;1;
202300001723;155 677 521;A01;2;7;4;0;1;15;0;
202300001724;155 677 519;A01;1;10;0;0;6;10;1;
202300001724;155 677 520;B01;1;31;0;0;2;17;1;
202300001725;155 677 516;B01;1;7;0;2;4;2;1;
202300001725;155 677 518;Z01;1;7;0;2;1;0;1;
202300001726;155 677 513;B01;1;32;0;2;3;1;1;
202300001726;155 677 517;A01;1;7;0;2;1;9;2;
202300001727;155 677 512;A01;2;10;0;2;4;1;1;
202300001727;155 677 514;B01;2;7;0;2;1;2;1;
202300001727;155 677 515;C01;2;31;1;2;1;3;1;
202300001728;155 677 507;A01;1;7;0;2;8;12;1;
202300001728;155 677 508;B01;1;43;0;2;0;0;1;
202300001728;155 677 510;C01;1;7;0;2;6;0;1;
202300001729;155 677 504;A01;1;2;0;0;8;26;1;
202300001730;155 677 505;A01;2;31;0;2;1;3;1;
202300001730;155 677 506;Z01;2;7;0;2;0;11;0;
202300001731;155 677 503;A01;2;7;0;1;3;1;1;
202300001732;155 677 500;A01;1;7;16;0;0;1;1;
202300001733;155 677 501;A01;1;7;0;2;6;1;1;
202300001733;155 677 502;B01;1;15;0;2;2;11;1;
202300001734;155 677 498;A01;3;7;0;1;1;9;0;
202300001735;155 677 496;A01;1;7;0;2;1;2;1;
202300001735;155 677 497;B01;1;10;0;2;4;23;1;
202300001735;155 677 499;C01;1;10;0;2;4;23;1;
202300001736;155 677 494;A01;1;33;0;0;7;21;1;
202300001737;155 677 493;A01;3;7;0;2;2;1;1;
202300001737;155 677 495;B01;3;50;0;0;8;19;3;
202300001738;155 677 489;B01;3;7;0;0;2;15;0;
202300001738;155 677 491;A01;3;1;0;0;8;1;5;
202300001739;155 677 488;A01;1;10;0;9;1;2;1;
202300001739;155 677 490;B01;1;7;0;2;1;2;1;
202300001739;155 677 492;C01;1;10;0;2;4;2;1;
202300001740;155 677 487;A01;1;31;14;0;1;1;1;
202300001741;155 677 485;A01;2;33;0;2;1;2;1;
202300001741;155 677 486;B01;2;7;0;2;4;2;1;
202300001742;155 677 483;A01;2;7;0;2;8;1;1;
202300001742;155 677 484;B01;2;14;0;2;2;12;1;
202300001743;155 677 482;A01;2;7;0;0;3;4;1;
202300001744;155 677 481;A01;1;7;4;0;1;1;1;
202300001745;155 677 478;A01;2;7;4;2;3;2;1;
202300001746;155 677 479;A01;0;7;0;0;3;26;1;
202300001746;155 677 480;B01;0;33;0;2;1;17;1;
202300001747;155 677 475;A01;1;7;4;0;1;15;1;
202300001748;155 677 476;A01;2;7;0;2;3;1;1;
202300001748;155 677 477;B01;1;2;0;2;1;15;1;
202300001749;155 677 473;A01;1;7;4;0;1;21;1;
202300001750;155 677 472;B01;2;1;0;2;1;1;5;
202300001750;155 677 474;A01;1;10;0;9;3;15;3;
202300001751;155 677 471;A01;2;7;4;0;1;14;1;
202300001752;155 677 467;A01;2;7;0;2;1;14;1;
202300001752;155 677 469;B01;2;7;0;2;4;14;1;
202300001753;155 677 466;A01;2;7;0;1;1;1;-1;
202300001754;155 677 468;B01;2;7;0;2;1;1;1;
202300001754;155 677 470;A01;2;7;7;2;2;1;1;
202300001755;155 677 464;B01;1;1;0;0;7;19;5;
202300001755;155 677 465;A01;2;7;0;2;1;1;1;
202300001756;155 677 460;A01;1;7;0;2;2;5;2;
202300001756;155 677 461;B01;2;1;0;2;1;1;5;
202300001757;155 677 459;C01;1;7;8;2;6;17;1;
202300001757;155 677 462;A01;1;7;0;2;6;2;1;
202300001757;155 677 463;B01;1;7;0;2;2;17;1;
202300001758;155 677 458;A01;1;10;0;1;1;1;1;
202300001759;155 677 455;B01;2;10;0;2;4;2;1;
202300001759;155 677 456;A01;2;99;0;2;4;2;1;
202300001759;155 677 457;C01;2;7;0;2;1;1;1;
202300001760;155 677 452;A01;1;7;4;0;2;1;1;
202300001761;155 677 453;A01;2;33;0;2;1;13;0;
202300001761;155 677 454;B01;1;7;0;9;2;1;0;
202300001762;155 677 451;A01;1;33;14;0;1;1;1;
202300001763;155 677 450;A01;2;2;0;1;0;17;1;
202300001764;155 677 447;A01;1;7;0;2;6;23;0;
202300001764;155 677 449;B01;1;7;1;2;2;2;0;
202300001765;155 677 446;A01;1;7;0;2;1;1;1;
202300001765;155 677 448;B01;2;33;2;2;1;17;1;
202300001766;155 677 445;A01;1;33;0;0;7;1;1;
202300001767;155 677 444;A01;1;7;8;0;1;5;1;
202300001768;155 677 443;A01;1;7;0;0;9;11;1;
202300001769;155 677 441;A01;2;33;0;2;3;3;1;
202300001769;155 677 442;B01;2;7;0;2;5;2;1;
202300001770;155 677 439;A01;1;7;0;2;1;13;1;
202300001770;155 677 440;B01;2;7;0;2;1;21;1;
202300001771;155 677 436;A01;1;7;0;2;1;13;1;
202300001771;155 677 437;B01;2;33;0;2;1;1;1;
202300001772;155 677 435;A01;1;13;0;2;1;2;1;
202300001772;155 677 438;B01;1;7;0;2;4;2;1;
202300001773;155 677 434;A01;1;7;0;1;4;4;1;
202300001774;155 677 433;Z01;3;7;0;1;0;0;0;
202300001775;155 677 429;A01;3;1;14;0;1;19;5;
202300001776;155 677 428;A01;1;33;0;2;3;3;1;
202300001776;155 677 431;B01;1;7;0;2;6;2;1;
202300001776;155 677 432;C01;1;7;0;2;6;2;1;
202300001777;155 677 425;B01;2;7;0;2;3;1;1;
202300001777;155 677 427;A01;2;2;0;2;2;19;1;
202300001778;155 677 424;B01;2;7;0;2;1;1;1;
202300001778;155 677 426;A01;1;7;0;2;1;15;1;
202300001779;155 677 422;A01;1;7;0;2;3;26;1;
202300001779;155 677 423;B01;2;50;0;2;1;1;3;
202300001780;155 677 419;A01;1;7;0;9;1;1;1;
202300001780;155 677 420;B01;1;1;0;2;1;5;5;
202300001781;155 677 421;Z01;3;50;0;1;1;1;3;
202300001782;155 677 418;A01;1;7;15;0;1;1;1;
202300001783;155 677 416;A01;2;31;0;2;1;1;1;
202300001783;155 677 417;B01;1;7;0;2;7;15;1;
202300001784;155 677 413;A01;3;13;0;2;2;15;1;
202300001784;155 677 415;B01;2;7;0;2;1;2;1;
202300001785;155 677 412;A01;1;7;0;2;1;12;1;
202300001785;155 677 414;B01;1;10;0;2;4;1;1;
202300001786;155 677 409;A01;3;7;0;2;2;26;1;
202300001786;155 677 411;B01;3;7;0;2;1;9;1;
202300001787;155 677 406;A01;3;7;0;2;8;16;1;
202300001787;155 677 407;B01;1;7;0;2;8;23;3;
202300001788;155 677 405;A01;2;7;0;2;2;1;1;
202300001788;155 677 408;B01;2;7;0;2;1;1;1;
202300001788;155 677 410;C01;2;7;0;2;4;15;1;
202300001789;155 677 403;A01;3;7;0;2;4;1;0;
202300001789;155 677 404;B01;3;10;14;0;1;1;0;
202300001790;155 677 399;B01;1;10;0;2;3;19;1;
202300001790;155 677 401;A01;1;7;0;2;2;1;1;
202300001791;155 677 400;B01;1;7;9;2;8;1;1;
202300001791;155 677 402;A01;1;7;0;2;1;19;1;
202300001792;155 677 396;A01;1;33;0;2;2;17;1;
202300001792;155 677 397;B01;1;7;0;2;8;15;1;
202300001793;155 677 394;A01;1;33;0;0;9;2;1;
202300001794;155 677 393;B01;1;37;0;2;2;7;1;3
202300001794;155 677 395;A01;2;7;0;2;3;1;1;
202300001795;155 677 391;B01;1;7;0;2;1;15;1;
202300001795;155 677 392;A01;2;31;0;2;8;1;1;
202300001796;155 677 389;B01;3;7;0;2;1;1;1;
202300001796;155 677 390;A01;3;60;0;2;7;19;5;
202300001797;155 677 387;A01;3;7;8;0;1;2;1;
202300001798;155 677 379;A01;2;7;0;2;3;13;1;
202300001798;155 677 380;B01;2;7;0;2;8;0;1;
202300001798;155 677 381;C01;2;7;8;2;8;1;1;
202300001798;155 677 382;D01;2;10;0;2;3;1;1;
202300001798;155 677 383;E01;2;7;0;2;6;1;1;
202300001799;155 677 375;A01;2;7;0;2;3;15;1;
202300001799;155 677 377;B01;1;34;0;2;1;1;1;
202300001799;155 677 378;C01;1;7;0;2;3;9;1;
202300001800;155 677 372;B01;2;32;0;2;4;1;1;
202300001800;155 677 373;C01;-1;7;0;2;1;1;-1;
202300001801;155 677 369;B01;1;33;0;2;7;1;0;
202300001801;155 677 370;A01;2;7;0;2;1;1;1;
202300001802;155 677 367;B01;0;1;0;2;4;1;5;
202300001802;155 677 368;A01;0;7;0;2;1;2;1;
202300001803;155 677 366;B01;1;7;0;2;5;16;1;
202300001803;155 677 371;A01;1;7;0;2;1;19;1;
202300001804;155 677 365;A01;1;7;0;1;4;20;2;
202300001805;155 677 363;A01;1;7;0;2;1;1;1;
202300001805;155 677 364;B01;1;7;0;2;2;11;1;
202300001806;155 677 360;A01;1;33;0;0;9;1;1;
202300001807;155 677 358;A01;3;7;0;1;1;15;1;
202300001808;155 677 357;A01;2;37;0;2;1;1;1;3
202300001808;155 677 359;B01;2;7;0;2;4;23;1;
202300001809;155 677 356;A01;3;7;11;0;1;1;1;
202300001810;155 677 355;A01;1;33;0;0;8;1;1;
202300001811;155 677 353;A01;1;7;2;2;1;21;1;
202300001811;155 677 354;B01;1;7;0;2;4;12;1;
202300001812;155 677 348;B01;1;7;0;2;8;1;0;
202300001812;155 677 350;C01;1;7;14;0;1;2;0;
202300001812;155 677 352;A01;1;7;0;2;8;17;0;
202300001813;155 677 349;A01;2;33;0;2;2;1;1;
202300001813;155 677 351;B01;2;1;0;2;6;9;5;
202300001814;155 677 346;A01;1;3;1;0;1;14;1;
202300001814;155 677 347;B01;1;7;0;2;4;24;1;
202300001815;155 677 344;A01;3;7;1;0;3;13;1;
202300001816;155 677 340;A01;0;34;0;2;0;0;0;
202300001816;155 677 342;B01;0;7;0;2;8;0;0;
202300001817;155 677 336;A01;1;7;0;2;1;2;1;
202300001817;155 677 338;B01;1;7;0;2;4;2;1;
202300001818;155 677 337;B01;3;80;0;2;8;19;3;
202300001818;155 677 339;A01;3;14;0;2;1;16;1;
202300001819;155 677 333;A01;3;7;0;2;1;2;1;
202300001819;155 677 335;B01;3;13;0;2;4;2;1;
202300001820;155 677 332;B01;2;7;0;0;5;0;1;
202300001820;155 677 334;A01;2;7;4;0;7;1;1;
202300001821;155 677 329;A01;2;7;0;2;2;13;1;
202300001821;155 677 331;B01;1;10;0;2;3;1;1;
202300001822;155 677 328;A01;2;33;0;2;1;26;1;
202300001822;155 677 330;B01;1;7;1;0;3;23;1;
202300001823;155 677 327;A01;2;30;0;0;0;1;1;
202300001824;155 677 324;B01;3;7;0;2;5;1;3;
202300001824;155 677 326;A01;2;50;0;2;1;19;3;
202300001825;155 677 323;B01;1;33;0;2;1;1;1;
202300001825;155 677 325;A01;2;7;0;2;5;15;1;
202300001826;155 677 321;B01;1;7;1;0;6;20;1;
202300001826;155 677 322;A01;2;3;1;0;2;1;1;
202300001827;155 677 320;A01;1;7;0;1;1;16;1;
202300001828;155 677 318;B01;3;1;0;2;1;1;5;
202300001828;155 677 319;A01;3;7;0;9;2;15;1;
202300001829;155 677 316;A01;2;7;0;2;3;15;1;
202300001829;155 677 317;B01;1;2;0;2;0;0;1;
202300001830;155 677 313;C01;2;7;0;2;4;1;1;
202300001830;155 677 314;A01;2;7;0;2;8;11;1;
202300001830;155 677 315;B01;2;43;0;2;7;3;1;
202300001831;155 677 310;A01;2;10;0;2;4;1;1;
202300001831;155 677 312;B01;2;7;0;2;1;2;1;
202300001832;155 677 309;A01;1;10;0;2;1;2;1;
202300001832;155 677 311;B01;1;38;0;2;4;2;1;1
202300001833;155 677 305;A01;2;1;0;2;2;14;5;
202300001833;155 677 307;B01;2;1;0;2;3;12;5;
202300001834;155 677 306;A01;0;7;0;2;1;15;1;
202300001834;155 677 308;B01;0;7;0;2;3;1;1;
202300001835;155 677 304;A01;2;50;0;1;2;5;3;
202300001836;155 677 302;Z01;3;7;0;1;4;4;-1;
202300001837;155 677 301;B01;2;33;0;2;1;1;1;
202300001837;155 677 303;A01;1;7;0;2;5;15;1;
202300001838;155 677 299;A01;1;80;0;2;1;1;3;
202300001838;155 677 300;B01;2;7;0;2;5;15;1;
202300001839;155 677 296;A01;1;7;0;2;1;1;1;
202300001839;155 677 297;B01;1;80;0;2;4;1;3;
202300001840;155 677 295;B01;3;7;0;2;2;1;1;
202300001840;155 677 298;A01;0;10;0;2;3;15;1;
202300001841;155 677 294;A01;1;50;0;0;0;1;3;
202300001842;155 677 292;A01;1;10;0;2;7;14;1;
202300001842;155 677 293;B01;1;32;0;2;3;2;1;
202300001843;155 677 289;Z01;3;0;0;2;1;2;1;
202300001843;155 677 291;A01;3;7;0;2;4;2;1;
202300001844;155 677 288;B01;2;33;0;2;0;1;1;
202300001844;155 677 290;A01;2;7;0;2;3;1;1;
202300001845;155 677 286;A01;3;7;0;2;1;2;1;
202300001845;155 677 287;B01;3;1;0;2;4;2;5;
202300001846;155 677 284;B01;2;7;0;2;1;15;2;
202300001846;155 677 285;A01;1;32;0;2;1;8;1;
202300001847;155 677 283;A01;2;7;0;1;1;15;1;
202300001848;155 677 282;A01;2;37;0;1;0;1;1;1
202300001849;155 677 280;B01;2;37;0;2;0;0;1;2
202300001849;155 677 281;A01;1;7;0;2;2;9;1;
202300001850;155 677 277;A01;3;7;0;2;1;1;1;
202300001850;155 677 278;B01;3;7;0;2;6;1;2;
202300001851;155 677 276;A01;1;7;0;2;6;22;2;
202300001851;155 677 279;B01;1;80;1;0;1;1;3;
202300001852;155 677 274;A01;1;7;0;1;7;1;1;
202300001853;155 677 275;A01;1;7;15;0;9;0;1;
202300001854;155 677 271;B01;3;31;0;2;3;2;0;
202300001854;155 677 272;A01;1;7;0;2;0;0;0;
202300001855;155 677 269;C01;3;7;0;2;4;23;1;
202300001855;155 677 270;B01;3;7;0;2;4;1;1;
202300001855;155 677 273;A01;3;7;0;2;1;1;1;
202300001856;155 677 266;A01;2;7;0;2;3;1;1;
202300001856;155 677 267;B01;2;33;0;2;7;1;1;
202300001857;155 677 265;A01;1;7;0;2;4;1;1;
202300001857;155 677 268;B01;1;7;0;2;1;2;1;
202300001858;155 677 262;A01;3;10;0;2;1;1;1;
202300001858;155 677 264;B01;3;34;0;0;4;0;1;
202300001859;155 677 263;A01;1;7;0;0;9;1;1;
202300001860;155 677 260;A01;1;7;4;0;1;14;1;
202300001861;155 677 259;A01;3;99;0;0;0;0;6;
202300001861;155 677 261;B01;3;99;0;0;0;0;6;
202300001862;155 677 258;A01;2;7;0;1;2;15;1;
202300001863;155 677 257;A01;3;99;0;0;0;0;0;
202300001864;155 677 254;B01;2;7;0;2;1;2;1;
202300001864;155 677 255;A01;2;7;0;2;4;2;1;
202300001865;155 677 253;A01;3;7;0;1;1;16;1;
202300001866;155 677 249;B01;0;7;0;2;2;15;1;
202300001866;155 677 251;A01;0;33;0;2;2;26;1;
202300001867;155 677 250;A01;1;7;0;2;2;15;1;
202300001867;155 677 252;B01;1;7;0;2;1;1;1;
202300001868;155 677 248;A01;3;32;0;1;1;1;1;
202300001869;155 677 245;B01;3;7;0;2;8;1;1;
202300001869;155 677 247;A01;3;3;0;2;3;15;1;
202300001870;155 677 242;B01;2;33;0;2;1;0;0;
202300001870;155 677 244;A01;1;7;0;2;1;15;0;
202300001871;155 677 243;A01;0;7;0;2;2;1;1;
202300001871;155 677 246;B01;0;1;0;2;3;11;5;
202300001872;155 677 238;B01;3;7;0;2;6;1;1;
202300001872;155 677 240;A01;3;99;0;2;1;1;1;
202300001873;155 677 239;A01;3;7;0;2;3;1;1;
202300001873;155 677 241;B01;3;7;0;2;3;13;1;
202300001874;155 677 237;A01;3;7;6;0;1;1;3;
202300001875;155 677 236;Z01;2;7;0;1;1;5;0;
202300001876;155 677 234;A01;1;7;0;2;1;19;1;
202300001876;155 677 235;B01;2;2;0;2;1;1;3;
202300001877;155 677 233;A01;2;50;0;0;0;1;3;
202300001878;155 677 232;A01;1;7;1;0;2;14;1;
202300001879;155 677 230;A01;3;7;0;2;5;1;1;
202300001879;155 677 231;B01;2;7;0;2;1;1;1;
202300001880;155 677 228;A01;1;7;1;2;2;1;1;
202300001880;155 677 229;B01;0;1;0;2;3;19;5;
202300001881;155 677 227;A01;1;30;0;0;1;1;1;
202300001882;155 677 225;A01;1;34;0;2;2;1;1;
202300001882;155 677 226;B01;1;7;0;2;3;15;1;
202300001883;155 677 224;A01;3;31;0;1;1;1;1;
202300001884;155 677 223;A01;2;7;0;0;0;1;2;
202300001885;155 677 221;B01;2;50;0;2;8;1;3;
202300001885;155 677 222;A01;1;7;0;2;1;15;1;
202300001886;155 677 219;A01;3;7;0;2;2;2;1;
202300001886;155 677 220;B01;3;80;0;2;8;2;3;
202300001887;155 677 217;A01;0;7;0;2;8;10;1;
202300001887;155 677 218;B01;1;33;0;2;1;1;1;
202300001888;155 677 216;A01;1;7;0;1;1;15;1;
202300001889;155 677 214;A01;1;7;4;2;2;13;1;
202300001889;155 677 215;B01;1;7;0;2;3;17;1;
202300001890;155 677 211;A01;1;7;0;2;3;1;2;
202300001890;155 677 213;B01;1;50;0;2;1;1;3;
202300001891;155 677 210;A01;2;7;0;2;1;1;1;
202300001891;155 677 212;B01;2;17;0;2;4;9;1;
202300001892;155 677 209;A01;1;10;0;1;8;15;1;
202300001893;155 677 207;B01;2;30;0;2;1;1;1;
202300001893;155 677 208;A01;2;7;0;2;2;1;1;
202300001894;155 677 205;A01;1;1;0;2;8;15;5;
202300001894;155 677 206;B01;1;1;0;2;7;1;5;
202300001895;155 677 204;A01;1;7;4;0;8;0;1;
202300001896;155 677 202;A01;2;7;0;2;7;12;1;
202300001896;155 677 203;B01;2;7;0;2;3;1;1;
202300001897;155 677 200;A01;1;10;0;2;7;15;1;
202300001897;155 677 201;B01;2;2;0;2;2;1;1;
202300001898;155 677 198;A01;2;7;0;2;7;16;1;
202300001898;155 677 199;B01;3;50;0;2;1;19;3;
202300001899;155 677 196;B01;2;7;0;2;3;1;1;
202300001899;155 677 197;A01;1;31;0;2;1;5;1;
202300001900;155 677 195;A01;1;7;2;0;2;1;0;
202300001901;155 677 191;A01;3;7;0;0;8;1;1;
202300001901;155 677 194;B01;3;2;0;0;8;21;1;
202300001902;155 677 192;B01;2;7;0;2;1;2;1;
202300001902;155 677 193;A01;2;7;0;2;4;23;2;
202300001903;155 677 188;A01;1;7;1;1;1;16;1;
202300001904;155 677 189;A01;1;7;0;2;1;2;1;
202300001904;155 677 190;B01;1;15;0;0;0;2;1;
202300001905;155 677 187;A01;0;7;0;1;3;1;0;
202300001906;155 677 186;A01;1;10;0;0;0;0;1;
202300001907;155 677 185;A01;3;7;0;1;1;15;1;
202300001908;155 677 184;A01;3;7;0;1;1;1;1;
202300001909;155 677 182;B01;1;33;0;2;1;1;1;
202300001909;155 677 183;A01;3;7;0;2;3;9;1;
202300001910;155 677 179;B01;3;7;0;2;3;1;1;
202300001910;155 677 181;A01;3;7;0;2;3;15;1;
202300001911;155 677 178;A01;2;10;0;2;8;24;1;
202300001911;155 677 180;B01;-1;1;-1;-1;-1;-1;5;
202300001912;155 677 174;B01;1;7;0;2;8;1;1;
202300001912;155 677 177;A01;3;7;0;2;1;1;0;
202300001913;155 677 173;C01;1;7;14;2;1;2;1;
202300001913;155 677 175;A01;1;7;14;0;4;26;1;
202300001913;155 677 176;B01;1;7;14;2;1;2;1;
202300001914;155 677 171;A01;1;7;0;1;2;16;1;
202300001915;155 677 170;A01;1;7;0;0;4;1;1;
202300001915;155 677 172;B01;1;7;0;2;1;2;1;
202300001916;155 677 169;BA01;0;7;0;1;0;16;0;
202300001917;155 677 166;A01;1;7;0;1;2;16;0;
202300001918;155 677 165;B01;2;7;0;2;4;1;1;
202300001918;155 677 167;A01;2;7;0;0;1;1;1;
202300001918;155 677 168;C01;2;7;0;0;8;1;1;
202300001919;155 677 164;A01;1;37;0;1;2;1;1;1
202300001920;155 677 162;A01;2;7;0;2;2;1;0;
202300001920;155 677 163;B01;1;33;0;2;7;15;1;
202300001921;155 677 161;A01;1;7;0;1;1;1;1;
202300001922;155 677 158;A01;1;10;0;2;1;9;1;
202300001922;155 677 160;B01;1;1;0;2;2;1;5;
202300001923;155 677 157;A01;1;7;0;0;6;15;2;
202300001923;155 677 159;B01;1;33;0;2;1;17;1;
202300001924;155 677 155;A01;1;7;0;2;4;23;1;
202300001924;155 677 156;B01;1;7;0;2;1;26;1;
202300001925;155 677 153;A01;2;7;0;2;3;1;1;
202300001925;155 677 154;B01;2;33;0;2;2;17;1;
202300001926;155 677 152;A01;3;1;0;2;1;5;5;
202300001927;155 677 151;A01;1;7;0;1;1;16;1;
202300001928;155 677 150;A01;1;7;2;0;1;13;1;
202300001929;155 677 148;A01;1;7;0;2;2;17;1;
202300001929;155 677 149;B01;1;7;13;2;3;13;1;
202300001930;155 677 146;A01;0;14;0;2;2;1;1;
202300001930;155 677 147;B01;0;1;0;2;0;0;5;
202300001931;155 677 145;A01;2;7;8;0;2;14;1;
202300001932;155 677 143;B01;3;7;14;0;5;16;1;
202300001932;155 677 144;A01;3;1;14;0;0;0;5;
202300001933;155 677 140;B01;3;30;0;2;1;0;0;
202300001933;155 677 142;A01;3;7;0;2;5;9;1;
202300001934;155 677 141;A01;2;7;2;0;2;1;1;
202300001935;155 677 137;A01;2;33;0;2;8;0;0;
202300001935;155 677 139;B01;1;7;0;2;3;0;0;
202300001936;155 677 136;A01;2;7;0;2;5;15;1;
202300001936;155 677 138;B01;1;31;0;0;0;0;0;
202300001937;155 677 135;A01;3;2;6;0;2;14;1;
202300001938;155 677 131;A01;2;7;0;2;3;13;1;
202300001938;155 677 132;B01;1;7;0;2;2;1;1;
202300001939;155 677 133;A01;0;7;0;2;8;14;0;
202300001939;155 677 134;B01;0;1;0;2;7;13;5;
202300001940;155 677 130;A01;1;10;16;0;0;1;1;
202300001941;155 677 127;B01;3;7;0;2;3;1;0;
202300001941;155 677 128;C01;3;7;0;2;3;1;0;
202300001941;155 677 129;A01;3;2;0;2;3;1;1;
202300001942;155 677 125;A01;1;7;0;2;1;19;1;
202300001942;155 677 126;B01;2;7;0;2;3;1;1;
202300001943;155 677 121;A01;3;7;0;2;3;1;0;
202300001943;155 677 124;B01;3;2;0;2;3;1;1;
202300001944;155 677 119;C01;2;7;0;2;4;2;1;
202300001944;155 677 120;D01;2;7;0;2;1;2;1;
202300001944;155 677 122;A01;2;21;0;0;4;1;1;
202300001944;155 677 123;B01;2;21;0;2;1;2;1;
202300001945;155 677 118;A01;1;33;11;0;1;17;1;
202300001946;155 677 117;A01;1;7;13;0;1;1;1;
202300001947;155 677 116;A01;2;33;0;0;1;14;1;
202300001948;155 677 113;A01;1;33;0;1;1;3;1;
202300001949;155 677 112;A01;1;10;0;2;7;1;1;
202300001949;155 677 114;B01;1;31;0;2;1;1;1;
202300001950;155 677 110;A01;1;7;0;2;1;14;1;
202300001950;155 677 111;B01;1;7;0;2;1;1;1;
202300001951;155 677 108;A01;1;7;0;2;3;19;1;
202300001951;155 677 109;B01;2;31;0;2;1;1;1;
202300001952;155 677 107;A01;1;43;2;0;1;1;1;
202300001953;155 677 105;A01;2;15;13;0;0;0;0;
202300001954;155 677 106;A01;3;36;13;0;7;1;1;
202300001955;155 677 103;A01;2;7;3;2;1;5;0;
202300001955;155 677 104;B01;1;7;0;2;1;1;0;
202300001956;155 677 099;A01;0;2;0;2;2;1;1;
202300001956;155 677 101;B01;3;7;0;0;8;16;1;
202300001957;155 677 100;A01;1;7;0;2;6;1;1;
202300001957;155 677 102;B01;1;7;0;2;3;1;1;
202300001958;155 677 098;A01;1;7;2;0;9;1;1;
202300001959;155 677 096;A01;2;7;0;0;9;1;1;
202300001960;155 677 094;B01;1;10;0;2;3;15;1;
202300001960;155 677 097;A01;1;30;0;2;7;1;1;
202300001961;155 677 093;A01;3;7;0;2;2;15;1;
202300001961;155 677 095;B01;1;7;0;2;3;1;1;
202300001962;155 677 092;A01;0;7;1;0;1;14;1;
202300001963;155 677 090;A01;1;7;0;2;1;5;1;
202300001963;155 677 091;B01;2;7;0;2;1;1;1;
202300001964;155 677 088;B01;1;7;4;2;3;1;1;
202300001964;155 677 089;A01;2;7;12;2;3;1;1;
202300001965;155 677 087;A01;1;33;0;6;2;1;1;
202300001966;155 677 085;B01;1;10;0;2;8;19;1;
202300001966;155 677 086;A01;1;7;13;2;1;1;1;
202300001967;155 677 084;A01;3;15;0;1;8;1;1;
202300001968;155 677 082;A01;1;33;0;2;1;1;1;
202300001968;155 677 083;B01;2;7;0;2;2;15;1;
202300001969;155 677 081;A01;1;33;0;6;7;0;1;
202300001970;155 677 079;A01;1;7;0;2;1;1;1;
202300001970;155 677 080;B01;2;7;0;2;1;1;1;
202300001971;155 677 078;A01;2;7;13;0;3;13;1;
202300001972;155 677 076;A01;1;7;0;2;1;2;1;
202300001972;155 677 077;B01;1;21;0;0;4;2;1;
202300001973;155 677 074;A01;1;7;6;0;2;15;1;
202300001974;155 677 073;A01;2;2;0;2;1;13;1;
202300001974;155 677 075;B01;1;13;0;2;1;1;1;
202300001975;155 677 071;A01;0;7;17;0;2;1;1;
202300001976;155 677 069;A01;2;7;0;2;0;17;1;
202300001976;155 677 070;B01;2;7;0;2;8;14;1;
202300001976;155 677 072;C01;2;7;0;2;3;15;1;
202300001977;155 677 067;A01;2;10;3;0;9;1;1;
202300001978;155 677 066;A01;1;33;0;2;8;1;1;
202300001978;155 677 068;B01;2;33;0;2;8;13;1;
202300001979;155 677 064;A01;2;33;0;0;2;1;1;
202300001980;155 677 062;B01;2;15;0;2;8;1;0;