Num_Acc;id_vehicule;num_veh;senc;catv;obs;obsm;choc;manv;motor;occutc
202300001980;155 677 063;A01;2;7;3;2;2;12;0;
202300001980;155 677 065;C01;2;15;1;0;2;1;0;
202300001981;155 677 059;A01;2;7;4;0;3;1;1;
202300001982;155 677 060;A01;1;7;3;2;1;15;1;
202300001982;155 677 061;B01;2;7;3;2;1;1;1;
202300001983;155 677 054;A01;2;7;0;2;3;13;1;
202300001983;155 677 056;B01;1;7;0;2;3;1;1;
202300001983;155 677 058;C01;1;7;0;2;3;1;1;
202300001984;155 677 051;A01;1;33;0;0;0;21;1;
202300001984;155 677 052;B01;1;7;0;0;0;26;1;
202300001985;155 677 050;D01;1;7;0;2;1;1;0;
202300001985;155 677 053;A01;2;7;0;2;3;17;0;
202300001985;155 677 055;B01;2;7;0;2;1;1;0;
202300001985;155 677 057;C01;1;7;0;2;1;1;0;
202300001986;155 677 048;A01;1;10;0;2;3;1;1;
202300001986;155 677 049;B01;2;43;0;2;3;1;1;
202300001987;155 677 047;A01;1;32;6;0;1;2;1;
202300001988;155 677 045;A01;1;1;0;0;0;1;5;
202300001989;155 677 044;A01;3;80;0;0;4;19;3;
202300001989;155 677 046;B01;1;7;0;9;3;1;1;
202300001990;155 677 042;A01;1;7;0;2;1;13;0;
202300001990;155 677 043;B01;2;7;0;2;2;21;0;
202300001991;155 677 040;B01;2;7;0;2;8;1;1;
202300001991;155 677 041;A01;1;10;0;1;1;1;1;
202300001992;155 677 038;A01;3;7;0;2;3;17;1;
202300001992;155 677 039;B01;3;7;0;2;2;14;1;
202300001993;155 677 037;A01;1;7;6;0;1;1;1;
202300001994;155 677 036;A01;3;33;2;0;2;16;1;
202300001995;155 677 034;B01;0;2;0;2;1;2;1;
202300001995;155 677 035;A01;0;10;0;2;8;9;1;
202300001996;155 677 032;A01;2;7;0;2;2;15;1;
202300001996;155 677 033;B01;1;1;0;2;1;1;5;
202300001997;155 677 030;B01;1;7;0;2;3;15;1;
202300001997;155 677 031;A01;1;10;0;2;1;1;1;
202300001998;155 677 028;A01;1;7;2;0;7;14;1;
202300001999;155 677 027;B01;0;7;0;1;4;0;1;
202300001999;155 677 029;A01;0;7;1;2;1;13;1;
202300002000;155 677 024;A01;3;7;0;1;1;0;6;
202300002001;155 677 025;A01;1;7;0;9;2;2;1;
202300002001;155 677 026;B01;1;1;0;0;4;2;5;
202300002002;155 677 023;A01;1;2;0;0;0;1;0;
202300002003;155 677 022;A01;3;7;10;0;1;13;1;
202300002004;155 677 020;B01;2;7;0;2;1;2;1;
202300002004;155 677 021;A01;2;7;0;2;4;1;1;
202300002005;155 677 018;A01;3;2;0;2;8;19;1;
202300002005;155 677 019;B01;2;7;0;2;1;15;1;
202300002006;155 677 016;B01;1;7;0;2;4;2;1;
202300002006;155 677 017;A01;1;7;0;2;1;2;1;
202300002007;155 677 013;A01;1;33;0;0;3;13;1;
202300002008;155 677 014;A01;3;1;0;0;8;26;5;
202300002008;155 677 015;B01;3;33;0;9;1;26;0;
202300002009;155 677 012;A01;2;7;4;0;2;1;1;
202300002010;155 677 011;A01;0;0;0;1;0;0;0;
202300002011;155 677 009;A01;1;17;4;2;1;14;1;
202300002011;155 677 010;B01;1;7;4;2;8;2;1;
202300002012;155 677 007;A01;2;7;4;2;7;2;1;
202300002013;155 677 006;A01;3;7;0;2;3;15;1;
202300002013;155 677 008;B01;3;7;0;2;6;1;1;
202300002014;155 677 005;A01;1;10;4;0;1;1;1;
202300002015;155 677 001;A01;1;7;0;2;4;2;1;
202300002015;155 677 003;B01;1;13;0;2;1;0;0;
202300002016;155 677 002;B01;2;2;0;0;8;15;1;
202300002016;155 677 004;A01;2;10;0;2;2;17;1;
202300002017;155 677 000;A01;2;7;4;0;1;1;1;
202300002018;155 676 998;A01;2;7;0;2;3;13;1;
202300002018;155 676 999;B01;1;21;0;2;3;1;1;
202300002019;155 676 996;A01;1;7;0;9;3;1;1;
202300002019;155 676 997;B01;2;1;0;2;1;17;5;
202300002020;155 676 994;A01;2;7;0;2;3;0;1;
202300002020;155 676 995;B01;2;7;0;2;3;0;2;
202300002021;155 676 993;A01;1;31;0;1;7;1;1;
202300002022;155 676 992;A01;2;7;13;0;2;1;1;
202300002023;155 676 991;A01;1;7;0;0;1;26;1;
202300002024;155 676 990;A01;3;1;0;0;0;26;5;
202300002025;155 676 986;A01;2;7;4;0;1;1;1;
202300002025;155 676 987;B01;2;7;14;0;1;1;1;
202300002025;155 676 988;C01;2;7;14;0;1;1;1;
202300002025;155 676 989;D01;2;17;14;2;1;1;1;
202300002026;155 676 985;A01;3;7;0;1;1;1;1;
202300002027;155 676 983;A01;2;7;0;2;1;14;1;
202300002027;155 676 984;B01;1;1;0;2;0;25;5;
202300002028;155 676 981;A01;1;10;0;2;1;15;1;
202300002028;155 676 982;B01;2;1;0;2;8;1;5;
202300002029;155 676 979;A01;1;33;0;2;2;1;1;
202300002029;155 676 980;B01;1;21;0;2;8;26;1;
202300002030;155 676 977;B01;1;33;0;2;1;1;1;
202300002030;155 676 978;A01;1;7;0;2;8;19;1;
202300002031;155 676 975;B01;1;15;8;2;3;1;1;
202300002031;155 676 976;A01;1;7;0;2;2;1;1;
202300002032;155 676 973;B01;2;7;0;2;2;1;1;
202300002032;155 676 974;A01;2;2;0;2;5;19;1;
202300002033;155 676 971;A01;1;7;0;2;1;1;1;
202300002033;155 676 972;B01;2;10;0;2;1;1;1;
202300002034;155 676 966;A01;1;7;3;0;0;2;1;
202300002035;155 676 964;A01;1;7;0;2;3;1;1;
202300002035;155 676 965;B01;2;7;0;2;1;5;1;
202300002036;155 676 962;B01;3;7;0;2;7;1;1;
202300002036;155 676 963;A01;3;7;0;2;1;1;1;
202300002037;155 676 961;A01;2;7;8;0;5;1;1;
202300002038;155 676 960;A01;3;7;6;0;1;13;1;
202300002039;155 676 959;A01;3;32;8;0;1;1;1;
202300002040;155 676 958;A01;1;33;0;0;0;19;1;
202300002041;155 676 956;A01;2;33;0;2;1;17;1;
202300002041;155 676 957;B01;1;7;0;2;3;2;1;
202300002042;155 676 954;B01;2;7;0;2;4;1;1;
202300002042;155 676 955;A01;2;33;0;2;1;3;1;
202300002043;155 676 952;A01;2;13;0;2;5;16;4;
202300002043;155 676 953;B01;2;50;0;2;8;1;3;
202300002044;155 676 950;A01;2;7;0;2;5;1;1;
202300002044;155 676 951;B01;2;1;0;2;3;11;5;
202300002045;155 676 948;A01;3;33;0;2;7;12;1;
202300002045;155 676 949;B01;3;7;0;2;8;1;1;
202300002046;155 676 947;A01;3;80;6;0;1;1;3;
202300002047;155 676 946;A01;3;34;0;0;0;15;1;
202300002048;155 676 945;A01;1;30;0;0;0;21;3;
202300002049;155 676 943;A01;2;10;0;2;1;1;3;
202300002049;155 676 944;B01;2;2;0;2;1;5;1;
202300002050;155 676 942;A01;2;1;0;1;1;1;5;
202300002051;155 676 940;A01;1;30;0;2;1;18;1;
202300002051;155 676 941;B01;1;7;0;2;2;16;1;
202300002052;155 676 938;A01;1;7;14;2;2;1;1;
202300002052;155 676 939;B01;2;99;0;2;8;1;1;
202300002053;155 676 936;B01;2;7;0;2;4;23;2;
202300002053;155 676 937;Z01;2;2;0;2;1;1;1;
202300002054;155 676 934;A01;3;34;12;2;3;14;1;
202300002054;155 676 935;B01;3;14;0;2;6;24;1;
202300002055;155 676 933;A01;1;1;14;0;0;2;5;
202300002056;155 676 932;A01;1;32;11;0;3;17;1;
202300002057;155 676 931;A01;3;1;12;0;1;13;5;
202300002058;155 676 930;A01;2;10;0;1;1;1;1;
202300002059;155 676 928;B01;3;33;0;2;7;9;1;
202300002059;155 676 929;A01;3;1;0;2;8;11;5;
202300002060;155 676 927;A01;3;7;0;1;0;1;1;
202300002061;155 676 926;A01;1;7;14;0;9;15;1;
202300002062;155 676 924;A01;1;10;0;2;2;16;1;
202300002062;155 676 925;B01;1;99;0;2;1;1;0;
202300002063;155 676 922;A01;3;7;0;2;1;2;1;
202300002063;155 676 923;B01;3;7;0;2;4;23;1;
202300002064;155 676 920;A01;1;1;0;2;1;0;5;
202300002064;155 676 921;B01;1;14;0;2;4;0;1;
202300002065;155 676 918;B01;3;7;0;2;6;19;0;
202300002065;155 676 919;A01;3;50;0;2;1;0;3;
202300002066;155 676 916;A01;1;50;1;0;1;17;3;
202300002066;155 676 917;B01;1;7;1;0;1;1;1;
202300002067;155 676 914;A01;1;33;0;2;7;1;0;
202300002067;155 676 915;B01;3;7;0;0;0;0;0;
202300002068;155 676 912;A01;2;10;9;2;3;7;1;
202300002068;155 676 913;B01;2;7;0;2;7;16;2;
202300002069;155 676 911;A01;2;7;0;1;2;1;2;
202300002070;155 676 909;A01;1;7;0;2;6;0;1;
202300002070;155 676 910;B01;1;30;0;2;2;0;0;
202300002071;155 676 907;A01;1;7;0;2;2;0;0;
202300002071;155 676 908;B01;1;37;0;2;3;2;-1;2
202300002072;155 676 905;A01;2;7;4;0;2;15;1;
202300002072;155 676 906;B01;2;33;0;2;1;1;1;
202300002073;155 676 903;A01;3;33;0;2;8;1;1;
202300002073;155 676 904;B01;3;7;0;2;2;1;1;
202300002074;155 676 901;A01;1;7;0;2;8;15;1;
202300002074;155 676 902;B01;1;33;0;2;1;1;1;
202300002075;155 676 900;A01;3;1;0;0;0;1;5;
202300002076;155 676 898;A01;1;7;0;2;1;26;3;
202300002076;155 676 899;B01;1;32;0;2;2;1;3;
202300002077;155 676 896;B01;0;3;0;0;2;1;0;
202300002077;155 676 897;A01;0;33;0;0;0;18;1;
202300002078;155 676 894;B01;2;7;0;9;3;1;1;
202300002078;155 676 895;A01;2;50;0;2;2;6;3;
202300002079;155 676 892;Z01;1;34;0;2;4;16;0;
202300002079;155 676 893;B01;1;1;0;2;1;1;5;
202300002080;155 676 891;A01;1;10;0;1;3;15;3;
202300002081;155 676 890;A01;2;50;1;0;2;1;3;
202300002082;155 676 889;A01;1;50;0;1;1;21;3;
202300002083;155 676 886;B01;1;1;0;2;4;1;5;
202300002083;155 676 887;C01;1;1;0;2;4;1;5;
202300002083;155 676 888;A01;1;13;0;2;1;1;1;
202300002084;155 676 883;A01;3;36;8;0;1;1;1;
202300002085;155 676 882;A01;1;7;2;0;8;1;1;
202300002086;155 676 880;A01;1;17;0;0;4;2;1;
202300002086;155 676 881;B01;1;7;0;2;1;2;1;
202300002087;155 676 878;A01;1;7;8;0;8;17;1;
202300002088;155 676 877;A01;2;7;6;0;2;14;0;
202300002089;155 676 874;A01;2;7;0;2;5;15;1;
202300002089;155 676 875;B01;1;33;0;2;1;1;1;
202300002089;155 676 876;C01;2;7;0;9;1;1;1;
202300002090;155 676 873;A01;1;7;8;0;3;1;1;
202300002091;155 676 872;A01;2;7;2;0;3;0;1;
202300002092;155 676 871;A01;1;7;3;0;1;1;1;
202300002093;155 676 869;B01;1;32;0;2;1;1;1;
202300002093;155 676 870;A01;2;7;0;2;2;15;1;
202300002094;155 676 867;A01;1;31;2;2;1;1;1;
202300002094;155 676 868;B01;2;7;0;2;2;1;1;
202300002095;155 676 865;A01;2;7;0;0;2;15;1;
202300002095;155 676 866;B01;1;33;0;0;1;1;1;
202300002096;155 676 864;A01;1;7;17;0;1;1;1;
202300002097;155 676 862;A01;1;7;13;2;3;13;1;
202300002097;155 676 863;B01;2;33;0;2;1;1;1;
202300002098;155 676 861;A01;1;7;17;0;6;0;0;
202300002099;155 676 858;A01;2;7;0;0;8;1;1;
202300002099;155 676 859;B01;2;7;0;0;4;23;1;
202300002099;155 676 860;C01;2;10;0;2;1;12;1;
202300002100;155 676 857;A01;0;7;0;1;1;1;0;
202300002101;155 676 855;A01;1;7;0;2;2;15;1;
202300002101;155 676 856;B01;2;33;0;2;1;1;1;
202300002102;155 676 854;A01;1;7;2;0;1;1;1;
202300002103;155 676 853;A01;1;7;0;0;9;1;1;
202300002104;155 676 852;A01;3;50;0;0;1;25;3;
202300002105;155 676 850;A01;2;15;0;2;7;19;1;
202300002105;155 676 851;B01;1;14;0;0;1;1;1;
202300002106;155 676 848;A01;1;7;0;0;1;2;1;
202300002106;155 676 849;B01;1;7;0;0;4;23;1;
202300002107;155 676 846;A01;1;7;0;2;1;13;1;
202300002107;155 676 847;B01;2;7;0;2;1;1;1;
202300002108;155 676 844;A01;1;7;0;2;1;2;1;
202300002108;155 676 845;B01;1;7;0;2;4;2;4;
202300002109;155 676 843;A01;3;7;2;0;3;1;1;
202300002110;155 676 842;A01;2;80;15;0;0;1;3;
202300002111;155 676 840;A01;1;14;0;2;1;15;1;
202300002111;155 676 841;B01;2;1;0;2;1;1;5;
202300002112;155 676 839;A01;2;21;2;0;2;0;1;
202300002113;155 676 837;A01;1;7;0;2;1;13;1;
202300002113;155 676 838;B01;2;7;0;2;1;1;1;
202300002114;155 676 835;A01;2;10;0;2;3;13;1;
202300002114;155 676 836;B01;1;7;0;2;3;1;1;
202300002115;155 676 834;A01;1;7;2;0;1;1;2;
202300002116;155 676 832;A01;1;7;0;2;8;13;1;
202300002116;155 676 833;B01;2;21;0;2;3;1;1;
202300002117;155 676 830;A01;1;33;0;2;1;1;1;
202300002117;155 676 831;B01;2;7;0;2;1;15;1;
202300002118;155 676 829;A01;2;7;0;0;3;1;1;
202300002119;155 676 827;B01;1;10;0;2;8;1;1;
202300002119;155 676 828;A01;2;30;0;2;8;15;1;
202300002120;155 676 825;A01;1;7;0;2;2;13;1;
202300002120;155 676 826;B01;2;15;0;2;2;1;1;
202300002121;155 676 821;B01;1;1;0;2;4;1;5;
202300002121;155 676 822;A01;1;7;0;2;2;9;1;
202300002122;155 676 820;A01;1;7;8;0;2;14;1;
202300002123;155 676 819;A01;1;36;5;0;1;0;1;
202300002124;155 676 818;A01;1;7;15;0;1;13;1;
202300002125;155 676 817;A01;1;2;13;0;1;1;1;
202300002126;155 676 816;A01;2;31;8;0;1;1;1;
202300002127;155 676 815;A01;2;7;15;0;9;1;1;
202300002128;155 676 814;A01;1;33;0;0;8;1;1;
202300002129;155 676 812;A01;1;7;0;2;3;13;1;
202300002129;155 676 813;B01;2;7;0;2;3;1;3;
202300002130;155 676 811;A01;2;31;16;0;0;1;1;
202300002131;155 676 809;B01;1;1;0;0;2;26;5;
202300002131;155 676 810;A01;1;7;0;0;3;9;1;
202300002132;155 676 807;A01;1;2;0;2;4;2;1;
202300002132;155 676 808;B01;1;2;0;2;1;2;1;
202300002133;155 676 806;A01;2;7;13;0;2;1;1;
202300002134;155 676 805;A01;3;33;0;0;7;1;1;
202300002135;155 676 802;C01;3;7;0;2;7;23;0;
202300002135;155 676 803;B01;1;99;14;2;3;0;0;
202300002135;155 676 804;A01;1;33;1;0;3;11;1;
202300002136;155 676 800;B01;3;7;0;2;1;1;1;
202300002136;155 676 801;A01;3;7;0;2;2;15;1;
202300002137;155 676 798;Z01;2;7;0;0;0;11;0;
202300002137;155 676 799;A01;2;33;0;2;1;3;1;
202300002138;155 676 796;B01;2;1;0;2;1;1;5;
202300002138;155 676 797;A01;2;7;0;2;5;16;3;
202300002139;155 676 793;B01;2;2;0;2;2;1;1;
202300002139;155 676 795;A01;2;7;0;2;3;2;2;
202300002140;155 676 792;A01;1;7;0;2;3;15;1;
202300002140;155 676 794;B01;1;50;0;2;1;1;3;
202300002141;155 676 790;A01;1;50;0;1;2;1;3;
202300002142;155 676 789;A01;2;10;0;2;1;20;1;
202300002142;155 676 791;B01;1;2;0;2;7;1;1;
202300002143;155 676 787;B01;2;34;0;2;1;9;0;
202300002143;155 676 788;A01;2;34;0;2;3;1;1;
202300002144;155 676 786;A01;1;7;0;1;3;1;1;
202300002145;155 676 784;A01;1;30;0;2;2;1;1;
202300002145;155 676 785;B01;1;7;0;2;3;1;1;
202300002146;155 676 782;A01;1;7;0;9;3;9;1;
202300002146;155 676 783;B01;2;50;0;2;1;1;3;
202300002147;155 676 780;A01;2;7;0;2;2;1;2;
202300002147;155 676 781;B01;3;80;0;2;1;1;3;
202300002148;155 676 778;A01;2;31;0;2;1;1;1;
202300002148;155 676 779;B01;1;7;0;2;1;15;1;
202300002149;155 676 774;A01;2;7;0;6;1;21;1;
202300002150;155 676 775;B01;1;7;0;0;4;23;1;
202300002150;155 676 776;Z01;1;7;0;2;1;2;1;
202300002150;155 676 777;A01;1;7;0;2;4;23;2;
202300002151;155 676 773;A01;3;7;8;0;3;1;1;
202300002152;155 676 771;Z01;0;32;0;2;6;13;0;
202300002152;155 676 772;A01;0;80;0;2;2;1;3;
202300002153;155 676 769;A01;1;10;0;2;1;5;1;
202300002153;155 676 770;B01;2;10;0;2;1;1;1;
202300002154;155 676 767;B01;1;80;0;2;1;1;3;
202300002154;155 676 768;A01;2;80;0;2;1;13;3;
202300002155;155 676 764;A01;3;7;0;2;6;9;1;
202300002155;155 676 766;B01;2;7;0;2;1;2;1;
202300002156;155 676 763;Z01;1;50;0;2;1;2;3;
202300002156;155 676 765;A01;1;50;0;2;4;2;3;
202300002157;155 676 762;A01;1;7;7;0;1;14;1;
202300002158;155 676 761;A01;2;1;0;0;1;1;5;
202300002159;155 676 758;A01;3;30;0;2;1;26;1;
202300002159;155 676 759;B01;3;7;0;2;8;9;1;
202300002160;155 676 757;A01;1;14;0;2;2;1;1;
202300002160;155 676 760;B01;1;7;0;2;8;9;1;
202300002161;155 676 756;A01;3;10;0;1;1;16;1;
202300002162;155 676 755;A01;2;7;13;0;8;13;0;
202300002163;155 676 753;B01;0;7;0;2;1;1;1;
202300002163;155 676 754;A01;0;33;0;2;0;0;1;
202300002164;155 676 750;A01;2;10;0;2;3;5;1;
202300002164;155 676 752;B01;1;7;0;2;1;1;1;
202300002165;155 676 749;B01;3;7;0;2;7;1;1;
202300002165;155 676 751;A01;3;7;0;2;0;0;0;
202300002166;155 676 747;A01;1;30;0;0;1;1;1;
202300002167;155 676 748;A01;1;33;14;0;1;2;1;
202300002168;155 676 746;A01;3;7;0;1;1;2;1;
202300002169;155 676 745;A01;1;21;0;1;0;1;1;
202300002170;155 676 744;A01;1;99;12;0;3;1;1;
202300002171;155 676 740;A01;1;7;0;2;4;2;1;
202300002171;155 676 742;B01;1;37;0;2;1;2;1;1
202300002172;155 676 741;A01;1;7;0;0;3;15;1;
202300002172;155 676 743;B01;2;2;0;0;1;1;1;
202300002173;155 676 737;B01;3;34;0;2;5;1;1;
202300002173;155 676 739;A01;3;37;0;2;3;26;2;1
202300002174;155 676 736;A01;1;10;0;2;2;1;2;
202300002174;155 676 738;B01;1;2;0;0;4;1;1;
202300002175;155 676 734;A01;3;7;13;0;1;1;1;
202300002176;155 676 735;A01;1;7;0;1;1;1;1;
202300002177;155 676 730;B01;1;10;0;2;3;1;1;
202300002177;155 676 733;A01;2;50;0;2;8;19;3;
202300002178;155 676 731;A01;1;7;0;2;5;19;1;
202300002178;155 676 732;B01;1;7;0;2;1;1;1;
202300002179;155 676 729;A01;1;7;1;1;1;1;1;
202300002180;155 676 727;B01;2;2;0;2;1;1;1;
202300002180;155 676 728;A01;1;7;0;2;2;15;1;
202300002181;155 676 725;A01;3;7;1;0;3;9;1;
202300002181;155 676 726;B01;2;10;1;2;2;1;1;
202300002182;155 676 724;A01;1;7;13;0;3;1;1;
202300002183;155 676 721;B01;1;7;0;2;3;16;2;
202300002183;155 676 723;A01;1;10;0;2;1;2;1;
202300002184;155 676 720;A01;1;10;0;2;1;16;1;
202300002184;155 676 722;B01;3;1;0;2;7;19;5;
202300002185;155 676 718;A01;1;7;0;1;2;1;1;
202300002186;155 676 716;A01;1;7;0;0;3;19;1;
202300002186;155 676 717;B01;2;31;0;2;0;1;1;
202300002186;155 676 719;C01;2;34;0;2;3;1;1;
202300002187;155 676 714;B01;2;33;0;2;6;1;1;
202300002187;155 676 715;A01;2;7;0;2;1;15;1;
202300002188;155 676 711;A01;1;7;0;0;0;9;1;
202300002188;155 676 713;B01;1;30;0;0;8;26;1;
202300002189;155 676 710;A01;1;7;0;2;1;5;1;
202300002189;155 676 712;B01;1;7;0;2;1;1;1;
202300002190;155 676 709;A01;1;33;0;0;0;2;1;
202300002191;155 676 707;A01;1;32;0;2;1;1;1;
202300002191;155 676 708;B01;1;10;0;2;3;15;1;
202300002192;155 676 704;A01;2;7;0;2;3;5;0;
202300002192;155 676 706;B01;1;7;0;2;3;5;0;
202300002193;155 676 703;B01;0;33;0;2;1;2;1;
202300002193;155 676 705;A01;0;7;0;2;3;15;1;
202300002194;155 676 701;A01;2;30;12;0;8;26;1;
202300002195;155 676 699;C01;0;7;0;2;2;1;1;
202300002195;155 676 700;A01;2;10;0;2;2;15;1;
202300002195;155 676 702;B01;1;7;0;2;3;1;1;
202300002196;155 676 697;A01;1;10;0;2;7;1;1;
202300002196;155 676 698;B01;1;2;0;2;7;0;1;
202300002197;155 676 694;A01;1;10;1;0;1;26;1;
202300002197;155 676 695;B01;1;15;0;0;4;24;1;
202300002197;155 676 696;C01;1;7;1;0;4;24;1;
202300002198;155 676 693;A01;1;10;0;1;3;15;1;
202300002199;155 676 689;A01;3;7;0;2;3;9;1;
202300002199;155 676 691;B01;1;7;0;2;2;1;1;
202300002200;155 676 688;A01;1;7;0;2;1;17;1;
202300002200;155 676 690;B01;2;7;0;2;1;1;1;
202300002200;155 676 692;C01;1;13;0;2;8;1;1;
202300002201;155 676 686;A01;2;7;0;2;2;1;0;
202300002201;155 676 687;B01;1;50;0;2;1;25;3;
202300002202;155 676 685;A01;1;31;2;0;1;13;1;
202300002203;155 676 683;A01;3;7;13;0;9;1;1;
202300002204;155 676 682;A01;3;50;0;2;1;1;3;
202300002204;155 676 684;B01;1;34;0;2;1;1;0;
202300002205;155 676 681;A01;1;3;2;0;2;1;1;
202300002206;155 676 680;A01;1;30;9;0;0;1;1;
202300002207;155 676 679;A01;2;7;3;0;1;14;1;
202300002208;155 676 676;B01;0;7;0;2;3;1;0;
202300002208;155 676 678;A01;0;7;0;2;2;1;0;
202300002209;155 676 675;A01;2;7;3;0;6;1;1;
202300002209;155 676 677;B01;2;7;0;2;2;17;1;
202300002210;155 676 673;A01;2;33;0;2;1;9;1;
202300002210;155 676 674;B01;2;7;0;0;4;2;1;
202300002211;155 676 672;A01;2;17;6;0;3;1;1;
202300002212;155 676 670;A01;1;33;0;1;1;17;1;
202300002213;155 676 669;A01;1;17;0;0;4;1;1;
202300002213;155 676 671;B01;1;7;0;2;1;2;1;
202300002214;155 676 668;A01;1;33;16;0;9;2;1;
202300002215;155 676 667;A01;1;7;6;0;2;1;1;
202300002216;155 676 666;A01;1;33;7;0;1;1;1;
202300002217;155 676 665;A01;1;7;4;0;8;1;1;
202300002218;155 676 663;A01;2;7;0;2;1;13;1;
202300002218;155 676 664;B01;1;7;0;2;1;15;1;
202300002219;155 676 661;A01;1;33;0;2;1;0;1;
202300002219;155 676 662;B01;1;7;0;9;6;1;1;
202300002220;155 676 660;A01;3;7;0;1;8;15;1;
202300002221;155 676 658;A01;1;7;3;0;3;13;1;
202300002221;155 676 659;B01;1;7;3;9;1;1;1;
202300002222;155 676 657;A01;0;7;0;1;2;1;0;
202300002223;155 676 654;B01;1;7;0;2;3;16;1;
202300002223;155 676 655;A01;1;31;0;2;2;1;1;
202300002224;155 676 653;A01;2;7;7;2;1;1;1;
202300002225;155 676 649;B01;2;7;0;2;3;1;3;
202300002225;155 676 652;A01;2;7;0;2;1;9;1;
202300002226;155 676 645;A01;2;7;0;1;3;1;0;
202300002227;155 676 644;B01;1;33;0;2;0;1;1;
202300002227;155 676 646;A01;2;7;13;2;0;13;1;
202300002227;155 676 647;C01;1;33;0;2;0;1;1;
202300002227;155 676 648;D01;1;33;0;2;0;1;1;
202300002227;155 676 650;E01;1;33;0;2;0;1;1;
202300002228;155 676 640;A01;2;7;0;0;5;26;1;
202300002228;155 676 641;B01;1;7;0;2;2;26;1;
202300002229;155 676 639;A01;1;2;0;1;1;18;1;
202300002230;155 676 638;A01;0;7;0;1;1;1;1;
202300002231;155 676 635;A01;2;7;0;2;1;21;1;
202300002231;155 676 637;B01;1;7;0;2;1;1;1;
202300002232;155 676 636;A01;2;36;6;0;1;19;1;
202300002233;155 676 634;A01;0;2;0;0;0;1;1;
202300002234;155 676 633;A01;1;7;2;0;9;1;0;
202300002235;155 676 630;A01;2;7;9;2;1;2;1;
202300002235;155 676 632;B01;2;7;0;2;5;9;1;
202300002236;155 676 629;A01;3;2;0;2;1;5;1;
202300002236;155 676 631;B01;3;21;0;2;2;1;1;
202300002237;155 676 628;A01;1;17;3;0;3;14;1;
202300002238;155 676 627;A01;0;39;0;1;3;1;3;
202300002239;155 676 625;A01;2;34;14;0;1;1;1;
202300002240;155 676 624;A01;2;7;0;2;3;1;1;
202300002240;155 676 626;B01;2;7;0;2;4;23;1;
202300002241;155 676 620;B01;3;1;0;2;1;1;5;
202300002241;155 676 622;A01;3;10;0;2;2;15;1;
202300002242;155 676 619;A01;2;10;0;2;2;1;1;
202300002242;155 676 621;C01;2;7;0;2;4;1;1;
202300002242;155 676 623;B01;2;7;0;2;6;1;1;
202300002243;155 676 615;A01;2;7;0;2;1;1;1;
202300002243;155 676 616;B01;2;7;0;2;4;1;1;
202300002243;155 676 618;C01;2;7;0;2;4;1;1;
202300002244;155 676 614;A01;2;10;0;2;3;15;1;
202300002244;155 676 617;B01;2;7;0;2;3;1;0;
202300002245;155 676 612;A01;2;33;0;0;2;1;1;
202300002246;155 676 610;A01;2;7;0;2;4;1;1;
202300002246;155 676 611;B01;1;7;0;2;7;1;1;
202300002246;155 676 613;C01;1;7;0;2;1;14;1;
202300002247;155 676 609;A01;2;7;4;0;1;19;1;
202300002248;155 676 604;A01;2;7;0;2;4;2;1;
202300002248;155 676 606;B01;2;7;0;2;4;2;1;
202300002248;155 676 607;D01;2;14;0;2;1;2;1;
202300002248;155 676 608;C01;2;7;0;2;4;2;1;
202300002249;155 676 603;A01;1;7;0;2;1;2;1;
202300002249;155 676 605;B01;1;2;0;2;3;9;1;
202300002250;155 676 601;A01;2;7;0;2;3;2;1;
202300002250;155 676 602;B01;2;17;0;2;4;2;1;
202300002251;155 676 599;A01;1;7;0;2;1;1;1;
202300002251;155 676 600;B01;2;7;0;2;7;15;1;
202300002252;155 676 597;A01;1;7;11;2;0;12;1;
202300002252;155 676 598;B01;1;7;0;2;1;1;1;
202300002253;155 676 596;A01;1;7;13;0;1;1;1;
202300002254;155 676 592;A01;1;14;0;2;6;11;1;
202300002254;155 676 594;B01;1;33;0;2;2;3;1;
202300002254;155 676 595;C01;1;7;0;2;2;1;1;
202300002255;155 676 591;A01;1;33;0;2;2;1;1;
202300002255;155 676 593;B01;2;10;0;2;2;1;1;
202300002256;155 676 590;A01;1;7;4;2;3;2;2;
202300002257;155 676 587;B01;2;2;0;2;4;2;1;
202300002257;155 676 589;A01;2;7;0;2;4;2;0;
202300002258;155 676 586;A01;1;14;0;2;2;14;1;
202300002258;155 676 588;B01;1;7;0;2;3;2;1;
202300002259;155 676 583;B01;2;13;0;2;6;1;1;
202300002259;155 676 584;A01;2;32;0;2;1;3;1;
202300002260;155 676 582;A01;1;1;0;2;1;1;5;
202300002260;155 676 585;B01;2;21;0;2;2;1;1;
202300002261;155 676 580;A01;2;33;2;0;1;0;1;
202300002262;155 676 579;B01;1;7;0;2;2;1;1;
202300002262;155 676 581;A01;2;14;0;2;3;11;1;
202300002263;155 676 577;A01;2;7;4;0;1;1;1;
202300002264;155 676 576;B01;2;7;0;2;8;1;1;
202300002264;155 676 578;A01;2;2;0;2;1;9;1;
202300002265;155 676 574;A01;1;32;0;2;7;1;1;
202300002265;155 676 575;B01;1;7;0;2;3;11;1;
202300002266;155 676 573;A01;2;2;12;0;7;1;1;
202300002267;155 676 571;A01;1;7;0;2;1;9;2;