Num_Acc;id_vehicule;num_veh;senc;catv;obs;obsm;choc;manv;motor;occutc
202300002549;155 676 063;C01;1;36;0;2;3;0;6;
202300002549;155 676 064;D01;1;36;0;2;6;0;6;
202300002549;155 676 066;E01;1;36;0;0;0;1;6;
202300002549;155 676 068;A01;2;10;0;0;2;1;6;
202300002549;155 676 069;B01;1;7;0;2;9;5;0;
202300002550;155 676 058;A01;1;10;2;0;2;13;0;
202300002551;155 676 059;B01;2;1;1;0;0;1;5;
202300002551;155 676 060;A01;1;7;0;2;5;1;1;
202300002552;155 676 055;A01;2;7;0;2;3;15;0;
202300002552;155 676 057;B01;1;7;0;2;1;1;0;
202300002553;155 676 054;B01;2;7;0;2;2;1;1;
202300002553;155 676 056;A01;1;7;0;2;3;19;1;
202300002554;155 676 053;A01;3;7;0;1;1;1;0;
202300002555;155 676 052;A01;0;7;0;1;3;1;1;
202300002556;155 676 049;A01;3;30;0;2;1;1;0;
202300002556;155 676 051;B01;3;7;0;2;6;15;0;
202300002557;155 676 048;A01;1;7;0;2;3;13;1;
202300002557;155 676 050;B01;2;7;0;2;3;0;1;
202300002558;155 676 047;A01;3;7;0;1;3;16;0;
202300002559;155 676 043;A01;2;7;0;2;2;15;1;
202300002559;155 676 045;B01;2;30;0;2;1;1;1;
202300002560;155 676 044;A01;1;7;0;2;6;13;1;
202300002560;155 676 046;B01;2;7;0;2;8;1;1;
202300002561;155 676 041;A01;3;2;0;0;7;1;1;
202300002562;155 676 040;A01;1;7;0;2;7;15;1;
202300002562;155 676 042;B01;2;2;0;2;2;1;1;
202300002563;155 676 038;A01;1;7;0;1;1;1;4;
202300002564;155 676 037;B01;3;7;8;1;7;2;1;
202300002564;155 676 039;A01;3;7;12;2;1;1;1;
202300002565;155 676 036;A01;1;33;13;0;0;2;1;
202300002566;155 676 034;A01;3;7;5;2;2;13;1;
202300002566;155 676 035;B01;3;7;0;2;2;1;1;
202300002567;155 676 031;A01;3;7;0;2;8;1;1;
202300002567;155 676 033;B01;3;7;0;2;8;9;1;
202300002568;155 676 030;A01;3;7;0;2;2;15;1;
202300002568;155 676 032;B01;3;2;0;2;1;1;1;
202300002569;155 676 028;A01;2;7;0;1;1;1;1;
202300002570;155 676 027;A01;1;1;0;2;7;26;5;
202300002570;155 676 029;B01;1;7;0;2;3;0;1;
202300002571;155 676 025;A01;1;50;1;0;1;1;3;
202300002572;155 676 024;A01;1;7;4;2;3;14;1;
202300002572;155 676 026;B01;2;7;4;2;3;15;1;
202300002573;155 676 022;A01;3;7;1;-1;1;1;1;
202300002573;155 676 023;B01;3;7;0;-1;4;24;1;
202300002574;155 676 021;A01;3;7;0;1;2;1;1;
202300002575;155 676 019;B01;2;33;0;2;1;1;1;
202300002575;155 676 020;A01;2;7;0;2;3;15;1;
202300002576;155 676 016;A01;1;7;0;1;3;1;1;
202300002577;155 676 017;A01;2;10;0;2;3;13;1;
202300002577;155 676 018;B01;1;15;0;2;3;1;1;
202300002578;155 676 015;A01;3;7;0;1;2;1;1;
202300002579;155 676 013;A01;2;7;1;0;1;26;1;
202300002580;155 676 010;B01;3;7;0;2;1;1;1;
202300002580;155 676 012;A01;3;7;0;2;1;16;1;
202300002581;155 676 011;B01;2;7;0;2;8;1;1;
202300002581;155 676 014;A01;1;7;0;2;1;1;1;
202300002582;155 676 008;A01;2;7;1;0;3;5;1;
202300002583;155 676 006;A01;2;1;12;0;7;26;5;
202300002584;155 676 005;A01;3;7;0;1;3;1;1;
202300002585;155 676 004;A01;2;7;2;0;1;14;1;
202300002586;155 676 000;B01;1;7;0;2;1;1;1;
202300002586;155 676 003;A01;2;7;0;2;3;15;1;
202300002587;155 675 998;A01;2;2;0;0;1;2;1;
202300002587;155 676 001;B01;2;38;0;0;4;1;1;1
202300002588;155 675 994;B01;0;7;0;2;4;15;1;
202300002588;155 675 996;A01;0;7;5;2;1;1;1;
202300002589;155 675 995;B01;1;50;0;2;6;1;3;
202300002589;155 675 997;A01;1;7;0;2;1;26;1;
202300002590;155 675 992;A01;2;3;15;2;3;13;1;
202300002590;155 675 993;B01;1;7;15;2;2;1;1;
202300002591;155 675 989;A01;2;7;0;1;1;1;1;
202300002592;155 675 988;A01;1;2;0;2;1;0;1;
202300002592;155 675 991;B01;2;7;0;2;8;1;1;
202300002593;155 675 987;B01;2;7;0;2;1;1;1;
202300002593;155 675 990;A01;1;7;0;2;1;13;1;
202300002594;155 675 985;A01;1;3;0;0;9;15;1;
202300002595;155 675 984;B01;3;7;0;2;2;1;1;
202300002595;155 675 986;A01;3;7;0;2;3;9;1;
202300002596;155 675 983;A01;0;33;0;0;0;0;0;
202300002597;155 675 981;N01;1;33;0;1;0;1;0;
202300002598;155 675 982;A01;1;7;0;1;1;1;1;
202300002599;155 675 980;A01;1;34;0;1;1;1;1;
202300002600;155 675 979;A01;2;50;1;0;1;1;3;
202300002601;155 675 977;B01;1;1;0;2;1;1;5;
202300002601;155 675 978;A01;2;7;0;2;5;15;1;
202300002602;155 675 973;B01;3;7;1;0;1;1;2;
202300002602;155 675 976;A01;3;7;0;2;2;9;0;
202300002603;155 675 974;B01;0;7;0;2;3;0;1;
202300002603;155 675 975;A01;1;7;1;2;1;9;1;
202300002604;155 675 972;A01;1;10;0;1;7;16;1;
202300002605;155 675 970;A01;1;7;0;1;2;1;1;
202300002606;155 675 968;A01;1;32;0;2;3;10;1;
202300002606;155 675 971;B01;1;7;0;2;2;1;1;
202300002607;155 675 967;B01;2;7;0;9;6;1;1;
202300002607;155 675 969;A01;2;7;3;2;1;17;1;
202300002608;155 675 964;A01;1;7;6;0;1;1;1;
202300002609;155 675 963;A01;3;7;0;2;5;16;1;
202300002609;155 675 966;B01;3;1;0;2;0;0;5;
202300002610;155 675 962;B01;3;7;0;2;4;2;1;
202300002610;155 675 965;A01;3;10;0;2;2;2;1;
202300002611;155 675 959;Z01;1;30;0;1;1;0;1;
202300002612;155 675 958;A01;3;7;0;1;1;15;1;
202300002613;155 675 955;A01;0;7;0;0;1;2;0;
202300002613;155 675 956;B01;3;33;0;0;4;2;1;
202300002614;155 675 954;A01;3;33;0;0;8;1;1;
202300002615;155 675 953;A01;2;30;0;0;0;9;1;
202300002616;155 675 952;A01;1;10;3;9;2;2;2;
202300002617;155 675 950;B01;1;7;0;2;4;0;0;
202300002617;155 675 951;A01;1;10;0;2;1;1;1;
202300002618;155 675 948;A01;2;33;0;0;7;21;1;
202300002619;155 675 947;A01;1;7;0;2;6;1;1;
202300002619;155 675 949;B01;1;2;0;2;1;1;1;
202300002620;155 675 943;A01;2;7;0;2;2;12;1;
202300002620;155 675 945;B01;2;7;0;2;6;2;2;
202300002621;155 675 942;A01;3;7;0;2;3;15;1;
202300002621;155 675 946;B01;3;34;0;2;7;15;0;
202300002622;155 675 941;A01;2;7;0;2;3;1;1;
202300002622;155 675 944;B01;1;7;0;2;6;1;1;
202300002623;155 675 939;A01;2;32;12;0;1;13;1;
202300002624;155 675 938;B01;1;7;0;2;3;1;1;
202300002624;155 675 940;A01;2;7;0;2;3;1;1;
202300002625;155 675 936;B01;3;7;0;2;4;23;1;
202300002625;155 675 937;A01;3;7;0;2;1;2;1;
202300002626;155 675 934;A01;2;10;0;2;6;24;1;
202300002626;155 675 935;B01;2;43;0;2;3;17;1;
202300002627;155 675 931;A01;1;7;4;2;2;17;1;
202300002627;155 675 933;B01;1;17;0;0;6;1;6;
202300002628;155 675 930;A01;0;10;0;1;4;4;1;
202300002629;155 675 929;B01;2;33;0;2;3;1;1;
202300002629;155 675 932;A01;1;7;0;2;1;15;1;
202300002630;155 675 928;A01;2;7;0;1;1;1;2;
202300002631;155 675 927;A01;1;50;0;1;1;0;3;
202300002632;155 675 926;A01;1;7;0;1;1;1;1;
202300002633;155 675 924;A01;1;14;0;1;3;1;1;
202300002634;155 675 922;A01;3;3;5;0;0;1;1;
202300002635;155 675 921;A01;2;7;0;2;6;15;0;
202300002635;155 675 925;B01;2;33;0;2;1;1;1;
202300002636;155 675 920;A01;2;80;0;2;8;15;3;
202300002636;155 675 923;Z01;2;2;0;2;0;17;1;
202300002637;155 675 918;A01;1;7;1;0;2;14;1;
202300002638;155 675 919;A01;2;7;0;1;1;1;1;
202300002639;155 675 917;A01;2;7;0;1;2;1;0;
202300002640;155 675 915;A01;1;7;2;0;1;14;1;
202300002641;155 675 914;A01;3;7;0;2;1;9;1;
202300002641;155 675 916;B01;3;31;0;2;8;1;3;
202300002642;155 675 912;A01;2;7;0;2;1;1;1;
202300002642;155 675 913;B01;1;7;0;2;1;17;1;
202300002643;155 675 909;A01;2;31;0;2;3;1;1;
202300002643;155 675 911;Z01;1;7;0;2;0;15;0;
202300002644;155 675 907;A01;3;7;0;2;5;19;1;
202300002644;155 675 910;B01;3;33;0;2;1;1;1;
202300002645;155 675 906;A01;2;7;3;0;4;2;1;
202300002645;155 675 908;B01;2;7;3;2;1;2;1;
202300002646;155 675 904;A01;1;7;0;1;2;1;1;
202300002647;155 675 903;A01;3;7;0;1;3;26;1;
202300002648;155 675 901;A01;2;10;0;1;1;1;1;
202300002649;155 675 900;A01;2;1;0;2;7;25;5;
202300002649;155 675 902;B01;3;7;0;9;2;26;1;
202300002650;155 675 899;A01;1;7;2;0;2;1;2;
202300002651;155 675 896;A01;2;7;0;2;8;10;1;
202300002651;155 675 898;B01;2;33;0;2;1;1;1;
202300002652;155 675 895;B01;1;7;0;2;3;2;1;
202300002652;155 675 897;A01;1;30;1;2;2;21;1;
202300002653;155 675 892;A01;1;10;0;2;7;15;1;
202300002653;155 675 893;B01;2;50;0;2;1;1;3;
202300002654;155 675 891;A01;2;2;0;2;1;1;1;
202300002654;155 675 894;B01;3;7;0;2;2;19;1;
202300002655;155 675 889;B01;2;80;1;0;1;1;3;
202300002655;155 675 890;A01;2;10;0;2;8;22;1;
202300002656;155 675 887;A01;1;7;2;0;1;1;0;
202300002657;155 675 886;B01;2;50;0;2;3;1;3;
202300002657;155 675 888;A01;2;7;0;2;2;16;1;
202300002658;155 675 885;A01;1;1;8;0;2;14;5;
202300002659;155 675 882;A01;2;7;0;2;3;23;1;
202300002659;155 675 884;B01;1;1;1;0;1;0;5;
202300002660;155 675 881;A01;1;7;0;1;8;15;2;
202300002661;155 675 879;B01;1;1;0;2;6;13;5;
202300002661;155 675 880;A01;1;33;0;2;1;2;1;
202300002662;155 675 876;B01;2;7;0;2;3;15;1;
202300002662;155 675 878;A01;2;2;0;2;1;13;1;
202300002663;155 675 875;A01;1;34;0;2;4;1;1;
202300002663;155 675 877;Z01;1;7;0;2;0;1;0;
202300002664;155 675 874;A01;1;33;3;0;3;13;1;
202300002665;155 675 872;A01;2;33;3;0;0;1;1;
202300002666;155 675 870;A01;1;7;12;0;2;14;1;
202300002667;155 675 871;B01;1;7;0;2;2;1;2;
202300002667;155 675 873;A01;1;1;0;2;4;9;5;
202300002668;155 675 864;B01;3;1;0;2;1;1;5;
202300002668;155 675 866;A01;3;80;0;2;3;9;3;
202300002669;155 675 867;A01;3;3;6;0;1;16;1;
202300002670;155 675 863;A01;1;7;0;2;6;9;1;
202300002670;155 675 865;B01;1;15;0;2;2;1;1;
202300002670;155 675 868;C01;1;10;3;2;2;1;1;
202300002670;155 675 869;D01;1;7;0;2;1;1;1;
202300002671;155 675 860;B01;3;1;0;2;3;2;5;
202300002671;155 675 862;A01;3;30;0;2;2;2;3;
202300002672;155 675 859;B01;2;7;0;2;3;1;1;
202300002672;155 675 861;A01;1;10;0;2;3;13;3;
202300002673;155 675 855;B01;1;34;0;2;1;1;1;
202300002673;155 675 857;A01;1;7;0;2;7;9;1;
202300002674;155 675 853;A01;2;7;3;0;4;2;2;
202300002674;155 675 856;B01;2;7;0;0;1;2;1;
202300002674;155 675 858;C01;2;7;0;0;0;2;1;
202300002675;155 675 850;A01;1;34;12;0;0;6;1;
202300002676;155 675 851;B01;0;7;0;2;1;1;1;
202300002676;155 675 852;A01;0;1;0;2;8;1;5;
202300002677;155 675 848;A01;1;1;0;1;1;1;5;
202300002678;155 675 847;A01;1;7;0;1;1;12;1;
202300002679;155 675 844;B01;2;7;0;2;4;0;0;
202300002679;155 675 846;A01;2;7;0;2;1;0;1;
202300002680;155 675 842;A01;1;7;0;2;3;17;1;
202300002680;155 675 845;B01;1;7;0;2;3;1;3;
202300002681;155 675 838;B01;1;10;0;2;0;0;1;
202300002681;155 675 840;A01;1;33;0;2;7;26;1;
202300002682;155 675 839;C01;1;10;0;2;1;2;3;
202300002682;155 675 841;B01;1;7;0;2;4;2;1;
202300002682;155 675 843;A01;1;7;0;2;4;23;1;
202300002683;155 675 836;A01;1;1;0;0;7;15;5;
202300002683;155 675 837;B01;1;10;0;2;8;19;1;
202300002684;155 675 834;A01;2;7;2;0;3;2;1;
202300002685;155 675 832;A01;2;33;0;2;1;1;1;
202300002685;155 675 835;B01;2;7;0;2;6;1;1;
202300002686;155 675 829;A01;2;7;0;0;1;13;1;
202300002686;155 675 831;B01;1;7;0;2;1;1;1;
202300002687;155 675 830;B01;2;7;0;0;4;0;1;
202300002687;155 675 833;A01;2;15;0;2;2;11;1;
202300002688;155 675 827;A01;3;7;0;2;1;1;1;
202300002688;155 675 828;B01;3;7;0;2;9;1;1;
202300002689;155 675 826;A01;2;7;0;0;0;1;1;
202300002690;155 675 820;B01;1;7;0;2;9;1;1;
202300002690;155 675 821;C01;1;7;0;0;4;1;1;
202300002690;155 675 824;A01;1;7;0;2;1;1;1;
202300002691;155 675 818;A01;2;7;0;2;1;1;1;
202300002691;155 675 822;E01;1;7;0;2;8;1;1;
202300002692;155 675 819;B01;1;7;0;0;3;2;1;
202300002692;155 675 823;C01;1;7;0;2;3;0;1;
202300002692;155 675 825;A01;2;33;0;2;1;13;0;
202300002693;155 675 815;A01;2;10;0;2;0;0;1;
202300002693;155 675 817;B01;1;30;0;2;0;0;1;
202300002694;155 675 813;A01;2;7;0;2;8;9;1;
202300002694;155 675 816;B01;3;33;0;2;7;1;1;
202300002695;155 675 814;A01;3;7;1;0;6;0;0;
202300002696;155 675 812;A01;1;1;1;0;0;1;5;
202300002697;155 675 811;A01;1;2;14;0;0;9;1;
202300002698;155 675 807;B01;1;7;0;2;4;23;1;
202300002698;155 675 809;A01;1;30;0;2;1;1;1;
202300002699;155 675 805;B01;0;37;0;2;7;0;1;1
202300002699;155 675 808;A01;0;30;0;2;0;1;1;
202300002700;155 675 806;A01;3;32;0;2;1;1;1;
202300002700;155 675 810;B01;3;7;0;2;6;15;1;
202300002701;155 675 802;A01;2;3;0;2;3;15;1;
202300002701;155 675 803;B01;1;33;0;2;1;1;1;
202300002702;155 675 801;A01;1;7;0;2;7;1;1;
202300002702;155 675 804;B01;1;1;0;2;8;1;5;
202300002703;155 675 799;A01;0;7;0;2;4;23;1;
202300002703;155 675 800;B01;0;7;0;2;1;2;1;
202300002704;155 675 796;A01;1;43;12;0;0;0;1;
202300002705;155 675 795;A01;1;7;0;2;4;2;1;
202300002705;155 675 797;C01;1;7;0;2;4;2;1;
202300002705;155 675 798;B01;1;7;0;2;4;1;1;
202300002706;155 675 793;A01;1;33;3;0;0;1;1;
202300002707;155 675 791;A01;3;31;0;2;1;13;0;
202300002707;155 675 794;B01;3;7;0;2;3;1;0;
202300002708;155 675 790;B01;1;10;0;2;6;4;1;
202300002708;155 675 792;A01;1;7;0;2;2;1;0;
202300002709;155 675 787;A01;2;7;0;2;0;0;1;
202300002709;155 675 789;B01;2;1;0;2;0;0;5;
202300002710;155 675 785;A01;1;50;0;2;1;25;3;
202300002710;155 675 788;B01;2;31;0;2;2;16;1;
202300002711;155 675 782;B01;1;7;0;2;0;0;1;
202300002711;155 675 783;A01;1;33;0;2;0;0;1;
202300002712;155 675 780;B01;1;33;0;2;1;0;0;
202300002712;155 675 784;C01;0;7;1;2;4;0;0;
202300002712;155 675 786;A01;1;30;0;2;4;0;1;
202300002713;155 675 779;A01;3;1;0;2;1;26;5;
202300002713;155 675 781;B01;1;7;0;2;6;0;1;
202300002714;155 675 776;A01;1;10;0;2;0;0;1;
202300002714;155 675 777;B01;1;32;0;2;0;0;1;
202300002715;155 675 773;B01;3;10;0;2;1;2;0;
202300002715;155 675 775;A01;3;7;0;2;4;2;1;
202300002716;155 675 772;A01;2;7;0;2;1;1;1;
202300002716;155 675 774;B01;2;7;0;2;4;1;1;
202300002716;155 675 778;C01;2;7;0;2;4;1;1;
202300002717;155 675 770;A01;2;7;0;1;2;2;1;
202300002718;155 675 768;A01;1;30;0;2;1;2;1;
202300002718;155 675 769;B01;1;7;0;2;4;16;1;
202300002719;155 675 767;A01;1;7;0;2;7;15;1;
202300002719;155 675 771;B01;2;7;0;2;2;1;1;
202300002720;155 675 762;B01;2;7;0;2;1;2;1;
202300002720;155 675 764;A01;2;33;0;2;4;2;1;
202300002721;155 675 761;B01;2;7;0;2;1;1;1;
202300002721;155 675 765;A01;2;7;0;2;1;19;1;
202300002722;155 675 760;A01;2;33;0;2;7;2;1;
202300002722;155 675 763;B01;2;7;0;2;3;2;1;
202300002722;155 675 766;C01;1;7;0;2;3;5;1;
202300002723;155 675 757;A01;2;7;0;2;3;22;1;
202300002723;155 675 759;B01;2;1;0;2;1;1;5;
202300002724;155 675 756;A01;1;7;0;2;3;15;1;
202300002724;155 675 758;B01;2;2;0;2;3;1;1;
202300002725;155 675 754;A01;1;14;0;2;1;1;6;
202300002725;155 675 755;B01;1;33;0;2;4;1;1;
202300002726;155 675 751;B01;1;1;0;2;0;15;5;
202300002726;155 675 752;A01;1;33;0;2;1;1;1;
202300002727;155 675 750;B01;2;32;0;2;0;0;3;
202300002727;155 675 753;A01;2;60;0;2;0;0;3;
202300002728;155 675 747;A01;1;7;0;1;1;1;1;
202300002729;155 675 746;B01;3;7;0;2;3;15;1;
202300002729;155 675 749;A01;3;34;0;2;1;0;1;
202300002730;155 675 745;A01;3;7;0;2;3;25;1;
202300002730;155 675 748;B01;0;50;0;2;1;1;3;
202300002731;155 675 741;A01;1;7;0;2;0;0;1;
202300002731;155 675 743;B01;1;1;0;2;0;1;5;
202300002732;155 675 740;B01;1;1;1;0;1;2;5;
202300002732;155 675 744;A01;1;13;1;0;8;22;1;
202300002733;155 675 739;A01;3;1;0;2;8;1;5;
202300002733;155 675 742;Z01;3;7;0;2;1;1;0;
202300002734;155 675 738;A01;3;10;8;0;3;1;1;
202300002735;155 675 736;A01;3;34;0;1;1;1;1;
202300002736;155 675 735;A01;1;32;0;2;1;7;1;
202300002736;155 675 737;B01;1;7;0;2;2;16;1;
202300002737;155 675 734;A01;1;30;0;0;0;1;1;
202300002738;155 675 733;A01;2;10;0;1;1;1;1;
202300002739;155 675 728;A01;2;7;0;2;3;22;1;
202300002739;155 675 729;B01;2;1;0;2;1;1;5;
202300002740;155 675 731;A01;1;1;0;1;0;0;5;
202300002741;155 675 730;A01;1;7;0;2;3;10;1;
202300002741;155 675 732;B01;1;32;0;2;2;17;1;
202300002742;155 675 725;A01;2;33;1;2;1;1;1;
202300002742;155 675 727;B01;2;7;0;0;2;9;1;
202300002743;155 675 724;A01;1;7;0;2;1;1;1;
202300002743;155 675 726;B01;1;7;0;2;4;23;1;
202300002744;155 675 720;A01;1;7;0;0;9;0;1;
202300002744;155 675 722;B01;2;2;0;0;0;9;0;
202300002745;155 675 719;A01;1;7;0;2;2;1;1;
202300002745;155 675 721;C01;1;7;0;2;3;24;1;
202300002745;155 675 723;B01;1;7;0;2;3;9;1;
202300002746;155 675 718;A01;2;7;0;1;1;1;1;
202300002747;155 675 716;A01;1;7;0;0;1;1;0;
202300002747;155 675 717;B01;2;7;0;0;1;1;0;
202300002748;155 675 715;A01;1;7;8;0;1;15;1;
202300002749;155 675 711;A01;0;7;0;2;1;15;0;
202300002749;155 675 712;B01;0;33;6;2;1;1;1;
202300002750;155 675 713;A01;1;50;0;2;8;1;3;
202300002750;155 675 714;B01;1;7;0;2;8;22;1;
202300002751;155 675 706;A01;3;10;0;2;5;4;0;
202300002751;155 675 710;B01;3;7;0;2;2;1;0;
202300002752;155 675 707;A01;1;7;0;2;1;1;1;
202300002752;155 675 708;B01;1;10;0;2;4;1;1;
202300002753;155 675 705;B01;1;7;0;2;3;22;1;
202300002753;155 675 709;A01;1;30;1;0;3;1;1;
202300002754;155 675 703;C01;1;7;0;2;4;1;1;
202300002754;155 675 704;A01;1;10;0;2;1;2;1;
202300002755;155 675 700;A01;2;7;0;1;4;4;1;
202300002756;155 675 699;A01;2;34;0;1;0;21;1;
202300002757;155 675 701;T01;0;50;0;2;2;26;3;
202300002757;155 675 702;A01;1;7;0;2;1;1;1;
202300002758;155 675 698;A01;2;7;0;1;3;1;2;
202300002759;155 675 695;A01;1;34;0;2;0;1;1;
202300002759;155 675 697;C01;2;7;0;2;0;23;1;
202300002760;155 675 696;A01;2;30;0;0;7;0;1;
202300002761;155 675 694;A01;1;7;0;1;1;1;1;
202300002762;155 675 692;A01;1;7;0;1;1;1;1;
202300002763;155 675 691;B01;1;7;0;2;7;1;1;
202300002763;155 675 693;A01;2;7;0;2;1;1;3;
202300002764;155 675 690;A01;3;7;0;1;2;0;1;
202300002765;155 675 689;A01;1;1;0;0;0;21;5;
202300002766;155 675 688;A01;0;32;0;1;1;1;1;
202300002767;155 675 687;A01;1;7;0;1;0;1;1;
202300002768;155 675 683;A01;1;30;0;0;0;0;1;
202300002769;155 675 684;A01;3;7;1;1;2;1;0;
202300002770;155 675 685;A01;1;7;0;2;2;17;1;
202300002770;155 675 686;B01;1;50;0;2;1;11;3;
202300002771;155 675 681;A01;1;7;0;1;1;1;1;
202300002772;155 675 680;A01;3;30;0;2;3;15;1;
202300002772;155 675 682;B01;3;7;0;2;5;1;1;
202300002773;155 675 677;A01;1;7;0;2;0;1;1;
202300002773;155 675 678;B01;1;60;0;2;0;1;5;
202300002774;155 675 674;A01;1;1;0;0;0;21;5;
202300002775;155 675 676;A01;1;7;0;2;3;2;2;
202300002775;155 675 679;B01;1;50;0;2;0;0;3;
202300002776;155 675 672;A01;2;7;0;1;1;1;1;
202300002777;155 675 673;B01;1;7;0;2;4;1;1;
202300002777;155 675 675;A01;1;7;0;2;1;2;1;
202300002778;155 675 668;A01;1;37;0;2;1;2;1;1
202300002778;155 675 671;B01;1;15;0;2;5;1;1;
202300002779;155 675 670;A01;3;10;0;1;4;4;1;
202300002780;155 675 665;A01;1;7;0;2;8;1;1;
202300002780;155 675 666;B01;2;80;0;2;1;15;3;
202300002781;155 675 667;A01;2;7;1;0;2;1;1;
202300002781;155 675 669;C01;2;7;0;2;6;24;1;
202300002782;155 675 662;A01;1;33;2;0;3;15;1;
202300002783;155 675 661;B01;2;60;0;2;7;15;5;
202300002783;155 675 664;A01;2;7;0;2;8;26;-1;
202300002784;155 675 663;A01;1;7;0;1;2;1;1;
202300002785;155 675 657;A01;1;7;0;2;2;15;1;
202300002785;155 675 660;B01;2;7;0;2;3;1;1;
202300002786;155 675 656;A01;1;7;0;2;3;15;1;
202300002786;155 675 658;B01;1;32;0;2;5;1;1;
202300002787;155 675 654;A01;1;60;0;0;0;0;5;
202300002788;155 675 655;B01;3;60;0;2;1;0;5;
202300002788;155 675 659;A01;3;7;0;2;2;1;1;
202300002789;155 675 652;A01;1;10;1;2;7;12;1;
202300002789;155 675 653;B01;1;31;0;2;8;3;1;
202300002790;155 675 649;B01;3;7;0;2;4;0;1;
202300002790;155 675 651;A01;3;10;0;2;1;2;1;
202300002791;155 675 647;A01;1;7;0;2;0;0;1;
202300002791;155 675 650;B01;1;60;0;2;7;1;5;
202300002792;155 675 643;A01;3;15;0;2;2;19;1;
202300002792;155 675 646;B01;3;7;0;2;6;1;1;
202300002793;155 675 644;A01;1;7;0;2;1;1;1;
202300002793;155 675 645;B01;1;80;0;2;0;1;3;
202300002794;155 675 642;A01;0;30;0;2;1;1;1;
202300002794;155 675 648;B01;0;7;0;2;8;1;0;
202300002795;155 675 640;A01;1;7;0;2;3;1;1;
202300002795;155 675 641;B01;1;32;0;2;7;1;0;
202300002796;155 675 638;A01;1;7;0;2;1;1;1;
202300002796;155 675 639;B01;2;7;0;2;4;1;1;
202300002797;155 675 634;A01;2;7;0;2;0;26;1;
202300002797;155 675 635;B01;2;42;0;2;0;1;1;
202300002798;155 675 637;A01;2;7;0;1;3;2;1;
202300002799;155 675 630;A01;2;33;0;2;1;2;1;
202300002799;155 675 632;B01;2;7;0;0;5;2;1;
202300002800;155 675 633;A01;1;7;0;2;3;9;0;
202300002800;155 675 636;B01;1;10;0;2;2;1;0;
202300002801;155 675 629;A01;1;7;0;2;3;15;1;
202300002801;155 675 631;B01;1;31;0;2;1;17;1;
202300002802;155 675 628;A01;1;7;0;1;2;1;1;
202300002803;155 675 625;A01;2;50;0;1;2;1;3;
202300002804;155 675 624;A01;1;7;0;2;7;1;1;
202300002804;155 675 627;B01;2;7;0;2;8;1;1;
202300002805;155 675 626;A01;1;7;1;1;1;13;1;
202300002806;155 675 621;A01;2;7;5;0;1;16;1;
202300002807;155 675 622;A01;1;7;0;2;1;1;1;
202300002807;155 675 623;B01;1;50;0;2;2;1;3;
202300002808;155 675 618;A01;1;7;0;9;0;0;0;
202300002809;155 675 619;B01;2;10;0;2;3;15;0;
202300002809;155 675 620;A01;3;43;0;2;1;17;0;
202300002810;155 675 616;A01;1;7;0;2;3;15;1;
202300002810;155 675 617;B01;2;33;1;2;6;1;1;
202300002811;155 675 614;A01;2;7;0;2;3;13;1;
202300002811;155 675 615;B01;1;7;0;2;3;1;1;
202300002812;155 675 611;A01;1;7;0;1;1;26;1;
202300002813;155 675 610;A01;3;7;0;2;3;15;0;
202300002813;155 675 613;B01;2;33;0;2;7;1;0;
202300002814;155 675 609;A01;2;7;0;2;1;13;1;
202300002814;155 675 612;B01;1;7;0;2;1;1;2;
202300002815;155 675 607;A01;2;7;0;1;1;15;1;
202300002816;155 675 606;A01;1;33;0;2;1;15;1;
202300002816;155 675 608;B01;2;37;0;2;3;1;2;1
202300002817;155 675 604;A01;3;7;0;1;3;9;1;
202300002818;155 675 603;A01;0;33;0;2;2;2;1;
202300002818;155 675 605;B01;0;7;0;2;6;2;1;
202300002819;155 675 601;A01;3;10;0;0;7;14;1;
202300002820;155 675 600;B01;2;2;0;2;5;15;1;
202300002820;155 675 602;A01;1;7;0;2;2;2;1;
202300002821;155 675 599;A01;1;7;0;1;1;1;1;
202300002822;155 675 596;B01;1;1;0;2;1;1;5;
202300002822;155 675 597;A01;1;7;0;2;3;20;1;
202300002823;155 675 595;A01;2;33;0;0;1;0;0;
202300002824;155 675 594;B01;3;7;0;2;2;15;1;
202300002824;155 675 598;A01;3;30;0;2;3;1;1;
202300002825;155 675 587;A01;1;7;0;2;0;14;3;
202300002825;155 675 588;B01;1;7;3;2;6;23;1;
202300002825;155 675 591;C01;1;7;0;2;4;23;1;
202300002825;155 675 593;D01;1;7;0;2;4;23;1;
202300002826;155 675 589;B01;1;32;0;2;1;1;1;
202300002826;155 675 590;A01;1;17;0;2;7;12;1;
202300002826;155 675 592;C01;1;7;0;2;8;16;1;
202300002827;155 675 584;B01;3;7;0;0;3;15;1;
202300002827;155 675 586;A01;1;7;0;2;1;1;1;
202300002828;155 675 583;A01;1;7;0;2;4;1;1;
202300002828;155 675 585;B01;1;7;0;2;1;1;1;
202300002829;155 675 582;A01;2;34;0;1;1;3;1;
202300002830;155 675 579;A01;1;7;0;2;2;1;1;
202300002830;155 675 581;B01;1;7;0;2;1;23;1;
202300002831;155 675 576;A01;2;7;0;2;1;2;1;
202300002831;155 675 577;B01;2;7;0;2;4;2;1;
202300002831;155 675 578;C01;2;7;0;2;4;2;1;
202300002831;155 675 580;D01;2;7;0;2;4;2;1;
202300002832;155 675 574;A01;1;7;0;2;1;1;1;
202300002832;155 675 575;B01;2;7;0;2;7;13;1;