Num_Acc;id_vehicule;num_veh;senc;catv;obs;obsm;choc;manv;motor;occutc
202300003121;155 675 087;C01;2;10;0;2;4;1;1;
202300003121;155 675 089;D01;2;7;0;2;4;1;2;
202300003122;155 675 083;A01;1;7;0;2;1;1;1;
202300003122;155 675 084;B01;1;7;0;2;4;1;1;
202300003123;155 675 081;A01;1;7;0;2;5;19;1;
202300003123;155 675 082;B01;1;30;0;2;1;1;1;
202300003124;155 675 079;A01;2;7;0;2;7;15;1;
202300003124;155 675 080;C01;1;1;0;2;8;1;5;
202300003125;155 675 074;A01;2;7;0;2;8;13;1;
202300003125;155 675 077;B01;2;32;0;2;2;1;1;
202300003126;155 675 073;A01;1;7;0;2;0;1;1;
202300003126;155 675 075;B01;1;1;0;2;0;0;5;
202300003127;155 675 071;A01;1;7;0;2;9;2;1;
202300003127;155 675 072;B01;1;7;0;2;6;11;1;
202300003127;155 675 076;D01;1;7;0;9;1;1;1;
202300003127;155 675 078;C01;1;7;0;9;1;1;1;
202300003128;155 675 067;A01;2;33;0;2;2;12;1;
202300003128;155 675 069;B01;2;33;0;2;0;1;1;
202300003129;155 675 065;A01;2;1;0;0;0;1;5;
202300003130;155 675 062;A01;1;7;0;2;2;17;1;
202300003130;155 675 066;B01;1;7;0;2;6;1;1;
202300003131;155 675 060;C01;2;7;0;2;6;0;1;
202300003131;155 675 063;B01;2;7;0;2;5;12;1;
202300003131;155 675 064;A01;2;33;0;2;1;3;1;
202300003132;155 675 059;A01;1;7;0;2;1;6;2;
202300003132;155 675 061;B01;1;7;0;2;3;1;1;
202300003133;155 675 058;A01;1;33;4;0;8;3;1;
202300003134;155 675 054;A01;1;7;0;2;8;1;1;
202300003134;155 675 056;B01;1;60;0;2;7;1;5;
202300003135;155 675 053;A01;2;7;2;0;2;14;1;
202300003136;155 675 052;A01;2;7;0;2;7;14;1;
202300003136;155 675 055;B01;2;33;0;2;6;3;1;
202300003136;155 675 057;C01;2;7;0;2;8;1;1;
202300003137;155 675 050;A01;2;7;4;0;2;12;1;
202300003138;155 675 048;A01;1;33;3;0;0;0;1;
202300003139;155 675 049;A01;2;7;0;2;1;1;1;
202300003139;155 675 051;B01;1;7;0;2;8;16;1;
202300003140;155 675 045;A01;1;60;0;0;0;0;5;
202300003141;155 675 046;A01;1;7;4;0;1;1;1;
202300003142;155 675 044;B01;1;33;0;2;8;3;1;
202300003142;155 675 047;Z01;1;7;0;2;0;12;0;
202300003143;155 675 041;A01;2;7;4;2;8;13;1;
202300003143;155 675 042;B01;2;33;4;2;2;2;1;
202300003144;155 675 038;A01;1;33;0;2;8;3;1;
202300003144;155 675 039;B01;1;10;0;2;2;2;1;
202300003144;155 675 040;C01;1;10;0;2;4;2;1;
202300003145;155 675 036;A01;2;7;0;2;1;2;1;
202300003145;155 675 037;B01;2;7;0;2;4;2;1;
202300003146;155 675 035;A01;1;33;0;2;7;16;1;
202300003146;155 675 043;B01;1;7;0;2;3;1;1;
202300003147;155 675 032;A01;1;15;0;2;4;1;1;
202300003147;155 675 034;B01;1;10;0;2;1;2;1;
202300003148;155 675 031;A01;2;43;0;2;1;1;1;
202300003148;155 675 033;B01;2;7;0;2;6;1;2;
202300003149;155 675 028;A01;1;7;4;2;8;11;1;
202300003149;155 675 029;B01;1;33;4;2;7;1;1;
202300003150;155 675 027;A01;2;31;0;0;8;3;1;
202300003150;155 675 030;B01;2;7;0;2;4;12;1;
202300003151;155 675 026;A01;2;33;0;0;1;1;1;
202300003152;155 675 025;A01;3;10;9;1;1;1;1;
202300003153;155 675 023;A01;2;33;0;2;1;3;1;
202300003153;155 675 024;B01;2;13;0;2;6;1;1;
202300003154;155 675 022;A01;2;10;0;1;3;22;1;
202300003155;155 675 020;A01;2;7;0;2;1;1;1;
202300003155;155 675 021;B01;2;10;0;2;4;1;1;
202300003156;155 675 019;A01;3;7;0;1;7;1;0;
202300003157;155 675 017;B01;2;31;0;2;8;3;1;
202300003157;155 675 018;Z01;2;7;0;2;0;0;0;
202300003158;155 675 015;A01;1;7;0;2;2;12;0;
202300003158;155 675 016;B01;1;43;0;2;3;3;1;
202300003159;155 675 012;A01;1;7;0;2;1;11;1;
202300003159;155 675 014;B01;1;7;0;2;5;1;1;
202300003160;155 675 010;A01;1;7;4;0;1;1;1;
202300003161;155 675 005;A01;2;14;0;2;2;12;1;
202300003161;155 675 007;B01;2;7;0;2;6;1;1;
202300003161;155 675 009;C01;2;7;0;2;1;1;1;
202300003162;155 675 006;A01;2;7;0;2;8;15;1;
202300003162;155 675 008;B01;2;43;0;2;2;0;1;
202300003163;155 675 004;A01;2;7;4;0;2;0;1;
202300003164;155 675 000;A01;2;7;0;0;5;12;1;
202300003164;155 675 002;B01;2;33;0;2;8;3;1;
202300003165;155 675 001;A01;1;7;0;2;1;1;0;
202300003165;155 675 003;B01;1;7;0;2;2;2;6;
202300003166;155 674 999;A01;1;7;4;0;1;26;1;
202300003167;155 674 998;A01;1;7;4;0;8;11;1;
202300003168;155 674 995;A01;1;7;9;0;1;13;1;
202300003169;155 674 996;B01;2;31;0;2;7;1;1;
202300003169;155 674 997;A01;2;7;0;2;3;15;1;
202300003170;155 674 994;A01;1;7;11;0;7;16;1;
202300003171;155 674 992;T01;3;7;0;0;0;15;1;
202300003171;155 674 993;A01;2;31;14;2;0;17;1;
202300003172;155 674 990;A01;3;7;3;0;1;1;1;
202300003173;155 674 989;B01;1;7;0;2;8;2;2;
202300003173;155 674 991;A01;2;7;0;2;1;15;1;
202300003174;155 674 987;A01;2;7;0;0;2;1;1;
202300003175;155 674 986;B01;1;7;0;2;5;13;1;
202300003175;155 674 988;A01;1;30;0;2;3;13;1;
202300003176;155 674 985;A01;2;30;0;0;0;0;1;
202300003177;155 674 984;A01;1;7;8;0;2;14;1;
202300003178;155 674 982;B01;2;7;0;2;7;1;1;
202300003178;155 674 983;A01;1;7;0;2;3;9;1;
202300003179;155 674 980;A01;1;7;4;0;8;26;1;
202300003180;155 674 979;A01;1;7;0;2;3;15;1;
202300003180;155 674 981;B01;1;33;0;2;7;2;1;
202300003181;155 674 976;A01;2;31;1;0;7;15;1;
202300003181;155 674 978;B01;2;7;0;2;6;23;1;
202300003182;155 674 975;B01;2;32;1;2;1;1;1;
202300003182;155 674 977;A01;2;7;0;2;2;22;1;
202300003183;155 674 973;A01;1;7;0;2;2;11;3;
202300003183;155 674 974;B01;2;33;0;2;0;0;1;
202300003184;155 674 972;A01;1;7;14;1;1;16;1;
202300003185;155 674 969;B01;1;7;0;2;8;1;6;
202300003185;155 674 970;C01;1;7;0;2;2;1;1;
202300003185;155 674 971;A01;1;7;0;2;3;5;1;
202300003186;155 674 968;A01;1;7;6;0;1;13;0;
202300003187;155 674 966;A01;2;34;0;2;8;8;1;
202300003187;155 674 967;B01;2;7;0;2;2;12;1;
202300003188;155 674 963;A01;1;7;0;2;2;2;1;
202300003188;155 674 965;B01;2;10;0;2;5;15;1;
202300003189;155 674 962;B01;1;30;0;2;1;1;0;
202300003189;155 674 964;A01;1;7;0;2;2;15;1;
202300003190;155 674 960;A01;2;7;1;0;1;14;1;
202300003191;155 674 959;B01;3;7;0;2;3;0;1;
202300003191;155 674 961;A01;3;50;0;2;1;0;3;
202300003192;155 674 956;A01;2;7;0;2;2;16;1;
202300003192;155 674 958;B01;2;50;0;2;1;1;3;
202300003193;155 674 955;A01;0;7;0;2;2;1;1;
202300003193;155 674 957;B01;0;7;0;0;0;0;0;
202300003194;155 674 954;A01;3;31;0;0;1;9;1;
202300003195;155 674 952;B01;0;30;0;2;1;1;1;
202300003195;155 674 953;A01;3;7;0;2;3;5;1;
202300003196;155 674 950;B01;1;7;0;2;4;2;1;
202300003196;155 674 951;A01;1;30;0;2;1;1;1;
202300003197;155 674 948;A01;1;33;1;0;1;1;1;
202300003198;155 674 947;A01;2;7;0;2;5;15;1;
202300003198;155 674 949;B01;1;34;0;2;1;1;1;
202300003199;155 674 943;A01;2;33;0;2;1;1;1;
202300003199;155 674 944;B01;2;7;0;2;4;20;1;
202300003199;155 674 946;C01;1;7;0;2;3;1;1;
202300003200;155 674 942;B01;1;7;0;2;3;1;1;
202300003200;155 674 945;A01;2;7;0;2;3;5;1;
202300003201;155 674 939;A01;3;38;0;2;0;15;1;1
202300003201;155 674 941;B01;3;10;0;2;6;1;1;
202300003202;155 674 938;A01;0;7;0;2;2;1;1;
202300003202;155 674 940;B01;1;7;0;2;1;1;1;
202300003203;155 674 937;A01;2;10;0;1;2;16;1;
202300003204;155 674 936;A01;2;7;0;1;7;2;1;
202300003205;155 674 931;B01;2;7;0;2;1;2;0;
202300003205;155 674 933;C01;2;7;0;2;4;1;0;
202300003205;155 674 935;A01;2;7;0;2;1;2;0;
202300003206;155 674 932;B01;1;1;0;2;4;15;0;
202300003206;155 674 934;A01;1;7;0;2;1;1;1;
202300003207;155 674 928;A01;3;7;0;2;1;1;0;
202300003207;155 674 930;B01;3;7;0;2;4;1;0;
202300003208;155 674 927;A01;1;7;0;2;7;17;1;
202300003208;155 674 929;B01;1;7;0;2;8;1;1;
202300003209;155 674 926;A01;2;7;2;0;1;14;0;
202300003210;155 674 925;B01;3;7;0;1;2;9;1;
202300003211;155 674 923;A01;2;7;0;2;5;15;0;
202300003211;155 674 924;B01;1;33;0;2;1;1;1;
202300003212;155 674 921;A01;1;7;0;2;1;1;1;
202300003212;155 674 922;B01;2;7;15;2;7;1;1;
202300003213;155 674 920;A01;0;7;0;1;1;15;1;
202300003214;155 674 919;A01;1;7;3;0;3;1;1;
202300003215;155 674 917;B01;3;50;0;2;1;1;3;
202300003215;155 674 918;A01;3;7;0;2;3;1;1;
202300003216;155 674 914;A01;2;7;0;2;7;2;1;
202300003216;155 674 915;B01;2;1;0;2;7;0;5;
202300003217;155 674 913;B01;3;7;0;2;3;1;1;
202300003217;155 674 916;A01;3;7;0;2;1;15;1;
202300003218;155 674 911;A01;1;1;0;2;1;16;5;
202300003218;155 674 912;B01;2;7;0;2;1;15;1;
202300003219;155 674 910;A01;2;7;0;1;5;20;1;
202300003220;155 674 909;A01;1;7;0;1;7;16;1;
202300003221;155 674 907;A01;1;7;2;2;1;1;1;
202300003222;155 674 906;B01;0;7;0;2;8;16;1;
202300003222;155 674 908;A01;0;7;0;2;2;19;1;
202300003223;155 674 904;A01;2;7;0;2;7;19;0;
202300003223;155 674 905;B01;2;7;0;2;8;1;0;
202300003224;155 674 903;A01;1;7;8;0;1;5;1;
202300003225;155 674 901;A01;1;14;0;1;0;1;0;
202300003226;155 674 899;B01;2;7;0;0;6;2;1;
202300003226;155 674 902;A01;2;33;0;2;1;26;1;
202300003227;155 674 898;B01;3;7;0;2;3;1;2;
202300003227;155 674 900;A01;3;7;0;2;1;9;1;
202300003228;155 674 896;A01;2;10;0;2;4;2;1;
202300003228;155 674 897;B01;2;33;0;2;1;2;1;
202300003229;155 674 895;A01;2;7;6;0;1;15;1;
202300003230;155 674 891;A01;2;38;0;2;4;1;0;1
202300003230;155 674 892;B01;2;7;0;2;1;1;0;
202300003230;155 674 894;C01;2;7;0;2;1;1;0;
202300003231;155 674 890;B01;2;7;0;2;3;15;1;
202300003231;155 674 893;A01;2;80;0;2;2;1;3;
202300003232;155 674 886;A01;2;7;0;2;6;1;1;
202300003232;155 674 888;B01;2;7;0;2;1;1;1;
202300003233;155 674 885;A01;1;7;0;2;1;2;1;
202300003233;155 674 887;B01;1;7;0;2;9;23;1;
202300003233;155 674 889;C01;1;7;0;2;4;23;1;
202300003234;155 674 883;A01;1;50;0;1;1;13;3;
202300003235;155 674 881;C01;1;7;0;2;3;1;1;
202300003235;155 674 882;B01;1;7;0;2;1;17;1;
202300003235;155 674 884;A01;2;7;3;2;1;5;0;
202300003236;155 674 878;A01;2;33;0;2;7;1;1;
202300003236;155 674 879;B01;2;7;0;2;4;2;1;
202300003236;155 674 880;Z01;2;10;0;2;8;13;0;
202300003237;155 674 876;A01;2;7;0;2;3;10;3;
202300003237;155 674 877;B01;2;7;0;2;5;0;3;
202300003238;155 674 873;A01;1;7;0;2;0;3;1;
202300003238;155 674 875;B01;2;37;0;2;2;1;1;1
202300003239;155 674 872;B01;2;7;0;2;4;2;1;
202300003239;155 674 874;A01;2;33;0;2;1;2;1;
202300003240;155 674 871;A01;2;33;1;0;7;1;1;
202300003241;155 674 869;A01;2;7;0;2;1;13;1;
202300003241;155 674 870;B01;1;7;0;2;1;1;1;
202300003242;155 674 867;Z01;3;7;0;2;1;1;1;
202300003242;155 674 868;A01;3;7;0;2;4;1;1;
202300003243;155 674 866;A01;2;7;1;0;1;14;1;
202300003244;155 674 863;A01;2;7;0;1;3;1;1;
202300003245;155 674 862;B01;3;7;0;2;1;1;0;
202300003245;155 674 865;A01;2;10;0;2;7;1;0;
202300003246;155 674 860;A01;3;7;6;0;1;1;1;
202300003247;155 674 859;A01;3;7;0;2;1;1;1;
202300003247;155 674 861;B01;3;33;0;2;0;0;1;
202300003248;155 674 855;A01;1;7;0;2;2;1;1;
202300003248;155 674 858;B01;1;32;0;2;1;1;1;
202300003249;155 674 856;A01;1;7;0;2;6;15;1;
202300003249;155 674 857;B01;1;31;0;2;7;17;1;
202300003250;155 674 852;B01;2;1;0;2;1;1;5;
202300003250;155 674 854;A01;1;7;0;9;2;1;1;
202300003251;155 674 851;A01;3;30;0;2;1;15;3;
202300003251;155 674 853;Z01;2;7;0;2;0;1;0;
202300003252;155 674 848;A01;1;34;0;2;3;15;1;
202300003252;155 674 850;B01;1;7;0;2;3;0;1;
202300003253;155 674 847;A01;2;7;0;2;1;13;1;
202300003253;155 674 849;B01;1;7;0;2;1;1;1;
202300003254;155 674 844;B01;3;7;0;2;3;0;1;
202300003254;155 674 846;A01;1;7;0;2;3;13;1;
202300003255;155 674 843;B01;1;7;0;2;7;1;2;
202300003255;155 674 845;A01;3;30;0;2;7;5;1;
202300003256;155 674 841;A01;3;30;0;2;1;1;1;
202300003256;155 674 842;B01;3;30;0;2;7;23;1;
202300003257;155 674 840;A01;1;33;0;0;0;0;1;
202300003258;155 674 839;A01;0;7;0;1;0;0;1;
202300003259;155 674 836;A01;1;30;0;2;1;2;1;
202300003259;155 674 838;B01;1;7;0;2;3;2;1;
202300003260;155 674 835;B01;3;2;0;2;0;0;1;
202300003260;155 674 837;A01;3;7;0;2;0;0;2;
202300003261;155 674 832;B01;1;1;0;2;4;0;5;
202300003261;155 674 834;A01;1;7;0;2;1;0;0;
202300003262;155 674 831;B01;2;7;0;2;1;2;1;
202300003262;155 674 833;A01;1;7;0;2;1;13;1;
202300003263;155 674 829;A01;2;7;2;0;3;2;1;
202300003264;155 674 828;B01;1;7;1;2;1;1;1;
202300003264;155 674 830;A01;2;7;0;2;2;15;3;
202300003265;155 674 825;A01;1;7;0;2;1;15;1;
202300003265;155 674 826;B01;1;7;0;2;1;1;1;
202300003266;155 674 824;B01;2;7;0;2;2;1;1;
202300003266;155 674 827;A01;1;7;0;2;1;1;1;
202300003267;155 674 823;A01;1;31;12;0;1;14;1;
202300003268;155 674 821;B01;2;7;0;2;0;0;0;
202300003268;155 674 822;A01;1;7;0;2;0;0;0;
202300003269;155 674 818;A01;1;7;0;1;1;16;1;
202300003270;155 674 816;A01;1;10;0;2;3;2;1;
202300003270;155 674 817;B01;1;7;0;2;6;2;1;
202300003270;155 674 819;C01;1;33;0;2;5;2;1;
202300003270;155 674 820;D01;1;7;0;2;6;1;1;
202300003271;155 674 811;A01;1;1;0;2;6;19;5;
202300003271;155 674 813;B01;1;33;0;2;1;1;1;
202300003272;155 674 810;A01;2;33;0;2;3;1;1;
202300003272;155 674 812;B01;2;7;0;2;5;1;1;
202300003273;155 674 807;C01;2;7;0;2;1;1;1;
202300003273;155 674 808;A01;1;33;0;2;1;1;1;
202300003273;155 674 809;B01;1;7;0;2;8;1;1;
202300003274;155 674 806;A01;0;1;0;1;1;1;5;
202300003275;155 674 802;A01;2;7;0;2;5;16;1;
202300003275;155 674 803;B01;3;30;0;2;3;18;1;
202300003276;155 674 800;C01;2;7;0;2;1;1;1;
202300003276;155 674 801;A01;1;7;0;2;1;11;1;
202300003276;155 674 804;B01;2;7;0;2;3;1;1;
202300003277;155 674 797;B01;3;7;0;2;1;1;1;
202300003277;155 674 799;A01;3;7;0;2;8;15;1;
202300003278;155 674 798;A01;2;7;1;0;1;12;1;
202300003279;155 674 796;A01;2;7;0;1;1;1;1;
202300003280;155 674 795;A01;1;7;8;0;2;1;1;
202300003281;155 674 793;A01;3;10;0;2;1;1;1;
202300003281;155 674 794;B01;3;7;0;2;7;15;1;
202300003282;155 674 791;B01;3;7;0;2;2;1;1;
202300003282;155 674 792;A01;3;7;0;2;1;19;1;
202300003283;155 674 789;B01;1;7;0;2;1;1;1;
202300003283;155 674 790;A01;1;2;0;2;7;1;1;
202300003284;155 674 786;A01;2;33;0;2;9;1;1;
202300003284;155 674 788;B01;2;7;0;2;4;1;0;
202300003285;155 674 785;A01;1;43;12;2;1;13;1;
202300003285;155 674 787;B01;2;7;0;2;8;1;1;
202300003286;155 674 782;Z01;1;7;0;2;1;1;1;
202300003286;155 674 783;A01;1;1;0;2;0;15;5;
202300003287;155 674 781;A01;2;10;0;2;3;26;1;
202300003287;155 674 784;B01;2;7;0;2;2;1;1;
202300003288;155 674 779;B01;3;33;0;2;1;1;1;
202300003288;155 674 780;A01;3;7;0;2;2;15;1;
202300003289;155 674 778;A01;1;7;1;0;0;0;0;
202300003290;155 674 776;A01;1;50;0;2;4;1;3;
202300003290;155 674 777;B01;1;7;0;2;1;26;0;
202300003291;155 674 772;A01;1;7;0;2;3;13;0;
202300003291;155 674 774;B01;1;2;0;2;7;1;0;
202300003292;155 674 773;A01;1;50;0;2;8;1;3;
202300003292;155 674 775;B01;1;7;0;2;1;1;1;
202300003293;155 674 769;A01;0;7;0;2;1;13;1;
202300003293;155 674 771;B01;0;7;0;2;3;1;1;
202300003294;155 674 767;A01;0;7;0;1;4;4;0;
202300003295;155 674 768;B01;3;7;0;2;8;1;1;
202300003295;155 674 770;A01;3;7;0;2;1;1;1;
202300003296;155 674 764;B01;3;1;0;2;1;1;5;
202300003296;155 674 766;A01;3;7;0;0;2;19;1;
202300003297;155 674 763;B01;3;7;0;2;3;2;1;
202300003297;155 674 765;A01;3;7;0;2;1;19;1;
202300003298;155 674 761;A01;2;1;0;2;4;1;5;
202300003298;155 674 762;Z01;2;7;0;2;1;2;1;
202300003299;155 674 757;A01;2;50;0;2;8;0;3;
202300003299;155 674 759;B01;1;7;0;2;1;9;1;
202300003300;155 674 754;C01;1;7;0;2;4;0;1;
202300003300;155 674 755;E01;1;7;0;2;4;0;1;
202300003300;155 674 756;A01;1;7;0;2;1;26;1;
202300003300;155 674 758;B01;1;7;0;2;9;1;1;
202300003300;155 674 760;D01;1;7;0;2;4;0;1;
202300003301;155 674 752;A01;1;7;0;2;7;16;1;
202300003301;155 674 753;B01;1;32;0;2;1;1;1;
202300003302;155 674 750;A01;3;13;0;2;1;1;1;
202300003302;155 674 751;B01;3;1;0;2;2;15;5;
202300003303;155 674 748;A01;1;7;0;2;1;1;1;
202300003303;155 674 749;B01;1;7;0;2;4;23;1;
202300003304;155 674 747;A01;3;7;13;0;1;21;0;
202300003305;155 674 746;A01;0;30;8;0;1;1;0;
202300003306;155 674 744;A01;2;7;0;1;1;1;1;
202300003307;155 674 745;A01;1;7;0;0;9;0;1;
202300003308;155 674 742;B01;3;30;0;2;1;1;1;
202300003308;155 674 743;A01;3;7;0;2;2;15;1;
202300003309;155 674 739;A01;1;7;4;0;0;1;1;
202300003310;155 674 738;B01;3;7;0;2;4;2;1;
202300003310;155 674 740;C01;3;7;0;2;1;2;1;
202300003310;155 674 741;A01;3;7;0;2;4;0;1;
202300003311;155 674 736;B01;0;7;0;2;7;26;1;
202300003311;155 674 737;A01;0;7;0;2;1;26;1;
202300003312;155 674 731;B01;1;7;0;0;2;1;5;
202300003312;155 674 733;A01;3;32;0;0;8;0;1;
202300003313;155 674 730;B01;1;7;0;2;5;1;1;
202300003313;155 674 734;C01;1;7;0;2;6;1;1;
202300003313;155 674 735;A01;1;33;0;2;3;3;1;
202300003314;155 674 729;B01;2;80;0;2;1;5;3;
202300003314;155 674 732;A01;1;7;0;2;2;1;1;
202300003315;155 674 725;P01;0;1;0;2;4;0;5;
202300003315;155 674 728;A01;0;10;0;2;1;0;1;
202300003316;155 674 724;A01;1;7;0;2;1;1;1;
202300003316;155 674 726;B01;2;2;0;2;8;1;1;
202300003317;155 674 723;B01;2;33;0;2;8;3;1;
202300003317;155 674 727;A01;2;7;0;2;2;14;1;
202300003318;155 674 721;A01;2;7;0;2;1;15;1;
202300003318;155 674 722;B01;1;50;0;2;3;16;3;
202300003319;155 674 718;B01;3;1;0;0;0;0;5;
202300003319;155 674 720;A01;3;7;0;9;1;1;1;
202300003320;155 674 717;A01;1;7;0;2;3;12;1;
202300003320;155 674 719;B01;1;7;0;2;6;1;1;
202300003321;155 674 715;A01;1;7;16;0;1;17;1;
202300003321;155 674 716;B01;1;7;16;0;1;26;1;
202300003322;155 674 712;B01;2;7;0;2;1;2;1;
202300003322;155 674 714;A01;2;7;0;2;4;2;1;
202300003323;155 674 711;B01;3;50;0;2;4;1;3;
202300003323;155 674 713;A01;3;7;0;9;1;1;1;
202300003324;155 674 709;A01;2;7;0;9;2;2;1;
202300003324;155 674 710;B01;2;50;0;2;8;1;3;
202300003325;155 674 703;B01;3;7;0;2;1;1;1;
202300003325;155 674 707;A01;3;7;0;2;6;9;1;
202300003326;155 674 702;B01;1;15;0;2;0;0;1;
202300003326;155 674 705;A01;1;7;0;2;0;0;1;
202300003326;155 674 708;C01;1;15;0;2;1;17;1;
202300003327;155 674 700;B01;2;33;0;2;2;17;0;
202300003327;155 674 701;C01;1;7;0;2;6;23;0;
202300003327;155 674 704;A01;2;7;0;2;3;9;0;
202300003327;155 674 706;D01;1;7;0;2;1;1;0;
202300003328;155 674 698;A01;1;33;0;2;1;17;1;
202300003328;155 674 699;B01;1;7;0;2;3;15;1;
202300003329;155 674 696;A01;1;3;1;1;2;1;1;
202300003330;155 674 694;A01;1;60;0;2;7;19;5;
202300003330;155 674 697;B01;1;7;0;2;2;19;1;
202300003331;155 674 695;A01;2;7;1;1;2;19;1;
202300003332;155 674 693;A01;1;13;0;1;2;1;1;
202300003333;155 674 692;A01;1;7;8;0;3;13;1;
202300003334;155 674 691;A01;3;30;0;1;1;25;1;
202300003335;155 674 688;A01;0;7;0;2;0;25;0;
202300003335;155 674 690;B01;1;50;0;0;1;1;3;
202300003336;155 674 687;A01;0;7;0;2;1;1;1;
202300003336;155 674 689;B01;1;1;0;2;1;9;5;
202300003337;155 674 684;B01;1;10;0;2;8;1;1;
202300003337;155 674 686;A01;2;7;12;2;3;19;1;
202300003338;155 674 683;A01;3;10;1;0;5;20;3;
202300003338;155 674 685;B01;3;30;0;2;1;2;1;
202300003339;155 674 682;A01;1;7;0;0;0;0;1;
202300003340;155 674 680;A01;2;2;0;2;1;2;1;
202300003340;155 674 681;B01;2;10;0;2;6;1;1;
202300003341;155 674 678;A01;2;7;0;1;2;1;1;
202300003342;155 674 677;A01;2;7;0;2;3;20;1;
202300003342;155 674 679;B01;1;31;0;2;1;1;1;
202300003343;155 674 673;A01;1;7;0;2;7;1;1;
202300003343;155 674 676;B01;3;50;0;2;1;25;3;
202300003344;155 674 672;A01;2;7;0;2;3;15;1;
202300003344;155 674 674;B01;1;7;0;2;9;1;1;
202300003345;155 674 671;B01;0;7;1;2;2;0;6;
202300003345;155 674 675;A01;0;31;1;2;0;18;1;
202300003346;155 674 669;A01;1;33;0;2;2;1;1;
202300003346;155 674 670;B01;1;7;0;2;3;0;1;
202300003347;155 674 667;A01;2;7;0;2;1;15;1;
202300003347;155 674 668;B01;2;33;0;2;1;1;1;
202300003348;155 674 665;A01;1;7;0;9;2;9;1;
202300003348;155 674 666;B01;1;50;0;2;1;1;3;
202300003349;155 674 664;A01;2;7;0;1;0;0;0;
202300003350;155 674 661;A01;2;7;0;2;8;15;1;
202300003350;155 674 663;B01;2;33;0;2;1;1;1;
202300003351;155 674 659;B01;0;32;0;2;8;0;1;
202300003351;155 674 662;A01;3;7;0;2;1;0;0;
202300003352;155 674 658;A01;2;7;0;2;1;1;1;
202300003352;155 674 660;B01;2;7;0;2;4;1;1;
202300003353;155 674 657;A01;1;10;0;1;3;15;1;
202300003354;155 674 654;A01;1;34;8;2;1;18;1;
202300003354;155 674 656;B01;0;32;0;2;2;16;1;
202300003355;155 674 653;A01;3;7;0;2;1;1;1;
202300003355;155 674 655;B01;3;7;0;2;3;0;1;
202300003356;155 674 650;A01;1;7;0;2;2;19;1;
202300003356;155 674 652;B01;2;33;0;2;1;5;1;
202300003357;155 674 649;A01;3;7;0;1;3;9;1;
202300003358;155 674 648;Z01;1;7;0;2;1;16;0;
202300003358;155 674 651;A01;2;1;0;2;1;1;5;
202300003359;155 674 646;A01;1;33;4;0;8;13;1;
202300003360;155 674 641;B01;2;7;1;0;1;1;1;
202300003360;155 674 644;C01;1;7;0;0;6;26;1;
202300003360;155 674 645;A01;1;7;0;0;4;23;1;
202300003361;155 674 640;B01;3;7;0;2;6;24;1;
202300003361;155 674 642;A01;3;7;1;0;2;14;1;
202300003362;155 674 643;A01;1;7;0;2;1;2;1;
202300003362;155 674 647;B01;1;7;0;2;4;2;1;
202300003363;155 674 638;A01;3;7;0;2;2;1;1;
202300003363;155 674 639;B01;0;2;0;2;1;13;0;
202300003364;155 674 637;A01;0;30;15;0;2;16;1;
202300003365;155 674 636;A01;1;7;0;0;0;26;0;
202300003366;155 674 634;A01;2;7;0;2;3;5;1;
202300003366;155 674 635;B01;1;7;0;2;3;1;1;
202300003367;155 674 630;B01;3;2;1;2;3;0;1;
202300003367;155 674 633;A01;3;10;1;2;5;16;1;
202300003368;155 674 629;A01;2;7;0;2;1;1;2;
202300003368;155 674 632;B01;1;7;8;2;1;1;2;
202300003369;155 674 628;A01;2;7;0;2;3;13;0;
202300003369;155 674 631;B01;1;50;0;2;1;1;3;
202300003370;155 674 624;A01;1;7;15;2;8;1;1;
202300003370;155 674 627;B01;1;7;0;2;3;1;1;
202300003371;155 674 625;B01;2;7;0;2;4;23;1;
202300003371;155 674 626;A01;2;33;0;2;1;1;1;
202300003372;155 674 621;A01;2;31;0;2;1;1;1;
202300003372;155 674 623;B01;1;7;0;2;1;15;1;
202300003373;155 674 620;A01;1;37;0;1;1;1;1;1
202300003374;155 674 618;A01;3;1;0;0;3;1;0;
202300003375;155 674 619;A01;2;7;0;2;7;9;2;
202300003375;155 674 622;B01;2;7;0;2;0;1;1;
202300003376;155 674 616;A01;2;21;0;2;3;15;1;
202300003376;155 674 617;B01;2;7;0;2;2;17;1;
202300003377;155 674 613;A01;3;7;0;2;3;5;1;
202300003377;155 674 615;B01;3;7;0;2;2;9;1;
202300003378;155 674 612;A01;2;7;0;2;1;9;1;
202300003378;155 674 614;B01;1;33;0;2;7;3;1;
202300003379;155 674 611;A01;2;1;0;0;0;0;5;
202300003380;155 674 610;A01;2;10;15;0;1;1;1;
202300003381;155 674 608;A01;1;7;0;2;3;26;1;
202300003381;155 674 609;B01;2;7;0;2;3;26;1;
202300003382;155 674 606;A01;1;7;0;2;3;9;1;
202300003382;155 674 607;B01;1;1;0;2;1;1;5;
202300003383;155 674 605;A01;3;7;6;0;1;1;2;
202300003384;155 674 600;A01;1;7;0;2;2;15;1;
202300003384;155 674 603;B01;2;33;0;2;1;1;1;
202300003385;155 674 598;A01;2;33;0;2;7;13;1;
202300003385;155 674 602;B01;1;7;0;2;7;13;1;
202300003385;155 674 604;C01;1;7;0;2;1;23;1;
202300003386;155 674 599;B01;3;30;0;2;2;1;0;