Num_Acc;id_vehicule;num_veh;senc;catv;obs;obsm;choc;manv;motor;occutc
202300003933;155 673 607;A01;2;7;0;2;1;23;1;
202300003934;155 673 604;A01;1;7;13;0;2;1;1;
202300003935;155 673 603;A01;2;7;0;2;3;15;1;
202300003935;155 673 605;B01;1;2;0;2;1;1;1;
202300003936;155 673 602;A01;0;33;1;0;0;0;1;
202300003937;155 673 601;A01;2;33;15;0;0;1;1;
202300003938;155 673 599;B01;1;7;0;2;1;1;0;
202300003938;155 673 600;A01;2;7;0;2;1;13;0;
202300003939;155 673 597;A01;1;7;1;0;1;13;1;
202300003940;155 673 596;A01;1;33;0;2;8;2;1;
202300003940;155 673 598;B01;1;21;0;0;6;2;1;
202300003941;155 673 594;B01;2;10;0;2;2;19;1;
202300003941;155 673 595;A01;1;7;0;2;3;13;1;
202300003942;155 673 593;A01;1;33;5;0;2;1;1;
202300003943;155 673 592;A01;1;7;6;6;1;0;0;
202300003944;155 673 590;B01;2;33;0;0;7;21;1;
202300003944;155 673 591;A01;2;33;0;2;1;17;1;
202300003945;155 673 589;A01;2;7;13;0;1;15;1;
202300003946;155 673 585;A01;1;7;0;2;2;1;1;
202300003946;155 673 586;B01;1;3;0;2;4;1;1;
202300003947;155 673 584;A01;2;7;0;1;2;1;1;
202300003948;155 673 583;A01;3;1;8;0;1;14;5;
202300003949;155 673 581;B01;1;2;0;2;8;10;1;
202300003949;155 673 582;A01;1;7;0;2;1;17;1;
202300003950;155 673 580;A01;2;7;1;0;1;0;1;
202300003951;155 673 579;A01;1;7;0;0;1;1;1;
202300003952;155 673 578;A01;3;7;0;1;3;1;1;
202300003953;155 673 577;A01;2;33;8;0;8;1;1;
202300003954;155 673 574;A01;2;2;6;0;7;21;1;
202300003954;155 673 575;B01;1;7;0;0;8;23;1;
202300003955;155 673 573;B01;1;7;0;2;1;1;1;
202300003955;155 673 576;A01;2;7;0;2;1;13;1;
202300003956;155 673 572;A01;3;7;13;0;1;1;1;
202300003957;155 673 569;B01;2;33;0;2;4;1;1;
202300003957;155 673 571;A01;2;7;0;2;1;1;1;
202300003958;155 673 568;A01;0;7;0;2;3;13;0;
202300003958;155 673 570;B01;0;33;0;2;1;1;0;
202300003959;155 673 566;B01;1;7;0;0;2;1;1;
202300003959;155 673 567;A01;2;7;0;0;2;13;1;
202300003960;155 673 562;B01;2;7;0;2;8;2;1;
202300003960;155 673 564;A01;2;33;7;2;7;17;1;
202300003961;155 673 563;A01;1;7;0;2;3;1;1;
202300003961;155 673 565;B01;2;10;11;2;3;6;1;
202300003962;155 673 560;B01;2;33;0;2;8;1;0;
202300003962;155 673 561;A01;1;7;0;2;3;13;0;
202300003963;155 673 559;A01;2;2;0;0;0;1;1;
202300003964;155 673 558;A01;1;7;13;0;1;1;1;
202300003965;155 673 553;A01;1;10;0;0;0;1;1;
202300003965;155 673 555;B01;1;7;0;9;1;1;1;
202300003965;155 673 556;C01;1;7;0;2;2;1;0;
202300003966;155 673 554;A01;2;33;0;2;3;13;6;
202300003966;155 673 557;B01;2;7;0;0;5;2;6;
202300003967;155 673 552;A01;2;43;13;0;1;26;1;
202300003968;155 673 550;A01;2;7;0;2;3;9;0;
202300003968;155 673 551;B01;2;2;0;2;1;18;1;
202300003969;155 673 548;A01;1;7;0;2;3;13;0;
202300003969;155 673 549;B01;2;7;0;2;3;1;0;
202300003970;155 673 545;B01;1;10;0;0;4;2;1;
202300003970;155 673 547;A01;1;7;0;2;1;2;1;
202300003971;155 673 544;A01;1;7;0;2;1;1;1;
202300003971;155 673 546;B01;2;7;0;2;2;13;1;
202300003972;155 673 543;A01;1;32;0;0;7;2;1;
202300003973;155 673 541;A01;1;7;0;2;4;9;1;
202300003973;155 673 542;B01;1;7;0;2;1;16;1;
202300003974;155 673 536;A01;1;7;4;2;3;15;1;
202300003974;155 673 537;B01;1;7;0;2;1;1;1;
202300003975;155 673 533;A01;2;7;0;2;3;13;1;
202300003975;155 673 534;B01;1;7;0;2;1;1;1;
202300003975;155 673 535;C01;1;7;0;2;1;1;1;
202300003976;155 673 532;A01;2;33;13;0;1;1;1;
202300003977;155 673 530;A01;1;7;0;2;1;2;1;
202300003977;155 673 531;B01;1;15;0;2;4;2;1;
202300003978;155 673 525;A01;3;31;0;2;2;17;1;
202300003978;155 673 527;B01;3;7;0;2;3;15;1;
202300003979;155 673 526;C01;2;7;0;2;6;23;1;
202300003979;155 673 528;B01;1;33;0;2;3;1;1;
202300003979;155 673 529;A01;2;7;0;2;3;21;1;
202300003980;155 673 522;C01;1;33;2;2;1;1;1;
202300003980;155 673 523;B01;1;34;0;2;1;1;1;
202300003980;155 673 524;A01;2;33;0;2;0;14;1;
202300003981;155 673 519;A01;1;7;3;2;6;13;1;
202300003981;155 673 520;B01;1;7;0;2;1;1;1;
202300003982;155 673 518;A01;2;7;0;0;3;19;1;
202300003982;155 673 521;B01;2;33;0;2;1;1;1;
202300003983;155 673 515;B01;3;10;8;2;2;1;1;
202300003983;155 673 517;A01;1;7;0;2;1;1;1;
202300003984;155 673 516;A01;2;33;13;0;7;1;1;
202300003985;155 673 513;B01;1;7;3;0;3;1;0;
202300003985;155 673 514;A01;2;7;0;0;3;13;0;
202300003986;155 673 509;A01;1;7;0;9;3;9;1;
202300003986;155 673 511;B01;1;1;0;0;7;1;5;
202300003987;155 673 510;A01;2;7;0;2;1;15;1;
202300003987;155 673 512;B01;1;7;0;2;3;1;1;
202300003988;155 673 508;A01;3;7;13;0;3;1;1;
202300003989;155 673 504;B01;2;13;0;0;0;2;1;
202300003989;155 673 506;A01;2;7;6;0;1;21;1;
202300003990;155 673 505;B01;1;34;0;2;7;17;1;
202300003990;155 673 507;A01;1;7;0;2;3;10;1;
202300003991;155 673 503;A01;3;31;0;0;7;1;1;
202300003992;155 673 499;B01;1;7;0;2;1;1;1;
202300003992;155 673 500;A01;2;7;0;2;2;1;1;
202300003993;155 673 501;B01;2;7;0;2;3;15;1;
202300003993;155 673 502;A01;2;33;0;2;1;17;1;
202300003994;155 673 497;Z01;2;0;0;2;1;1;0;
202300003994;155 673 498;A01;2;7;0;2;4;1;1;
202300003995;155 673 491;A01;1;7;0;2;1;2;1;
202300003995;155 673 492;B01;1;7;0;2;4;1;1;
202300003995;155 673 494;C01;1;7;0;2;4;1;1;
202300003996;155 673 488;A01;2;2;0;2;1;1;1;
202300003996;155 673 490;B01;1;10;0;2;2;19;1;
202300003997;155 673 487;B01;2;7;0;2;8;1;1;
202300003997;155 673 489;A01;2;7;0;2;2;12;1;
202300003998;155 673 485;A01;1;7;0;2;4;1;1;
202300003998;155 673 486;B01;1;7;0;2;1;1;1;
202300003999;155 673 483;A01;2;7;0;2;7;10;1;
202300003999;155 673 484;B01;1;2;0;2;1;1;1;
202300004000;155 673 480;C01;1;7;0;2;8;1;1;
202300004000;155 673 481;B01;1;7;0;2;1;2;1;
202300004000;155 673 482;A01;1;7;0;2;1;2;1;
202300004001;155 673 479;A01;3;7;0;0;9;0;0;
202300004002;155 673 478;A01;2;7;13;0;1;12;1;
202300004003;155 673 473;C01;1;7;0;2;1;1;0;
202300004003;155 673 475;B01;1;7;0;2;6;0;0;
202300004003;155 673 476;A01;1;7;0;2;4;1;0;
202300004004;155 673 474;B01;2;15;0;2;2;1;0;
202300004004;155 673 477;A01;3;7;0;2;7;19;1;
202300004005;155 673 471;A01;1;7;0;2;2;14;1;
202300004005;155 673 472;B01;1;33;0;2;4;2;1;
202300004006;155 673 467;A01;2;7;0;2;8;11;1;
202300004006;155 673 468;B01;2;7;0;2;7;2;1;
202300004006;155 673 469;C01;2;7;0;2;4;2;2;
202300004006;155 673 470;D01;2;7;0;2;6;2;1;
202300004007;155 673 465;A01;1;10;6;1;2;1;1;
202300004008;155 673 464;B01;2;10;0;2;8;9;1;
202300004008;155 673 466;A01;2;38;0;2;2;1;1;12
202300004009;155 673 463;Z01;3;7;8;0;1;13;1;
202300004010;155 673 461;B01;2;7;0;2;2;12;1;
202300004010;155 673 462;A01;2;32;0;2;8;1;1;
202300004011;155 673 460;A01;1;7;0;1;3;1;1;
202300004012;155 673 458;A01;1;7;0;2;4;11;1;
202300004012;155 673 459;B01;1;33;0;2;1;1;0;
202300004013;155 673 455;B01;3;7;0;2;3;2;1;
202300004013;155 673 457;A01;3;31;0;2;2;17;1;
202300004014;155 673 454;B01;1;7;0;2;5;12;0;
202300004014;155 673 456;A01;1;31;0;2;1;26;0;
202300004015;155 673 451;A01;1;7;0;2;4;2;1;
202300004015;155 673 452;C01;3;10;0;2;1;2;1;
202300004015;155 673 453;B01;3;7;0;2;1;2;1;
202300004016;155 673 448;A01;2;7;0;2;2;12;1;
202300004016;155 673 450;B01;2;33;0;2;8;3;1;
202300004017;155 673 447;A01;2;10;0;2;2;10;1;
202300004017;155 673 449;B01;2;33;0;2;8;1;1;
202300004018;155 673 443;Z01;3;7;8;2;1;2;2;
202300004018;155 673 444;B01;1;7;0;2;4;2;1;
202300004019;155 673 445;A01;1;7;0;2;1;2;1;
202300004019;155 673 446;B01;1;7;0;2;4;2;1;
202300004020;155 673 440;A01;2;7;0;2;8;22;1;
202300004020;155 673 442;B01;2;30;0;2;1;17;1;
202300004021;155 673 439;A01;2;50;14;0;2;25;3;
202300004022;155 673 436;A01;2;32;0;0;3;1;1;
202300004023;155 673 437;B01;2;15;0;2;2;12;1;
202300004023;155 673 438;A01;2;7;0;2;8;2;1;
202300004024;155 673 433;A01;1;2;0;2;3;18;3;
202300004024;155 673 434;B01;1;7;0;2;7;20;1;
202300004025;155 673 432;B01;2;10;0;2;4;1;1;
202300004025;155 673 435;A01;2;7;0;2;1;1;1;
202300004026;155 673 429;B01;2;7;1;0;3;15;1;
202300004026;155 673 431;A01;1;33;1;2;1;1;1;
202300004027;155 673 428;A01;1;33;0;2;1;2;1;
202300004027;155 673 430;B01;1;7;0;2;4;2;2;
202300004028;155 673 424;C01;0;7;0;0;4;15;1;
202300004028;155 673 426;A01;0;10;0;0;1;1;1;
202300004028;155 673 427;B01;0;33;0;0;4;23;1;
202300004029;155 673 421;A01;2;7;0;2;1;1;1;
202300004029;155 673 422;B01;2;7;0;2;4;10;0;
202300004030;155 673 423;A01;1;7;0;2;4;2;1;
202300004030;155 673 425;B01;1;7;0;2;1;2;1;
202300004031;155 673 419;B01;1;30;0;2;7;1;0;
202300004031;155 673 420;A01;2;7;0;2;3;16;1;
202300004032;155 673 418;A01;1;7;16;0;0;1;1;
202300004033;155 673 416;A01;1;7;0;2;1;2;0;
202300004033;155 673 417;B01;1;7;0;0;4;2;0;
202300004034;155 673 414;A01;3;7;4;0;2;14;1;
202300004035;155 673 413;A01;0;7;0;2;6;2;0;
202300004035;155 673 415;B01;3;1;0;2;0;0;5;
202300004036;155 673 410;A01;3;7;0;2;1;13;1;
202300004036;155 673 411;B01;3;7;0;2;1;1;1;
202300004037;155 673 412;A01;1;2;0;0;8;1;1;
202300004038;155 673 407;A01;2;10;0;2;8;20;1;
202300004038;155 673 409;B01;2;31;1;2;7;1;1;
202300004039;155 673 408;A01;2;50;8;0;1;25;3;
202300004040;155 673 403;B01;1;7;0;2;1;1;2;
202300004040;155 673 404;A01;1;7;0;2;4;23;1;
202300004041;155 673 401;A01;1;50;8;0;0;1;3;
202300004042;155 673 402;B01;1;33;0;2;3;1;1;
202300004042;155 673 405;A01;1;7;0;2;7;1;1;
202300004043;155 673 399;B01;3;34;0;2;1;1;1;
202300004043;155 673 400;A01;3;7;0;2;2;15;1;
202300004044;155 673 396;A01;2;80;0;2;1;15;3;
202300004044;155 673 398;B01;1;10;0;2;1;16;1;
202300004045;155 673 394;A01;2;31;0;2;1;0;0;
202300004045;155 673 397;B01;3;10;0;2;2;0;0;
202300004046;155 673 393;A01;2;7;0;2;3;13;1;
202300004046;155 673 395;B01;1;7;0;2;6;1;1;
202300004047;155 673 389;A01;1;7;0;2;0;11;1;
202300004047;155 673 391;B01;1;34;15;0;8;19;1;
202300004048;155 673 390;B01;1;33;0;2;1;1;1;
202300004048;155 673 392;A01;2;7;0;2;2;15;1;
202300004049;155 673 388;A01;3;7;0;1;3;1;1;
202300004050;155 673 383;A01;2;7;6;2;6;1;1;
202300004050;155 673 387;B01;2;7;0;2;2;19;1;
202300004051;155 673 384;B01;1;7;0;2;4;1;1;
202300004051;155 673 386;A01;1;10;0;2;1;1;1;
202300004052;155 673 382;A01;1;7;3;2;1;17;1;
202300004052;155 673 385;B01;1;10;0;2;8;1;1;
202300004053;155 673 380;A01;1;7;0;1;3;2;1;
202300004054;155 673 379;A01;2;7;3;0;8;1;1;
202300004055;155 673 378;A01;1;7;13;9;1;14;1;
202300004056;155 673 377;A01;2;10;0;1;2;1;1;
202300004057;155 673 376;A01;1;17;3;0;3;1;1;
202300004058;155 673 374;A01;2;2;0;2;8;1;1;
202300004058;155 673 375;B01;1;7;0;2;1;19;1;
202300004059;155 673 372;A01;1;7;0;0;9;1;1;
202300004060;155 673 371;A01;0;7;2;0;8;1;1;
202300004061;155 673 368;B01;1;10;0;2;1;1;1;
202300004061;155 673 370;A01;1;7;1;0;2;1;1;
202300004062;155 673 369;A01;1;33;3;0;0;0;1;
202300004063;155 673 366;B01;2;7;0;0;4;0;1;
202300004063;155 673 367;A01;2;7;0;2;1;2;1;
202300004064;155 673 363;A01;2;7;15;0;1;0;1;
202300004065;155 673 365;A01;2;10;8;0;0;1;1;
202300004066;155 673 362;A01;2;7;0;2;3;16;1;
202300004066;155 673 364;B01;2;33;0;2;2;1;1;
202300004067;155 673 361;A01;1;7;13;0;1;13;1;
202300004068;155 673 356;A01;1;7;0;2;8;13;1;
202300004068;155 673 358;B01;2;33;13;2;3;1;1;
202300004069;155 673 357;A01;1;7;0;2;3;2;1;
202300004069;155 673 360;B01;1;1;0;2;4;16;5;
202300004070;155 673 355;A01;1;7;0;2;8;1;1;
202300004070;155 673 359;B01;2;7;0;2;3;17;1;
202300004071;155 673 351;A01;2;7;0;2;1;1;1;
202300004071;155 673 354;B01;1;33;0;2;1;13;1;
202300004072;155 673 353;A01;2;7;1;0;1;1;1;
202300004073;155 673 350;A01;3;2;0;2;1;2;1;
202300004073;155 673 352;B01;0;7;0;0;4;0;1;
202300004074;155 673 348;A01;3;7;0;2;3;13;1;
202300004074;155 673 349;B01;3;2;0;2;1;1;1;
202300004075;155 673 347;A01;1;10;1;0;1;1;1;
202300004076;155 673 346;A01;2;7;4;0;1;1;0;
202300004077;155 673 345;A01;2;7;7;0;1;1;1;
202300004078;155 673 344;A01;2;2;3;0;0;1;1;
202300004079;155 673 340;A01;2;7;0;2;1;17;1;
202300004079;155 673 343;B01;2;7;0;2;3;1;1;
202300004080;155 673 341;A01;1;30;1;2;1;26;1;
202300004080;155 673 342;B01;2;7;1;2;2;20;1;
202300004081;155 673 339;A01;2;7;6;0;2;1;1;
202300004082;155 673 338;A01;1;7;2;0;1;13;1;
202300004083;155 673 336;A01;1;7;0;1;3;1;1;
202300004084;155 673 335;A01;3;7;0;2;3;15;1;
202300004084;155 673 337;B01;3;43;0;2;3;1;1;
202300004085;155 673 334;A01;2;33;16;0;0;14;1;
202300004086;155 673 330;B01;3;7;0;2;2;1;1;
202300004086;155 673 332;A01;3;7;0;2;2;1;1;
202300004087;155 673 329;B01;3;33;0;2;1;9;1;
202300004087;155 673 333;A01;3;7;0;2;3;9;1;
202300004088;155 673 328;A01;2;7;0;2;1;13;2;
202300004088;155 673 331;B01;1;7;0;2;1;1;1;
202300004089;155 673 327;A01;1;7;2;0;1;1;1;
202300004090;155 673 324;A01;2;7;16;0;9;1;1;
202300004091;155 673 323;B01;1;7;0;2;4;1;1;
202300004091;155 673 325;C01;1;7;0;2;4;1;1;
202300004091;155 673 326;A01;1;7;0;2;1;1;1;
202300004092;155 673 322;A01;2;7;7;0;1;0;1;
202300004093;155 673 320;A01;0;7;0;1;0;0;0;
202300004094;155 673 318;B01;1;10;0;2;1;15;6;
202300004094;155 673 321;A01;1;30;0;2;0;17;6;
202300004095;155 673 317;A01;2;7;0;2;2;19;1;
202300004095;155 673 319;B01;2;7;0;2;3;1;1;
202300004096;155 673 315;A01;1;7;15;0;0;1;1;
202300004097;155 673 316;A01;3;7;15;0;1;13;1;
202300004098;155 673 313;A01;3;21;0;2;8;16;1;
202300004098;155 673 314;B01;1;7;0;2;2;1;1;
202300004099;155 673 311;A01;1;7;0;1;1;1;1;
202300004100;155 673 308;A01;3;7;8;0;2;1;1;
202300004101;155 673 307;B01;3;33;0;2;1;1;1;
202300004101;155 673 309;A01;3;7;0;2;1;15;1;
202300004102;155 673 303;A01;0;7;0;9;7;2;1;
202300004102;155 673 306;B01;2;1;0;2;0;2;5;
202300004103;155 673 302;A01;2;7;0;2;1;2;1;
202300004103;155 673 305;B01;1;7;0;2;4;2;1;
202300004104;155 673 301;A01;0;7;0;9;1;0;1;
202300004104;155 673 304;B01;3;1;0;2;1;1;5;
202300004105;155 673 299;A01;3;7;2;0;3;1;1;
202300004106;155 673 298;B01;2;7;0;9;7;1;1;
202300004106;155 673 300;A01;2;60;0;2;1;16;3;
202300004107;155 673 296;A01;0;7;2;0;1;0;1;
202300004108;155 673 295;A01;1;10;0;2;3;2;1;
202300004108;155 673 297;B01;1;7;0;2;2;2;1;
202300004109;155 673 294;A01;2;7;0;1;1;1;1;
202300004110;155 673 293;A01;2;7;0;1;1;17;1;
202300004111;155 673 292;A01;2;15;0;1;1;1;0;
202300004112;155 673 290;A01;1;50;0;1;1;17;3;
202300004113;155 673 291;A01;2;7;0;1;3;1;1;
202300004114;155 673 289;A01;1;7;1;0;1;1;1;
202300004115;155 673 288;A01;2;7;0;1;7;1;1;
202300004116;155 673 287;A01;2;7;12;0;0;1;1;
202300004117;155 673 285;A01;1;31;0;2;1;11;1;
202300004117;155 673 286;B01;1;7;0;2;8;15;1;
202300004118;155 673 284;A01;3;7;0;1;1;20;1;
202300004119;155 673 282;A01;0;33;0;2;8;13;1;
202300004119;155 673 283;B01;0;7;0;0;1;1;1;
202300004120;155 673 278;B01;1;1;0;2;2;1;5;
202300004120;155 673 280;A01;2;7;0;2;3;9;6;
202300004121;155 673 279;A01;2;7;0;1;3;1;0;
202300004122;155 673 277;A01;1;7;0;2;2;9;1;
202300004122;155 673 281;B01;2;7;0;2;7;1;1;
202300004123;155 673 275;B01;2;7;0;2;3;1;1;
202300004123;155 673 276;A01;1;7;0;2;3;5;1;
202300004124;155 673 273;A01;3;7;0;1;1;1;1;
202300004125;155 673 272;A01;1;7;2;0;2;14;1;
202300004126;155 673 271;B01;0;7;0;2;1;1;1;
202300004126;155 673 274;A01;2;7;8;2;7;1;1;
202300004127;155 673 268;A01;1;7;3;0;9;0;1;
202300004128;155 673 269;A01;0;7;0;0;0;17;1;
202300004128;155 673 270;B01;0;7;0;0;0;0;1;
202300004129;155 673 266;B01;1;1;0;2;1;17;5;
202300004129;155 673 267;A01;1;14;0;2;3;23;1;
202300004130;155 673 265;A01;1;31;0;0;0;0;1;
202300004131;155 673 261;A01;1;15;3;0;8;0;0;
202300004132;155 673 262;A01;2;7;0;2;1;1;1;
202300004132;155 673 264;B01;1;7;0;2;3;0;1;
202300004133;155 673 260;B01;2;1;0;2;1;15;5;
202300004133;155 673 263;A01;1;7;0;2;3;1;3;
202300004134;155 673 258;A01;2;7;0;1;1;1;1;
202300004135;155 673 256;A01;1;7;0;1;2;1;1;
202300004136;155 673 255;B01;1;7;0;2;1;1;0;
202300004136;155 673 257;C01;1;7;0;2;1;1;1;
202300004136;155 673 259;A01;2;7;0;2;1;13;0;
202300004137;155 673 252;A01;1;7;0;2;1;1;1;
202300004137;155 673 253;B01;1;33;0;2;4;23;1;
202300004138;155 673 250;A01;1;7;6;0;3;13;0;
202300004139;155 673 251;A01;1;7;0;2;3;17;1;
202300004139;155 673 254;B01;1;7;0;2;3;1;1;
202300004140;155 673 248;A01;1;7;13;0;2;1;1;
202300004141;155 673 246;B01;2;7;0;2;3;9;1;
202300004141;155 673 249;A01;1;31;0;2;2;1;1;
202300004142;155 673 245;B01;1;7;4;2;6;1;1;
202300004142;155 673 247;A01;1;17;0;2;2;12;1;
202300004143;155 673 243;B01;1;7;0;2;3;1;1;
202300004143;155 673 244;A01;2;7;0;2;3;13;1;
202300004144;155 673 238;A01;1;10;0;2;2;11;1;
202300004144;155 673 241;B01;1;7;0;2;6;1;1;
202300004145;155 673 239;A01;1;7;4;0;1;1;1;
202300004146;155 673 237;B01;1;2;0;2;3;17;1;
202300004146;155 673 240;C01;1;30;0;2;1;2;1;
202300004146;155 673 242;A01;2;30;0;2;3;17;1;
202300004147;155 673 235;B01;1;7;0;2;8;1;1;
202300004147;155 673 236;A01;1;17;0;2;2;12;1;
202300004148;155 673 233;A01;1;7;0;0;0;1;1;
202300004149;155 673 232;A01;1;7;0;2;7;12;1;
202300004149;155 673 234;B01;1;34;0;2;8;3;1;
202300004150;155 673 230;A01;1;7;0;2;1;1;1;
202300004150;155 673 231;B01;1;7;0;2;4;1;1;
202300004151;155 673 229;A01;1;7;0;1;2;1;1;
202300004152;155 673 227;A01;2;33;0;2;2;3;1;
202300004152;155 673 228;B01;2;7;0;2;3;11;3;
202300004153;155 673 224;B01;2;7;0;2;4;1;1;
202300004153;155 673 226;A01;2;7;0;2;1;1;1;
202300004154;155 673 223;B01;1;32;0;2;1;0;1;
202300004154;155 673 225;A01;1;7;0;2;8;15;1;
202300004155;155 673 220;B01;2;7;0;2;5;2;1;
202300004155;155 673 222;A01;2;7;0;2;3;2;1;
202300004156;155 673 221;A01;1;7;4;0;8;13;1;
202300004157;155 673 218;B01;2;33;0;2;8;7;1;
202300004157;155 673 219;A01;2;7;0;2;0;9;1;
202300004158;155 673 214;A01;2;7;0;2;1;1;1;
202300004158;155 673 217;B01;1;7;0;2;4;1;3;
202300004159;155 673 212;A01;1;7;3;0;2;26;1;
202300004160;155 673 211;A01;1;7;0;2;1;1;1;
202300004160;155 673 213;B01;1;7;3;2;4;1;1;
202300004160;155 673 216;C01;1;7;0;2;6;1;1;
202300004161;155 673 210;A01;2;10;0;2;7;9;1;
202300004161;155 673 215;B01;1;7;0;2;1;1;1;
202300004162;155 673 208;A01;2;7;0;2;1;2;1;
202300004162;155 673 209;B01;2;7;0;2;4;2;3;
202300004163;155 673 203;A01;2;7;4;0;3;11;1;
202300004164;155 673 201;B01;2;7;0;2;4;1;1;
202300004164;155 673 204;C01;2;7;0;2;7;0;1;
202300004164;155 673 206;A01;2;33;0;2;8;1;1;
202300004165;155 673 202;A01;2;43;0;0;0;26;1;
202300004165;155 673 205;B01;2;7;0;0;0;26;1;
202300004165;155 673 207;C01;2;7;0;0;0;26;1;
202300004166;155 673 197;A01;2;7;0;2;4;2;1;
202300004166;155 673 199;B01;2;7;0;2;1;2;1;
202300004166;155 673 200;C01;2;7;0;2;6;1;1;
202300004167;155 673 195;A01;1;2;0;2;1;1;1;
202300004167;155 673 198;B01;3;2;5;2;4;23;1;
202300004168;155 673 194;A01;2;17;0;2;2;12;1;
202300004168;155 673 196;B01;2;7;4;2;6;1;1;
202300004169;155 673 192;B01;1;33;0;2;4;2;1;
202300004169;155 673 193;A01;1;7;0;2;1;1;1;
202300004170;155 673 187;B01;2;10;0;2;0;0;0;
202300004170;155 673 191;A01;2;7;0;2;1;1;1;
202300004171;155 673 185;A01;0;7;0;2;1;1;1;
202300004171;155 673 189;C01;0;7;0;2;4;1;1;
202300004171;155 673 190;B01;0;7;0;2;4;1;1;
202300004172;155 673 184;C01;2;7;0;2;4;2;1;
202300004172;155 673 186;B01;2;7;0;2;1;2;1;
202300004172;155 673 188;A01;2;7;0;2;1;2;1;
202300004173;155 673 180;A01;1;7;0;1;2;16;1;
202300004174;155 673 179;A01;2;31;0;2;1;3;1;
202300004174;155 673 182;B01;1;7;0;2;3;15;1;
202300004175;155 673 178;B01;2;7;0;2;1;1;1;
202300004175;155 673 181;C01;2;10;0;2;4;1;1;
202300004175;155 673 183;A01;2;7;0;2;3;13;1;
202300004176;155 673 177;A01;1;7;0;1;1;20;1;
202300004177;155 673 175;B01;2;1;0;2;1;1;5;
202300004177;155 673 176;A01;1;7;0;2;2;15;1;
202300004178;155 673 173;A01;2;7;3;2;1;17;1;
202300004178;155 673 174;B01;2;10;3;0;6;26;1;
202300004179;155 673 172;A01;1;7;1;1;1;17;1;
202300004180;155 673 170;A01;1;0;0;1;0;0;0;
202300004181;155 673 168;A01;2;32;12;2;8;1;1;
202300004181;155 673 171;B01;1;7;0;2;1;1;1;
202300004182;155 673 167;B01;3;7;0;2;1;1;1;
202300004182;155 673 169;A01;3;0;0;2;0;0;0;
202300004183;155 673 165;A01;1;7;15;9;2;13;1;
202300004183;155 673 166;B01;1;1;0;0;7;19;5;
202300004184;155 673 164;A01;1;7;0;1;1;1;1;
202300004185;155 673 163;A01;1;10;1;1;2;24;1;
202300004186;155 673 161;A01;3;36;0;2;1;26;3;
202300004187;155 673 160;A01;2;2;0;2;1;1;1;
202300004187;155 673 162;B01;2;7;0;2;4;23;-1;
202300004188;155 673 159;A01;3;50;0;1;1;1;3;
202300004189;155 673 156;A01;1;7;0;1;2;16;1;
202300004190;155 673 158;A01;2;33;0;0;7;16;1;
202300004191;155 673 155;A01;2;7;0;2;5;15;1;
202300004191;155 673 157;B01;1;7;0;2;3;1;1;
202300004192;155 673 153;A01;2;7;0;1;1;1;1;
202300004193;155 673 152;A01;2;7;0;1;3;1;1;
202300004194;155 673 150;A01;1;10;8;1;3;24;1;
202300004195;155 673 151;B01;1;7;0;2;3;1;1;
202300004195;155 673 154;A01;2;7;0;2;1;19;1;
202300004196;155 673 144;A01;2;7;0;2;1;2;0;
202300004196;155 673 146;C01;2;7;0;2;4;2;0;
202300004196;155 673 148;B01;2;7;0;2;4;2;0;
202300004197;155 673 147;A01;3;7;0;2;2;19;1;
202300004197;155 673 149;B01;1;31;0;2;8;1;1;
202300004198;155 673 145;A01;3;30;14;0;3;26;1;
202300004199;155 673 143;A01;2;7;0;1;2;26;1;
202300004200;155 673 141;B01;0;1;0;2;0;19;5;
202300004200;155 673 142;A01;0;7;0;2;1;1;1;
202300004201;155 673 140;A01;1;7;3;0;0;26;1;
202300004202;155 673 138;A01;1;7;0;1;2;1;1;
202300004203;155 673 135;A01;3;7;0;1;0;26;-1;
202300004204;155 673 136;A01;1;30;0;0;7;16;1;
202300004205;155 673 134;A01;1;50;0;1;7;21;3;
202300004206;155 673 131;A01;1;31;0;2;4;1;0;
202300004206;155 673 133;B01;1;2;14;0;1;1;1;
202300004207;155 673 130;A01;1;7;6;2;1;1;1;
202300004207;155 673 132;B01;1;7;6;2;6;1;1;
202300004208;155 673 129;A01;0;7;0;1;0;0;1;
202300004209;155 673 127;A01;1;33;0;2;1;2;1;
202300004209;155 673 128;B01;1;7;0;2;5;23;1;
202300004210;155 673 124;B01;1;7;0;2;2;16;3;
202300004210;155 673 125;A01;2;1;0;2;6;1;5;
202300004211;155 673 121;A01;1;7;0;2;1;2;1;
202300004211;155 673 122;B01;1;7;0;2;4;2;1;
202300004212;155 673 123;A01;2;33;0;2;7;17;1;
202300004212;155 673 126;B01;2;7;0;2;8;15;1;
202300004213;155 673 118;A01;1;50;0;2;1;1;3;
202300004213;155 673 120;B01;1;7;0;2;2;1;1;
202300004214;155 673 117;B01;1;7;0;2;2;26;1;
202300004214;155 673 119;A01;1;30;0;2;2;18;3;
202300004215;155 673 113;A01;2;30;12;0;7;0;1;
202300004216;155 673 112;A01;1;33;0;2;3;26;1;
202300004216;155 673 114;B01;1;7;0;2;3;15;1;
202300004217;155 673 111;Z01;1;7;0;9;0;26;1;
202300004217;155 673 115;A01;2;7;0;2;1;21;1;
202300004217;155 673 116;B01;2;7;0;2;4;1;1;