Num_Acc;id_vehicule;num_veh;senc;catv;obs;obsm;choc;manv;motor;occutc
202300004218;155 673 110;A01;2;50;1;0;3;21;3;
202300004219;155 673 108;A01;2;7;0;2;3;5;2;
202300004219;155 673 109;B01;1;7;0;2;1;1;1;
202300004220;155 673 103;A01;1;7;0;2;3;15;1;
202300004220;155 673 106;B01;1;2;0;2;1;3;1;
202300004221;155 673 102;A01;1;38;0;2;3;13;1;1
202300004221;155 673 105;B01;1;7;0;2;7;1;2;
202300004222;155 673 101;B01;2;7;0;2;1;5;0;
202300004222;155 673 104;C01;1;10;0;2;0;0;0;
202300004222;155 673 107;A01;1;7;0;2;1;0;1;
202300004223;155 673 100;A01;1;7;0;1;1;1;1;
202300004224;155 673 099;A01;3;50;0;1;1;26;3;
202300004225;155 673 096;A01;1;7;12;2;8;1;1;
202300004225;155 673 098;B01;2;7;0;2;1;15;1;
202300004226;155 673 095;A01;1;7;0;2;1;26;1;
202300004226;155 673 097;B01;1;7;0;2;4;0;1;
202300004227;155 673 092;A01;3;50;0;2;6;26;3;
202300004227;155 673 094;B01;3;7;0;9;2;1;1;
202300004228;155 673 093;A01;2;33;0;1;1;2;1;
202300004229;155 673 086;Z01;1;7;0;2;1;2;0;
202300004229;155 673 088;B01;1;3;0;2;4;2;1;
202300004229;155 673 090;C01;1;7;0;2;4;2;1;
202300004230;155 673 087;A01;3;7;8;0;1;1;1;
202300004231;155 673 084;A01;3;7;6;0;1;14;1;
202300004232;155 673 083;A01;3;7;0;1;1;1;0;
202300004233;155 673 082;C01;1;7;14;0;1;1;1;
202300004233;155 673 085;A01;1;7;0;2;1;1;1;
202300004233;155 673 089;B01;1;7;14;0;4;23;1;
202300004234;155 673 080;A01;1;10;0;2;2;1;1;
202300004234;155 673 081;B01;1;1;0;2;1;1;5;
202300004235;155 673 079;B01;1;7;3;0;3;21;1;
202300004236;155 673 076;A01;1;7;0;2;1;2;1;
202300004236;155 673 078;B01;1;2;0;2;4;2;1;
202300004237;155 673 077;Z01;3;0;0;1;1;1;0;
202300004238;155 673 075;A01;3;7;0;1;8;15;1;
202300004239;155 673 072;A01;1;7;0;2;2;13;1;
202300004239;155 673 074;B01;2;7;0;2;2;1;2;
202300004240;155 673 069;B01;2;7;0;2;4;1;1;
202300004240;155 673 070;A01;2;7;0;2;1;1;1;
202300004240;155 673 073;C01;2;7;0;2;4;1;1;
202300004241;155 673 067;A01;1;7;0;2;2;1;1;
202300004241;155 673 071;B01;2;7;0;2;3;15;1;
202300004242;155 673 065;A01;1;7;0;2;5;16;1;
202300004242;155 673 068;B01;1;1;0;2;1;1;5;
202300004243;155 673 064;A01;1;50;0;2;1;1;3;
202300004243;155 673 066;B01;2;7;0;2;5;0;1;
202300004244;155 673 063;A01;2;7;9;1;1;26;0;
202300004245;155 673 062;A01;1;31;0;1;3;1;1;
202300004246;155 673 059;A01;2;31;12;0;0;16;1;
202300004247;155 673 057;A01;2;7;0;1;2;2;1;
202300004248;155 673 056;B01;2;7;0;2;6;1;1;
202300004248;155 673 058;A01;0;1;0;2;1;1;5;
202300004249;155 673 060;A01;3;7;0;2;1;1;1;
202300004249;155 673 061;B01;3;7;0;2;1;1;1;
202300004250;155 673 055;A01;1;33;16;2;0;1;0;
202300004251;155 673 052;B01;1;1;0;2;3;26;5;
202300004251;155 673 054;A01;1;7;0;2;2;26;1;
202300004252;155 673 051;A01;1;7;4;0;1;1;1;
202300004253;155 673 048;A01;3;7;4;0;1;2;3;
202300004253;155 673 053;B01;3;7;4;0;9;2;1;
202300004254;155 673 046;A01;2;7;9;0;5;1;1;
202300004255;155 673 049;B01;3;37;0;2;3;1;1;1
202300004255;155 673 050;A01;3;7;0;2;1;13;1;
202300004256;155 673 044;A01;3;7;0;2;2;15;1;
202300004256;155 673 047;B01;3;33;0;2;1;1;1;
202300004257;155 673 043;B01;1;7;0;2;1;1;1;
202300004257;155 673 045;A01;1;7;0;2;1;1;1;
202300004258;155 673 042;A01;1;7;13;0;1;1;1;
202300004259;155 673 039;A01;1;7;0;1;1;1;1;
202300004260;155 673 037;A01;1;1;0;2;1;1;5;
202300004260;155 673 041;B01;1;7;0;2;2;1;1;
202300004261;155 673 036;A01;0;7;0;2;6;1;1;
202300004261;155 673 038;B01;1;33;0;2;1;21;1;
202300004262;155 673 040;A01;3;7;8;0;2;16;1;
202300004263;155 673 035;A01;1;7;7;0;2;21;1;
202300004264;155 673 032;B01;1;7;0;2;6;2;1;
202300004264;155 673 034;A01;1;2;0;2;1;2;3;
202300004265;155 673 030;B01;3;2;0;2;1;2;1;
202300004265;155 673 033;A01;3;7;0;2;3;15;1;
202300004266;155 673 029;B01;2;7;0;0;0;15;1;
202300004266;155 673 031;A01;1;33;0;0;0;21;1;
202300004267;155 673 025;A01;1;7;0;2;8;22;1;
202300004267;155 673 026;B01;1;80;1;0;1;1;3;
202300004268;155 673 022;A01;2;10;0;2;1;1;1;
202300004268;155 673 024;B01;2;7;0;2;4;1;1;
202300004268;155 673 027;C01;2;7;0;2;4;1;1;
202300004269;155 673 021;B01;3;7;0;2;1;1;1;
202300004269;155 673 023;A01;3;7;0;2;1;5;1;
202300004270;155 673 017;A01;2;7;0;2;8;22;1;
202300004270;155 673 019;B01;2;1;1;0;2;1;5;
202300004271;155 673 020;B01;3;2;0;2;1;2;1;
202300004271;155 673 028;A01;3;7;0;2;5;15;1;
202300004272;155 673 012;C01;2;7;0;2;1;2;1;
202300004272;155 673 014;B01;2;7;0;2;4;1;1;
202300004272;155 673 016;A01;2;7;0;2;1;12;1;
202300004272;155 673 018;D01;2;7;0;2;1;1;1;
202300004273;155 673 013;B01;3;7;0;2;3;1;1;
202300004273;155 673 015;A01;3;7;0;2;5;15;1;
202300004274;155 673 010;A01;1;7;0;2;5;13;1;
202300004274;155 673 011;B01;1;43;0;2;3;1;1;
202300004275;155 673 009;A01;2;7;0;1;1;2;1;
202300004276;155 673 006;A01;1;7;0;2;3;11;1;
202300004276;155 673 007;B01;1;2;0;2;1;1;1;
202300004277;155 673 004;A01;2;7;0;2;2;15;1;
202300004277;155 673 005;B01;2;1;0;2;8;1;5;
202300004278;155 673 001;A01;2;7;4;0;8;12;1;
202300004279;155 673 003;A01;3;3;0;1;2;16;1;
202300004280;155 673 000;A01;1;7;0;2;2;1;1;
202300004280;155 673 002;B01;1;1;0;2;1;19;5;
202300004281;155 672 998;A01;0;32;0;2;2;1;1;
202300004281;155 672 999;B01;3;7;0;2;2;15;1;
202300004282;155 672 995;B01;1;31;0;2;7;1;1;
202300004282;155 672 997;A01;1;33;0;2;8;13;1;
202300004283;155 672 993;B01;2;7;0;2;2;1;1;
202300004283;155 672 996;A01;1;7;0;2;1;16;1;
202300004284;155 672 991;A01;1;50;0;2;8;19;3;
202300004284;155 672 994;B01;1;7;0;2;1;1;1;
202300004285;155 672 992;Z01;3;1;9;1;1;0;5;
202300004286;155 672 988;B01;1;7;0;2;5;2;1;
202300004286;155 672 989;C01;1;7;0;2;5;2;1;
202300004286;155 672 990;A01;1;7;4;2;3;2;1;
202300004287;155 672 984;A01;2;7;0;2;1;13;1;
202300004288;155 672 983;C01;3;7;0;2;1;1;1;
202300004288;155 672 986;B01;3;7;0;2;3;2;1;
202300004288;155 672 987;A01;3;33;0;2;7;12;1;
202300004289;155 672 982;A01;1;7;0;2;7;15;1;
202300004289;155 672 985;B01;1;31;0;2;1;1;1;
202300004290;155 672 979;A01;1;32;0;1;0;0;0;
202300004291;155 672 981;A01;3;7;2;0;5;15;1;
202300004292;155 672 977;B01;1;7;0;2;2;0;1;
202300004292;155 672 980;A01;0;7;0;2;2;1;1;
202300004293;155 672 975;A01;2;7;1;0;3;14;1;
202300004294;155 672 976;B01;1;32;0;2;1;1;1;
202300004294;155 672 978;A01;2;1;0;2;8;19;5;
202300004295;155 672 971;A01;1;7;0;1;2;1;1;
202300004296;155 672 970;B01;1;7;0;2;2;1;1;
202300004296;155 672 974;A01;1;7;0;2;6;15;1;
202300004297;155 672 968;A01;1;7;0;2;8;15;1;
202300004297;155 672 972;B01;1;30;0;2;0;17;1;
202300004298;155 672 969;B01;1;17;0;2;2;16;1;
202300004298;155 672 973;A01;3;1;0;2;8;19;5;
202300004299;155 672 967;A01;3;31;0;1;1;1;1;
202300004300;155 672 963;A01;1;1;0;2;2;1;5;
202300004300;155 672 965;B01;0;60;0;2;1;21;5;
202300004301;155 672 966;A01;1;43;1;0;2;14;1;
202300004302;155 672 962;B01;3;1;0;2;1;2;5;
202300004302;155 672 964;A01;1;7;0;2;3;15;1;
202300004303;155 672 958;A01;0;7;0;2;3;15;1;
202300004303;155 672 960;B01;0;33;0;2;1;17;1;
202300004304;155 672 953;A01;1;7;0;2;3;9;3;
202300004304;155 672 956;B01;1;2;0;2;5;14;1;
202300004305;155 672 954;A01;2;33;0;2;1;17;1;
202300004305;155 672 957;B01;2;7;0;2;3;15;2;
202300004305;155 672 959;C01;1;7;0;2;4;1;3;
202300004306;155 672 952;B01;2;7;0;2;4;1;1;
202300004306;155 672 955;A01;2;7;0;2;1;2;1;
202300004307;155 672 951;A01;3;7;14;0;1;1;1;
202300004308;155 672 950;A01;3;30;0;0;0;1;0;
202300004309;155 672 948;A01;1;10;13;0;2;1;1;
202300004310;155 672 947;A01;3;37;0;1;8;7;0;1
202300004311;155 672 946;A01;1;7;0;1;1;1;1;
202300004312;155 672 945;A01;1;7;0;1;1;13;1;
202300004313;155 672 942;B01;1;50;0;2;7;1;3;
202300004313;155 672 944;A01;1;50;0;2;8;13;3;
202300004314;155 672 940;A01;1;50;0;1;1;1;3;
202300004315;155 672 939;B01;3;7;0;2;1;1;1;
202300004315;155 672 943;A01;-1;7;0;2;1;5;1;
202300004316;155 672 938;A01;1;7;0;2;1;2;1;
202300004316;155 672 941;B01;1;7;0;2;4;2;1;
202300004317;155 672 935;A01;3;7;1;-1;1;14;1;
202300004318;155 672 937;A01;1;80;0;1;7;1;3;
202300004319;155 672 933;A01;2;7;0;2;4;2;4;
202300004319;155 672 936;B01;2;7;0;2;1;1;4;
202300004320;155 672 929;A01;1;7;0;2;6;15;1;
202300004320;155 672 932;B01;1;43;0;2;1;1;1;
202300004321;155 672 928;A01;2;7;0;2;5;10;0;
202300004321;155 672 931;B01;1;33;0;2;1;1;0;
202300004322;155 672 926;A01;2;7;0;2;1;9;1;
202300004322;155 672 930;B01;2;1;0;2;7;1;5;
202300004323;155 672 924;A01;0;7;13;0;9;1;1;
202300004324;155 672 921;A01;3;32;0;2;2;15;0;
202300004324;155 672 922;B01;3;7;0;2;1;1;0;
202300004325;155 672 920;B01;0;0;0;1;0;0;0;
202300004326;155 672 919;A01;0;7;0;1;1;1;1;
202300004327;155 672 915;A01;1;7;0;9;3;1;1;
202300004327;155 672 918;B01;1;1;0;2;0;1;5;
202300004328;155 672 916;B01;0;1;1;2;8;2;5;
202300004328;155 672 917;A01;0;7;1;2;2;17;1;
202300004329;155 672 912;B01;1;7;0;2;8;15;1;
202300004329;155 672 914;A01;1;34;0;2;2;17;1;
202300004330;155 672 911;Z01;1;7;0;0;0;0;0;
202300004330;155 672 913;A01;1;1;0;2;0;0;5;
202300004331;155 672 910;A01;3;7;6;0;1;1;1;
202300004332;155 672 909;A01;2;7;0;1;8;16;0;
202300004333;155 672 907;A01;1;7;0;2;1;15;1;
202300004333;155 672 908;B01;1;37;0;2;3;1;1;1
202300004334;155 672 904;A01;1;30;0;0;0;26;1;
202300004335;155 672 902;A01;3;32;0;2;3;9;1;
202300004335;155 672 906;B01;3;7;0;2;2;1;1;
202300004336;155 672 901;B01;1;10;0;2;2;0;0;
202300004336;155 672 905;A01;3;30;0;2;1;0;1;
202300004337;155 672 900;B01;2;2;0;2;4;17;1;
202300004337;155 672 903;Z01;2;7;0;2;1;17;1;
202300004338;155 672 897;A01;1;34;8;0;1;13;1;
202300004339;155 672 896;A01;1;31;1;1;1;17;1;
202300004340;155 672 894;A01;1;7;0;2;3;15;1;
202300004340;155 672 898;B01;1;32;0;2;8;26;1;
202300004341;155 672 892;A01;3;7;0;2;1;13;1;
202300004341;155 672 893;B01;3;7;0;2;1;1;1;
202300004342;155 672 895;B01;0;7;0;2;4;23;1;
202300004342;155 672 899;A01;3;30;0;2;1;2;1;
202300004343;155 672 891;A01;3;7;8;0;9;1;1;
202300004344;155 672 890;A01;0;0;0;1;0;1;0;
202300004345;155 672 884;A01;3;7;0;2;6;4;1;
202300004345;155 672 887;B01;3;7;0;2;5;1;1;
202300004346;155 672 883;B01;1;7;0;2;7;1;1;
202300004346;155 672 886;A01;1;7;0;2;3;26;1;
202300004347;155 672 882;B01;3;50;0;2;8;19;3;
202300004347;155 672 888;C01;3;7;0;2;2;15;1;
202300004347;155 672 889;A01;3;7;0;2;3;15;1;
202300004348;155 672 878;A01;2;7;0;2;3;13;1;
202300004348;155 672 880;B01;2;7;0;2;2;1;1;
202300004349;155 672 881;A01;1;7;0;2;1;5;1;
202300004349;155 672 885;B01;1;7;0;2;1;1;1;
202300004350;155 672 879;A01;1;43;0;1;1;1;1;
202300004351;155 672 877;A01;1;14;0;1;1;5;1;
202300004352;155 672 874;A01;2;7;0;2;7;17;1;
202300004352;155 672 876;B01;2;1;0;2;8;1;5;
202300004353;155 672 873;A01;2;7;0;1;2;15;1;
202300004354;155 672 871;A01;0;50;0;2;1;2;3;
202300004354;155 672 875;B01;0;7;0;2;4;1;1;
202300004355;155 672 869;B01;1;7;0;2;3;1;1;
202300004355;155 672 872;A01;2;7;0;2;1;13;1;
202300004356;155 672 864;A01;1;33;0;2;1;3;1;
202300004356;155 672 867;B01;1;7;0;2;0;13;1;
202300004356;155 672 870;C01;1;7;0;2;2;1;1;
202300004357;155 672 865;B01;3;60;0;2;1;1;5;
202300004357;155 672 868;A01;1;32;0;2;0;26;1;
202300004358;155 672 861;A01;0;7;0;2;8;0;1;
202300004358;155 672 863;B01;1;1;0;2;1;1;5;
202300004359;155 672 859;A01;1;7;1;0;2;0;1;
202300004360;155 672 860;A01;3;7;0;2;1;15;1;
202300004360;155 672 866;B01;3;33;0;2;1;1;1;
202300004361;155 672 858;A01;1;42;0;2;1;2;1;
202300004361;155 672 862;B01;1;7;0;2;6;2;1;
202300004362;155 672 854;A01;0;7;0;2;1;1;1;
202300004362;155 672 857;B01;0;1;0;2;7;19;5;
202300004363;155 672 851;A01;1;7;0;2;7;16;1;
202300004363;155 672 852;B01;1;34;0;2;8;18;1;
202300004364;155 672 853;A01;0;33;0;0;0;0;0;
202300004364;155 672 856;B01;0;1;0;0;0;0;5;
202300004365;155 672 850;A01;1;7;0;2;4;2;1;
202300004365;155 672 855;Z01;1;7;0;2;1;2;1;
202300004366;155 672 848;A01;3;50;0;1;1;2;3;
202300004367;155 672 846;A01;1;37;0;0;5;23;0;1
202300004368;155 672 844;A01;3;7;9;0;3;26;1;
202300004369;155 672 841;A01;2;7;0;2;8;11;1;
202300004369;155 672 843;B01;2;31;0;2;7;3;1;
202300004370;155 672 839;A01;1;3;0;2;7;17;1;
202300004370;155 672 840;B01;1;7;0;2;8;1;3;
202300004371;155 672 838;B01;3;99;8;2;2;2;1;
202300004371;155 672 842;A01;3;32;8;9;4;26;1;
202300004372;155 672 835;A01;3;7;0;1;4;4;1;
202300004373;155 672 834;A01;1;7;0;2;6;15;1;
202300004373;155 672 837;B01;1;33;1;0;1;17;1;
202300004374;155 672 832;B01;1;7;8;2;2;5;1;
202300004374;155 672 836;A01;1;37;0;2;1;10;1;6
202300004375;155 672 831;B01;3;2;0;2;1;23;0;
202300004375;155 672 833;A01;3;10;0;2;4;4;0;
202300004376;155 672 826;B01;3;80;0;2;0;0;3;
202300004376;155 672 829;A01;3;7;0;2;2;16;1;
202300004377;155 672 825;A01;3;7;0;2;3;26;2;
202300004377;155 672 828;B01;2;33;0;2;1;1;1;
202300004378;155 672 827;A01;2;30;0;1;1;16;1;
202300004379;155 672 824;A01;2;7;0;2;3;5;1;
202300004379;155 672 830;B01;0;7;0;2;1;1;1;
202300004380;155 672 821;A01;2;7;0;2;3;15;1;
202300004380;155 672 823;B01;2;50;0;2;1;1;3;
202300004381;155 672 822;A01;1;34;9;0;1;2;1;
202300004382;155 672 819;A01;1;33;0;0;8;26;1;
202300004383;155 672 820;A01;1;7;8;0;1;14;1;
202300004384;155 672 814;A01;1;7;0;0;8;26;1;
202300004385;155 672 812;C01;1;7;0;2;1;1;1;
202300004385;155 672 815;B01;2;15;0;2;1;1;1;
202300004385;155 672 816;A01;1;7;0;2;1;5;1;
202300004386;155 672 810;A01;3;1;0;2;1;1;5;
202300004386;155 672 813;B01;3;33;0;2;1;1;1;
202300004387;155 672 809;A01;1;7;1;2;3;9;1;
202300004387;155 672 811;B01;2;7;0;2;1;1;1;
202300004388;155 672 803;B01;3;7;0;2;3;9;1;
202300004388;155 672 807;A01;3;30;0;2;3;1;1;
202300004389;155 672 806;B01;0;7;0;2;1;1;1;
202300004389;155 672 808;A01;0;10;0;2;1;5;1;
202300004390;155 672 804;A01;1;32;12;0;2;13;1;
202300004391;155 672 802;B01;1;7;0;2;1;1;1;
202300004391;155 672 805;A01;1;7;0;2;4;23;1;
202300004392;155 672 799;A01;1;7;0;2;3;13;1;
202300004392;155 672 800;B01;2;7;0;2;3;1;1;
202300004393;155 672 798;A01;1;80;0;2;3;19;3;
202300004393;155 672 801;B01;2;2;0;2;1;17;1;
202300004394;155 672 795;A01;3;7;0;2;2;15;1;
202300004394;155 672 797;B01;3;31;0;2;3;1;1;
202300004395;155 672 796;A01;1;1;0;0;0;1;5;
202300004396;155 672 794;A01;2;7;2;0;1;16;1;
202300004397;155 672 792;A01;1;2;0;2;1;14;1;
202300004397;155 672 793;B01;1;7;0;2;4;9;1;
202300004398;155 672 790;A01;3;7;4;0;2;1;1;
202300004399;155 672 788;A01;1;7;0;2;1;15;1;
202300004399;155 672 791;B01;2;1;12;2;8;1;5;
202300004400;155 672 786;A01;3;10;0;2;3;15;1;
202300004400;155 672 789;B01;3;34;0;2;1;1;1;
202300004401;155 672 784;A01;3;7;0;2;3;9;1;
202300004401;155 672 787;B01;3;1;0;2;1;1;5;
202300004402;155 672 782;A01;2;7;0;1;1;1;1;
202300004403;155 672 783;A01;2;32;0;1;1;1;1;
202300004404;155 672 781;B01;1;7;0;2;2;0;1;
202300004404;155 672 785;A01;1;7;4;2;9;1;1;
202300004405;155 672 779;A01;1;7;11;0;1;1;1;
202300004406;155 672 776;A01;1;7;0;2;3;15;1;
202300004406;155 672 778;B01;1;42;0;2;1;17;0;
202300004407;155 672 777;A01;3;7;0;2;2;19;1;
202300004407;155 672 780;B01;3;2;0;2;1;1;1;
202300004408;155 672 774;A01;1;7;0;0;1;13;1;
202300004409;155 672 771;A01;2;50;0;1;1;2;3;
202300004410;155 672 773;A01;0;7;0;2;3;15;1;
202300004410;155 672 775;B01;0;2;0;0;0;0;1;
202300004411;155 672 770;A01;1;7;0;2;6;15;1;
202300004411;155 672 772;B01;1;2;0;2;1;1;1;
202300004412;155 672 767;A01;2;33;0;2;1;1;1;
202300004412;155 672 769;B01;1;7;0;2;1;23;1;
202300004413;155 672 766;A01;0;7;0;1;1;2;0;
202300004414;155 672 765;B01;3;7;0;2;1;26;3;
202300004414;155 672 768;A01;3;7;0;2;1;13;1;
202300004415;155 672 764;A01;3;1;0;0;0;0;5;
202300004416;155 672 763;A01;2;7;8;1;3;1;1;
202300004417;155 672 760;A01;3;10;0;2;1;1;1;
202300004417;155 672 762;B01;1;7;0;2;2;15;0;
202300004418;155 672 759;B01;1;7;0;2;2;1;1;
202300004418;155 672 761;A01;3;7;0;2;3;16;1;
202300004419;155 672 756;A01;3;7;0;2;3;13;1;
202300004419;155 672 758;B01;3;7;0;2;3;1;1;
202300004420;155 672 754;A01;3;7;0;2;7;16;1;
202300004420;155 672 757;B01;3;50;0;2;1;19;3;
202300004421;155 672 753;A01;1;7;0;2;3;13;1;
202300004421;155 672 755;B01;2;7;0;0;3;1;1;
202300004422;155 672 751;B01;3;2;0;2;7;2;1;
202300004422;155 672 752;A01;3;7;0;2;3;9;1;
202300004423;155 672 750;A01;2;7;3;0;7;14;1;
202300004424;155 672 748;A01;2;1;0;0;8;1;5;
202300004425;155 672 746;A01;1;7;0;0;0;1;1;
202300004425;155 672 747;B01;1;33;0;0;0;17;1;
202300004426;155 672 745;B01;3;7;0;2;1;1;1;
202300004426;155 672 749;A01;3;7;0;2;7;1;1;
202300004427;155 672 743;A01;1;13;0;2;4;2;1;
202300004427;155 672 744;B01;1;7;0;2;1;2;1;
202300004428;155 672 741;A01;1;7;0;1;1;1;1;
202300004429;155 672 739;A01;1;7;0;2;4;10;1;
202300004429;155 672 742;B01;2;32;0;2;1;2;1;
202300004430;155 672 738;A01;3;32;0;2;1;1;3;
202300004430;155 672 740;B01;3;7;0;2;4;1;1;
202300004431;155 672 737;A01;0;7;8;0;1;1;1;
202300004432;155 672 734;B01;1;7;0;2;1;2;1;
202300004432;155 672 736;A01;1;7;0;2;4;23;1;
202300004433;155 672 732;B01;3;50;0;2;1;1;3;
202300004433;155 672 735;A01;3;7;0;2;2;1;1;
202300004434;155 672 730;A01;1;7;0;1;1;1;1;
202300004435;155 672 729;C01;1;7;0;0;1;1;1;
202300004435;155 672 731;A01;1;7;0;0;1;13;0;
202300004435;155 672 733;B01;1;7;0;0;3;1;1;
202300004436;155 672 726;A01;1;7;0;1;3;1;1;
202300004437;155 672 728;A01;1;7;0;1;1;1;1;
202300004438;155 672 725;B01;2;7;0;2;1;1;0;
202300004438;155 672 727;A01;1;2;0;2;1;5;0;
202300004439;155 672 721;B01;2;1;0;2;1;2;5;
202300004439;155 672 724;A01;2;7;0;9;4;0;1;
202300004440;155 672 720;B01;2;33;0;2;1;1;1;
202300004440;155 672 723;A01;1;7;0;2;7;15;1;
202300004441;155 672 719;A01;1;10;12;0;6;23;1;
202300004441;155 672 722;B01;1;10;0;2;2;0;1;
202300004442;155 672 716;B01;2;2;0;2;1;1;3;
202300004442;155 672 717;A01;1;7;0;2;3;15;1;
202300004443;155 672 715;A01;1;7;0;1;2;1;1;
202300004444;155 672 711;A01;3;7;16;0;1;21;1;
202300004445;155 672 710;A01;0;7;0;2;3;16;1;
202300004445;155 672 712;B01;0;32;0;2;8;1;1;
202300004446;155 672 705;B01;2;15;0;2;8;19;1;
202300004446;155 672 707;A01;2;7;0;2;8;1;1;
202300004447;155 672 704;A01;1;7;0;2;2;16;1;
202300004447;155 672 706;B01;1;80;0;2;8;1;3;
202300004448;155 672 698;B01;3;7;0;2;2;1;1;
202300004448;155 672 701;A01;3;7;0;2;2;5;1;
202300004449;155 672 697;C01;2;99;0;2;0;2;1;
202300004449;155 672 699;A01;2;7;0;2;1;2;1;
202300004449;155 672 702;B01;2;33;0;2;4;2;1;
202300004450;155 672 695;A01;1;7;2;0;1;0;1;
202300004451;155 672 692;B01;1;2;0;2;4;2;1;
202300004451;155 672 694;A01;1;10;0;2;1;2;1;
202300004452;155 672 691;A01;2;1;0;9;1;1;5;
202300004453;155 672 687;B01;1;32;0;2;7;1;1;
202300004453;155 672 689;A01;2;7;0;2;2;9;1;
202300004454;155 672 684;B01;1;7;0;2;3;21;1;
202300004454;155 672 688;A01;2;7;0;2;3;21;0;
202300004455;155 672 685;A01;2;30;0;2;1;2;1;
202300004455;155 672 686;B01;1;7;0;2;4;2;1;
202300004456;155 672 682;B01;1;31;0;2;1;1;1;
202300004456;155 672 683;A01;2;7;0;2;5;15;1;
202300004457;155 672 678;B01;2;7;0;2;7;13;1;
202300004457;155 672 680;A01;1;7;0;2;1;1;3;
202300004458;155 672 679;A01;1;7;0;2;6;13;2;
202300004458;155 672 681;B01;1;33;0;2;2;1;1;
202300004459;155 672 675;B01;1;33;0;2;2;2;0;
202300004459;155 672 676;A01;1;7;0;2;8;10;1;
202300004460;155 672 674;A01;2;1;0;2;0;15;5;
202300004460;155 672 677;B01;2;7;0;2;3;2;3;
202300004461;155 672 673;A01;2;7;0;6;2;1;1;
202300004462;155 672 670;A01;1;33;0;2;1;17;1;
202300004462;155 672 672;B01;1;7;0;2;6;15;1;
202300004463;155 672 666;A01;1;36;0;2;5;1;1;
202300004463;155 672 669;B01;2;7;0;2;1;15;1;
202300004464;155 672 663;A01;2;7;0;2;3;9;1;
202300004464;155 672 667;B01;1;2;0;2;1;1;1;
202300004465;155 672 662;A01;1;7;0;2;1;1;1;
202300004465;155 672 665;C01;2;99;1;2;1;5;1;
202300004466;155 672 657;A01;2;7;1;0;3;13;1;
202300004467;155 672 655;C01;2;33;0;2;4;1;1;
202300004467;155 672 659;A01;2;10;0;2;1;2;1;
202300004467;155 672 661;B01;2;10;0;2;5;1;1;
202300004467;155 672 664;D01;2;10;0;2;5;0;1;
202300004468;155 672 650;A01;2;7;0;1;1;1;1;
202300004469;155 672 651;B01;1;80;0;2;1;19;3;
202300004469;155 672 653;A01;1;14;0;2;0;16;1;
202300004470;155 672 647;A01;0;7;0;0;1;0;1;
202300004471;155 672 645;A01;2;7;0;2;1;15;1;
202300004471;155 672 646;B01;1;30;0;2;8;1;1;
202300004472;155 672 644;B01;1;7;0;2;3;1;1;
202300004472;155 672 648;A01;3;7;0;2;2;19;0;
202300004473;155 672 643;A01;3;7;0;1;8;1;1;
202300004474;155 672 640;B01;3;7;0;2;1;5;1;
202300004474;155 672 642;A01;3;10;0;2;1;5;1;
202300004475;155 672 639;B01;1;31;0;2;2;3;1;
202300004475;155 672 641;A01;2;10;0;2;1;0;1;
202300004476;155 672 637;A01;3;7;0;1;2;1;1;
202300004477;155 672 636;B01;1;7;0;2;3;1;0;
202300004477;155 672 638;A01;2;33;0;2;8;13;1;
202300004478;155 672 634;A01;2;7;4;0;9;6;1;
202300004479;155 672 635;A01;1;7;17;0;2;14;1;
202300004480;155 672 633;A01;0;7;0;1;1;1;1;
202300004481;155 672 629;B01;1;50;0;2;1;2;3;
202300004481;155 672 631;A01;1;7;0;2;7;20;1;
202300004482;155 672 630;A01;1;7;0;2;2;15;1;
202300004482;155 672 632;B01;2;33;0;2;1;1;1;
202300004483;155 672 627;A01;2;7;2;0;1;1;1;
202300004484;155 672 625;A01;3;7;0;2;1;1;0;
202300004484;155 672 628;B01;3;50;0;2;8;0;3;
202300004485;155 672 624;Z01;0;7;0;2;5;17;1;
202300004485;155 672 626;A01;1;34;8;2;5;1;1;
202300004486;155 672 620;B01;1;2;0;2;7;9;1;
202300004486;155 672 623;A01;2;7;0;2;3;9;1;
202300004487;155 672 621;A01;2;7;2;0;7;1;1;
202300004488;155 672 619;A01;1;7;8;0;1;2;1;
202300004489;155 672 614;A01;1;10;0;2;3;15;1;
202300004489;155 672 616;B01;2;7;0;0;3;1;1;
202300004490;155 672 612;A01;1;2;0;2;8;15;1;
202300004490;155 672 617;B01;1;7;8;2;7;1;1;
202300004491;155 672 611;B01;2;32;0;2;8;1;0;
202300004491;155 672 615;A01;1;7;0;2;1;15;0;
202300004492;155 672 608;A01;3;7;0;1;2;1;0;
202300004493;155 672 604;A01;2;7;0;2;1;9;1;
202300004493;155 672 609;B01;2;7;0;2;8;26;1;
202300004494;155 672 603;A01;3;7;0;2;2;19;1;
202300004494;155 672 607;B01;3;7;8;2;3;1;1;
202300004495;155 672 602;C01;2;3;0;0;0;0;1;
202300004495;155 672 605;A01;2;34;0;2;8;13;1;
202300004495;155 672 606;B01;1;3;0;2;8;1;1;
202300004496;155 672 600;A01;2;7;15;0;2;14;1;
202300004497;155 672 601;A01;3;2;12;0;8;15;1;
202300004498;155 672 598;A01;1;50;0;1;1;25;3;
202300004499;155 672 596;B01;2;10;0;2;4;1;1;
202300004499;155 672 599;A01;2;2;0;2;1;2;1;
202300004500;155 672 593;A01;1;30;0;2;1;2;1;