Num_Acc;id_vehicule;num_veh;senc;catv;obs;obsm;choc;manv;motor;occutc
202300004768;155 672 092;B01;3;1;0;2;0;0;5;
202300004768;155 672 094;A01;1;10;0;9;2;2;1;
202300004769;155 672 088;A01;1;7;0;2;2;16;1;
202300004769;155 672 091;B01;1;60;0;2;8;1;5;
202300004770;155 672 087;A01;1;7;16;2;1;0;0;
202300004770;155 672 090;B01;2;7;16;2;1;0;1;
202300004771;155 672 083;A01;2;7;0;2;1;1;0;
202300004771;155 672 085;B01;2;7;0;2;4;23;0;
202300004771;155 672 089;C01;1;7;0;2;4;1;1;
202300004772;155 672 081;A01;2;7;13;0;1;1;1;
202300004773;155 672 076;B01;1;7;0;2;3;0;1;
202300004773;155 672 080;A01;2;7;0;2;7;1;1;
202300004774;155 672 079;A01;2;7;0;2;3;15;0;
202300004774;155 672 082;B01;1;33;0;2;1;1;0;
202300004775;155 672 074;A01;3;0;0;2;0;26;0;
202300004775;155 672 077;B01;3;50;0;2;1;5;3;
202300004776;155 672 073;B01;2;7;0;2;8;1;1;
202300004776;155 672 075;A01;1;7;0;2;8;1;1;
202300004777;155 672 072;A01;1;1;0;2;1;1;5;
202300004777;155 672 078;B01;2;7;0;2;3;1;1;
202300004778;155 672 067;A01;1;7;0;2;1;1;0;
202300004778;155 672 068;B01;2;7;0;2;2;0;0;
202300004779;155 672 065;B01;0;1;1;2;4;1;5;
202300004779;155 672 071;A01;0;7;0;2;1;16;1;
202300004780;155 672 064;A01;3;99;0;2;1;19;0;
202300004780;155 672 069;B01;2;99;0;2;5;1;1;
202300004781;155 672 063;A01;1;7;0;2;1;2;1;
202300004781;155 672 066;B01;1;7;0;2;4;23;2;
202300004782;155 672 062;A01;1;31;0;2;1;19;1;
202300004782;155 672 070;B01;1;7;0;2;3;15;1;
202300004783;155 672 060;A01;1;33;0;0;0;0;0;
202300004784;155 672 059;A01;1;10;0;1;3;15;1;
202300004785;155 672 058;A01;3;2;0;2;1;21;1;
202300004785;155 672 061;B01;3;10;0;2;3;21;1;
202300004786;155 672 057;A01;3;7;0;1;0;11;1;
202300004787;155 672 055;B01;1;10;0;2;3;1;1;
202300004787;155 672 056;A01;1;7;0;2;1;1;1;
202300004788;155 672 054;A01;1;7;9;2;2;1;1;
202300004789;155 672 053;A01;1;7;2;0;0;1;1;
202300004790;155 672 050;B01;2;0;0;2;1;2;0;
202300004790;155 672 052;A01;2;37;0;2;6;2;0;1
202300004791;155 672 049;A01;1;7;0;2;3;15;1;
202300004791;155 672 051;B01;1;33;0;2;1;17;1;
202300004792;155 672 048;A01;1;33;1;0;0;0;1;
202300004793;155 672 047;A01;3;7;0;1;1;1;0;
202300004794;155 672 046;A01;1;7;3;0;2;1;1;
202300004795;155 672 043;A01;3;7;10;0;1;20;3;
202300004796;155 672 038;B01;2;7;0;2;4;1;1;
202300004796;155 672 044;A01;2;7;0;2;1;1;1;
202300004797;155 672 041;A01;2;33;0;2;4;23;1;
202300004797;155 672 045;B01;2;15;0;2;1;1;1;
202300004798;155 672 039;A01;2;7;0;2;0;1;1;
202300004798;155 672 042;B01;2;60;0;2;0;1;5;
202300004799;155 672 040;A01;3;7;1;0;7;2;0;
202300004800;155 672 037;A01;3;33;0;0;1;1;1;
202300004801;155 672 033;Y01;2;1;0;2;0;9;5;
202300004801;155 672 035;A01;2;7;0;9;0;9;1;
202300004802;155 672 032;A01;2;7;11;0;3;1;1;
202300004803;155 672 031;A01;1;7;0;2;1;13;0;
202300004803;155 672 036;B01;2;7;0;2;1;0;0;
202300004804;155 672 030;A01;1;7;0;2;2;0;1;
202300004804;155 672 034;B01;1;30;0;2;0;0;1;
202300004805;155 672 028;A01;3;30;0;2;1;2;1;
202300004805;155 672 029;B01;3;7;0;2;4;2;1;
202300004806;155 672 024;A01;2;7;1;0;0;0;1;
202300004807;155 672 023;A01;3;7;14;0;4;23;0;
202300004807;155 672 025;B01;3;2;14;0;4;23;1;
202300004807;155 672 027;C01;2;7;14;0;1;1;0;
202300004808;155 672 022;B01;3;2;0;2;1;2;1;
202300004808;155 672 026;A01;3;2;0;2;4;18;1;
202300004809;155 672 021;A01;3;7;0;1;1;1;3;
202300004810;155 672 020;A01;1;7;0;1;1;1;1;
202300004811;155 672 019;A01;1;7;6;1;0;0;1;
202300004812;155 672 017;A01;1;7;0;1;3;1;1;
202300004813;155 672 012;B01;1;7;0;2;1;2;1;
202300004813;155 672 015;A01;1;7;0;2;4;23;1;
202300004814;155 672 011;A01;1;7;0;2;0;0;1;
202300004814;155 672 014;B01;1;60;0;2;0;1;5;
202300004815;155 672 008;A01;3;7;0;1;2;1;1;
202300004816;155 672 010;A01;1;7;0;2;3;11;1;
202300004816;155 672 013;B01;2;7;0;2;1;1;1;
202300004817;155 672 006;B01;1;7;0;2;5;16;1;
202300004817;155 672 009;A01;1;34;0;2;1;9;1;
202300004818;155 672 007;A01;2;7;0;1;3;15;1;
202300004819;155 672 003;A01;1;7;0;2;0;15;1;
202300004819;155 672 005;B01;2;7;0;2;0;0;1;
202300004820;155 672 002;A01;2;2;0;2;1;1;0;
202300004820;155 672 004;B01;1;7;0;2;5;15;1;
202300004821;155 671 998;B01;1;32;0;2;4;2;1;
202300004821;155 672 000;A01;1;7;0;2;2;2;1;
202300004822;155 671 999;A01;1;13;0;2;7;2;0;
202300004822;155 672 001;B01;1;33;0;2;8;2;0;
202300004823;155 671 996;A01;2;7;0;2;4;2;1;
202300004823;155 671 997;B01;2;7;0;2;1;2;1;
202300004824;155 671 995;A01;1;7;13;0;0;1;1;
202300004825;155 671 992;A01;1;7;0;1;1;1;1;
202300004826;155 671 993;A01;0;7;0;1;3;1;1;
202300004827;155 671 991;A01;1;50;0;2;1;15;3;
202300004827;155 671 994;B01;1;1;0;2;2;1;5;
202300004828;155 671 989;A01;2;7;0;1;2;1;1;
202300004829;155 671 986;A01;1;7;0;2;0;0;1;
202300004829;155 671 990;B01;1;1;0;2;0;0;5;
202300004830;155 671 985;B01;3;7;0;9;5;16;1;
202300004830;155 671 987;A01;3;50;0;2;2;2;3;
202300004831;155 671 978;A01;2;7;0;2;4;2;1;
202300004831;155 671 981;B01;2;10;0;2;1;2;1;
202300004831;155 671 984;C01;2;15;0;2;1;2;1;
202300004832;155 671 980;A01;2;3;1;0;2;16;0;
202300004832;155 671 982;B01;1;30;1;2;0;18;1;
202300004833;155 671 976;A01;0;33;0;2;2;3;1;
202300004833;155 671 979;B01;0;10;0;2;5;2;1;
202300004834;155 671 977;A01;3;7;3;2;3;13;1;
202300004834;155 671 983;B01;3;7;0;2;2;2;1;
202300004835;155 671 974;A01;3;7;0;2;5;15;1;
202300004836;155 671 972;A01;1;1;0;2;1;9;5;
202300004836;155 671 975;B01;2;1;0;2;1;1;5;
202300004837;155 671 969;A01;1;7;0;2;1;2;1;
202300004837;155 671 971;B01;1;7;0;2;4;1;1;
202300004838;155 671 970;A01;1;7;0;0;1;26;1;
202300004838;155 671 973;B01;1;80;9;2;7;19;3;
202300004839;155 671 967;A01;0;7;0;2;1;1;1;
202300004839;155 671 968;B01;0;7;0;2;7;0;1;
202300004840;155 671 965;A01;2;33;15;0;1;1;1;
202300004841;155 671 963;A01;1;7;0;1;1;1;1;
202300004842;155 671 964;A01;2;7;0;2;2;16;1;
202300004842;155 671 966;B01;0;50;0;0;1;1;3;
202300004843;155 671 961;A01;0;7;0;2;5;15;1;
202300004843;155 671 962;B01;0;33;0;2;1;1;1;
202300004844;155 671 956;A01;1;7;0;2;1;2;1;
202300004844;155 671 959;B01;1;33;0;2;4;2;1;
202300004845;155 671 958;B01;2;7;0;2;1;26;1;
202300004845;155 671 960;A01;1;2;0;0;0;13;0;
202300004846;155 671 954;B01;0;7;0;2;1;1;1;
202300004846;155 671 957;A01;0;30;0;2;3;1;1;
202300004847;155 671 953;A01;2;31;0;0;0;1;1;
202300004848;155 671 952;A01;1;7;0;2;6;19;0;
202300004848;155 671 955;B01;1;34;0;2;1;2;1;
202300004849;155 671 949;DA01;3;30;12;0;0;26;1;
202300004850;155 671 946;A01;2;7;1;0;2;14;0;
202300004851;155 671 947;B01;1;7;0;2;4;2;1;
202300004851;155 671 951;A01;1;7;1;0;1;2;1;
202300004852;155 671 945;A01;2;33;0;2;9;26;1;
202300004852;155 671 948;B01;2;7;0;2;6;2;1;
202300004852;155 671 950;C01;2;7;0;2;8;2;1;
202300004853;155 671 944;A01;2;7;0;1;1;1;1;
202300004854;155 671 943;A01;1;7;8;0;1;13;1;
202300004855;155 671 941;A01;1;7;0;1;1;10;1;
202300004856;155 671 939;A01;2;15;0;1;1;1;1;
202300004857;155 671 940;B01;1;33;0;0;9;1;1;
202300004857;155 671 942;A01;1;33;0;0;9;1;1;
202300004858;155 671 934;A01;1;99;0;2;5;16;0;
202300004858;155 671 936;B01;1;17;0;2;3;16;0;
202300004858;155 671 937;C01;1;7;0;2;7;16;0;
202300004859;155 671 932;A01;2;7;0;0;3;2;1;
202300004859;155 671 935;B01;1;7;0;0;3;2;0;
202300004860;155 671 930;B01;3;7;0;0;7;1;1;
202300004860;155 671 933;A01;3;2;0;2;1;19;1;
202300004861;155 671 928;A01;1;7;0;2;8;11;1;
202300004861;155 671 931;B01;1;7;0;2;2;2;1;
202300004862;155 671 925;A01;1;7;0;2;3;15;1;
202300004862;155 671 927;B01;1;32;0;2;7;1;1;
202300004863;155 671 924;A01;1;10;9;2;1;2;1;
202300004863;155 671 926;B01;1;7;0;2;4;2;1;
202300004863;155 671 929;C01;1;7;0;2;4;2;1;
202300004864;155 671 921;A01;1;7;0;1;3;1;1;
202300004865;155 671 919;A01;2;7;0;2;1;10;1;
202300004865;155 671 923;B01;1;34;0;2;2;1;1;
202300004866;155 671 918;A01;3;7;0;2;3;19;1;
202300004866;155 671 920;B01;3;2;0;2;1;17;1;
202300004867;155 671 917;B01;2;10;0;2;2;10;1;
202300004867;155 671 922;A01;2;31;0;2;1;21;1;
202300004868;155 671 916;A01;1;7;0;2;1;1;1;
202300004869;155 671 915;A01;2;7;2;0;1;13;1;
202300004870;155 671 909;A01;2;13;16;0;3;3;1;
202300004870;155 671 912;B01;1;37;16;0;1;3;1;4
202300004871;155 671 908;B01;1;7;0;2;8;14;1;
202300004871;155 671 913;A01;1;32;0;2;5;1;1;
202300004872;155 671 906;A01;2;7;13;0;1;21;1;
202300004873;155 671 903;Y01;3;60;0;9;1;0;5;
202300004873;155 671 905;A01;3;1;0;2;1;1;5;
202300004874;155 671 902;A01;1;10;0;2;1;1;1;
202300004874;155 671 904;B01;1;7;0;2;4;1;1;
202300004875;155 671 898;A01;2;7;0;2;3;1;1;
202300004875;155 671 900;B01;1;7;0;2;3;1;1;
202300004876;155 671 895;A01;1;13;0;9;4;2;1;
202300004876;155 671 897;B01;1;7;0;9;4;2;1;
202300004876;155 671 901;C01;1;7;0;9;4;0;1;
202300004877;155 671 896;A01;1;7;0;1;2;1;1;
202300004878;155 671 894;A01;2;10;0;2;1;15;1;
202300004878;155 671 899;B01;1;1;0;2;1;1;5;
202300004879;155 671 890;A01;3;80;0;0;0;0;3;
202300004879;155 671 893;B01;3;34;0;2;1;1;1;
202300004880;155 671 892;A01;1;35;0;0;0;0;1;
202300004881;155 671 888;A01;3;7;0;1;7;15;1;
202300004882;155 671 889;A01;3;33;14;2;1;17;1;
202300004882;155 671 891;B01;3;14;0;2;6;12;1;
202300004883;155 671 884;A01;0;33;0;2;1;2;1;
202300004883;155 671 887;B01;0;37;0;2;2;16;1;1
202300004884;155 671 882;A01;3;7;0;9;3;1;1;
202300004884;155 671 886;B01;2;33;0;2;1;1;1;
202300004885;155 671 881;A01;1;50;0;2;1;1;3;
202300004885;155 671 883;B01;2;2;0;2;0;3;0;
202300004886;155 671 880;A01;2;7;0;2;2;1;1;
202300004886;155 671 885;B01;2;7;0;2;2;1;1;
202300004887;155 671 879;Z01;1;32;0;1;1;1;0;
202300004888;155 671 876;A01;1;1;12;0;1;21;5;
202300004889;155 671 874;B01;2;33;0;0;1;2;0;
202300004889;155 671 878;A01;2;7;0;0;3;9;3;
202300004890;155 671 873;B01;2;7;0;2;2;1;1;
202300004890;155 671 877;A01;1;7;0;2;3;19;1;
202300004891;155 671 870;A01;1;7;0;9;4;1;0;
202300004891;155 671 871;B01;1;7;0;2;1;1;0;
202300004892;155 671 868;A01;0;10;6;0;2;17;1;
202300004893;155 671 869;A01;0;7;0;2;1;17;1;
202300004893;155 671 872;B01;0;7;0;2;1;26;1;
202300004893;155 671 875;C01;0;7;0;2;7;21;1;
202300004894;155 671 866;A01;0;7;0;9;1;21;1;
202300004894;155 671 867;B01;0;1;0;2;4;2;5;
202300004895;155 671 864;A01;3;7;15;0;2;0;1;
202300004896;155 671 863;A01;2;7;15;2;3;26;1;
202300004896;155 671 865;B01;2;7;0;2;7;1;1;
202300004897;155 671 862;A01;1;1;0;1;2;25;5;
202300004898;155 671 857;A01;2;7;0;2;3;9;1;
202300004898;155 671 860;B01;2;33;0;2;1;2;1;
202300004899;155 671 856;B01;1;30;0;2;7;1;1;
202300004899;155 671 859;A01;1;7;0;2;8;15;1;
202300004900;155 671 855;A01;1;7;0;9;2;1;1;
202300004900;155 671 858;B01;2;1;0;2;1;9;5;
202300004901;155 671 854;A01;1;7;0;0;9;21;1;
202300004902;155 671 852;A01;2;7;0;1;2;1;1;
202300004903;155 671 850;A01;2;7;0;2;3;9;3;
202300004903;155 671 853;B01;2;1;0;2;2;1;5;
202300004904;155 671 847;B01;2;1;0;2;1;1;5;
202300004904;155 671 848;A01;1;7;0;2;1;26;1;
202300004905;155 671 846;A01;2;7;0;2;3;9;1;
202300004905;155 671 849;B01;2;7;0;2;2;1;0;
202300004906;155 671 843;A01;2;7;0;2;3;16;1;
202300004906;155 671 845;B01;2;1;0;2;2;16;5;
202300004907;155 671 842;A01;1;7;0;1;1;1;1;
202300004908;155 671 838;A01;1;40;0;1;1;1;3;
202300004909;155 671 836;A01;1;30;0;2;1;2;1;
202300004909;155 671 839;B01;1;7;0;2;4;0;1;
202300004910;155 671 837;C01;2;7;0;2;1;0;0;
202300004910;155 671 840;B01;2;7;0;2;1;0;0;
202300004910;155 671 844;A01;2;7;3;0;1;0;0;
202300004911;155 671 834;B01;1;7;0;0;5;26;1;
202300004911;155 671 835;A01;1;33;1;0;1;1;1;
202300004912;155 671 832;A01;1;37;0;1;0;1;4;1
202300004913;155 671 831;A01;1;7;0;2;7;15;1;
202300004913;155 671 833;B01;2;31;0;2;1;1;1;
202300004914;155 671 830;A01;1;7;8;1;1;14;0;
202300004915;155 671 827;A01;2;7;4;0;3;1;1;
202300004916;155 671 826;B01;1;7;0;2;2;1;1;
202300004916;155 671 829;A01;2;7;13;2;7;17;1;
202300004917;155 671 825;B01;2;1;0;2;1;1;5;
202300004917;155 671 828;A01;2;7;0;2;3;15;1;
202300004918;155 671 824;A01;1;7;0;1;3;1;0;
202300004919;155 671 820;A01;1;33;0;2;3;13;1;
202300004919;155 671 823;B01;2;7;3;2;3;1;1;
202300004920;155 671 821;A01;1;7;2;0;3;1;1;
202300004921;155 671 819;A01;1;7;6;0;2;1;1;
202300004922;155 671 818;A01;3;7;0;2;3;1;1;
202300004922;155 671 822;B01;3;7;0;2;2;15;1;
202300004923;155 671 815;B01;3;10;0;2;6;1;1;
202300004923;155 671 817;A01;3;80;0;2;1;1;3;
202300004924;155 671 813;A01;1;7;0;9;8;15;1;
202300004924;155 671 816;B01;1;1;0;2;7;16;5;
202300004925;155 671 812;A01;2;7;0;2;3;1;1;
202300004925;155 671 814;B01;2;2;0;2;7;1;1;
202300004926;155 671 811;A01;3;7;8;0;8;1;1;
202300004927;155 671 809;A01;2;33;0;6;1;1;1;
202300004928;155 671 808;A01;1;30;7;0;1;1;1;
202300004929;155 671 806;A01;2;7;0;2;6;15;1;
202300004929;155 671 810;B01;1;33;0;2;1;1;1;
202300004930;155 671 805;A01;3;30;0;2;3;15;1;
202300004930;155 671 807;B01;3;7;0;2;3;16;1;
202300004931;155 671 802;A01;1;7;0;2;3;13;1;
202300004931;155 671 804;B01;2;7;0;2;3;1;1;
202300004932;155 671 800;A01;2;17;0;1;1;1;1;
202300004933;155 671 801;A01;3;7;0;0;6;1;0;
202300004933;155 671 803;E01;0;50;0;2;2;19;3;
202300004934;155 671 797;A01;2;7;0;2;7;15;1;
202300004934;155 671 799;B01;1;32;0;2;1;1;1;
202300004935;155 671 796;B01;2;13;0;2;5;16;1;
202300004935;155 671 798;A01;2;1;0;2;3;1;5;
202300004936;155 671 795;A01;2;7;0;1;2;1;1;
202300004937;155 671 792;B01;2;10;0;2;2;1;1;
202300004937;155 671 794;A01;2;7;0;2;6;10;1;
202300004938;155 671 790;A01;3;37;0;2;5;1;6;1
202300004938;155 671 793;B01;3;1;0;2;8;1;5;
202300004939;155 671 789;A01;1;7;6;0;1;1;1;
202300004940;155 671 788;B01;2;1;0;2;8;1;5;
202300004940;155 671 791;A01;2;7;0;2;7;16;1;
202300004941;155 671 784;B01;2;1;0;2;1;1;5;
202300004941;155 671 786;A01;1;1;0;2;1;13;5;
202300004942;155 671 785;A01;1;7;0;2;1;17;1;
202300004942;155 671 787;B01;2;7;0;2;3;1;1;
202300004943;155 671 782;A01;1;7;15;0;1;1;1;
202300004944;155 671 781;A01;1;7;0;2;8;15;1;
202300004944;155 671 783;B01;2;30;0;2;1;1;1;
202300004945;155 671 778;A01;1;0;0;2;1;0;0;
202300004945;155 671 780;B01;0;1;0;2;1;0;5;
202300004946;155 671 776;A01;2;1;0;0;0;1;5;
202300004947;155 671 777;A01;1;31;0;2;3;13;1;
202300004947;155 671 779;B01;2;7;0;2;3;5;1;
202300004948;155 671 774;A01;1;7;0;2;1;2;1;
202300004948;155 671 775;B01;1;7;0;1;4;1;1;
202300004949;155 671 772;A01;1;43;0;2;1;1;1;
202300004949;155 671 773;B01;1;10;0;2;4;1;1;
202300004950;155 671 771;A01;1;7;0;1;1;1;1;
202300004951;155 671 770;A01;2;7;2;0;1;13;1;
202300004952;155 671 767;A01;3;10;0;1;8;26;1;
202300004953;155 671 768;A01;1;3;0;0;0;1;1;
202300004954;155 671 765;A01;3;7;0;2;3;15;1;
202300004954;155 671 769;B01;3;1;0;2;3;5;5;
202300004955;155 671 764;A01;2;7;0;9;5;9;1;
202300004955;155 671 766;B01;2;1;0;2;5;14;5;
202300004956;155 671 763;A01;0;2;1;0;1;0;1;
202300004957;155 671 757;A01;3;33;0;2;8;26;1;
202300004957;155 671 759;B01;3;10;0;2;3;1;1;
202300004958;155 671 756;B01;1;7;0;2;4;1;1;
202300004958;155 671 760;C01;1;7;0;2;4;1;1;
202300004958;155 671 762;A01;1;7;0;2;1;1;0;
202300004959;155 671 755;A01;3;7;1;0;1;26;1;
202300004959;155 671 758;C01;0;7;0;2;0;0;0;
202300004959;155 671 761;B01;1;7;0;2;0;0;1;
202300004960;155 671 754;A01;1;7;13;0;3;1;1;
202300004961;155 671 749;A01;1;60;0;2;3;26;5;
202300004961;155 671 752;B01;1;7;0;2;1;23;1;
202300004962;155 671 748;A01;1;7;0;2;1;2;1;
202300004962;155 671 753;B01;1;7;0;2;5;2;1;
202300004963;155 671 746;B01;1;33;0;2;2;17;1;
202300004963;155 671 750;A01;1;7;0;2;6;17;1;
202300004964;155 671 747;B01;2;7;0;2;1;1;1;
202300004964;155 671 751;A01;1;7;0;2;2;13;1;
202300004965;155 671 745;B01;1;10;0;1;1;1;1;
202300004966;155 671 743;A01;1;33;0;1;1;1;0;
202300004967;155 671 742;B01;2;1;0;0;7;21;0;
202300004968;155 671 741;A01;0;2;0;2;0;2;1;
202300004968;155 671 744;B01;1;10;0;2;7;15;1;
202300004969;155 671 739;A01;1;7;1;1;3;1;2;
202300004970;155 671 738;A01;1;7;0;2;8;15;1;
202300004970;155 671 740;B01;2;15;0;2;2;1;1;
202300004971;155 671 736;A01;3;30;0;0;0;1;1;
202300004972;155 671 735;B01;2;14;0;2;1;1;1;
202300004972;155 671 737;A01;1;10;0;2;1;13;1;
202300004973;155 671 733;A01;1;10;0;2;2;0;1;
202300004973;155 671 734;B01;1;7;0;0;6;1;1;
202300004974;155 671 732;A01;3;7;0;1;6;26;3;
202300004975;155 671 731;A01;3;7;0;1;3;16;1;
202300004976;155 671 730;A01;2;38;6;0;2;2;1;21
202300004977;155 671 727;A01;2;7;0;2;1;1;1;
202300004977;155 671 729;B01;2;33;0;0;4;1;1;
202300004978;155 671 726;A01;2;7;0;2;4;15;1;
202300004978;155 671 728;B01;2;10;0;2;1;2;1;
202300004979;155 671 725;A01;1;7;0;0;3;1;1;
202300004980;155 671 724;A01;1;33;0;0;8;1;1;
202300004981;155 671 720;A01;2;7;0;2;6;2;1;
202300004981;155 671 723;B01;2;31;0;2;1;2;1;
202300004982;155 671 719;B01;1;7;0;2;3;15;1;
202300004983;155 671 722;A01;2;33;0;0;8;15;1;
202300004984;155 671 721;A01;2;7;10;0;9;1;1;
202300004985;155 671 715;A01;1;7;12;0;3;26;0;
202300004986;155 671 714;A01;2;7;0;2;1;1;1;
202300004986;155 671 718;B01;1;7;0;2;1;13;1;
202300004987;155 671 712;A01;1;7;0;2;1;2;1;
202300004987;155 671 717;B01;1;7;0;2;4;23;1;
202300004988;155 671 713;Z01;1;7;0;2;1;0;1;
202300004988;155 671 716;A01;1;7;4;2;5;1;1;
202300004989;155 671 708;A01;1;33;0;2;3;1;1;
202300004989;155 671 711;B01;2;7;0;2;8;1;1;
202300004990;155 671 706;A01;1;7;0;2;1;2;1;
202300004991;155 671 704;B01;1;7;0;2;4;2;2;
202300004991;155 671 707;A01;1;10;0;2;1;2;1;
202300004991;155 671 709;C01;1;7;0;2;1;2;1;
202300004992;155 671 705;A01;2;7;0;1;1;1;1;
202300004993;155 671 703;A01;3;10;0;1;1;1;1;
202300004994;155 671 700;A01;2;33;0;0;8;1;1;
202300004995;155 671 699;A01;2;7;0;2;0;14;1;
202300004995;155 671 701;B01;2;7;0;2;0;1;1;
202300004996;155 671 698;A01;1;7;3;0;6;13;1;
202300004996;155 671 702;B01;1;7;14;0;0;0;1;
202300004997;155 671 695;A01;2;30;0;0;0;0;1;
202300004998;155 671 693;A01;1;7;0;2;1;2;1;
202300004998;155 671 696;B01;1;7;0;2;4;2;3;
202300004999;155 671 694;A01;0;7;0;2;4;17;1;
202300004999;155 671 697;B01;0;1;0;2;1;1;5;
202300005000;155 671 692;A01;2;7;4;2;1;2;1;
202300005001;155 671 689;A01;2;7;0;2;1;1;-1;
202300005001;155 671 691;B01;2;7;0;2;4;1;-1;
202300005002;155 671 687;A01;2;43;0;1;1;1;1;
202300005003;155 671 686;A01;1;1;0;2;1;5;5;
202300005003;155 671 690;B01;2;7;0;2;1;1;1;
202300005004;155 671 685;B01;1;10;0;2;1;1;1;
202300005004;155 671 688;A01;1;10;0;2;1;5;1;
202300005005;155 671 683;A01;2;7;3;0;1;0;1;
202300005006;155 671 680;A01;3;33;0;2;1;1;1;
202300005006;155 671 682;B01;3;7;0;2;6;15;1;
202300005007;155 671 679;A01;2;7;0;2;1;2;1;
202300005007;155 671 681;B01;2;7;0;2;5;2;1;
202300005008;155 671 678;A01;3;7;0;1;8;1;1;
202300005009;155 671 676;B01;1;10;0;2;5;23;1;
202300005009;155 671 677;A01;1;43;0;2;1;18;1;
202300005010;155 671 672;B01;1;43;0;2;7;1;-1;
202300005010;155 671 684;A01;1;7;0;2;3;15;1;
202300005011;155 671 671;A01;1;7;0;2;3;11;1;
202300005011;155 671 674;B01;1;7;0;0;5;1;1;
202300005012;155 671 669;A01;1;7;0;2;1;2;1;
202300005012;155 671 673;B01;1;7;0;2;4;2;1;
202300005012;155 671 675;C01;1;7;0;2;4;2;1;
202300005013;155 671 668;A01;2;7;0;2;3;13;1;
202300005013;155 671 670;B01;1;7;0;2;6;1;1;
202300005014;155 671 664;B01;2;31;0;2;1;1;1;
202300005014;155 671 667;A01;1;7;0;2;7;15;1;
202300005015;155 671 662;A01;1;7;0;2;2;12;1;
202300005015;155 671 666;B01;1;33;0;2;3;3;1;
202300005016;155 671 661;A01;2;33;0;2;8;3;1;
202300005016;155 671 665;B01;2;7;0;2;7;1;1;
202300005017;155 671 660;A01;3;7;0;1;3;1;1;
202300005018;155 671 656;A01;1;33;0;2;1;3;1;
202300005018;155 671 659;B01;1;7;0;0;4;12;1;
202300005019;155 671 655;A01;2;1;0;2;0;5;5;
202300005019;155 671 657;B01;1;7;0;2;8;16;1;
202300005020;155 671 653;A01;2;7;0;2;5;12;1;
202300005020;155 671 658;B01;2;31;0;2;3;0;1;
202300005021;155 671 652;A01;3;7;0;2;8;10;1;
202300005021;155 671 654;B01;3;34;0;2;1;17;1;
202300005022;155 671 646;A01;3;7;6;0;1;9;2;
202300005023;155 671 648;A01;2;1;0;0;0;21;5;
202300005024;155 671 647;B01;1;7;0;2;4;2;1;
202300005024;155 671 650;C01;1;7;0;2;4;2;1;
202300005024;155 671 651;A01;1;10;0;2;1;1;1;
202300005025;155 671 645;A01;2;33;0;2;8;3;1;
202300005025;155 671 649;B01;2;7;0;2;5;12;1;
202300005026;155 671 642;A01;1;7;0;1;1;1;1;
202300005027;155 671 640;B01;2;7;0;2;3;11;1;
202300005027;155 671 643;A01;2;43;0;2;7;1;1;
202300005028;155 671 641;A01;2;43;4;2;1;2;1;
202300005029;155 671 639;Z01;1;7;0;2;1;25;1;
202300005029;155 671 644;B01;2;80;0;2;8;25;3;
202300005030;155 671 635;A01;2;7;0;2;5;16;1;
202300005030;155 671 638;B01;1;50;0;2;1;19;3;
202300005031;155 671 634;B01;2;33;0;2;1;2;1;
202300005031;155 671 637;A01;2;31;0;2;4;2;1;
202300005032;155 671 631;A01;3;34;0;2;1;1;1;
202300005032;155 671 632;B01;3;7;0;2;4;23;1;
202300005033;155 671 626;A01;3;7;0;2;3;24;1;
202300005033;155 671 629;B01;3;2;0;2;1;1;1;
202300005034;155 671 627;D01;1;14;0;2;2;1;1;
202300005034;155 671 630;B01;1;7;0;2;8;11;1;
202300005034;155 671 633;C01;1;10;0;2;7;1;1;
202300005034;155 671 636;A01;1;7;0;2;1;21;1;
202300005035;155 671 620;A01;2;7;8;0;1;1;1;
202300005036;155 671 619;A01;3;7;0;2;3;15;1;
202300005036;155 671 623;B01;3;34;0;2;3;1;3;
202300005037;155 671 621;B01;2;14;0;2;4;2;1;
202300005037;155 671 624;A01;2;15;0;2;4;1;1;
202300005037;155 671 625;C01;2;13;0;2;1;2;1;
202300005037;155 671 628;D01;2;7;0;2;1;2;1;
202300005038;155 671 622;A01;1;7;3;0;1;1;1;
202300005039;155 671 615;A01;2;7;0;0;1;1;1;
202300005040;155 671 614;A01;2;36;1;2;1;13;1;
202300005040;155 671 618;B01;1;7;0;2;1;1;1;
202300005041;155 671 613;A01;1;33;0;2;2;3;1;
202300005041;155 671 616;B01;1;7;0;2;8;11;1;
202300005042;155 671 610;A01;2;7;0;0;3;1;1;
202300005043;155 671 609;A01;2;80;0;1;7;7;3;
202300005044;155 671 607;A01;1;7;0;2;1;2;1;
202300005044;155 671 611;B01;1;7;0;2;4;2;1;
202300005045;155 671 608;A01;2;7;0;2;7;12;1;
202300005045;155 671 612;B01;2;31;0;2;8;1;1;
202300005046;155 671 605;A01;3;33;0;0;7;14;1;
202300005047;155 671 604;A01;1;1;0;0;0;21;5;
202300005048;155 671 602;A01;2;33;0;0;0;3;1;
202300005049;155 671 601;A01;2;33;0;2;1;17;1;
202300005049;155 671 603;B01;2;7;0;2;4;11;1;
202300005049;155 671 606;C01;2;33;0;2;0;17;1;
202300005050;155 671 596;A01;2;30;0;2;8;9;1;
202300005050;155 671 600;B01;1;7;0;2;2;21;1;
202300005051;155 671 597;A01;1;30;0;1;1;1;3;