Num_Acc;id_vehicule;num_veh;senc;catv;obs;obsm;choc;manv;motor;occutc
202300005052;155 671 595;A01;1;7;0;2;3;19;1;
202300005052;155 671 598;B01;1;50;0;2;3;25;3;
202300005053;155 671 594;A01;2;7;0;2;1;1;1;
202300005053;155 671 599;B01;2;10;0;2;4;1;1;
202300005054;155 671 593;A01;3;30;0;1;1;1;1;
202300005055;155 671 591;A01;3;7;0;2;2;15;1;
202300005055;155 671 592;B01;3;2;0;2;1;1;1;
202300005056;155 671 589;A01;2;7;0;2;3;11;1;
202300005056;155 671 590;B01;2;15;0;2;2;1;1;
202300005057;155 671 586;A01;2;7;0;2;7;16;1;
202300005057;155 671 587;B01;2;7;0;2;1;1;4;
202300005058;155 671 584;A01;1;7;0;2;1;1;1;
202300005058;155 671 585;B01;1;1;12;0;0;1;5;
202300005059;155 671 579;A01;1;7;0;2;6;12;1;
202300005059;155 671 588;B01;1;33;0;2;1;3;0;
202300005060;155 671 577;A01;3;7;0;2;4;0;1;
202300005060;155 671 582;B01;0;30;0;2;1;0;1;
202300005061;155 671 578;A01;1;7;0;2;1;0;1;
202300005061;155 671 580;B01;1;7;0;2;4;0;1;
202300005061;155 671 583;C01;1;7;0;2;4;0;1;
202300005062;155 671 576;A01;2;10;0;2;1;1;1;
202300005062;155 671 581;B01;2;7;0;2;7;1;1;
202300005063;155 671 573;A01;2;7;0;9;1;13;1;
202300005063;155 671 575;B01;1;17;0;2;1;1;1;
202300005064;155 671 571;A01;3;15;0;1;1;11;1;
202300005065;155 671 566;A01;0;1;0;0;0;26;5;
202300005066;155 671 568;C01;2;33;0;2;1;3;1;
202300005066;155 671 570;A01;2;10;0;2;5;14;1;
202300005066;155 671 572;D01;2;33;0;2;1;3;1;
202300005066;155 671 574;B01;2;33;0;2;1;3;1;
202300005067;155 671 563;C01;2;10;0;2;1;1;1;
202300005067;155 671 564;A01;2;7;0;2;8;13;1;
202300005067;155 671 565;B01;1;7;0;2;1;1;0;
202300005067;155 671 567;D01;2;7;13;2;8;1;1;
202300005067;155 671 569;E01;1;7;0;2;1;1;1;
202300005068;155 671 560;B01;1;32;0;2;1;1;1;
202300005068;155 671 562;A01;2;14;0;2;5;15;1;
202300005069;155 671 559;A01;1;14;0;2;3;1;1;
202300005069;155 671 561;B01;1;10;0;2;7;2;1;
202300005070;155 671 557;B01;1;13;0;2;4;23;1;
202300005070;155 671 558;A01;1;7;0;2;1;2;1;
202300005071;155 671 555;A01;3;7;0;2;3;19;1;
202300005071;155 671 556;B01;2;7;0;2;2;1;1;
202300005072;155 671 552;A01;1;41;0;1;1;1;1;
202300005073;155 671 550;A01;1;34;8;0;1;5;1;
202300005074;155 671 551;B01;1;7;0;2;4;2;2;
202300005074;155 671 553;C01;1;7;0;2;1;2;1;
202300005074;155 671 554;A01;1;7;0;2;4;2;1;
202300005075;155 671 549;A01;1;7;8;0;0;0;1;
202300005076;155 671 548;A01;0;7;0;1;7;1;2;
202300005077;155 671 547;A01;3;7;0;1;4;9;1;
202300005078;155 671 545;B01;2;1;0;2;0;1;5;
202300005078;155 671 546;A01;2;10;0;2;0;15;1;
202300005079;155 671 540;A01;3;7;0;2;1;5;1;
202300005079;155 671 543;B01;0;7;0;2;1;1;1;
202300005080;155 671 542;A01;1;7;0;2;2;26;0;
202300005080;155 671 544;B01;1;7;0;0;1;0;0;
202300005081;155 671 539;B01;1;60;0;2;8;1;5;
202300005081;155 671 541;A01;1;7;0;2;4;26;3;
202300005082;155 671 538;A01;2;33;0;0;2;14;1;
202300005083;155 671 536;A01;1;33;0;0;0;0;1;
202300005084;155 671 535;A01;3;7;0;2;2;1;1;
202300005084;155 671 537;B01;1;7;7;2;1;1;0;
202300005085;155 671 533;B01;1;33;0;2;0;1;1;
202300005085;155 671 534;A01;1;7;0;2;0;0;1;
202300005086;155 671 532;A01;0;7;0;1;7;1;1;
202300005087;155 671 530;B01;3;50;0;2;0;0;3;
202300005087;155 671 531;A01;3;7;0;2;5;20;1;
202300005088;155 671 528;B01;2;1;0;2;1;1;5;
202300005088;155 671 529;A01;1;7;0;2;8;1;1;
202300005089;155 671 525;B01;1;99;0;2;0;9;0;
202300005089;155 671 527;A01;1;7;0;0;3;1;3;
202300005090;155 671 522;A01;2;7;0;2;3;19;1;
202300005090;155 671 526;B01;1;2;0;2;3;1;1;
202300005091;155 671 521;A01;1;7;0;2;4;1;1;
202300005091;155 671 523;C01;1;7;0;2;1;1;1;
202300005091;155 671 524;B01;1;30;0;2;4;1;1;
202300005092;155 671 519;A01;3;7;0;1;3;19;0;
202300005093;155 671 518;A01;0;7;0;2;6;13;1;
202300005093;155 671 520;B01;0;13;0;2;2;1;1;
202300005094;155 671 517;A01;1;60;12;0;0;1;5;
202300005095;155 671 514;A01;1;33;1;0;0;1;1;
202300005096;155 671 516;A01;3;7;1;1;4;20;1;
202300005097;155 671 513;A01;1;7;0;2;3;2;1;
202300005097;155 671 515;B01;1;32;0;2;4;2;0;
202300005098;155 671 512;A01;1;30;0;0;0;1;1;
202300005099;155 671 510;A01;2;7;15;0;7;1;1;
202300005100;155 671 508;A01;1;7;0;2;2;9;1;
202300005100;155 671 509;B01;1;7;0;2;2;14;1;
202300005100;155 671 511;C01;1;99;0;2;4;23;1;
202300005101;155 671 507;A01;1;7;0;1;2;1;1;
202300005102;155 671 506;A01;1;37;0;1;2;1;1;1
202300005103;155 671 505;A01;0;7;0;1;1;2;1;
202300005104;155 671 502;B01;2;7;0;2;1;16;1;
202300005104;155 671 504;A01;1;60;0;2;7;1;5;
202300005105;155 671 501;A01;1;7;0;2;2;1;1;
202300005105;155 671 503;B01;2;50;0;2;1;1;3;
202300005106;155 671 499;A01;1;1;0;0;0;0;5;
202300005106;155 671 500;B01;1;7;0;0;0;0;1;
202300005107;155 671 495;A01;1;7;0;2;0;0;-1;
202300005107;155 671 498;B01;1;7;0;2;5;23;1;
202300005108;155 671 494;B01;1;17;0;2;3;1;1;
202300005108;155 671 497;A01;1;33;4;2;2;14;1;
202300005109;155 671 491;B01;3;1;0;2;1;25;5;
202300005109;155 671 493;C01;0;7;0;2;0;0;6;
202300005109;155 671 496;A01;2;7;0;2;2;16;0;
202300005110;155 671 489;A01;1;30;0;2;0;26;1;
202300005110;155 671 492;B01;1;10;0;2;8;15;1;
202300005111;155 671 485;A01;3;7;0;2;2;2;0;
202300005111;155 671 487;B01;3;7;0;2;6;1;0;
202300005112;155 671 482;A01;1;32;0;2;1;26;1;
202300005112;155 671 486;B01;1;7;0;2;4;0;1;
202300005113;155 671 481;A01;2;10;0;2;7;1;1;
202300005113;155 671 484;B01;2;1;0;2;2;0;5;
202300005114;155 671 478;A01;1;7;4;2;1;13;1;
202300005114;155 671 480;B01;1;7;0;0;7;2;1;
202300005114;155 671 483;C01;1;7;14;0;1;2;1;
202300005115;155 671 476;A01;2;10;0;2;2;19;1;
202300005115;155 671 479;B01;1;31;0;2;2;1;1;
202300005116;155 671 475;A01;1;7;0;1;2;17;1;
202300005117;155 671 473;A01;3;7;0;2;3;9;1;
202300005117;155 671 477;B01;3;1;0;2;1;1;5;
202300005118;155 671 472;A01;3;2;0;1;1;1;1;
202300005119;155 671 471;A01;1;7;6;0;2;14;1;
202300005120;155 671 470;B01;1;7;0;2;3;1;1;
202300005120;155 671 474;A01;1;7;0;2;2;19;1;
202300005121;155 671 466;A01;1;10;0;2;1;0;1;
202300005121;155 671 469;B01;2;7;0;2;1;0;1;
202300005122;155 671 468;A01;3;7;14;0;3;9;1;
202300005123;155 671 465;A01;1;7;0;1;1;1;-1;
202300005124;155 671 464;A01;0;7;0;0;1;0;1;
202300005124;155 671 467;B01;0;7;0;2;1;5;1;
202300005125;155 671 461;A01;2;10;0;0;0;1;1;
202300005126;155 671 462;A01;3;7;0;1;2;1;3;
202300005127;155 671 460;B01;1;7;1;2;1;2;0;
202300005127;155 671 463;A01;1;7;0;0;5;23;0;
202300005128;155 671 459;A01;2;7;0;0;8;1;1;
202300005129;155 671 457;A01;1;43;1;0;2;14;1;
202300005130;155 671 456;A01;2;33;0;1;1;17;1;
202300005131;155 671 455;B01;1;10;0;2;5;2;1;
202300005131;155 671 458;A01;1;50;0;2;1;2;3;
202300005132;155 671 454;A01;3;33;0;0;9;15;1;
202300005133;155 671 453;A01;1;30;0;0;0;0;1;
202300005134;155 671 447;A01;1;7;0;2;3;13;3;
202300005134;155 671 450;B01;2;7;0;2;3;1;1;
202300005134;155 671 452;C01;2;7;12;0;1;13;1;
202300005135;155 671 446;A01;1;7;0;9;7;17;1;
202300005135;155 671 449;B01;1;1;0;0;6;1;5;
202300005136;155 671 448;B01;1;7;0;2;2;16;1;
202300005136;155 671 451;A01;1;2;0;2;8;18;1;
202300005137;155 671 445;A01;1;30;0;0;0;1;1;
202300005138;155 671 438;A01;3;7;0;2;1;1;1;
202300005138;155 671 444;B01;3;7;0;2;1;13;1;
202300005139;155 671 441;A01;1;2;6;2;1;2;0;
202300005139;155 671 443;B01;1;7;0;0;2;16;0;
202300005140;155 671 439;Z01;2;30;0;2;0;0;1;
202300005140;155 671 442;B01;2;1;0;2;0;0;5;
202300005141;155 671 437;B01;1;1;0;2;4;1;5;
202300005141;155 671 440;A01;1;7;0;2;2;1;1;
202300005142;155 671 435;A01;2;1;0;0;0;1;5;
202300005143;155 671 433;A01;1;1;0;0;0;1;5;
202300005144;155 671 434;A01;1;33;0;2;1;1;1;
202300005144;155 671 436;B01;2;7;0;0;3;1;1;
202300005145;155 671 431;A01;1;30;0;2;1;2;1;
202300005145;155 671 432;B01;1;10;0;2;4;2;1;
202300005146;155 671 430;A01;2;33;0;0;3;1;0;
202300005147;155 671 429;A01;1;30;0;0;0;1;1;
202300005148;155 671 426;A01;2;33;9;2;1;17;1;
202300005148;155 671 428;B01;2;10;0;2;3;15;1;
202300005149;155 671 424;B01;1;7;3;0;6;1;1;
202300005149;155 671 425;A01;1;10;0;2;2;14;1;
202300005150;155 671 422;A01;1;30;0;2;3;1;1;
202300005150;155 671 427;B01;2;7;0;2;2;15;1;
202300005151;155 671 421;A01;1;7;0;2;1;13;1;
202300005151;155 671 423;B01;2;3;0;2;1;1;1;
202300005152;155 671 419;B01;2;7;0;2;6;15;1;
202300005152;155 671 420;A01;2;33;0;2;1;17;1;
202300005153;155 671 417;A01;1;30;0;0;0;1;1;
202300005154;155 671 415;A01;1;30;0;2;1;13;1;
202300005154;155 671 418;B01;2;30;0;2;1;26;1;
202300005155;155 671 413;A01;1;33;0;2;3;17;1;
202300005155;155 671 414;B01;2;10;0;2;3;1;0;
202300005155;155 671 416;C01;2;7;0;2;1;1;0;
202300005156;155 671 410;B01;1;7;0;2;4;9;1;
202300005156;155 671 412;A01;1;2;0;0;4;1;1;
202300005157;155 671 408;A01;3;7;16;0;2;1;1;
202300005158;155 671 409;A01;0;31;0;0;0;26;0;
202300005159;155 671 407;A01;2;7;0;2;1;1;1;
202300005159;155 671 411;B01;1;7;0;2;2;0;1;
202300005160;155 671 405;A01;2;7;0;2;3;1;1;
202300005160;155 671 406;B01;2;80;0;2;1;1;3;
202300005161;155 671 404;A01;1;1;0;0;0;1;5;
202300005162;155 671 399;A01;2;7;0;1;1;1;1;
202300005163;155 671 398;B01;2;7;0;0;1;13;1;
202300005163;155 671 400;A01;1;7;0;2;1;1;1;
202300005164;155 671 397;B01;1;7;0;2;3;15;1;
202300005164;155 671 401;A01;1;50;0;2;1;2;3;
202300005165;155 671 394;A01;3;7;13;0;1;14;1;
202300005166;155 671 393;A01;1;32;0;0;0;1;1;
202300005167;155 671 395;A01;2;7;0;0;4;23;1;
202300005167;155 671 396;B01;2;17;0;2;1;1;1;
202300005168;155 671 389;A01;1;7;15;0;2;1;1;
202300005169;155 671 388;A01;3;7;0;9;3;15;1;
202300005169;155 671 391;B01;3;1;0;2;1;1;5;
202300005170;155 671 387;B01;1;1;0;0;1;1;5;
202300005170;155 671 390;A01;1;7;0;2;1;1;1;
202300005171;155 671 386;B01;2;34;0;2;1;1;1;
202300005171;155 671 392;A01;1;7;0;2;1;1;1;
202300005172;155 671 385;A01;-1;7;0;0;0;1;1;
202300005173;155 671 383;A01;1;7;9;2;3;0;0;
202300005173;155 671 384;B01;1;10;9;0;1;0;0;
202300005174;155 671 381;A01;1;7;6;0;1;1;1;
202300005175;155 671 380;A01;3;7;2;0;1;1;0;
202300005176;155 671 379;A01;1;10;0;2;2;15;1;
202300005176;155 671 382;B01;2;7;0;2;3;1;1;
202300005177;155 671 377;A01;2;7;0;1;1;1;1;
202300005178;155 671 374;B01;2;7;0;0;8;1;1;
202300005178;155 671 376;A01;2;33;0;2;8;9;1;
202300005179;155 671 371;A01;2;7;8;0;7;14;1;
202300005180;155 671 369;B01;1;7;0;2;4;1;1;
202300005180;155 671 370;C01;1;10;0;2;4;0;0;
202300005180;155 671 373;A01;1;7;0;2;1;1;1;
202300005181;155 671 368;A01;3;7;0;1;1;2;1;
202300005182;155 671 364;A01;2;41;0;2;8;13;1;
202300005182;155 671 366;B01;2;7;0;2;7;15;1;
202300005183;155 671 365;A01;1;7;0;2;3;1;1;
202300005183;155 671 367;B01;2;7;0;2;3;1;1;
202300005184;155 671 361;A01;2;0;0;0;0;26;0;
202300005185;155 671 359;A01;1;7;0;0;6;15;1;
202300005185;155 671 360;B01;1;30;0;2;7;1;1;
202300005186;155 671 357;A01;1;7;0;2;4;9;1;
202300005186;155 671 358;B01;1;7;0;2;1;2;1;
202300005187;155 671 356;A01;1;7;4;2;7;14;1;
202300005187;155 671 362;B01;1;7;3;2;8;1;1;
202300005188;155 671 355;A01;1;33;13;0;1;14;1;
202300005189;155 671 352;Z01;1;99;0;1;0;1;0;
202300005190;155 671 350;B01;2;10;0;0;0;7;1;
202300005190;155 671 353;A01;2;7;2;2;2;1;1;
202300005191;155 671 348;A01;3;7;0;2;1;1;1;
202300005191;155 671 351;B01;3;7;0;2;4;23;1;
202300005191;155 671 354;C01;3;7;0;2;4;15;1;
202300005192;155 671 346;A01;0;7;0;2;1;13;0;
202300005192;155 671 349;B01;0;7;0;2;1;1;0;
202300005193;155 671 344;B01;1;7;0;2;4;26;1;
202300005193;155 671 347;A01;1;7;0;2;2;26;1;
202300005194;155 671 345;A01;1;7;0;1;1;16;1;
202300005195;155 671 343;A01;1;7;6;1;1;14;1;
202300005196;155 671 342;A01;2;7;0;1;3;2;1;
202300005197;155 671 340;A01;2;7;0;2;4;1;1;
202300005197;155 671 341;B01;2;7;0;2;1;1;1;
202300005198;155 671 339;A01;1;7;0;0;9;1;1;
202300005199;155 671 338;A01;1;7;0;1;1;1;1;
202300005200;155 671 333;A01;2;2;0;0;1;1;5;
202300005201;155 671 332;B01;2;7;0;2;6;26;1;
202300005201;155 671 335;A01;2;43;14;0;3;14;1;
202300005202;155 671 330;C01;2;7;0;2;5;23;1;
202300005202;155 671 336;A01;2;7;0;2;1;1;1;
202300005202;155 671 337;B01;2;7;0;2;6;23;1;
202300005203;155 671 328;B01;1;7;0;2;1;1;1;
202300005203;155 671 331;C01;1;10;0;2;1;1;1;
202300005203;155 671 334;A01;2;7;0;2;1;13;1;
202300005204;155 671 326;B01;1;7;0;2;4;2;1;
202300005204;155 671 329;A01;1;7;0;2;1;2;1;
202300005205;155 671 324;A01;2;7;4;2;1;1;1;
202300005205;155 671 327;B01;2;7;0;2;3;21;1;
202300005206;155 671 323;A01;2;7;13;0;1;15;1;
202300005207;155 671 322;A01;1;30;0;2;7;16;1;
202300005207;155 671 325;B01;1;10;0;2;7;16;1;
202300005208;155 671 321;A01;1;1;0;0;0;0;5;
202300005209;155 671 320;A01;1;7;0;1;3;1;1;
202300005210;155 671 319;A01;2;2;0;0;0;1;1;
202300005211;155 671 318;A01;2;33;0;0;1;0;1;
202300005212;155 671 316;A01;3;7;1;0;1;16;1;
202300005213;155 671 314;B01;2;10;0;2;4;2;1;
202300005213;155 671 317;A01;2;33;0;2;1;1;1;
202300005214;155 671 313;A01;2;1;0;2;1;0;5;
202300005214;155 671 315;B01;1;20;0;0;5;15;1;
202300005215;155 671 312;A01;1;32;0;0;0;0;0;
202300005216;155 671 309;B01;2;30;0;2;1;1;3;
202300005216;155 671 311;A01;1;7;0;2;2;15;1;
202300005217;155 671 305;A01;2;33;0;2;1;1;1;
202300005217;155 671 308;B01;1;21;0;2;6;15;1;
202300005218;155 671 304;A01;1;7;0;2;8;15;1;
202300005218;155 671 307;B01;1;30;0;2;2;17;1;
202300005219;155 671 303;B01;1;7;0;1;0;0;1;
202300005219;155 671 306;A01;1;7;0;1;1;1;1;
202300005219;155 671 310;C01;1;7;0;1;0;0;1;
202300005220;155 671 301;A01;2;7;0;2;0;1;1;
202300005220;155 671 302;B01;1;7;0;2;1;1;1;
202300005221;155 671 299;A01;3;7;0;1;1;1;1;
202300005222;155 671 297;B01;1;7;0;0;0;24;1;
202300005222;155 671 300;A01;1;30;7;0;1;1;1;
202300005223;155 671 296;A01;2;7;3;2;3;1;1;
202300005223;155 671 298;B01;2;7;0;2;1;1;1;
202300005224;155 671 294;A01;3;7;15;0;2;14;1;
202300005225;155 671 293;A01;1;10;0;2;2;11;1;
202300005225;155 671 295;B01;2;33;0;2;1;1;1;
202300005226;155 671 288;A01;2;30;0;0;7;15;1;
202300005227;155 671 285;A01;1;7;0;2;1;9;1;
202300005227;155 671 289;B01;2;7;0;2;2;13;1;
202300005228;155 671 284;C01;2;7;0;2;0;2;1;
202300005228;155 671 286;B01;2;7;0;2;4;2;1;
202300005228;155 671 290;A01;2;33;0;2;1;1;1;
202300005228;155 671 291;D01;2;7;0;2;0;2;1;
202300005229;155 671 280;A01;2;33;0;0;0;0;1;
202300005230;155 671 279;A01;2;7;0;2;4;2;1;
202300005230;155 671 283;B01;2;7;0;2;1;2;1;
202300005231;155 671 278;A01;1;30;14;0;1;2;1;
202300005231;155 671 281;B01;1;7;0;2;4;2;1;
202300005232;155 671 271;A01;1;7;0;1;1;1;1;
202300005233;155 671 273;A01;3;30;0;2;1;21;1;
202300005233;155 671 275;B01;3;7;0;2;5;15;1;
202300005234;155 671 270;A01;3;50;0;0;0;0;3;
202300005234;155 671 272;Z01;3;7;0;2;0;1;0;
202300005235;155 671 269;A01;2;7;0;2;1;2;1;
202300005235;155 671 274;B01;2;7;0;2;4;2;1;
202300005235;155 671 276;C01;2;7;0;2;4;2;1;
202300005236;155 671 266;A01;1;2;0;2;1;0;0;
202300005236;155 671 268;B01;1;7;0;0;5;23;0;
202300005237;155 671 262;A01;1;7;0;2;0;14;1;
202300005237;155 671 265;B01;1;33;0;2;8;16;1;
202300005237;155 671 267;C01;1;7;0;2;6;1;1;
202300005238;155 671 261;A01;1;7;0;2;8;13;1;
202300005238;155 671 264;B01;1;7;0;2;7;1;1;
202300005239;155 671 259;B01;2;7;0;2;4;1;1;
202300005239;155 671 260;A01;2;7;0;2;1;1;1;
202300005239;155 671 263;C01;2;7;0;2;4;1;1;
202300005240;155 671 258;A01;1;33;3;0;1;13;1;
202300005241;155 671 256;A01;1;7;0;1;1;1;1;
202300005242;155 671 252;B01;2;7;0;2;3;1;1;
202300005242;155 671 255;A01;2;7;3;2;2;1;1;
202300005243;155 671 251;B01;3;7;0;2;4;2;1;
202300005243;155 671 253;A01;3;7;0;2;4;2;1;
202300005244;155 671 250;A01;1;7;0;1;1;1;1;
202300005245;155 671 246;A01;1;7;0;2;3;13;1;
202300005245;155 671 254;B01;2;7;0;2;3;21;1;
202300005245;155 671 257;C01;1;7;0;2;3;1;1;
202300005246;155 671 245;A01;1;7;0;2;8;11;1;
202300005246;155 671 248;B01;1;33;0;2;1;3;1;
202300005247;155 671 244;A01;1;10;0;2;3;2;1;
202300005247;155 671 247;B01;1;7;0;2;4;2;1;
202300005247;155 671 249;C01;1;7;0;2;4;2;1;
202300005248;155 671 243;A01;1;80;0;0;9;1;3;
202300005249;155 671 239;A01;1;10;0;2;1;5;1;
202300005249;155 671 241;B01;2;7;0;2;1;1;1;
202300005250;155 671 238;A01;1;10;0;2;3;9;1;
202300005250;155 671 242;B01;2;7;4;0;4;0;1;
202300005251;155 671 236;A01;2;13;0;2;7;12;1;
202300005251;155 671 237;B01;2;33;0;2;8;1;1;
202300005251;155 671 240;C01;2;7;0;2;8;1;1;
202300005252;155 671 233;A01;2;7;0;0;9;14;0;
202300005253;155 671 234;A01;2;50;0;2;1;1;3;
202300005254;155 671 232;A01;0;7;0;1;3;1;1;
202300005255;155 671 229;A01;1;1;0;2;1;1;5;
202300005255;155 671 231;B01;1;13;0;0;4;23;1;
202300005256;155 671 227;A01;3;34;0;2;1;19;1;
202300005256;155 671 228;B01;3;7;0;2;0;0;1;
202300005257;155 671 226;A01;3;10;13;0;8;13;3;
202300005258;155 671 223;A01;2;7;15;2;1;2;3;
202300005258;155 671 225;B01;2;7;0;0;4;2;1;
202300005259;155 671 221;B01;3;50;0;2;0;2;3;
202300005259;155 671 224;A01;2;7;0;2;0;26;1;
202300005260;155 671 219;A01;1;33;0;2;1;5;1;
202300005260;155 671 220;B01;2;7;0;2;3;1;1;
202300005261;155 671 217;B01;1;10;0;2;1;1;1;
202300005261;155 671 222;A01;1;99;0;2;3;15;1;
202300005262;155 671 214;A01;1;7;0;2;1;1;1;
202300005262;155 671 215;B01;1;7;0;2;4;1;1;
202300005263;155 671 213;A01;3;7;0;2;2;26;1;
202300005264;155 671 211;Z01;1;7;0;2;0;0;0;
202300005264;155 671 212;A01;1;31;0;2;4;1;1;
202300005265;155 671 209;A01;1;31;0;2;3;26;1;
202300005265;155 671 210;B01;2;7;0;2;3;1;1;
202300005266;155 671 207;A01;2;7;0;2;4;2;1;
202300005266;155 671 208;B01;2;7;0;2;1;2;1;
202300005267;155 671 205;A01;2;7;0;2;1;2;1;
202300005267;155 671 206;B01;2;7;0;2;4;2;1;
202300005268;155 671 203;A01;2;7;0;2;2;1;1;
202300005268;155 671 204;B01;2;7;0;2;4;1;1;
202300005269;155 671 200;A01;2;7;0;2;2;12;1;
202300005269;155 671 201;B01;2;32;0;2;3;3;1;
202300005269;155 671 202;C01;2;7;0;2;4;1;1;
202300005270;155 671 198;A01;2;7;0;2;3;5;1;
202300005270;155 671 199;B01;2;7;0;2;1;1;1;
202300005271;155 671 196;B01;1;7;0;2;8;1;1;
202300005271;155 671 197;Z01;1;7;0;2;2;15;1;
202300005272;155 671 194;B01;3;1;0;2;7;19;5;
202300005272;155 671 195;A01;3;30;0;9;1;17;1;
202300005273;155 671 193;A01;2;33;12;0;1;1;1;
202300005274;155 671 192;B01;3;50;0;2;2;0;3;
202300005275;155 671 191;A01;1;7;4;0;3;1;1;
202300005276;155 671 189;A01;1;7;12;2;1;1;1;
202300005276;155 671 190;B01;1;7;0;2;1;15;1;
202300005277;155 671 188;A01;1;7;8;1;1;16;1;
202300005278;155 671 187;A01;1;30;15;0;2;1;1;
202300005279;155 671 185;A01;3;7;0;2;1;2;1;
202300005279;155 671 186;B01;0;7;0;2;4;2;1;
202300005280;155 671 183;A01;1;50;0;2;1;25;3;
202300005280;155 671 184;B01;1;7;0;2;2;16;1;
202300005281;155 671 181;A01;1;7;0;2;1;13;1;
202300005281;155 671 182;B01;1;7;14;0;4;13;1;
202300005282;155 671 179;A01;1;7;0;2;5;16;1;
202300005282;155 671 180;B01;1;2;0;2;8;1;1;
202300005283;155 671 177;A01;1;7;0;9;1;1;1;
202300005283;155 671 178;B01;1;1;0;2;1;19;5;
202300005284;155 671 176;A01;1;30;0;0;0;1;1;
202300005285;155 671 174;A01;1;7;0;2;3;26;1;
202300005285;155 671 175;B01;1;2;0;2;3;26;1;
202300005286;155 671 173;A01;1;33;1;0;1;13;1;
202300005287;155 671 171;A01;1;50;0;2;7;1;3;
202300005287;155 671 172;B01;1;7;0;2;3;1;2;
202300005288;155 671 169;B01;1;7;0;2;2;1;1;
202300005288;155 671 170;A01;2;7;0;2;1;1;1;
202300005289;155 671 167;A01;2;7;0;2;3;15;1;
202300005289;155 671 168;B01;1;50;0;2;1;1;3;
202300005290;155 671 165;A01;1;7;0;2;1;19;1;
202300005290;155 671 166;B01;1;32;0;2;7;1;1;
202300005291;155 671 163;A01;1;10;0;2;1;1;1;
202300005291;155 671 164;B01;1;7;0;2;2;1;1;
202300005292;155 671 161;A01;2;7;0;2;1;1;1;
202300005292;155 671 162;B01;1;7;0;2;4;2;1;
202300005293;155 671 160;A01;1;34;4;0;8;13;1;
202300005294;155 671 158;A01;1;13;0;2;3;12;1;
202300005294;155 671 159;B01;1;7;0;2;8;1;1;
202300005295;155 671 156;A01;1;7;0;2;3;0;1;
202300005295;155 671 157;B01;1;7;0;2;5;0;1;
202300005296;155 671 152;C01;1;7;0;2;4;2;1;
202300005296;155 671 153;D01;1;7;0;2;4;15;1;
202300005296;155 671 154;A01;1;7;0;2;1;2;1;
202300005296;155 671 155;B01;1;7;0;2;0;2;1;
202300005297;155 671 150;B01;2;50;0;2;1;1;3;
202300005297;155 671 151;A01;2;7;0;2;3;9;1;
202300005298;155 671 148;A01;2;33;0;2;8;2;1;
202300005298;155 671 149;B01;2;7;0;2;5;13;1;
202300005299;155 671 146;A01;3;7;0;2;1;15;1;
202300005299;155 671 147;B01;3;33;0;2;0;1;1;
202300005300;155 671 144;A01;1;7;0;2;1;0;1;
202300005300;155 671 145;B01;1;7;0;0;0;0;2;
202300005301;155 671 143;A01;1;7;1;1;1;26;1;
202300005302;155 671 141;A01;1;7;0;2;2;17;0;
202300005302;155 671 142;B01;1;1;0;2;2;14;5;
202300005303;155 671 140;Z01;2;7;0;1;0;26;0;
202300005304;155 671 137;A01;2;99;0;2;1;2;1;
202300005304;155 671 138;B01;2;7;0;2;4;2;1;
202300005304;155 671 139;C01;2;7;0;2;4;1;1;
202300005305;155 671 135;A01;2;33;0;2;1;1;1;
202300005305;155 671 136;B01;2;7;0;2;5;0;1;
202300005306;155 671 133;A01;1;7;0;2;1;13;1;
202300005306;155 671 134;B01;1;10;0;2;0;0;1;
202300005307;155 671 131;A01;1;7;0;2;2;1;1;
202300005307;155 671 132;B01;1;1;0;2;8;19;5;
202300005308;155 671 129;B01;2;7;0;2;1;1;1;
202300005308;155 671 130;A01;1;7;1;2;1;13;1;
202300005309;155 671 128;A01;3;7;2;0;3;14;1;
202300005310;155 671 127;A01;1;10;0;1;1;1;3;
202300005311;155 671 125;A01;1;10;15;2;8;19;1;
202300005311;155 671 126;B01;2;7;0;2;1;1;1;
202300005312;155 671 124;A01;2;7;0;1;1;1;1;
202300005313;155 671 123;A01;1;7;13;0;5;14;1;
202300005314;155 671 122;A01;2;7;13;0;1;13;1;
202300005315;155 671 121;A01;2;15;0;1;1;1;1;
202300005316;155 671 119;A01;1;7;0;2;3;13;1;
202300005316;155 671 120;B01;2;7;0;2;3;1;1;
202300005317;155 671 117;A01;1;7;0;2;1;9;1;
202300005317;155 671 118;B01;1;7;0;2;1;1;1;
202300005318;155 671 116;A01;2;7;0;1;1;1;3;
202300005319;155 671 115;A01;3;7;0;1;4;4;1;
202300005320;155 671 113;A01;2;7;0;2;1;15;1;
202300005320;155 671 114;B01;1;43;0;2;2;1;1;
202300005321;155 671 111;A01;1;33;11;2;2;17;1;
202300005321;155 671 112;B01;2;7;0;2;8;1;1;
202300005322;155 671 109;B01;2;2;0;2;8;1;1;
202300005322;155 671 110;A01;1;7;0;2;1;15;1;
202300005323;155 671 108;A01;1;7;11;0;3;1;1;
202300005324;155 671 107;A01;1;7;7;0;1;6;1;
202300005325;155 671 105;A01;2;7;0;2;1;2;1;
202300005325;155 671 106;B01;2;33;0;2;4;2;1;
202300005326;155 671 103;A01;1;7;0;9;1;1;1;
202300005326;155 671 104;B01;3;50;0;2;7;19;3;
202300005327;155 671 099;B01;1;7;0;2;2;1;3;