Num_Acc;id_vehicule;num_veh;senc;catv;obs;obsm;choc;manv;motor;occutc
202300005327;155 671 100;A01;2;7;0;2;1;1;1;
202300005328;155 671 097;A01;3;7;0;2;1;13;1;
202300005328;155 671 098;B01;3;7;0;2;3;1;1;
202300005329;155 671 096;A01;3;33;0;0;1;26;1;
202300005330;155 671 094;A01;0;7;0;2;1;2;1;
202300005330;155 671 095;B01;0;7;0;2;4;2;1;
202300005331;155 671 093;A01;0;33;0;0;0;1;1;
202300005332;155 671 091;A01;1;10;0;2;6;9;1;
202300005332;155 671 092;B01;1;33;0;2;1;1;1;
202300005333;155 671 090;A01;0;50;0;1;1;1;3;
202300005334;155 671 088;A01;3;7;0;2;0;0;1;
202300005334;155 671 089;B01;3;1;0;2;4;15;5;
202300005335;155 671 087;A01;1;30;14;0;1;5;1;
202300005336;155 671 086;A01;2;7;6;0;1;14;1;
202300005337;155 671 084;A01;1;7;0;2;7;15;1;
202300005337;155 671 085;B01;2;33;0;2;1;1;1;
202300005338;155 671 082;A01;1;32;0;2;1;1;1;
202300005338;155 671 083;B01;1;7;0;2;4;1;1;
202300005339;155 671 080;B01;2;37;0;2;8;1;1;4
202300005339;155 671 081;A01;2;14;0;2;1;1;1;
202300005340;155 671 077;A01;1;33;0;2;2;14;1;
202300005340;155 671 078;B01;1;7;0;2;5;2;1;
202300005340;155 671 079;C01;1;7;0;2;2;2;1;
202300005341;155 671 075;B01;2;1;1;2;4;1;5;
202300005341;155 671 076;A01;2;7;0;2;1;1;1;
202300005342;155 671 073;A01;1;7;0;2;1;1;1;
202300005342;155 671 074;B01;1;13;0;2;4;26;1;
202300005343;155 671 072;A01;1;7;0;1;6;16;1;
202300005344;155 671 070;A01;2;7;0;2;3;1;1;
202300005344;155 671 071;B01;1;80;0;2;1;1;3;
202300005345;155 671 068;B01;1;7;0;2;4;23;1;
202300005345;155 671 069;A01;2;7;0;2;1;1;1;
202300005346;155 671 066;A01;1;7;0;2;3;10;1;
202300005346;155 671 067;B01;1;33;0;2;1;1;1;
202300005347;155 671 065;A01;2;50;0;1;1;1;3;
202300005348;155 671 063;A01;2;1;0;2;1;2;5;
202300005348;155 671 064;B01;2;7;0;2;4;23;1;
202300005349;155 671 061;B01;1;80;0;2;8;1;3;
202300005349;155 671 062;A01;1;7;0;2;2;15;1;
202300005350;155 671 060;A01;1;10;0;1;2;15;3;
202300005351;155 671 058;B01;2;32;0;2;1;1;1;
202300005351;155 671 059;A01;1;7;0;2;7;15;1;
202300005352;155 671 056;A01;3;30;0;2;1;2;1;
202300005352;155 671 057;B01;3;7;0;2;4;2;1;
202300005353;155 671 055;A01;1;80;12;0;1;14;3;
202300005354;155 671 053;A01;1;50;0;2;1;2;3;
202300005354;155 671 054;B01;3;7;0;9;3;2;1;
202300005355;155 671 051;B01;2;7;0;2;7;17;0;
202300005355;155 671 052;A01;2;1;0;2;8;13;5;
202300005356;155 671 050;A01;3;7;0;0;0;1;-1;
202300005357;155 671 048;A01;1;33;0;2;1;17;1;
202300005357;155 671 049;B01;1;7;0;2;0;0;1;
202300005358;155 671 045;E01;2;7;0;2;4;2;1;
202300005358;155 671 046;A01;2;7;1;2;7;1;1;
202300005358;155 671 047;B01;2;7;0;2;7;2;1;
202300005359;155 671 043;A01;1;7;0;2;1;0;1;
202300005359;155 671 044;B01;3;50;0;2;1;0;3;
202300005360;155 671 042;A01;2;7;1;0;2;14;1;
202300005361;155 671 040;A01;1;7;0;2;7;15;1;
202300005361;155 671 041;B01;1;33;0;2;1;2;1;
202300005362;155 671 038;A01;3;7;14;0;4;0;1;
202300005362;155 671 039;B01;3;7;14;0;1;0;0;
202300005363;155 671 036;B01;1;50;1;0;1;2;3;
202300005363;155 671 037;A01;1;7;1;0;0;0;1;
202300005364;155 671 035;A01;3;7;2;0;1;1;2;
202300005365;155 671 033;A01;2;7;0;2;2;14;1;
202300005365;155 671 034;B01;2;50;0;2;4;1;3;
202300005366;155 671 032;A01;1;7;0;1;2;1;1;
202300005367;155 671 031;A01;3;7;0;1;4;4;1;
202300005368;155 671 028;A01;2;7;0;2;3;15;1;
202300005368;155 671 030;B01;2;50;0;2;1;5;3;
202300005369;155 671 027;B01;2;1;0;2;1;25;5;
202300005369;155 671 029;A01;2;7;0;2;8;9;1;
202300005370;155 671 026;A01;3;7;1;0;1;1;1;
202300005371;155 671 025;A01;1;7;0;1;1;1;1;
202300005372;155 671 024;A01;1;7;0;1;1;2;1;
202300005373;155 671 022;A01;1;30;0;2;1;17;1;
202300005373;155 671 023;B01;1;7;0;2;3;15;1;
202300005374;155 671 021;A01;1;7;2;0;1;13;1;
202300005375;155 671 020;A01;2;7;0;1;1;1;1;
202300005376;155 671 019;A01;2;7;14;0;1;1;1;
202300005377;155 671 016;A01;3;7;0;2;1;19;1;
202300005377;155 671 018;B01;3;1;0;2;8;1;5;
202300005378;155 671 015;B01;0;7;0;2;2;1;3;
202300005378;155 671 017;A01;-1;2;-1;2;1;-1;1;
202300005379;155 671 014;A01;1;30;0;0;8;16;1;
202300005380;155 671 012;B01;2;7;0;2;8;2;1;
202300005380;155 671 013;A01;2;2;0;2;7;17;1;
202300005381;155 671 010;A01;1;7;0;2;3;15;1;
202300005381;155 671 011;B01;2;7;0;2;3;1;1;
202300005382;155 671 009;A01;3;7;0;1;4;4;1;
202300005383;155 671 008;Z01;2;30;0;1;8;1;1;
202300005384;155 671 006;A01;3;10;0;2;1;1;1;
202300005384;155 671 007;B01;3;1;0;2;7;16;5;
202300005385;155 671 004;A01;2;50;0;2;1;25;3;
202300005385;155 671 005;B01;1;7;2;2;1;15;1;
202300005386;155 671 003;A01;3;33;0;0;9;1;1;
202300005387;155 670 999;A01;3;34;0;2;2;1;1;
202300005387;155 671 002;B01;3;7;0;2;8;10;1;
202300005388;155 671 000;A01;3;1;0;2;1;1;5;
202300005388;155 671 001;B01;3;1;0;2;1;1;5;
202300005389;155 670 997;A01;1;7;0;1;1;1;1;
202300005390;155 670 996;A01;1;33;0;2;2;17;1;
202300005390;155 670 998;B01;1;7;0;2;6;0;1;
202300005391;155 670 994;B01;2;7;0;2;2;1;1;
202300005391;155 670 995;A01;2;7;0;2;3;20;1;
202300005392;155 670 992;A01;1;32;0;2;8;13;1;
202300005392;155 670 993;B01;1;7;0;2;2;1;1;
202300005393;155 670 990;A01;1;7;0;2;0;1;1;
202300005393;155 670 991;B01;1;1;0;2;2;1;5;
202300005394;155 670 989;A01;1;10;0;1;4;4;1;
202300005395;155 670 988;A01;1;7;0;1;1;1;1;
202300005396;155 670 987;A01;3;10;9;0;1;9;1;
202300005397;155 670 985;A01;2;7;0;2;2;1;1;
202300005397;155 670 986;B01;0;50;0;2;1;19;3;
202300005398;155 670 984;A01;0;31;12;0;1;1;1;
202300005399;155 670 983;A01;1;7;0;1;8;1;1;
202300005400;155 670 979;C01;1;10;0;2;4;1;1;
202300005400;155 670 980;A01;1;7;0;2;3;11;1;
202300005400;155 670 982;B01;1;33;0;2;2;3;1;
202300005401;155 670 977;A01;2;7;4;0;1;1;1;
202300005402;155 670 975;B01;2;7;0;2;3;1;1;
202300005402;155 670 976;A01;1;15;0;2;8;1;1;
202300005403;155 670 974;A01;1;2;0;0;8;15;1;
202300005404;155 670 972;A01;1;7;0;2;3;26;1;
202300005404;155 670 973;B01;1;1;0;2;1;1;5;
202300005405;155 670 970;A01;1;7;0;2;1;1;1;
202300005405;155 670 971;B01;1;7;0;2;4;1;1;
202300005406;155 670 969;A01;1;2;0;0;0;1;1;
202300005407;155 670 968;A01;3;7;9;0;3;15;1;
202300005408;155 670 966;A01;2;7;2;0;2;1;1;
202300005409;155 670 965;A01;3;33;11;2;1;17;1;
202300005409;155 670 967;B01;3;7;0;2;1;1;1;
202300005410;155 670 964;A01;3;7;2;0;4;14;1;
202300005411;155 670 962;A01;2;37;0;2;3;15;1;1
202300005411;155 670 963;B01;2;7;0;2;8;14;6;
202300005412;155 670 960;A01;1;7;0;2;1;1;1;
202300005412;155 670 961;B01;1;7;0;2;4;1;1;
202300005413;155 670 959;A01;1;7;4;0;3;1;1;
202300005414;155 670 957;A01;2;2;0;0;8;1;1;
202300005415;155 670 956;B01;0;7;0;2;1;1;0;
202300005415;155 670 958;A01;1;50;0;2;7;1;3;
202300005416;155 670 955;A01;2;7;0;1;2;1;1;
202300005417;155 670 953;A01;3;10;0;2;1;16;1;
202300005417;155 670 954;B01;3;7;0;2;4;16;1;
202300005418;155 670 951;A01;3;30;0;0;8;16;1;
202300005419;155 670 950;B01;2;7;1;2;7;1;1;
202300005419;155 670 952;A01;2;10;0;2;1;16;1;
202300005420;155 670 947;A01;2;37;0;2;2;2;1;1
202300005420;155 670 949;B01;2;1;0;2;0;2;5;
202300005421;155 670 946;B01;1;1;0;2;1;21;5;
202300005421;155 670 948;A01;1;10;0;2;5;15;1;
202300005422;155 670 943;A01;2;7;0;2;1;1;1;
202300005422;155 670 945;B01;1;10;0;2;4;1;1;
202300005423;155 670 942;B01;3;7;0;2;1;1;1;
202300005423;155 670 944;A01;2;50;0;2;7;19;3;
202300005424;155 670 940;A01;2;37;0;2;0;1;1;1
202300005424;155 670 941;B01;2;1;0;2;8;1;5;
202300005425;155 670 938;A01;1;7;0;2;3;18;1;
202300005425;155 670 939;B01;1;7;0;2;7;16;1;
202300005426;155 670 937;A01;3;7;7;0;8;1;1;
202300005427;155 670 934;A01;1;7;0;0;0;0;1;
202300005427;155 670 936;B01;1;7;0;0;0;0;1;
202300005428;155 670 933;Z01;0;7;0;9;1;9;0;
202300005428;155 670 935;B01;0;1;0;2;7;1;5;
202300005429;155 670 932;A01;3;1;0;1;0;0;5;
202300005430;155 670 929;B01;2;1;0;2;1;1;5;
202300005430;155 670 931;A01;1;7;0;2;1;5;1;
202300005431;155 670 928;B01;1;7;0;2;1;1;1;
202300005431;155 670 930;A01;1;7;0;2;2;15;1;
202300005432;155 670 925;B01;2;10;0;2;5;15;1;
202300005432;155 670 926;A01;1;30;0;2;1;1;1;
202300005433;155 670 924;B01;3;7;0;2;2;1;1;
202300005433;155 670 927;A01;3;32;0;2;3;13;1;
202300005434;155 670 922;A01;0;32;0;2;1;1;1;
202300005434;155 670 923;B01;0;7;0;2;3;1;3;
202300005435;155 670 920;A01;2;7;0;2;3;16;1;
202300005435;155 670 921;B01;1;33;0;2;1;1;1;
202300005436;155 670 919;A01;2;7;9;0;1;15;1;
202300005437;155 670 916;A01;3;7;0;2;1;9;1;
202300005437;155 670 918;B01;3;50;0;2;1;9;3;
202300005438;155 670 915;B01;3;14;0;2;1;1;0;
202300005438;155 670 917;A01;3;34;0;2;8;19;1;
202300005439;155 670 913;B01;0;33;0;2;0;1;1;
202300005439;155 670 914;A01;0;7;0;2;0;11;1;
202300005440;155 670 910;A01;0;7;0;2;7;0;1;
202300005440;155 670 912;B01;0;31;0;2;1;1;1;
202300005441;155 670 909;A01;0;7;0;2;1;1;1;
202300005441;155 670 911;B01;0;7;0;2;4;1;3;
202300005442;155 670 905;A01;1;33;0;2;1;15;1;
202300005442;155 670 908;B01;2;7;0;2;1;1;1;
202300005443;155 670 902;A01;1;7;0;2;5;12;1;
202300005443;155 670 904;B01;1;1;0;2;8;1;5;
202300005444;155 670 901;A01;2;7;0;2;8;15;2;
202300005444;155 670 903;B01;1;33;0;2;1;1;1;
202300005445;155 670 899;A01;1;7;0;2;1;1;1;
202300005445;155 670 900;B01;1;7;0;2;4;1;1;
202300005446;155 670 896;A01;1;1;0;0;1;1;5;
202300005447;155 670 897;A01;3;36;0;2;2;17;1;
202300005447;155 670 898;B01;1;7;0;2;3;15;1;
202300005448;155 670 895;A01;2;10;0;1;3;1;-1;
202300005449;155 670 892;Z01;1;7;0;2;1;1;1;
202300005449;155 670 894;B01;1;7;0;2;1;1;1;
202300005450;155 670 891;A01;2;7;0;2;2;1;1;
202300005450;155 670 893;B01;2;2;0;2;1;1;1;
202300005451;155 670 890;A01;1;7;0;1;1;12;1;
202300005452;155 670 888;A01;0;7;0;2;1;9;2;
202300005452;155 670 889;B01;3;50;0;2;1;1;3;
202300005453;155 670 886;A01;3;7;0;2;6;10;1;
202300005453;155 670 887;B01;3;33;0;2;1;2;1;
202300005454;155 670 885;A01;2;7;7;0;1;0;1;
202300005455;155 670 883;A01;2;7;1;0;2;0;1;
202300005456;155 670 881;C01;2;7;0;2;8;0;0;
202300005456;155 670 882;B01;2;7;0;2;5;0;0;
202300005456;155 670 884;A01;2;7;0;2;3;0;0;
202300005457;155 670 880;A01;1;30;0;1;0;0;1;
202300005458;155 670 878;B01;1;7;0;2;4;2;0;
202300005458;155 670 879;A01;1;7;0;2;1;2;0;
202300005459;155 670 876;Z01;2;7;0;2;8;1;0;
202300005459;155 670 877;B01;2;32;0;2;7;1;1;
202300005460;155 670 875;A01;1;10;0;1;3;1;1;
202300005461;155 670 872;A01;3;7;0;2;2;1;1;
202300005461;155 670 874;B01;3;15;0;2;3;1;1;
202300005462;155 670 871;B01;1;7;0;2;1;9;1;
202300005462;155 670 873;A01;1;7;0;2;1;13;1;
202300005463;155 670 869;A01;1;10;0;2;3;24;1;
202300005463;155 670 870;B01;1;50;1;0;8;21;3;
202300005464;155 670 867;A01;1;10;0;2;1;2;1;
202300005464;155 670 868;B01;1;7;0;2;4;1;1;
202300005465;155 670 866;A01;1;3;8;0;1;26;1;
202300005466;155 670 865;A01;1;7;13;0;3;13;1;
202300005467;155 670 863;A01;2;7;0;2;3;11;1;
202300005467;155 670 864;B01;2;32;0;2;8;3;1;
202300005468;155 670 861;B01;2;7;0;2;8;15;1;
202300005468;155 670 862;A01;2;32;0;2;2;17;1;
202300005469;155 670 859;A01;2;7;0;2;3;9;1;
202300005469;155 670 860;B01;2;33;0;2;1;1;1;
202300005470;155 670 857;A01;1;7;0;2;2;12;1;
202300005470;155 670 858;B01;3;1;0;2;3;1;5;
202300005471;155 670 855;B01;2;80;0;2;1;1;3;
202300005471;155 670 856;A01;1;50;0;2;1;13;3;
202300005472;155 670 854;A01;2;7;0;1;7;1;2;
202300005473;155 670 852;A01;3;60;0;2;1;19;5;
202300005473;155 670 853;B01;1;7;0;2;3;1;1;
202300005474;155 670 851;A01;1;31;0;1;1;1;1;
202300005475;155 670 850;A01;2;7;0;1;2;1;1;
202300005476;155 670 848;B01;2;50;0;2;1;17;3;
202300005476;155 670 849;A01;2;80;0;2;1;15;3;
202300005477;155 670 847;A01;1;7;12;0;0;13;1;
202300005478;155 670 846;A01;1;1;0;0;0;15;5;
202300005479;155 670 844;A01;1;7;0;2;8;1;1;
202300005479;155 670 845;B01;2;32;0;2;8;15;1;
202300005480;155 670 843;A01;2;7;0;1;1;1;1;
202300005481;155 670 842;A01;1;1;0;0;1;1;5;
202300005482;155 670 841;A01;1;1;0;0;8;13;5;
202300005483;155 670 839;A01;1;32;0;2;8;18;1;
202300005483;155 670 840;B01;1;7;0;2;5;23;2;
202300005484;155 670 836;A01;1;10;0;2;1;2;1;
202300005484;155 670 837;B01;1;7;0;2;4;2;1;
202300005484;155 670 838;C01;1;7;0;2;4;2;1;
202300005485;155 670 834;A01;1;7;0;2;5;15;1;
202300005485;155 670 835;B01;2;2;0;2;1;1;1;
202300005486;155 670 833;A01;2;7;1;0;2;14;0;
202300005487;155 670 831;A01;3;7;0;2;1;15;1;
202300005487;155 670 832;B01;3;2;0;2;0;0;1;
202300005488;155 670 829;A01;3;33;0;2;4;26;1;
202300005488;155 670 830;B01;3;7;0;2;1;1;1;
202300005489;155 670 827;A01;1;7;0;2;3;11;1;
202300005489;155 670 828;B01;1;32;0;2;2;1;1;
202300005490;155 670 825;B01;0;1;0;2;1;9;5;
202300005490;155 670 826;A01;3;7;0;2;0;0;1;
202300005491;155 670 823;A01;2;10;0;2;4;1;1;
202300005491;155 670 824;B01;2;33;0;2;1;11;1;
202300005492;155 670 821;B01;3;10;0;2;7;15;0;
202300005492;155 670 822;A01;1;30;0;2;1;1;1;
202300005493;155 670 819;B01;0;40;0;2;1;1;0;
202300005493;155 670 820;A01;0;3;0;4;8;15;1;
202300005494;155 670 817;A01;0;7;0;2;3;13;1;
202300005494;155 670 818;B01;0;33;0;2;1;17;1;
202300005495;155 670 815;A01;0;7;0;2;3;1;0;
202300005495;155 670 816;B01;0;7;0;0;0;15;0;
202300005496;155 670 812;A01;2;7;0;2;2;15;1;
202300005496;155 670 813;B01;1;7;0;2;1;2;0;
202300005496;155 670 814;C01;1;2;0;2;3;1;0;
202300005497;155 670 811;A01;2;7;0;1;5;1;0;
202300005498;155 670 809;A01;1;7;0;2;3;9;1;
202300005498;155 670 810;B01;1;1;0;2;1;1;5;
202300005499;155 670 808;A01;1;30;1;0;2;1;1;
202300005500;155 670 807;A01;1;7;0;1;1;1;2;
202300005501;155 670 805;B01;2;32;0;9;3;1;1;
202300005501;155 670 806;A01;0;80;0;2;1;19;3;
202300005502;155 670 803;A01;1;50;0;2;0;0;3;
202300005502;155 670 804;Z01;1;0;0;2;0;0;0;
202300005503;155 670 801;A01;2;14;0;2;4;1;1;
202300005503;155 670 802;B01;2;30;0;2;4;1;1;
202300005504;155 670 800;A01;1;7;0;1;2;1;1;
202300005505;155 670 799;A01;1;7;0;1;1;15;1;
202300005506;155 670 797;A01;3;7;0;2;3;9;0;
202300005506;155 670 798;B01;3;2;0;2;5;2;0;
202300005507;155 670 796;A01;1;7;2;0;1;1;1;
202300005508;155 670 795;A01;3;50;0;1;1;18;3;
202300005509;155 670 793;B01;0;80;0;2;8;0;3;
202300005509;155 670 794;A01;0;10;0;2;7;0;1;
202300005510;155 670 789;A01;2;7;0;2;1;1;0;
202300005510;155 670 790;B01;2;7;0;2;4;2;0;
202300005510;155 670 791;C01;2;7;0;2;4;2;0;
202300005510;155 670 792;D01;2;7;0;0;4;2;0;
202300005511;155 670 787;A01;2;1;0;2;1;5;5;
202300005511;155 670 788;B01;1;7;0;2;5;2;0;
202300005512;155 670 785;A01;3;7;0;2;3;19;1;
202300005512;155 670 786;B01;2;7;13;2;1;1;1;
202300005513;155 670 783;A01;2;7;0;0;7;11;1;
202300005513;155 670 784;B01;2;7;0;0;3;15;1;
202300005514;155 670 781;B01;3;7;0;2;2;1;1;
202300005514;155 670 782;A01;3;10;0;2;2;1;1;
202300005515;155 670 780;A01;3;7;2;0;9;1;1;
202300005516;155 670 779;A01;3;2;7;0;1;1;1;
202300005517;155 670 778;A01;2;7;6;0;1;13;2;
202300005518;155 670 777;A01;0;7;0;1;4;4;1;
202300005519;155 670 776;A01;2;7;2;0;3;13;1;
202300005520;155 670 775;A01;1;7;13;0;3;2;3;
202300005521;155 670 772;A01;2;2;0;2;1;1;1;
202300005521;155 670 773;B01;1;3;0;9;1;11;1;
202300005522;155 670 771;A01;2;2;0;0;7;1;1;
202300005523;155 670 768;A01;2;7;0;2;3;13;1;
202300005523;155 670 769;B01;1;7;0;2;3;1;1;
202300005524;155 670 770;A01;1;7;0;2;2;1;1;
202300005524;155 670 774;B01;1;1;0;2;8;19;5;
202300005525;155 670 766;A01;0;7;0;2;2;4;1;
202300005525;155 670 767;B01;2;2;0;2;7;1;1;
202300005526;155 670 764;A01;1;2;12;0;1;14;1;
202300005527;155 670 762;A01;1;7;13;0;1;1;1;
202300005528;155 670 761;A01;1;7;6;0;1;1;1;
202300005529;155 670 763;B01;3;2;0;2;1;1;1;
202300005529;155 670 765;A01;3;7;0;2;5;15;1;
202300005530;155 670 758;A01;2;2;0;0;0;1;3;
202300005531;155 670 757;A01;1;7;15;0;1;1;1;
202300005532;155 670 754;A01;1;7;0;2;1;5;1;
202300005532;155 670 755;B01;2;7;0;2;1;1;1;
202300005533;155 670 751;B01;1;7;14;9;1;21;1;
202300005533;155 670 752;A01;2;7;2;0;7;0;1;
202300005534;155 670 753;B01;3;7;0;2;3;1;1;
202300005534;155 670 756;A01;3;7;0;2;3;15;1;
202300005535;155 670 749;A01;2;21;0;2;8;9;1;
202300005535;155 670 750;B01;1;7;0;9;1;1;1;
202300005536;155 670 747;A01;0;2;0;0;0;10;1;
202300005537;155 670 748;A01;1;99;2;0;3;14;1;
202300005538;155 670 746;A01;1;7;0;1;2;1;1;
202300005539;155 670 744;A01;2;7;0;1;1;1;0;
202300005540;155 670 743;A01;2;33;0;2;1;17;1;
202300005540;155 670 745;B01;2;7;0;2;1;16;1;
202300005541;155 670 739;B01;2;7;0;2;1;1;1;
202300005541;155 670 741;A01;2;7;0;0;8;9;1;
202300005542;155 670 740;A01;1;7;0;2;6;2;0;
202300005542;155 670 742;B01;1;7;0;2;2;2;0;
202300005543;155 670 736;B01;2;7;0;2;1;1;1;
202300005543;155 670 738;A01;1;7;0;2;1;5;1;
202300005544;155 670 734;B01;2;10;0;2;3;1;1;
202300005544;155 670 735;A01;2;10;0;2;3;13;1;
202300005545;155 670 731;A01;1;7;0;2;6;1;1;
202300005545;155 670 733;B01;1;1;0;2;1;1;5;
202300005546;155 670 732;A01;0;7;0;2;1;1;1;
202300005546;155 670 737;B01;3;7;0;2;2;1;1;
202300005547;155 670 729;A01;1;7;0;2;1;1;1;
202300005547;155 670 730;B01;2;7;0;2;2;5;1;
202300005548;155 670 728;A01;2;2;8;0;8;14;1;
202300005549;155 670 725;B01;2;14;0;0;8;1;1;
202300005549;155 670 726;A01;1;7;2;2;8;13;1;
202300005550;155 670 723;A01;2;7;3;0;8;0;1;
202300005551;155 670 720;A01;2;7;0;2;3;9;1;
202300005551;155 670 721;B01;2;2;0;2;1;1;1;
202300005552;155 670 719;A01;1;10;0;2;1;1;1;
202300005552;155 670 722;B01;1;7;0;2;7;12;1;
202300005553;155 670 717;A01;2;10;0;2;1;2;1;
202300005553;155 670 718;B01;2;7;0;2;4;2;1;
202300005554;155 670 716;A01;1;7;0;1;1;1;0;
202300005555;155 670 715;A01;2;7;13;0;7;1;1;
202300005556;155 670 713;A01;3;7;0;2;5;15;1;
202300005556;155 670 714;B01;2;30;0;2;1;1;1;
202300005557;155 670 711;B01;2;7;0;2;1;2;1;
202300005557;155 670 712;A01;2;7;0;0;4;1;1;
202300005558;155 670 710;A01;1;7;3;0;9;1;1;
202300005559;155 670 709;A01;2;7;6;0;1;1;1;
202300005560;155 670 708;A01;1;7;10;0;2;14;1;
202300005561;155 670 706;A01;2;7;4;0;3;1;1;
202300005562;155 670 705;A01;1;10;0;2;2;17;1;
202300005562;155 670 707;B01;1;1;0;2;8;1;5;
202300005563;155 670 701;C01;2;7;0;0;4;2;1;
202300005563;155 670 703;A01;2;7;0;2;1;2;1;
202300005563;155 670 704;B01;2;7;0;2;4;2;1;
202300005564;155 670 699;A01;1;7;11;0;1;1;1;
202300005565;155 670 697;A01;2;7;9;0;3;1;1;
202300005566;155 670 695;A01;1;7;0;2;1;15;1;
202300005566;155 670 696;B01;2;33;0;2;1;1;1;
202300005567;155 670 694;B01;1;7;0;2;1;1;1;
202300005567;155 670 698;A01;2;7;0;2;1;13;1;
202300005568;155 670 691;A01;1;7;0;1;4;26;1;
202300005569;155 670 689;A01;1;50;0;2;1;0;3;
202300005569;155 670 690;B01;1;33;0;2;1;21;1;
202300005570;155 670 686;A01;1;7;0;2;1;1;2;
202300005570;155 670 688;B01;2;7;0;2;1;13;1;
202300005571;155 670 687;A01;3;7;1;0;1;1;1;
202300005572;155 670 684;A01;1;7;0;0;4;15;1;
202300005572;155 670 685;B01;1;33;0;2;1;1;1;
202300005573;155 670 679;A01;1;7;0;2;5;17;1;
202300005573;155 670 681;B01;1;2;0;2;8;1;1;
202300005574;155 670 676;A01;2;33;0;2;1;3;1;
202300005574;155 670 677;B01;2;7;0;2;5;12;1;
202300005575;155 670 672;A01;1;7;0;2;2;2;1;
202300005575;155 670 674;B01;1;7;0;2;4;2;1;
202300005575;155 670 675;C01;1;10;0;2;4;2;1;
202300005576;155 670 671;A01;2;10;4;0;3;13;1;
202300005577;155 670 667;A01;1;7;0;2;1;2;1;
202300005577;155 670 668;B01;1;7;0;2;4;2;1;
202300005577;155 670 669;C01;1;7;0;2;4;2;1;
202300005578;155 670 664;A01;2;10;0;2;7;11;1;
202300005578;155 670 665;B01;2;32;0;2;7;3;1;
202300005579;155 670 662;B01;0;7;0;2;1;1;1;
202300005579;155 670 666;A01;0;7;0;2;1;13;1;
202300005580;155 670 661;A01;2;7;0;2;4;2;1;
202300005580;155 670 663;B01;2;33;0;2;1;1;1;
202300005581;155 670 658;C01;2;7;0;2;0;0;1;
202300005581;155 670 659;A01;2;34;0;2;0;3;1;
202300005581;155 670 660;B01;2;7;0;2;0;0;1;
202300005582;155 670 656;A01;1;7;0;1;1;1;1;
202300005583;155 670 655;A01;1;7;0;2;3;1;1;
202300005583;155 670 657;B01;1;7;0;2;5;14;1;
202300005584;155 670 654;A01;2;33;0;0;8;1;1;
202300005585;155 670 653;A01;2;7;0;2;0;1;1;
202300005586;155 670 651;B01;2;7;0;2;6;1;1;
202300005586;155 670 652;A01;2;15;0;2;1;12;1;
202300005587;155 670 649;A01;2;10;15;2;1;17;1;
202300005587;155 670 650;B01;2;10;0;2;3;15;2;
202300005588;155 670 647;A01;1;1;0;1;0;0;5;
202300005589;155 670 646;B01;1;1;0;2;8;1;5;
202300005589;155 670 648;A01;2;7;0;2;1;15;1;
202300005590;155 670 645;A01;2;7;0;1;1;1;1;
202300005591;155 670 642;A01;2;2;0;2;1;18;1;
202300005591;155 670 644;B01;1;7;0;9;7;15;1;
202300005592;155 670 643;A01;3;7;0;1;0;0;0;
202300005593;155 670 641;A01;1;7;0;1;4;4;0;
202300005594;155 670 640;A01;1;7;0;1;1;1;6;
202300005595;155 670 636;A01;1;32;0;2;1;15;1;
202300005595;155 670 637;B01;2;7;0;2;8;1;1;
202300005595;155 670 638;C01;3;7;0;2;1;1;1;
202300005596;155 670 634;A01;2;7;9;0;1;1;1;
202300005597;155 670 633;A01;3;30;0;2;1;15;0;
202300005597;155 670 635;B01;3;7;0;2;8;15;0;
202300005598;155 670 631;A01;1;2;0;2;8;18;1;
202300005598;155 670 632;B01;1;7;0;2;7;1;1;
202300005599;155 670 630;A01;2;7;0;0;1;14;1;
202300005600;155 670 627;A01;1;7;0;2;1;1;1;
202300005600;155 670 629;B01;2;10;0;2;1;1;1;
202300005601;155 670 628;A01;0;7;8;0;1;26;1;
202300005602;155 670 625;A01;2;7;0;2;2;1;1;
202300005602;155 670 626;B01;2;10;0;2;8;16;1;
202300005603;155 670 622;B01;1;7;0;2;3;9;1;
202300005603;155 670 623;A01;1;10;0;2;1;1;1;
202300005604;155 670 618;B01;1;10;0;2;2;1;0;
202300005604;155 670 619;A01;1;7;0;2;4;0;0;
202300005605;155 670 616;A01;3;10;0;1;2;1;1;
202300005606;155 670 617;Z01;2;7;7;2;1;26;1;
202300005606;155 670 620;B01;2;7;8;2;4;1;1;
202300005606;155 670 621;C01;2;7;0;2;4;1;1;
202300005607;155 670 614;A01;2;7;1;2;3;20;1;
202300005607;155 670 615;B01;2;7;0;2;2;1;1;
202300005608;155 670 613;A01;1;33;0;0;0;1;1;
202300005609;155 670 611;B01;2;7;0;2;3;9;0;
202300005609;155 670 612;A01;2;7;0;2;2;1;0;
202300005610;155 670 607;A01;2;7;0;2;8;24;1;
202300005610;155 670 608;B01;2;1;0;2;1;1;5;
202300005611;155 670 604;A01;2;10;0;2;2;15;1;
202300005611;155 670 605;B01;1;31;0;2;1;1;1;
202300005612;155 670 603;A01;1;7;1;0;1;1;1;
202300005613;155 670 600;B01;2;10;0;2;1;1;1;
202300005613;155 670 602;A01;1;7;0;2;7;13;1;
202300005614;155 670 598;B01;2;7;0;2;2;1;1;
202300005614;155 670 599;A01;0;7;1;2;8;9;1;
202300005615;155 670 601;A01;2;7;0;1;1;1;1;
202300005616;155 670 597;A01;1;7;0;1;3;1;1;