Num_Acc;id_vehicule;num_veh;senc;catv;obs;obsm;choc;manv;motor;occutc
202300005617;155 670 595;A01;2;30;12;0;7;1;1;
202300005618;155 670 594;A01;2;7;16;0;0;0;1;
202300005618;155 670 596;B01;2;1;1;0;2;14;5;
202300005619;155 670 592;A01;2;7;0;1;1;1;0;
202300005620;155 670 591;Z01;0;0;0;9;0;0;0;
202300005620;155 670 593;A01;0;1;0;2;0;0;5;
202300005621;155 670 587;B01;3;50;0;2;1;1;3;
202300005621;155 670 588;A01;3;37;0;2;2;15;1;1
202300005622;155 670 582;A01;3;31;0;2;7;18;1;
202300005622;155 670 584;B01;3;14;0;2;0;1;1;
202300005623;155 670 577;A01;1;13;0;1;2;26;1;
202300005624;155 670 578;B01;3;7;0;2;5;1;1;
202300005624;155 670 579;A01;2;30;0;2;1;1;1;
202300005625;155 670 576;A01;1;7;0;1;1;1;1;
202300005626;155 670 573;A01;2;7;0;9;2;16;1;
202300005626;155 670 575;B01;1;50;0;2;8;19;3;
202300005627;155 670 574;A01;3;7;0;1;0;1;1;
202300005628;155 670 569;B01;0;7;0;2;1;1;1;
202300005628;155 670 571;A01;0;7;0;2;3;1;1;
202300005629;155 670 567;A01;3;7;0;2;3;10;0;
202300005629;155 670 568;B01;3;31;0;2;1;1;0;
202300005630;155 670 566;A01;2;80;0;0;1;1;3;
202300005631;155 670 565;A01;3;7;0;1;1;15;1;
202300005632;155 670 564;A01;0;37;0;1;7;0;0;1
202300005633;155 670 563;A01;3;7;13;0;2;1;1;
202300005634;155 670 560;A01;1;37;0;2;3;1;1;1
202300005634;155 670 561;B01;2;1;0;2;0;5;5;
202300005635;155 670 559;A01;1;3;0;1;1;16;0;
202300005636;155 670 558;B01;2;15;0;2;3;21;1;
202300005636;155 670 562;A01;1;7;0;2;3;13;1;
202300005637;155 670 556;A01;1;1;0;2;1;13;5;
202300005637;155 670 557;B01;1;7;0;2;4;1;1;
202300005638;155 670 553;B01;1;31;0;2;8;1;1;
202300005638;155 670 555;A01;3;7;0;2;3;15;1;
202300005639;155 670 554;A01;2;17;0;1;3;1;1;
202300005640;155 670 552;A01;1;7;0;1;3;15;1;
202300005641;155 670 549;A01;1;10;0;2;1;1;1;
202300005641;155 670 551;B01;1;7;0;2;4;1;1;
202300005642;155 670 548;A01;1;7;0;1;1;1;1;
202300005643;155 670 547;A01;3;7;0;2;1;15;1;
202300005643;155 670 550;B01;3;7;0;2;0;1;1;
202300005644;155 670 545;A01;1;7;0;2;1;15;1;
202300005644;155 670 546;B01;1;2;0;2;1;2;1;
202300005645;155 670 542;A01;1;10;0;1;2;1;1;
202300005646;155 670 543;B01;3;50;0;2;5;26;3;
202300005646;155 670 544;A01;3;7;0;9;3;9;1;
202300005647;155 670 538;B01;1;30;0;2;1;1;1;
202300005647;155 670 539;Z01;1;7;0;2;3;9;1;
202300005648;155 670 540;B01;3;7;0;2;8;2;1;
202300005648;155 670 541;A01;3;32;0;2;2;2;1;
202300005649;155 670 536;A01;2;7;0;2;0;1;1;
202300005649;155 670 537;B01;3;50;0;2;0;19;3;
202300005650;155 670 534;A01;3;7;0;1;1;1;1;
202300005651;155 670 535;A01;1;33;0;0;0;1;1;
202300005652;155 670 532;A01;2;7;0;2;8;11;1;
202300005652;155 670 533;B01;2;31;0;2;2;3;1;
202300005653;155 670 530;A01;2;7;0;2;1;2;1;
202300005653;155 670 531;B01;2;7;0;2;4;2;1;
202300005654;155 670 528;A01;1;33;0;2;1;3;1;
202300005654;155 670 529;B01;1;7;0;2;5;11;2;
202300005655;155 670 526;A01;2;37;0;2;2;1;1;2
202300005655;155 670 527;B01;2;10;0;2;4;16;1;
202300005656;155 670 524;A01;2;30;0;2;1;1;1;
202300005656;155 670 525;B01;2;7;0;2;4;1;1;
202300005657;155 670 522;A01;2;1;0;2;1;19;5;
202300005657;155 670 523;B01;2;7;0;2;3;1;1;
202300005658;155 670 521;A01;2;7;0;1;1;1;2;
202300005659;155 670 520;A01;1;30;0;0;0;1;3;
202300005660;155 670 519;A01;1;7;0;1;1;1;1;
202300005661;155 670 518;A01;3;50;0;0;1;17;3;
202300005662;155 670 516;B01;3;1;0;2;3;19;5;
202300005662;155 670 517;A01;3;7;0;2;1;1;1;
202300005663;155 670 514;B01;1;32;0;2;1;1;1;
202300005663;155 670 515;A01;2;7;0;2;2;15;1;
202300005664;155 670 513;A01;3;2;0;0;0;1;1;
202300005665;155 670 512;A01;1;7;0;1;1;1;1;
202300005666;155 670 510;A01;2;7;0;2;8;22;1;
202300005666;155 670 511;B01;2;1;0;2;1;1;5;
202300005667;155 670 509;A01;2;13;0;1;8;4;1;
202300005668;155 670 508;A01;2;10;0;1;1;15;1;
202300005669;155 670 506;A01;2;7;0;2;1;15;1;
202300005669;155 670 507;B01;1;32;0;2;1;1;1;
202300005670;155 670 505;A01;2;7;0;1;1;1;0;
202300005671;155 670 503;A01;1;31;0;2;1;21;1;
202300005671;155 670 504;B01;2;7;0;2;3;23;1;
202300005672;155 670 501;A01;2;10;0;2;1;15;1;
202300005672;155 670 502;B01;1;10;0;2;1;1;1;
202300005673;155 670 499;A01;0;2;0;2;2;26;1;
202300005673;155 670 500;B01;0;7;0;2;2;15;1;
202300005674;155 670 497;A01;2;32;0;2;7;3;1;
202300005674;155 670 498;B01;2;10;0;2;1;15;1;
202300005675;155 670 495;B01;0;50;0;0;0;0;3;
202300005675;155 670 496;A01;1;37;0;2;7;17;1;1
202300005676;155 670 494;A01;0;43;0;1;8;1;1;
202300005677;155 670 493;A01;3;7;0;1;7;15;0;
202300005678;155 670 491;A01;0;40;0;2;3;19;0;
202300005678;155 670 492;B01;0;7;0;4;2;19;1;
202300005679;155 670 489;B01;1;7;0;2;1;1;0;
202300005679;155 670 490;A01;1;10;0;2;2;1;0;
202300005680;155 670 487;B01;2;1;0;2;1;1;5;
202300005680;155 670 488;A01;1;10;0;9;1;15;1;
202300005681;155 670 485;B01;1;32;0;0;0;1;0;
202300005681;155 670 486;A01;1;7;0;0;8;9;1;
202300005682;155 670 483;A01;1;7;0;9;8;23;1;
202300005682;155 670 484;B01;1;1;1;0;2;17;5;
202300005683;155 670 481;A01;1;7;0;2;3;19;0;
202300005683;155 670 482;B01;2;50;0;2;2;1;3;
202300005684;155 670 479;B01;2;1;0;2;2;1;5;
202300005684;155 670 480;A01;2;7;0;9;2;16;1;
202300005685;155 670 477;B01;3;1;1;0;1;22;5;
202300005685;155 670 478;A01;3;10;0;2;3;24;1;
202300005686;155 670 475;A01;2;30;0;2;1;1;1;
202300005686;155 670 476;B01;2;7;0;2;8;15;1;
202300005687;155 670 473;A01;3;7;1;0;3;10;1;
202300005687;155 670 474;B01;3;60;1;2;1;1;5;
202300005688;155 670 472;A01;3;7;0;1;1;1;2;
202300005689;155 670 471;A01;2;7;0;1;3;1;1;
202300005690;155 670 470;A01;1;7;16;0;0;2;1;
202300005691;155 670 468;B01;2;13;0;0;1;0;1;
202300005691;155 670 469;A01;2;99;0;2;2;13;1;
202300005692;155 670 466;B01;2;17;0;2;4;2;1;
202300005692;155 670 467;A01;2;10;0;2;1;2;1;
202300005693;155 670 465;A01;1;7;4;0;2;17;1;
202300005694;155 670 464;A01;2;31;5;0;1;26;1;
202300005695;155 670 462;B01;1;7;0;2;1;1;0;
202300005695;155 670 463;A01;1;1;0;0;4;1;5;
202300005696;155 670 460;A01;1;2;0;2;1;2;1;
202300005696;155 670 461;B01;1;2;0;0;4;2;1;
202300005697;155 670 459;A01;1;33;2;0;1;0;1;
202300005698;155 670 457;A01;2;7;13;0;2;0;1;
202300005699;155 670 455;A01;1;7;0;2;1;13;1;
202300005699;155 670 456;B01;2;21;0;2;3;1;1;
202300005700;155 670 453;A01;2;7;0;2;3;1;1;
202300005700;155 670 454;B01;1;10;0;2;1;15;1;
202300005701;155 670 451;A01;1;7;0;2;3;15;1;
202300005701;155 670 452;B01;1;21;0;0;6;16;1;
202300005702;155 670 449;A01;1;7;0;2;3;13;1;
202300005702;155 670 450;B01;2;10;0;2;1;1;1;
202300005703;155 670 447;A01;2;7;12;2;1;1;1;
202300005703;155 670 448;B01;1;7;0;2;1;1;1;
202300005704;155 670 446;A01;1;7;0;0;9;1;1;
202300005705;155 670 444;B01;3;7;0;2;1;23;1;
202300005705;155 670 445;A01;3;2;0;2;7;1;1;
202300005706;155 670 442;A01;1;7;0;2;3;19;1;
202300005706;155 670 443;B01;2;2;0;2;1;1;1;
202300005707;155 670 441;A01;2;7;2;0;3;13;1;
202300005708;155 670 440;A01;2;33;0;0;9;1;1;
202300005709;155 670 439;A01;0;7;0;1;0;0;0;
202300005710;155 670 438;A01;3;7;1;0;1;0;1;
202300005711;155 670 436;A01;1;7;0;2;1;1;1;
202300005711;155 670 437;B01;2;13;0;2;1;1;1;
202300005712;155 670 434;A01;1;7;0;9;2;1;1;
202300005712;155 670 435;B01;1;1;0;0;4;1;5;
202300005713;155 670 433;A01;1;7;0;1;2;1;0;
202300005714;155 670 431;A01;2;7;0;2;2;2;1;
202300005714;155 670 432;B01;2;7;0;2;6;2;1;
202300005715;155 670 429;A01;2;7;2;0;1;6;0;
202300005716;155 670 427;A01;1;43;3;2;1;1;1;
202300005716;155 670 428;B01;1;15;0;2;6;1;1;
202300005717;155 670 424;B01;1;7;0;2;5;2;1;
202300005717;155 670 425;C01;1;7;0;2;2;2;1;
202300005717;155 670 426;A01;1;7;0;6;3;0;1;
202300005718;155 670 423;A01;1;7;4;0;1;21;1;
202300005719;155 670 422;A01;2;7;3;0;9;1;1;
202300005720;155 670 421;A01;2;7;4;0;2;1;1;
202300005721;155 670 420;A01;3;31;0;0;0;21;1;
202300005722;155 670 417;A01;1;7;4;2;1;17;1;
202300005722;155 670 418;B01;1;7;0;2;8;1;1;
202300005722;155 670 419;C01;1;7;0;2;1;1;1;
202300005723;155 670 415;A01;2;7;0;2;8;11;1;
202300005723;155 670 416;B01;2;7;0;2;7;1;1;
202300005724;155 670 414;A01;0;99;8;0;1;0;1;
202300005725;155 670 412;A01;1;7;0;2;1;0;1;
202300005725;155 670 413;B01;2;10;0;2;1;1;1;
202300005726;155 670 411;A01;2;7;2;0;0;0;1;
202300005727;155 670 409;B01;1;7;0;2;3;15;1;
202300005727;155 670 410;A01;2;31;0;2;2;17;1;
202300005728;155 670 406;A01;1;7;2;0;0;1;1;
202300005729;155 670 404;A01;1;7;0;2;2;15;1;
202300005729;155 670 405;B01;2;33;0;2;1;1;1;
202300005730;155 670 402;A01;2;15;0;2;1;1;1;
202300005730;155 670 403;B01;2;2;0;2;4;1;1;
202300005731;155 670 400;A01;1;2;0;2;1;1;1;
202300005731;155 670 401;B01;3;7;0;2;3;20;1;
202300005732;155 670 398;B01;2;1;13;2;7;19;5;
202300005732;155 670 399;A01;2;7;0;9;1;1;1;
202300005733;155 670 394;B01;2;7;0;2;3;21;0;
202300005733;155 670 395;A01;2;7;0;2;1;5;1;
202300005733;155 670 396;C01;1;7;0;2;1;21;0;
202300005733;155 670 397;D01;1;7;0;2;3;21;0;
202300005734;155 670 393;A01;2;7;0;1;2;1;1;
202300005735;155 670 391;B01;1;7;0;2;3;1;1;
202300005735;155 670 392;A01;2;7;0;2;3;13;1;
202300005736;155 670 388;C01;1;7;0;2;8;13;1;
202300005736;155 670 389;A01;1;7;3;0;3;1;1;
202300005736;155 670 390;B01;1;7;0;2;2;3;1;
202300005737;155 670 387;A01;1;7;4;0;3;13;0;
202300005738;155 670 384;A01;2;7;0;2;1;2;0;
202300005738;155 670 385;B01;2;7;0;2;1;2;0;
202300005738;155 670 386;C01;2;7;0;0;0;0;0;
202300005739;155 670 381;A01;2;7;0;2;1;2;1;
202300005739;155 670 382;B01;2;7;0;2;4;2;1;
202300005739;155 670 383;C01;2;7;0;2;4;2;1;
202300005740;155 670 379;A01;1;7;0;2;1;2;1;
202300005740;155 670 380;B01;1;7;0;2;4;2;1;
202300005741;155 670 377;A01;2;7;0;2;5;12;1;
202300005741;155 670 378;B01;2;33;0;2;1;3;0;
202300005742;155 670 374;A01;2;7;0;2;1;1;1;
202300005742;155 670 375;B01;2;7;0;2;4;1;1;
202300005742;155 670 376;C01;2;7;0;2;4;1;1;
202300005743;155 670 373;A01;2;7;3;0;9;1;1;
202300005744;155 670 372;A01;1;7;4;0;3;26;1;
202300005745;155 670 370;B01;2;32;0;2;0;0;1;
202300005745;155 670 371;Z01;2;0;0;0;0;0;0;
202300005746;155 670 369;A01;1;7;3;0;3;0;1;
202300005747;155 670 366;A01;2;10;0;2;3;1;1;
202300005747;155 670 367;B01;2;7;0;2;6;23;1;
202300005747;155 670 368;C01;2;7;0;2;5;2;1;
202300005748;155 670 363;B01;1;7;0;2;4;1;1;
202300005748;155 670 364;A01;1;7;0;2;1;1;1;
202300005748;155 670 365;C01;1;7;0;2;4;0;1;
202300005749;155 670 361;B01;2;7;0;0;4;2;1;
202300005749;155 670 362;A01;2;10;0;2;1;2;1;
202300005750;155 670 359;A01;3;15;0;0;6;24;0;
202300005750;155 670 360;B01;3;80;1;0;1;0;3;
202300005751;155 670 357;A01;1;1;0;2;7;1;5;
202300005751;155 670 358;B01;1;7;0;9;1;2;1;
202300005752;155 670 355;A01;1;7;0;2;1;5;1;
202300005752;155 670 356;B01;2;7;0;2;1;1;1;
202300005753;155 670 352;A01;1;10;0;2;1;2;1;
202300005753;155 670 353;B01;1;7;0;0;4;2;1;
202300005753;155 670 354;C01;1;7;0;0;4;2;1;
202300005754;155 670 350;A01;0;33;0;2;1;19;0;
202300005754;155 670 351;B01;1;7;0;2;8;19;1;
202300005755;155 670 348;B01;3;99;0;2;3;19;1;
202300005755;155 670 349;A01;3;10;0;2;1;1;1;
202300005756;155 670 346;Z01;3;7;0;2;1;0;0;
202300005756;155 670 347;A01;3;2;0;2;0;0;0;
202300005757;155 670 344;A01;1;2;0;2;1;2;0;
202300005757;155 670 345;B01;1;7;0;2;4;1;0;
202300005758;155 670 342;A01;1;7;0;2;4;20;1;
202300005758;155 670 343;B01;1;2;0;2;1;1;1;
202300005759;155 670 340;B01;2;50;0;2;7;2;3;
202300005759;155 670 341;A01;2;7;0;2;8;10;1;
202300005760;155 670 339;A01;1;7;5;0;3;16;1;
202300005761;155 670 335;B01;0;7;0;2;5;9;0;
202300005761;155 670 336;A01;3;7;0;2;3;1;0;
202300005762;155 670 334;A01;1;7;0;1;2;1;1;
202300005763;155 670 333;A01;2;7;2;0;2;14;1;
202300005764;155 670 331;A01;1;2;0;2;8;2;1;
202300005764;155 670 332;B01;1;2;0;2;7;2;1;
202300005765;155 670 330;A01;2;7;0;1;1;1;1;
202300005766;155 670 327;A01;2;7;1;0;2;14;2;
202300005766;155 670 328;B01;3;7;0;2;2;23;1;
202300005767;155 670 325;A01;1;7;0;2;3;13;1;
202300005767;155 670 326;B01;2;7;0;2;3;1;1;
202300005768;155 670 323;A01;0;7;0;2;1;1;1;
202300005768;155 670 324;B01;1;7;0;2;1;1;1;
202300005769;155 670 321;A01;1;7;0;2;1;1;1;
202300005769;155 670 322;B01;2;33;0;2;1;13;1;
202300005770;155 670 319;B01;3;7;0;2;1;1;1;
202300005770;155 670 320;A01;3;7;0;2;2;12;1;
202300005771;155 670 317;A01;2;7;0;2;7;17;1;
202300005771;155 670 318;B01;2;7;0;2;3;2;1;
202300005772;155 670 315;B01;1;1;0;2;1;15;5;
202300005772;155 670 316;A01;2;7;0;2;3;9;1;
202300005773;155 670 313;A01;2;50;0;2;1;1;3;
202300005773;155 670 314;B01;2;7;14;9;3;16;1;
202300005774;155 670 312;A01;2;2;0;0;0;26;1;
202300005775;155 670 311;A01;1;7;3;0;2;1;1;
202300005776;155 670 310;A01;3;1;0;1;1;1;5;
202300005777;155 670 309;A01;2;7;12;0;2;13;1;
202300005778;155 670 307;B01;2;1;0;2;2;1;5;
202300005778;155 670 308;A01;1;7;0;2;3;9;1;
202300005779;155 670 306;A01;2;7;0;1;2;9;1;
202300005780;155 670 305;A01;1;7;8;0;2;1;1;
202300005781;155 670 302;A01;3;7;0;1;3;1;1;
202300005782;155 670 300;A01;3;1;0;2;1;16;5;
202300005782;155 670 301;B01;3;7;0;2;3;1;1;
202300005783;155 670 298;A01;2;7;0;2;1;0;1;
202300005783;155 670 299;B01;1;7;0;2;1;0;1;
202300005784;155 670 297;A01;1;7;0;0;2;1;1;
202300005785;155 670 296;A01;3;7;0;0;0;13;1;
202300005786;155 670 293;A01;2;7;9;0;2;14;0;
202300005787;155 670 290;A01;3;7;0;2;2;15;0;
202300005787;155 670 291;B01;3;33;0;2;0;1;1;
202300005787;155 670 292;C01;0;7;0;2;1;1;1;
202300005788;155 670 288;A01;1;7;0;2;7;15;1;
202300005788;155 670 289;B01;2;33;0;2;1;1;1;
202300005789;155 670 286;A01;2;30;0;2;1;1;1;
202300005789;155 670 287;B01;1;7;0;2;7;15;1;
202300005790;155 670 285;A01;1;30;0;1;1;1;3;
202300005791;155 670 283;A01;2;7;0;2;1;5;1;
202300005791;155 670 284;B01;1;7;0;2;1;1;1;
202300005792;155 670 281;B01;2;2;0;2;2;17;1;
202300005792;155 670 282;A01;2;10;0;2;3;10;1;
202300005793;155 670 279;A01;1;33;15;2;2;17;1;
202300005793;155 670 280;B01;1;7;0;2;3;15;1;
202300005794;155 670 277;A01;2;7;0;2;2;2;1;
202300005794;155 670 278;B01;2;36;0;2;6;2;1;
202300005795;155 670 275;A01;3;7;0;9;2;2;1;
202300005795;155 670 276;B01;3;50;0;2;4;1;3;
202300005796;155 670 274;A01;2;33;0;0;0;2;1;
202300005797;155 670 272;B01;3;50;0;2;7;6;3;
202300005797;155 670 273;A01;3;7;0;9;1;1;1;
202300005798;155 670 270;B01;1;34;0;2;7;17;1;
202300005798;155 670 271;A01;1;10;0;2;3;10;1;
202300005799;155 670 268;A01;1;7;0;0;0;0;0;
202300005799;155 670 269;B01;1;2;0;0;0;0;1;
202300005800;155 670 266;A01;1;7;0;2;2;16;1;
202300005800;155 670 267;B01;2;2;0;2;1;1;1;
202300005801;155 670 265;A01;1;7;0;1;2;1;1;
202300005802;155 670 264;A01;2;10;0;1;4;4;1;
202300005803;155 670 263;A01;1;33;0;1;1;1;1;
202300005804;155 670 261;A01;1;7;0;0;0;15;1;
202300005804;155 670 262;B01;1;33;0;0;0;16;1;
202300005805;155 670 259;A01;1;7;0;2;1;26;1;
202300005805;155 670 260;B01;1;7;0;2;4;26;1;
202300005806;155 670 258;A01;1;7;8;0;1;14;1;
202300005807;155 670 256;A01;1;7;0;2;3;9;1;
202300005807;155 670 257;B01;1;50;0;2;1;9;3;
202300005808;155 670 254;B01;2;7;0;2;1;1;1;
202300005808;155 670 255;A01;1;7;0;2;1;15;1;
202300005809;155 670 253;A01;3;7;0;1;4;20;1;
202300005810;155 670 251;B01;3;30;0;2;7;9;-1;
202300005810;155 670 252;A01;3;7;0;2;1;9;-1;
202300005811;155 670 250;A01;1;7;0;1;1;1;1;
202300005812;155 670 249;A01;3;7;0;1;1;1;1;
202300005813;155 670 247;B01;1;2;0;0;4;2;1;
202300005813;155 670 248;A01;1;7;0;2;1;2;1;
202300005814;155 670 245;A01;1;7;0;2;1;2;1;
202300005814;155 670 246;B01;1;33;0;2;4;1;1;
202300005815;155 670 244;A01;1;7;1;0;2;1;1;
202300005816;155 670 242;A01;1;7;0;2;2;1;1;
202300005816;155 670 243;B01;2;7;0;2;1;5;1;
202300005817;155 670 241;A01;2;7;0;1;1;9;3;
202300005818;155 670 240;A01;1;43;0;1;1;1;1;
202300005819;155 670 239;A01;1;7;0;1;3;9;1;
202300005820;155 670 237;A01;1;33;0;2;1;1;1;
202300005820;155 670 238;B01;1;7;0;2;6;9;1;
202300005821;155 670 235;A01;3;7;0;2;1;1;1;
202300005821;155 670 236;B01;3;7;0;2;3;2;1;
202300005822;155 670 233;A01;1;10;0;2;2;11;1;
202300005822;155 670 234;B01;1;7;0;2;6;1;1;
202300005823;155 670 231;A01;2;1;0;2;1;1;5;
202300005823;155 670 232;B01;1;50;0;2;1;5;3;
202300005824;155 670 229;B01;0;31;0;2;1;26;0;
202300005824;155 670 230;A01;0;7;0;2;3;23;1;
202300005825;155 670 227;A01;0;7;0;2;8;10;1;
202300005825;155 670 228;B01;0;7;0;2;1;1;1;
202300005826;155 670 226;A01;1;7;0;1;1;1;1;
202300005827;155 670 224;B01;1;7;0;2;1;15;1;
202300005827;155 670 225;A01;1;7;0;2;1;1;1;
202300005828;155 670 223;A01;1;7;0;1;1;1;1;
202300005829;155 670 222;A01;0;7;0;1;3;15;1;
202300005830;155 670 221;A01;2;10;0;1;1;1;1;
202300005831;155 670 220;A01;1;30;0;0;0;26;1;
202300005832;155 670 218;B01;1;7;9;2;1;1;1;
202300005832;155 670 219;A01;1;7;0;2;1;1;1;
202300005833;155 670 216;A01;3;7;0;2;3;1;1;
202300005833;155 670 217;B01;0;2;0;2;7;1;1;
202300005834;155 670 214;A01;3;7;0;2;1;2;1;
202300005834;155 670 215;B01;3;7;0;2;4;23;2;
202300005835;155 670 213;A01;1;7;0;1;2;16;1;
202300005836;155 670 212;A01;3;7;8;0;0;1;1;
202300005837;155 670 210;B01;3;50;0;2;1;19;3;
202300005837;155 670 211;A01;3;7;0;2;7;1;1;
202300005838;155 670 208;A01;3;37;0;2;1;1;1;2
202300005838;155 670 209;B01;3;1;0;2;7;19;5;
202300005839;155 670 206;A01;2;30;0;2;3;17;0;
202300005839;155 670 207;B01;2;80;0;2;7;15;3;
202300005840;155 670 204;A01;1;7;0;2;1;2;1;
202300005840;155 670 205;B01;1;7;0;0;4;23;1;
202300005841;155 670 202;B01;1;33;0;2;2;2;1;
202300005841;155 670 203;A01;1;10;0;2;3;11;1;
202300005842;155 670 201;A01;2;7;5;0;1;1;1;
202300005843;155 670 199;B01;1;7;0;2;1;1;1;
202300005843;155 670 200;A01;2;7;0;2;1;13;1;
202300005844;155 670 198;A01;1;7;0;1;2;1;1;
202300005845;155 670 194;A01;3;10;0;2;4;4;1;
202300005845;155 670 196;B01;3;2;0;2;2;1;1;
202300005846;155 670 195;A01;2;7;0;0;4;26;1;
202300005846;155 670 197;B01;2;7;0;2;1;2;1;
202300005847;155 670 191;B01;3;60;0;9;1;1;5;
202300005847;155 670 193;A01;3;1;0;9;8;19;5;
202300005848;155 670 190;A01;0;7;0;2;3;1;1;
202300005848;155 670 192;B01;0;1;0;2;4;9;5;
202300005849;155 670 188;B01;3;7;0;2;3;1;2;
202300005849;155 670 189;A01;3;7;0;2;3;17;1;
202300005850;155 670 187;A01;1;7;8;0;1;1;1;
202300005851;155 670 185;B01;2;7;0;2;4;2;1;
202300005851;155 670 186;A01;2;7;0;2;1;2;1;
202300005852;155 670 184;A01;3;7;0;1;4;4;1;
202300005853;155 670 182;A01;2;50;0;2;8;17;3;
202300005853;155 670 183;B01;2;7;0;2;5;17;1;
202300005854;155 670 180;A01;3;7;6;0;1;24;1;
202300005855;155 670 181;A01;1;2;0;0;9;1;1;
202300005856;155 670 178;B01;3;31;0;2;1;0;1;
202300005856;155 670 179;A01;0;7;0;2;3;9;1;
202300005857;155 670 177;A01;2;7;2;0;1;1;1;
202300005858;155 670 174;A01;1;10;0;2;0;0;1;
202300005858;155 670 176;B01;2;7;0;2;1;2;1;
202300005859;155 670 175;A01;1;1;6;0;8;16;5;
202300005860;155 670 171;B01;2;7;0;2;3;1;1;
202300005860;155 670 173;A01;1;7;0;2;3;1;1;
202300005861;155 670 172;A01;2;10;2;0;1;1;1;
202300005862;155 670 169;A01;3;7;0;2;7;15;1;
202300005862;155 670 170;B01;3;33;0;2;1;1;1;
202300005863;155 670 167;A01;1;31;0;2;1;13;1;
202300005863;155 670 168;B01;2;7;0;2;3;21;1;
202300005864;155 670 165;A01;3;7;0;2;2;2;1;
202300005864;155 670 166;B01;3;7;0;2;6;2;1;
202300005865;155 670 164;A01;2;7;8;0;1;1;1;
202300005866;155 670 163;A01;1;7;0;1;2;15;2;
202300005867;155 670 160;A01;2;7;0;2;1;2;1;
202300005867;155 670 162;B01;2;10;0;0;4;16;1;
202300005868;155 670 158;A01;1;33;3;0;9;1;1;
202300005869;155 670 159;A01;3;7;0;2;0;1;1;
202300005869;155 670 161;B01;1;7;0;2;2;1;1;
202300005870;155 670 155;A01;1;7;0;2;1;2;1;
202300005870;155 670 156;B01;1;10;0;2;4;2;1;
202300005870;155 670 157;C01;1;7;0;2;4;2;1;
202300005871;155 670 153;A01;3;7;0;1;4;20;1;
202300005872;155 670 154;A01;2;36;13;0;3;0;0;
202300005873;155 670 151;B01;1;2;0;2;1;1;1;
202300005873;155 670 152;A01;2;10;0;2;3;15;1;
202300005874;155 670 149;A01;3;10;0;1;1;1;1;
202300005875;155 670 150;A01;0;2;0;0;3;1;1;
202300005876;155 670 146;B01;2;7;0;2;1;1;2;
202300005876;155 670 148;A01;1;7;7;2;1;13;1;
202300005877;155 670 145;B01;2;33;0;2;2;17;1;
202300005877;155 670 147;A01;2;7;0;0;6;15;1;
202300005878;155 670 143;A01;2;7;0;2;2;16;2;
202300005878;155 670 144;B01;2;30;0;2;3;18;1;
202300005879;155 670 141;A01;1;7;0;2;3;15;1;
202300005879;155 670 142;B01;2;33;0;2;8;1;1;
202300005880;155 670 139;A01;2;1;0;2;5;19;5;
202300005880;155 670 140;Z01;2;2;0;2;1;1;0;
202300005881;155 670 137;A01;2;10;0;2;1;23;1;
202300005881;155 670 138;B01;2;7;0;0;4;23;1;
202300005882;155 670 135;B01;2;1;0;2;8;19;5;
202300005882;155 670 136;A01;3;7;0;2;1;1;6;
202300005883;155 670 134;A01;1;10;13;0;1;26;1;
202300005884;155 670 132;B01;1;1;1;0;1;1;5;
202300005884;155 670 133;A01;1;7;0;2;3;22;1;
202300005885;155 670 131;A01;2;7;0;1;1;1;1;
202300005886;155 670 130;A01;1;1;0;0;0;1;5;
202300005887;155 670 125;C01;2;7;0;2;8;13;1;
202300005887;155 670 127;B01;2;30;0;2;4;2;3;
202300005887;155 670 128;A01;2;31;0;2;2;2;1;
202300005888;155 670 123;B01;2;31;0;2;1;1;1;
202300005888;155 670 124;A01;1;7;0;2;2;15;1;
202300005889;155 670 120;B01;1;30;0;2;4;16;3;
202300005889;155 670 121;A01;1;7;0;2;2;16;1;
202300005890;155 670 119;A01;1;7;2;0;1;1;1;
202300005891;155 670 117;A01;1;7;0;2;2;10;2;
202300005891;155 670 118;B01;2;1;0;2;8;1;5;
202300005892;155 670 115;B01;1;7;0;2;2;14;1;
202300005892;155 670 116;A01;1;15;0;0;6;2;1;
202300005893;155 670 113;B01;3;80;0;2;6;1;3;
202300005893;155 670 114;A01;0;7;0;2;5;16;1;
202300005894;155 670 110;A01;1;7;0;2;1;1;1;
202300005894;155 670 112;B01;1;15;0;2;5;1;1;
202300005895;155 670 108;A01;2;32;0;2;1;1;1;
202300005895;155 670 109;B01;2;33;0;2;5;16;1;
202300005895;155 670 111;C01;2;7;0;2;5;23;1;
202300005896;155 670 106;A01;2;7;8;1;1;14;1;
202300005897;155 670 105;A01;1;7;0;2;1;13;1;
202300005897;155 670 107;B01;2;15;0;2;1;1;1;
202300005898;155 670 101;B01;2;10;0;2;4;2;1;
202300005898;155 670 103;C01;2;7;0;2;4;2;2;
202300005898;155 670 104;A01;2;7;0;2;1;2;1;
202300005899;155 670 100;A01;2;7;0;0;4;12;1;
202300005899;155 670 102;B01;2;33;0;2;1;18;1;
202300005900;155 670 099;A01;1;7;14;1;7;1;1;
202300005901;155 670 097;A01;3;7;1;1;2;16;2;
202300005902;155 670 098;A01;2;31;0;0;4;26;1;
202300005903;155 670 095;A01;3;15;0;2;3;9;1;
202300005903;155 670 096;B01;3;1;0;2;0;26;5;
202300005904;155 670 092;A01;1;10;1;1;2;1;1;