Num_Acc;id_vehicule;num_veh;senc;catv;obs;obsm;choc;manv;motor;occutc
202300005905;155 670 093;A01;1;21;0;2;3;2;6;
202300005905;155 670 094;B01;1;33;0;2;2;2;1;
202300005906;155 670 091;A01;3;7;0;1;2;16;1;
202300005907;155 670 089;A01;2;10;14;0;2;26;0;
202300005908;155 670 088;B01;1;7;0;0;1;1;0;
202300005908;155 670 090;A01;2;2;0;0;2;15;0;
202300005909;155 670 086;B01;1;32;0;2;2;1;1;
202300005909;155 670 087;A01;1;7;0;2;8;11;1;
202300005910;155 670 083;B01;2;30;0;2;1;1;0;
202300005910;155 670 084;A01;1;10;0;0;2;15;1;
202300005911;155 670 082;B01;2;2;0;0;8;1;1;
202300005911;155 670 085;A01;1;7;0;2;3;15;1;
202300005912;155 670 079;A01;0;7;0;2;1;1;1;
202300005912;155 670 081;B01;0;7;0;2;3;26;1;
202300005913;155 670 076;A01;3;1;0;2;1;1;5;
202300005913;155 670 077;B01;3;1;0;2;4;1;5;
202300005914;155 670 078;A01;1;7;0;0;2;15;1;
202300005914;155 670 080;B01;2;33;0;2;1;1;1;
202300005915;155 670 074;B01;1;1;0;2;1;1;5;
202300005915;155 670 075;A01;2;7;0;2;2;16;1;
202300005916;155 670 072;A01;1;37;0;1;2;0;1;1
202300005917;155 670 071;A01;1;17;0;2;3;1;1;
202300005917;155 670 073;B01;1;7;0;2;4;1;1;
202300005918;155 670 069;B01;1;50;0;2;0;19;3;
202300005918;155 670 070;A01;1;7;0;2;1;1;1;
202300005919;155 670 067;A01;2;7;0;2;3;13;1;
202300005919;155 670 068;B01;1;10;0;2;3;1;1;
202300005920;155 670 065;A01;1;7;0;2;3;2;1;
202300005920;155 670 066;B01;1;7;0;2;2;0;1;
202300005921;155 670 062;A01;3;7;0;2;3;16;1;
202300005921;155 670 064;B01;3;14;0;2;3;1;1;
202300005922;155 670 060;B01;2;7;0;2;3;1;1;
202300005922;155 670 061;C01;2;7;0;2;3;1;1;
202300005922;155 670 063;A01;1;7;0;2;1;13;1;
202300005923;155 670 056;B01;2;7;0;2;3;1;2;
202300005923;155 670 057;A01;2;2;0;2;1;10;1;
202300005924;155 670 058;A01;2;7;0;2;1;15;1;
202300005924;155 670 059;B01;1;34;0;2;1;1;1;
202300005925;155 670 054;A01;2;32;0;2;3;16;1;
202300005925;155 670 055;B01;2;15;0;0;2;16;1;
202300005926;155 670 053;A01;3;7;6;1;6;4;1;
202300005927;155 670 049;B01;1;7;0;2;1;15;1;
202300005927;155 670 052;A01;1;31;0;2;3;1;1;
202300005928;155 670 050;B01;1;10;0;2;8;15;1;
202300005928;155 670 051;A01;1;33;0;2;2;17;1;
202300005929;155 670 047;A01;3;7;0;9;3;1;1;
202300005929;155 670 048;B01;3;1;0;2;7;15;5;
202300005930;155 670 045;A01;2;37;0;1;2;1;0;1
202300005931;155 670 044;A01;3;7;14;0;3;0;0;
202300005932;155 670 043;A01;1;33;0;0;9;1;1;
202300005933;155 670 042;A01;1;7;2;0;1;1;1;
202300005934;155 670 040;A01;3;7;0;2;1;16;1;
202300005934;155 670 041;B01;2;7;0;2;2;1;1;
202300005935;155 670 039;A01;1;7;7;0;3;12;1;
202300005936;155 670 037;A01;1;7;0;2;1;0;1;
202300005936;155 670 038;B01;2;7;0;2;3;1;1;
202300005937;155 670 035;A01;1;2;0;0;0;26;3;
202300005938;155 670 033;A01;2;7;7;0;9;1;1;
202300005939;155 670 034;B01;1;7;0;2;4;2;1;
202300005939;155 670 036;A01;1;7;0;2;1;2;1;
202300005940;155 670 032;A01;2;7;6;0;3;1;1;
202300005941;155 670 029;A01;1;7;0;2;7;12;1;
202300005941;155 670 031;B01;1;33;0;2;3;3;1;
202300005942;155 670 025;A01;2;7;0;2;1;16;1;
202300005942;155 670 026;B01;2;1;0;2;7;1;5;
202300005943;155 670 019;A01;2;7;0;2;8;5;2;
202300005943;155 670 022;B01;1;21;0;2;6;1;1;
202300005944;155 670 018;A01;2;10;0;2;1;2;1;
202300005944;155 670 020;E01;2;7;0;2;4;2;1;
202300005944;155 670 021;D01;2;7;0;2;4;2;1;
202300005944;155 670 023;C01;2;7;0;2;4;2;1;
202300005944;155 670 024;B01;2;7;0;2;4;2;1;
202300005945;155 670 015;B01;3;2;0;2;4;1;1;
202300005945;155 670 017;A01;3;7;0;2;1;1;1;
202300005946;155 670 014;A01;1;7;0;2;6;11;0;
202300005946;155 670 016;B01;1;33;0;2;2;3;0;
202300005947;155 670 013;A01;1;2;14;0;1;1;1;
202300005948;155 670 011;A01;1;33;0;2;2;3;0;
202300005948;155 670 012;B01;1;7;0;2;6;11;0;
202300005949;155 670 010;A01;1;7;2;9;6;0;1;
202300005950;155 670 008;A01;1;7;13;0;1;17;1;
202300005951;155 670 007;B01;2;10;0;2;2;1;0;
202300005951;155 670 009;A01;2;7;4;2;2;14;0;
202300005952;155 670 006;A01;3;2;13;0;8;1;1;
202300005953;155 670 003;B01;1;10;3;2;4;2;1;
202300005953;155 670 005;A01;1;7;3;2;1;2;1;
202300005954;155 670 002;A01;1;7;0;2;1;19;1;
202300005954;155 670 004;B01;2;30;0;2;1;1;1;
202300005955;155 670 000;A01;1;7;0;2;1;1;1;
202300005955;155 670 001;B01;2;21;0;2;1;1;1;
202300005956;155 669 997;B01;2;7;0;2;2;15;1;
202300005956;155 669 998;A01;1;2;0;2;1;1;1;
202300005957;155 669 995;B01;2;7;0;2;4;2;1;
202300005957;155 669 996;A01;2;7;0;2;1;2;1;
202300005958;155 669 994;A01;2;7;13;0;3;17;1;
202300005959;155 669 993;A01;1;33;0;0;0;1;1;
202300005960;155 669 990;A01;0;7;0;1;2;1;1;
202300005961;155 669 991;A01;1;10;0;2;8;26;1;
202300005961;155 669 992;B01;1;7;0;2;1;1;1;
202300005962;155 669 987;C01;2;7;14;0;0;1;1;
202300005962;155 669 988;B01;2;7;0;2;2;0;1;
202300005962;155 669 989;A01;2;15;0;2;6;1;1;
202300005963;155 669 986;B01;3;40;0;1;1;1;3;
202300005964;155 669 984;A01;2;7;0;2;1;5;1;
202300005964;155 669 985;B01;1;10;0;2;3;1;1;
202300005965;155 669 981;B01;1;2;0;2;8;9;1;
202300005965;155 669 982;A01;1;10;0;2;2;1;1;
202300005966;155 669 980;B01;1;32;0;2;3;1;1;
202300005966;155 669 983;A01;2;7;0;2;2;15;1;
202300005967;155 669 979;A01;2;7;0;1;3;1;1;
202300005968;155 669 978;A01;1;7;0;1;2;1;1;
202300005969;155 669 975;B01;1;33;0;2;9;0;0;
202300005969;155 669 976;A01;1;7;0;0;4;15;0;
202300005969;155 669 977;C01;2;7;0;2;1;1;0;
202300005970;155 669 972;A01;2;7;0;2;7;15;1;
202300005970;155 669 974;B01;1;33;0;2;1;9;1;
202300005971;155 669 971;B01;1;1;0;0;0;1;5;
202300005971;155 669 973;A01;1;7;0;0;2;17;1;
202300005972;155 669 967;A01;2;10;0;2;3;17;1;
202300005972;155 669 969;B01;1;7;0;2;3;1;1;
202300005973;155 669 968;A01;1;33;0;2;3;3;1;
202300005973;155 669 970;B01;2;7;0;2;2;16;1;
202300005974;155 669 966;A01;2;34;13;0;2;14;1;
202300005975;155 669 962;B01;3;1;0;2;0;1;5;
202300005975;155 669 964;A01;3;7;0;2;6;17;1;
202300005976;155 669 961;C01;1;7;0;0;0;0;0;
202300005976;155 669 963;B01;1;7;0;0;0;-1;-1;
202300005976;155 669 965;A01;1;34;0;2;1;1;1;
202300005977;155 669 959;A01;1;7;0;2;1;1;1;
202300005977;155 669 960;B01;1;7;0;0;4;2;1;
202300005978;155 669 955;A01;1;7;0;0;4;1;1;
202300005978;155 669 957;B01;1;7;0;0;1;2;1;
202300005979;155 669 956;A01;2;7;0;2;1;2;1;
202300005979;155 669 958;B01;2;7;0;2;4;2;1;
202300005980;155 669 954;A01;2;7;6;0;2;14;1;
202300005981;155 669 953;A01;1;7;0;1;1;1;1;
202300005982;155 669 952;A01;2;7;15;0;1;1;1;
202300005983;155 669 951;A01;2;7;1;0;1;2;3;
202300005984;155 669 950;A01;3;33;13;0;9;1;1;
202300005985;155 669 948;A01;2;1;0;2;1;1;5;
202300005985;155 669 949;B01;0;0;0;0;0;0;-1;
202300005986;155 669 947;A01;1;7;0;1;3;1;1;
202300005987;155 669 944;A01;1;7;0;2;2;26;1;
202300005987;155 669 946;B01;1;33;0;2;2;1;1;
202300005988;155 669 943;B01;2;1;0;9;2;1;5;
202300005988;155 669 945;A01;0;10;1;0;8;22;1;
202300005989;155 669 942;A01;1;7;0;1;3;1;1;
202300005990;155 669 938;A01;1;7;0;2;1;26;1;
202300005990;155 669 940;B01;1;33;0;2;7;2;1;
202300005990;155 669 941;C01;1;7;0;2;4;0;1;
202300005991;155 669 937;A01;1;7;0;0;3;15;1;
202300005991;155 669 939;B01;1;33;0;2;1;17;1;
202300005992;155 669 936;A01;0;7;0;1;1;2;1;
202300005993;155 669 934;B01;1;50;0;2;7;19;3;
202300005993;155 669 935;A01;3;7;0;9;3;1;1;
202300005994;155 669 928;A01;1;7;13;0;1;26;2;
202300005995;155 669 925;A01;2;7;0;2;3;2;1;
202300005995;155 669 927;B01;2;17;0;2;4;1;1;
202300005996;155 669 924;A01;2;7;0;2;1;1;1;
202300005996;155 669 926;B01;1;7;0;2;3;0;1;
202300005997;155 669 923;A01;1;7;5;0;1;20;1;
202300005998;155 669 922;A01;0;7;4;0;3;1;1;
202300005999;155 669 916;D01;1;17;0;2;4;2;1;
202300005999;155 669 918;C01;1;17;0;2;4;2;0;
202300005999;155 669 919;B01;1;17;0;2;4;2;1;
202300005999;155 669 921;A01;1;17;0;2;1;1;1;
202300006000;155 669 915;A01;2;7;0;2;1;1;1;
202300006000;155 669 917;B01;2;7;0;2;4;2;1;
202300006000;155 669 920;C01;2;7;0;2;4;1;1;
202300006001;155 669 913;B01;2;7;0;2;8;11;1;
202300006001;155 669 914;A01;2;33;0;2;7;3;1;
202300006002;155 669 910;A01;1;32;0;2;7;3;1;
202300006002;155 669 911;B01;1;7;0;2;3;11;1;
202300006003;155 669 908;A01;3;7;0;2;0;0;1;
202300006003;155 669 909;B01;3;31;0;2;0;0;1;
202300006004;155 669 906;A01;2;7;0;2;1;1;1;
202300006004;155 669 907;B01;2;10;0;2;4;1;1;
202300006005;155 669 905;A01;3;40;0;1;1;1;3;
202300006006;155 669 903;B01;1;10;0;2;4;2;1;
202300006006;155 669 904;A01;1;38;0;2;1;2;1;1
202300006007;155 669 899;Z01;1;0;0;2;0;0;0;
202300006007;155 669 901;A01;1;33;0;2;4;0;1;
202300006008;155 669 900;B01;3;7;0;2;2;15;1;
202300006008;155 669 902;A01;1;7;0;2;1;1;3;
202300006009;155 669 896;B01;2;7;0;2;4;11;1;
202300006009;155 669 898;A01;2;33;0;2;1;1;1;
202300006010;155 669 897;A01;1;7;0;1;7;1;1;
202300006011;155 669 893;A01;2;32;0;2;1;3;3;
202300006011;155 669 895;B01;2;7;0;2;2;12;1;
202300006012;155 669 894;A01;2;10;0;1;4;4;1;
202300006013;155 669 891;B01;2;7;0;2;8;11;1;
202300006013;155 669 892;A01;2;43;0;2;2;3;1;
202300006014;155 669 887;B01;1;33;0;2;3;3;1;
202300006014;155 669 888;A01;1;7;0;2;7;12;1;
202300006015;155 669 889;B01;2;2;0;2;2;1;1;
202300006015;155 669 890;A01;1;7;0;2;3;9;1;
202300006016;155 669 885;B01;1;33;0;2;7;3;1;
202300006016;155 669 886;A01;1;7;0;2;8;11;1;
202300006017;155 669 884;A01;1;36;0;0;0;15;1;
202300006018;155 669 880;A01;3;7;0;2;1;1;1;
202300006018;155 669 882;B01;3;7;0;2;4;1;1;
202300006019;155 669 881;B01;2;7;0;2;4;2;1;
202300006019;155 669 883;A01;2;33;0;2;1;2;1;
202300006020;155 669 879;A01;1;7;0;1;3;0;1;
202300006021;155 669 875;B01;3;10;0;9;1;0;1;
202300006021;155 669 877;A01;3;1;0;2;8;0;5;
202300006022;155 669 874;B01;2;7;0;2;4;1;2;
202300006022;155 669 876;C01;2;7;0;2;4;1;1;
202300006022;155 669 878;A01;2;7;0;2;1;1;2;
202300006023;155 669 871;A01;1;32;0;2;1;3;1;
202300006023;155 669 872;B01;1;7;0;2;2;12;1;
202300006024;155 669 870;A01;1;7;0;2;6;15;1;
202300006024;155 669 873;B01;2;33;0;2;1;1;1;
202300006025;155 669 867;B01;2;1;0;2;3;1;5;
202300006025;155 669 869;A01;2;15;0;2;2;16;1;
202300006026;155 669 864;B01;1;7;0;2;3;9;1;
202300006026;155 669 865;A01;2;1;0;2;1;5;5;
202300006027;155 669 866;A01;3;7;0;2;1;1;1;
202300006027;155 669 868;B01;3;7;0;2;4;1;1;
202300006028;155 669 862;A01;1;7;0;2;1;1;1;
202300006028;155 669 863;B01;1;32;0;1;1;15;1;
202300006029;155 669 860;A01;2;1;0;0;0;1;5;
202300006030;155 669 859;B01;3;7;0;2;6;23;1;
202300006030;155 669 861;A01;3;7;0;2;2;15;1;
202300006031;155 669 858;A01;2;1;0;0;0;1;5;
202300006032;155 669 857;A01;0;7;0;1;1;9;1;
202300006033;155 669 855;B01;1;7;0;2;2;1;2;
202300006033;155 669 856;A01;3;1;0;2;8;19;5;
202300006034;155 669 852;B01;2;7;0;2;7;1;1;
202300006034;155 669 853;A01;2;50;0;2;1;15;3;
202300006035;155 669 851;B01;1;37;0;2;3;1;1;5
202300006035;155 669 854;A01;1;10;0;2;2;16;1;
202300006036;155 669 849;A01;1;7;0;1;5;4;1;
202300006037;155 669 848;B01;2;7;0;2;8;9;1;
202300006037;155 669 850;A01;2;1;0;2;1;9;5;
202300006038;155 669 847;A01;2;1;0;1;1;8;5;
202300006039;155 669 845;B01;2;3;0;2;8;15;1;
202300006039;155 669 846;A01;2;30;0;2;7;17;1;
202300006040;155 669 843;A01;1;10;0;2;2;16;1;
202300006040;155 669 844;B01;1;1;0;2;1;1;5;
202300006041;155 669 841;B01;3;1;0;2;1;1;5;
202300006041;155 669 842;A01;1;7;0;2;3;9;1;
202300006042;155 669 839;B01;1;50;0;2;1;15;3;
202300006042;155 669 840;A01;1;7;0;2;2;16;1;
202300006043;155 669 837;B01;3;33;0;2;1;1;1;
202300006043;155 669 838;A01;3;7;0;2;1;15;1;
202300006044;155 669 835;A01;1;50;1;0;8;1;3;
202300006045;155 669 834;A01;3;7;0;1;1;26;0;
202300006046;155 669 832;A01;3;7;8;0;2;1;1;
202300006047;155 669 831;B01;1;31;0;2;3;2;1;
202300006047;155 669 833;A01;1;10;0;2;6;4;1;
202300006048;155 669 829;A01;3;7;0;1;1;1;1;
202300006049;155 669 828;B01;1;7;0;2;3;16;1;
202300006049;155 669 830;A01;2;30;0;2;3;13;1;
202300006050;155 669 826;A01;2;7;0;2;1;10;1;
202300006050;155 669 827;B01;2;30;0;2;8;1;0;
202300006051;155 669 823;B01;1;1;0;2;1;5;5;
202300006051;155 669 824;A01;1;10;0;2;1;2;1;
202300006052;155 669 821;B01;2;7;0;2;3;15;3;
202300006052;155 669 822;A01;2;30;0;2;1;3;1;
202300006052;155 669 825;C01;3;7;0;2;4;23;1;
202300006053;155 669 820;B01;1;7;0;1;8;0;2;
202300006054;155 669 817;A01;0;7;0;2;1;0;1;
202300006054;155 669 818;B01;0;33;0;0;4;0;1;
202300006055;155 669 816;B01;2;7;0;2;1;1;1;
202300006055;155 669 819;A01;1;2;0;2;7;1;1;
202300006056;155 669 815;B01;1;10;0;1;3;1;1;
202300006057;155 669 813;A01;1;7;0;1;2;1;1;
202300006058;155 669 812;A01;1;2;0;2;1;1;1;
202300006058;155 669 814;B01;1;7;0;2;3;15;1;
202300006059;155 669 809;A01;3;2;0;0;4;18;1;
202300006059;155 669 810;B01;3;14;0;2;1;26;1;
202300006060;155 669 808;A01;2;7;0;2;3;9;1;
202300006060;155 669 811;B01;2;1;0;2;1;1;5;
202300006061;155 669 806;A01;1;2;0;2;1;1;1;
202300006061;155 669 807;B01;1;7;0;2;6;1;1;
202300006062;155 669 805;A01;1;30;0;1;7;1;3;
202300006063;155 669 803;A01;2;7;0;2;2;14;1;
202300006063;155 669 804;B01;2;31;0;2;8;1;1;
202300006064;155 669 801;A01;0;7;0;2;1;1;1;
202300006064;155 669 802;B01;0;50;0;2;8;19;3;
202300006065;155 669 799;A01;1;32;0;2;8;18;1;
202300006065;155 669 800;B01;1;1;0;2;2;17;5;
202300006066;155 669 795;A01;1;10;0;2;6;18;1;
202300006066;155 669 796;B01;2;10;0;2;3;1;1;
202300006067;155 669 792;A01;1;7;0;2;2;15;1;
202300006067;155 669 793;B01;2;2;0;2;1;1;1;
202300006068;155 669 786;C01;1;10;0;2;3;1;1;
202300006068;155 669 788;B01;1;10;0;2;3;1;1;
202300006068;155 669 789;A01;2;7;0;2;2;15;1;
202300006069;155 669 782;B01;2;17;3;2;2;1;1;
202300006069;155 669 784;A01;1;7;3;2;2;13;1;
202300006070;155 669 779;A01;2;7;0;2;3;13;1;
202300006070;155 669 781;B01;1;14;0;2;3;1;1;
202300006071;155 669 780;A01;3;7;0;1;3;16;1;
202300006072;155 669 778;A01;2;7;0;1;2;1;1;
202300006073;155 669 776;A01;1;7;0;0;9;2;1;
202300006074;155 669 777;A01;1;7;0;1;2;1;1;
202300006075;155 669 774;A01;3;40;0;1;3;1;3;
202300006076;155 669 773;B01;1;1;0;2;3;11;5;
202300006076;155 669 775;A01;1;7;0;2;2;1;1;
202300006077;155 669 771;A01;1;7;0;1;1;17;1;
202300006078;155 669 772;A01;1;1;8;0;1;1;5;
202300006079;155 669 769;A01;2;7;0;1;3;25;1;
202300006080;155 669 768;B01;2;1;0;2;1;1;5;
202300006080;155 669 770;A01;2;50;0;2;8;19;3;
202300006081;155 669 765;C01;1;7;0;2;1;2;1;
202300006081;155 669 766;B01;1;7;0;2;4;23;1;
202300006081;155 669 767;A01;2;7;3;0;4;23;1;
202300006082;155 669 763;A01;0;7;0;1;2;1;0;
202300006083;155 669 762;B01;1;7;0;2;3;1;0;
202300006083;155 669 764;A01;1;7;0;2;2;9;0;
202300006084;155 669 760;B01;2;33;0;2;1;1;1;
202300006084;155 669 761;A01;1;7;0;2;7;15;1;
202300006085;155 669 758;B01;1;7;0;0;3;1;1;
202300006085;155 669 759;A01;2;3;0;0;1;1;1;
202300006086;155 669 757;A01;2;10;9;0;1;1;0;
202300006087;155 669 755;A01;2;7;0;2;2;0;1;
202300006087;155 669 756;B01;1;33;0;2;1;1;1;
202300006088;155 669 752;C01;2;7;0;2;4;1;1;
202300006088;155 669 753;B01;2;7;0;2;4;1;1;
202300006088;155 669 754;A01;2;7;0;2;1;1;1;
202300006089;155 669 748;A01;2;7;0;2;1;2;1;
202300006089;155 669 749;B01;2;7;0;2;4;2;1;
202300006089;155 669 750;C01;2;7;0;2;4;2;1;
202300006089;155 669 751;D01;2;7;0;2;4;2;1;
202300006090;155 669 746;A01;1;50;0;2;1;14;3;
202300006090;155 669 747;B01;2;7;0;2;2;1;1;
202300006091;155 669 744;A01;1;7;0;2;3;1;0;
202300006091;155 669 745;B01;2;32;0;2;1;15;0;
202300006092;155 669 742;B01;1;33;0;2;7;1;1;
202300006092;155 669 743;A01;1;7;0;9;3;15;1;
202300006093;155 669 741;A01;2;7;0;1;1;1;1;
202300006094;155 669 739;A01;3;10;0;2;1;13;1;
202300006094;155 669 740;B01;3;7;0;2;1;1;1;
202300006095;155 669 737;A01;2;32;0;2;1;2;3;
202300006095;155 669 738;B01;2;42;0;2;4;2;1;
202300006096;155 669 735;A01;2;10;0;2;1;2;1;
202300006096;155 669 736;B01;2;10;0;2;4;2;1;
202300006097;155 669 733;B01;1;1;0;2;1;1;5;
202300006097;155 669 734;A01;1;7;0;2;2;16;2;
202300006098;155 669 732;A01;2;7;0;1;4;4;1;
202300006099;155 669 730;B01;3;1;0;2;7;19;5;
202300006099;155 669 731;A01;2;7;0;2;1;1;1;
202300006100;155 669 729;A01;1;2;0;1;1;1;3;
202300006101;155 669 727;A01;1;7;0;2;3;13;1;
202300006101;155 669 728;B01;1;2;0;2;2;17;3;
202300006102;155 669 725;B01;2;7;0;2;7;16;1;
202300006102;155 669 726;A01;2;30;0;2;7;7;3;
202300006103;155 669 723;Z01;1;7;0;2;1;15;0;
202300006103;155 669 724;A01;1;31;0;2;4;15;1;
202300006104;155 669 721;A01;1;50;0;2;7;14;3;
202300006104;155 669 722;B01;1;33;0;2;3;1;1;
202300006105;155 669 719;A01;2;33;0;2;1;9;1;
202300006105;155 669 720;B01;2;7;0;2;3;1;1;
202300006106;155 669 717;A01;3;10;1;0;4;4;1;
202300006106;155 669 718;B01;3;7;0;2;1;23;1;
202300006107;155 669 715;A01;1;42;0;2;3;1;3;
202300006107;155 669 716;B01;1;7;0;2;2;1;1;
202300006108;155 669 713;B01;3;30;0;2;1;13;1;
202300006108;155 669 714;A01;3;7;0;2;3;13;1;
202300006109;155 669 712;A01;2;10;0;1;3;1;0;
202300006110;155 669 711;A01;2;7;0;1;1;15;1;
202300006111;155 669 709;A01;3;10;0;2;1;2;1;
202300006111;155 669 710;B01;3;7;0;2;4;2;1;
202300006112;155 669 707;B01;2;10;0;2;3;15;1;
202300006112;155 669 708;A01;1;7;0;2;1;1;1;
202300006113;155 669 705;A01;1;7;0;2;1;11;1;
202300006113;155 669 706;B01;2;50;0;2;1;1;3;
202300006114;155 669 703;B01;2;80;0;2;1;2;3;
202300006114;155 669 704;A01;2;10;0;2;2;16;1;
202300006115;155 669 701;A01;2;50;0;2;3;2;3;
202300006115;155 669 702;B01;2;7;0;2;3;2;1;
202300006116;155 669 699;A01;1;32;0;2;1;16;0;
202300006116;155 669 700;B01;2;1;0;2;8;2;5;
202300006117;155 669 696;A01;0;7;0;2;4;11;0;
202300006117;155 669 697;B01;0;7;0;2;1;1;0;
202300006117;155 669 698;C01;0;10;0;2;1;1;0;
202300006118;155 669 694;B01;3;7;0;2;2;9;1;
202300006118;155 669 695;A01;1;43;0;2;8;1;1;
202300006119;155 669 693;A01;3;60;12;0;1;25;5;
202300006120;155 669 691;A01;1;7;0;2;3;11;0;
202300006120;155 669 692;B01;1;30;0;2;7;1;3;
202300006121;155 669 689;B01;1;32;0;0;1;15;1;
202300006121;155 669 690;Z01;2;32;0;2;1;16;1;
202300006122;155 669 688;A01;2;33;0;1;1;17;1;
202300006123;155 669 687;A01;2;7;0;1;3;1;1;
202300006124;155 669 685;B01;1;1;0;2;1;19;5;
202300006124;155 669 686;A01;1;7;0;2;3;9;1;
202300006125;155 669 683;A01;2;33;0;2;7;0;1;
202300006125;155 669 684;B01;2;7;0;2;1;0;0;
202300006126;155 669 682;A01;1;7;1;0;3;14;2;
202300006127;155 669 681;A01;1;33;3;0;1;14;1;
202300006128;155 669 677;A01;2;34;4;0;1;1;1;
202300006129;155 669 676;A01;2;7;0;2;2;9;1;
202300006129;155 669 678;B01;1;30;0;2;1;1;1;
202300006130;155 669 675;A01;2;7;3;0;1;0;1;
202300006131;155 669 673;B01;1;7;0;0;1;2;1;
202300006131;155 669 674;A01;1;7;8;2;7;1;1;
202300006132;155 669 669;A01;2;7;0;2;7;19;1;
202300006132;155 669 670;B01;1;33;0;2;1;1;1;
202300006133;155 669 667;A01;1;10;0;2;1;17;1;
202300006133;155 669 668;B01;1;7;0;2;8;15;1;
202300006134;155 669 666;A01;2;33;13;0;2;1;1;
202300006135;155 669 665;A01;3;7;2;0;1;14;1;
202300006136;155 669 663;A01;1;1;1;0;1;2;5;
202300006136;155 669 664;B01;1;7;0;9;4;24;1;
202300006137;155 669 661;A01;1;33;15;0;1;17;1;
202300006138;155 669 660;A01;1;7;0;1;3;1;1;
202300006139;155 669 659;A01;1;33;0;2;1;1;1;
202300006139;155 669 662;B01;2;1;0;2;8;15;5;
202300006140;155 669 656;A01;3;37;0;1;7;16;1;1
202300006141;155 669 650;A01;1;7;0;2;1;2;1;
202300006141;155 669 653;B01;1;7;0;2;4;2;1;
202300006142;155 669 651;B01;0;7;1;0;8;-1;0;
202300006142;155 669 654;A01;3;32;6;0;2;1;1;
202300006143;155 669 649;B01;3;7;0;2;1;19;1;
202300006143;155 669 652;A01;3;50;0;2;1;19;3;
202300006144;155 669 648;A01;3;1;17;0;1;1;5;
202300006145;155 669 645;A01;2;7;0;2;3;19;1;
202300006145;155 669 647;B01;1;31;0;2;1;1;1;
202300006146;155 669 644;A01;2;7;0;1;3;1;1;
202300006147;155 669 643;B01;3;7;0;2;1;1;2;
202300006147;155 669 646;A01;3;7;0;2;4;19;0;
202300006148;155 669 639;B01;1;1;1;2;8;1;5;
202300006148;155 669 641;A01;1;7;0;9;2;19;3;
202300006149;155 669 638;A01;1;7;0;2;1;1;1;
202300006149;155 669 640;B01;2;7;0;2;1;5;1;
202300006150;155 669 637;A01;1;7;4;0;2;16;1;
202300006151;155 669 636;A01;2;2;12;0;1;1;1;
202300006152;155 669 633;A01;3;7;0;1;1;0;1;
202300006153;155 669 634;A01;1;2;0;2;3;1;1;
202300006153;155 669 635;B01;2;7;0;2;1;6;1;
202300006154;155 669 631;A01;1;7;0;2;3;1;1;
202300006154;155 669 632;B01;1;7;0;2;5;15;1;
202300006155;155 669 628;A01;2;7;3;2;3;5;1;
202300006155;155 669 630;B01;1;7;3;2;3;1;1;
202300006156;155 669 626;A01;2;7;0;2;1;19;1;
202300006156;155 669 629;B01;1;7;0;2;1;1;1;
202300006157;155 669 625;B01;3;7;0;2;5;19;1;
202300006157;155 669 627;A01;2;33;0;2;1;1;1;
202300006158;155 669 621;A01;1;7;17;0;1;1;1;
202300006159;155 669 622;A01;2;7;0;2;1;2;1;
202300006159;155 669 623;B01;2;7;0;2;4;23;1;
202300006160;155 669 620;B01;1;2;0;0;1;1;1;
202300006160;155 669 624;A01;3;21;0;0;3;26;1;
202300006161;155 669 619;A01;2;7;13;0;1;14;1;
202300006162;155 669 618;A01;1;10;0;1;3;1;1;
202300006163;155 669 617;A01;1;30;0;0;0;0;1;
202300006164;155 669 615;A01;1;7;0;2;1;13;1;
202300006164;155 669 616;B01;2;7;0;2;1;1;1;
202300006165;155 669 613;A01;1;1;0;5;0;0;5;
202300006166;155 669 611;B01;2;7;0;2;4;1;1;
202300006166;155 669 614;A01;2;7;0;2;1;23;1;
202300006167;155 669 610;A01;0;7;0;2;1;1;1;
202300006167;155 669 612;B01;0;7;0;2;1;1;1;
202300006168;155 669 608;A01;1;7;0;2;7;19;1;
202300006168;155 669 609;B01;2;2;0;2;3;1;1;
202300006169;155 669 606;A01;3;7;8;0;9;1;1;
202300006170;155 669 604;A01;1;38;0;1;2;1;1;1
202300006171;155 669 605;A01;1;7;0;2;1;13;1;
202300006171;155 669 607;B01;1;7;0;2;1;1;1;
202300006172;155 669 601;A01;1;7;0;2;3;15;1;
202300006172;155 669 603;B01;1;31;0;2;2;17;1;
202300006173;155 669 599;A01;3;7;2;0;1;16;1;
202300006174;155 669 600;B01;0;2;0;2;1;1;1;
202300006174;155 669 602;A01;3;7;0;2;2;1;1;
202300006175;155 669 598;A01;2;7;6;0;3;14;1;
202300006176;155 669 595;A01;2;2;0;2;1;1;1;
202300006176;155 669 597;B01;1;7;0;2;3;15;1;
202300006177;155 669 593;B01;2;33;0;2;1;1;1;
202300006177;155 669 594;A01;3;7;0;2;5;15;1;
202300006178;155 669 591;B01;1;30;0;2;4;2;1;
202300006178;155 669 592;A01;1;17;0;2;7;2;1;
202300006179;155 669 596;A01;3;7;0;1;0;2;1;
202300006180;155 669 590;A01;2;31;14;0;8;1;1;
202300006181;155 669 586;A01;3;10;0;2;1;13;1;
202300006181;155 669 588;B01;3;7;0;2;1;1;1;
202300006182;155 669 585;A01;1;7;0;2;1;2;1;
202300006182;155 669 587;B01;1;10;0;2;4;1;1;