Num_Acc;id_vehicule;num_veh;senc;catv;obs;obsm;choc;manv;motor;occutc
202300006182;155 669 589;C01;1;7;0;2;4;2;1;
202300006183;155 669 583;A01;1;7;0;2;5;17;1;
202300006183;155 669 584;B01;1;7;0;2;3;1;1;
202300006184;155 669 580;Z01;2;7;0;2;5;12;0;
202300006184;155 669 581;A01;2;33;0;2;1;3;1;
202300006185;155 669 578;A01;2;7;0;2;7;1;1;
202300006185;155 669 582;B01;1;7;0;2;1;1;1;
202300006186;155 669 579;A01;2;31;0;0;0;1;1;
202300006187;155 669 576;A01;2;33;0;0;7;15;1;
202300006188;155 669 574;A01;1;7;0;2;4;0;0;
202300006188;155 669 575;B01;1;7;0;2;4;26;1;
202300006189;155 669 573;A01;1;7;0;2;1;1;1;
202300006189;155 669 577;B01;1;17;0;2;4;1;0;
202300006190;155 669 571;B01;1;1;0;0;4;1;5;
202300006190;155 669 572;A01;1;7;0;0;2;9;1;
202300006191;155 669 568;A01;1;2;0;2;1;17;1;
202300006191;155 669 570;B01;1;7;0;2;8;15;1;
202300006192;155 669 567;A01;1;10;13;0;1;1;1;
202300006193;155 669 566;B01;1;7;0;2;6;11;1;
202300006193;155 669 569;A01;1;43;0;2;1;3;1;
202300006194;155 669 563;A01;2;33;0;2;1;17;1;
202300006194;155 669 564;B01;1;7;0;2;1;1;1;
202300006195;155 669 562;A01;3;7;0;2;2;16;1;
202300006195;155 669 565;B01;3;7;0;2;8;16;1;
202300006196;155 669 557;A01;1;33;0;2;8;1;1;
202300006196;155 669 558;B01;2;7;0;2;8;1;1;
202300006197;155 669 554;A01;1;33;0;2;1;1;1;
202300006197;155 669 556;B01;1;7;0;2;6;15;1;
202300006198;155 669 551;A01;2;31;13;0;0;0;1;
202300006199;155 669 552;A01;1;7;4;0;3;23;1;
202300006199;155 669 553;B01;1;7;0;2;5;23;1;
202300006199;155 669 555;C01;1;7;0;2;3;1;1;
202300006199;155 669 559;D01;1;10;0;2;3;1;1;
202300006199;155 669 560;E01;1;7;0;2;6;1;1;
202300006199;155 669 561;F01;1;14;0;2;3;1;1;
202300006200;155 669 547;A01;2;7;0;2;8;15;1;
202300006200;155 669 550;B01;2;33;0;2;7;17;1;
202300006201;155 669 546;A01;1;10;0;2;4;3;1;
202300006201;155 669 548;B01;1;7;0;2;1;2;1;
202300006202;155 669 544;B01;3;7;0;2;6;1;1;
202300006202;155 669 545;A01;3;7;0;2;3;13;1;
202300006203;155 669 540;B01;1;34;0;2;8;2;1;
202300006203;155 669 542;A01;1;7;0;2;2;12;1;
202300006204;155 669 541;A01;3;7;0;2;2;1;2;
202300006204;155 669 543;B01;3;7;0;2;3;1;1;
202300006205;155 669 538;A01;2;7;0;2;3;13;1;
202300006205;155 669 539;B01;1;7;0;2;3;1;1;
202300006206;155 669 535;A01;1;33;0;2;1;12;1;
202300006206;155 669 537;B01;0;1;0;2;4;1;5;
202300006207;155 669 531;B01;1;33;13;0;0;21;1;
202300006207;155 669 534;A01;2;10;0;0;0;5;0;
202300006208;155 669 532;A01;0;10;0;1;1;1;1;
202300006209;155 669 533;B01;2;32;0;2;7;15;1;
202300006209;155 669 536;A01;1;32;0;2;1;1;1;
202300006210;155 669 529;A01;2;80;0;0;0;0;3;
202300006211;155 669 526;A01;2;7;0;2;1;0;0;
202300006211;155 669 528;B01;1;7;-1;-1;-1;-1;-1;
202300006212;155 669 525;A01;2;3;0;2;1;19;1;
202300006212;155 669 527;B01;3;0;0;2;0;0;0;
202300006213;155 669 522;A01;2;10;0;2;3;13;1;
202300006213;155 669 524;B01;1;17;0;2;3;1;1;
202300006214;155 669 523;A01;1;1;0;0;0;1;5;
202300006215;155 669 520;A01;1;7;0;2;1;13;1;
202300006215;155 669 521;B01;2;10;0;2;1;1;1;
202300006216;155 669 518;B01;1;33;3;9;0;1;1;
202300006217;155 669 517;A01;2;1;0;1;1;1;5;
202300006218;155 669 515;A01;2;10;0;1;3;1;1;
202300006219;155 669 514;C01;2;7;0;2;4;26;1;
202300006219;155 669 516;A01;2;7;0;2;1;26;1;
202300006219;155 669 519;B01;2;7;0;2;4;26;1;
202300006220;155 669 509;A01;2;7;0;2;1;2;0;
202300006220;155 669 512;B01;2;7;0;0;4;2;0;
202300006221;155 669 510;B01;2;80;0;2;4;23;3;
202300006221;155 669 513;Z01;2;7;0;2;1;1;1;
202300006222;155 669 508;A01;1;14;0;2;1;1;1;
202300006222;155 669 511;B01;2;7;0;0;8;15;1;
202300006223;155 669 506;B01;2;1;0;2;0;2;5;
202300006223;155 669 507;A01;2;7;0;2;7;16;1;
202300006224;155 669 503;A01;1;7;0;2;7;10;2;
202300006224;155 669 505;B01;1;32;0;2;1;1;1;
202300006225;155 669 498;A01;2;50;0;2;1;1;3;
202300006225;155 669 500;B01;3;10;0;2;3;20;1;
202300006226;155 669 497;A01;3;30;0;0;1;0;3;
202300006227;155 669 499;A01;1;7;0;2;1;1;1;
202300006227;155 669 502;B01;1;2;0;2;3;15;0;
202300006228;155 669 496;A01;3;7;0;1;1;10;1;
202300006229;155 669 495;A01;0;7;0;1;4;4;1;
202300006230;155 669 494;A01;0;32;13;0;8;0;1;
202300006231;155 669 492;A01;1;14;0;1;1;1;1;
202300006232;155 669 489;A01;3;34;0;0;8;1;1;
202300006233;155 669 488;B01;1;33;0;2;1;1;1;
202300006233;155 669 490;A01;2;7;0;2;2;15;0;
202300006234;155 669 485;A01;3;7;0;2;7;22;2;
202300006234;155 669 487;B01;3;50;0;2;8;1;3;
202300006235;155 669 483;A01;1;7;0;2;1;2;1;
202300006235;155 669 484;B01;1;7;0;0;4;2;1;
202300006236;155 669 481;A01;2;33;0;2;1;2;1;
202300006236;155 669 486;B01;2;7;0;2;4;1;1;
202300006237;155 669 480;A01;2;7;0;2;1;1;1;
202300006237;155 669 482;B01;2;50;0;2;8;13;3;
202300006238;155 669 479;A01;2;80;12;0;2;14;3;
202300006239;155 669 476;A01;3;10;0;2;3;15;1;
202300006239;155 669 477;B01;3;33;0;2;3;1;1;
202300006240;155 669 475;A01;1;7;2;0;2;0;1;
202300006241;155 669 473;A01;2;10;0;2;1;2;1;
202300006241;155 669 478;B01;2;17;0;0;4;1;1;
202300006242;155 669 472;A01;2;7;0;2;2;9;1;
202300006242;155 669 474;B01;2;1;0;2;1;1;5;
202300006243;155 669 470;A01;1;33;13;0;3;1;1;
202300006244;155 669 469;A01;3;7;0;2;1;2;1;
202300006244;155 669 471;B01;3;2;0;2;4;15;1;
202300006245;155 669 466;A01;2;2;0;0;8;0;1;
202300006246;155 669 464;A01;0;7;0;2;2;26;1;
202300006246;155 669 468;B01;0;7;0;2;3;15;1;
202300006247;155 669 463;A01;3;7;0;2;1;1;1;
202300006247;155 669 467;B01;3;7;0;0;4;1;1;
202300006248;155 669 462;A01;1;7;0;2;1;13;1;
202300006248;155 669 465;B01;2;2;0;2;1;0;1;
202300006249;155 669 460;A01;1;2;0;0;0;2;1;
202300006250;155 669 458;A01;2;10;0;2;2;1;3;
202300006250;155 669 461;B01;1;34;0;2;1;1;1;
202300006251;155 669 457;A01;3;7;0;2;1;2;2;
202300006251;155 669 459;B01;3;80;0;2;4;1;3;
202300006252;155 669 453;A01;2;7;0;2;2;15;1;
202300006252;155 669 456;B01;1;7;0;2;2;1;1;
202300006253;155 669 451;A01;3;7;0;2;2;15;1;
202300006253;155 669 454;B01;3;43;0;2;1;1;1;
202300006254;155 669 450;B01;2;10;0;2;1;1;1;
202300006254;155 669 455;A01;1;10;0;2;8;15;1;
202300006255;155 669 449;A01;2;7;5;0;3;1;1;
202300006256;155 669 448;A01;2;7;14;0;1;1;1;
202300006256;155 669 452;B01;2;7;1;0;4;26;1;
202300006257;155 669 444;A01;3;7;0;1;1;1;1;
202300006258;155 669 445;A01;3;7;0;0;0;0;0;
202300006259;155 669 443;A01;0;10;0;1;1;1;1;
202300006260;155 669 441;A01;3;7;0;0;0;26;0;
202300006261;155 669 438;A01;3;7;6;0;2;1;1;
202300006262;155 669 435;A01;3;31;8;0;1;11;1;
202300006263;155 669 436;A01;1;7;0;2;3;15;1;
202300006263;155 669 439;B01;1;1;0;2;3;1;5;
202300006264;155 669 434;A01;2;7;0;2;1;1;1;
202300006264;155 669 437;B01;2;7;0;2;4;1;1;
202300006264;155 669 440;C01;2;7;0;2;4;1;1;
202300006264;155 669 442;D01;2;7;0;2;4;1;1;
202300006265;155 669 432;A01;1;33;0;2;1;2;1;
202300006265;155 669 433;B01;1;7;0;2;3;10;1;
202300006266;155 669 429;B01;3;7;0;2;7;15;1;
202300006266;155 669 430;A01;3;7;0;2;3;2;1;
202300006267;155 669 428;A01;1;30;0;1;2;1;1;
202300006268;155 669 427;B01;1;33;0;2;4;0;0;
202300006268;155 669 431;Z01;0;7;0;0;0;0;0;
202300006269;155 669 424;A01;2;10;0;1;1;1;1;
202300006270;155 669 422;A01;1;7;0;2;3;15;1;
202300006270;155 669 425;B01;1;32;0;2;1;17;1;
202300006271;155 669 423;A01;2;7;0;1;2;0;1;
202300006272;155 669 421;B01;2;1;0;2;4;15;5;
202300006272;155 669 426;A01;2;1;0;2;1;17;5;
202300006273;155 669 420;A01;1;34;14;0;1;1;1;
202300006274;155 669 418;A01;3;7;0;1;1;1;0;
202300006275;155 669 416;A01;1;7;0;2;3;13;1;
202300006275;155 669 419;B01;2;10;0;2;3;0;1;
202300006276;155 669 415;B01;0;7;0;2;2;12;1;
202300006276;155 669 417;A01;0;7;0;2;3;1;1;
202300006277;155 669 412;A01;2;7;0;2;1;1;1;
202300006277;155 669 414;B01;1;7;0;2;1;1;1;
202300006278;155 669 409;A01;2;32;0;2;1;2;1;
202300006278;155 669 411;B01;2;7;0;2;4;2;1;
202300006279;155 669 413;A01;1;10;0;1;1;15;1;
202300006280;155 669 408;B01;1;7;0;2;3;1;1;
202300006280;155 669 410;A01;3;7;0;2;2;15;1;
202300006281;155 669 405;B01;2;30;0;2;1;3;1;
202300006281;155 669 407;A01;1;30;0;2;1;11;1;
202300006282;155 669 402;A01;1;7;0;1;1;1;6;
202300006283;155 669 404;A01;2;7;0;2;0;0;1;
202300006283;155 669 406;B01;1;34;0;2;0;0;1;
202300006284;155 669 401;B01;2;7;0;2;3;15;1;
202300006284;155 669 403;A01;2;7;6;2;1;17;1;
202300006285;155 669 399;A01;2;30;0;2;1;2;0;
202300006285;155 669 400;B01;1;0;0;2;1;12;0;
202300006286;155 669 394;B01;2;1;0;2;1;1;5;
202300006286;155 669 397;A01;1;7;0;2;5;15;1;
202300006287;155 669 396;A01;2;7;0;2;6;1;1;
202300006287;155 669 398;B01;2;15;0;2;2;12;1;
202300006288;155 669 393;B01;1;7;0;2;8;1;1;
202300006288;155 669 395;A01;2;2;0;2;1;1;1;
202300006289;155 669 392;A01;1;7;0;1;1;26;0;
202300006290;155 669 390;A01;3;14;0;1;3;1;1;
202300006291;155 669 386;A01;3;30;0;2;1;1;1;
202300006291;155 669 389;B01;3;7;0;2;4;23;1;
202300006292;155 669 385;A01;1;7;0;2;3;1;1;
202300006292;155 669 387;B01;2;7;0;0;3;23;1;
202300006293;155 669 383;A01;2;33;0;1;6;1;1;
202300006294;155 669 382;A01;1;7;0;2;8;2;1;
202300006294;155 669 384;B01;1;43;0;2;7;3;1;
202300006294;155 669 388;C01;1;7;0;2;2;12;1;
202300006294;155 669 391;D01;1;33;0;2;1;3;1;
202300006295;155 669 378;B01;1;33;0;2;1;3;1;
202300006295;155 669 380;A01;1;33;0;2;4;11;1;
202300006296;155 669 376;A01;2;2;0;2;1;13;1;
202300006296;155 669 379;B01;1;7;0;2;3;1;1;
202300006297;155 669 377;B01;1;33;0;2;1;1;1;
202300006297;155 669 381;A01;2;7;0;2;2;15;1;
202300006298;155 669 372;A01;1;7;0;2;3;1;1;
202300006298;155 669 374;B01;2;32;0;2;1;5;1;
202300006299;155 669 370;B01;3;60;0;2;8;0;5;
202300006299;155 669 375;A01;1;7;0;2;2;1;0;
202300006300;155 669 368;A01;2;33;0;2;1;2;1;
202300006300;155 669 371;B01;2;7;0;2;4;2;1;
202300006300;155 669 373;C01;2;7;0;2;4;23;1;
202300006301;155 669 369;A01;2;10;0;1;3;5;1;
202300006302;155 669 364;A01;3;33;0;2;3;16;1;
202300006302;155 669 366;B01;3;13;0;2;5;1;1;
202300006303;155 669 363;A01;3;7;0;1;4;2;1;
202300006303;155 669 367;B01;3;7;0;2;1;2;1;
202300006304;155 669 362;A01;3;7;0;2;1;2;1;
202300006304;155 669 365;B01;3;31;0;2;4;2;1;
202300006305;155 669 361;A01;2;1;0;1;1;1;5;
202300006306;155 669 357;A01;1;1;0;2;1;1;5;
202300006306;155 669 359;B01;3;7;0;2;1;9;2;
202300006307;155 669 356;A01;2;50;0;2;3;13;3;
202300006307;155 669 358;B01;1;7;0;2;3;1;1;
202300006308;155 669 355;A01;3;2;0;2;1;16;1;
202300006308;155 669 360;B01;1;7;1;0;3;1;1;
202300006309;155 669 353;A01;1;7;0;1;3;1;0;
202300006310;155 669 350;A01;1;1;0;1;0;0;5;
202300006311;155 669 351;B01;2;10;0;2;2;1;1;
202300006311;155 669 354;A01;2;7;0;2;8;15;1;
202300006312;155 669 349;A01;1;10;0;2;3;1;1;
202300006312;155 669 352;B01;2;7;0;2;3;1;1;
202300006313;155 669 348;A01;1;30;0;1;0;1;1;
202300006314;155 669 345;A01;2;10;0;1;2;1;0;
202300006315;155 669 344;A01;2;10;0;2;1;13;1;
202300006315;155 669 347;B01;1;7;0;2;3;1;1;
202300006316;155 669 343;A01;1;7;13;0;1;2;1;
202300006317;155 669 342;A01;1;10;0;2;7;15;1;
202300006317;155 669 346;B01;2;2;0;2;1;1;1;
202300006318;155 669 340;A01;1;32;14;0;1;1;1;
202300006319;155 669 338;A01;1;33;0;2;1;5;1;
202300006319;155 669 341;B01;1;7;0;2;3;9;1;
202300006320;155 669 335;A01;3;7;0;2;1;1;1;
202300006320;155 669 339;B01;3;2;0;2;7;1;1;
202300006321;155 669 332;B01;3;30;0;2;1;1;1;
202300006321;155 669 333;A01;3;7;0;2;5;15;1;
202300006322;155 669 331;A01;2;30;0;2;1;1;1;
202300006322;155 669 334;B01;1;30;0;2;1;15;1;
202300006323;155 669 327;B01;0;7;0;2;3;15;0;
202300006323;155 669 329;A01;0;43;0;2;2;17;1;
202300006324;155 669 328;B01;2;33;0;2;0;1;1;
202300006324;155 669 330;A01;1;7;0;2;0;15;1;
202300006325;155 669 323;A01;3;0;0;1;0;0;1;
202300006326;155 669 322;B01;2;2;0;2;4;2;0;
202300006326;155 669 324;A01;2;7;0;2;3;1;2;
202300006327;155 669 321;A01;3;7;1;1;1;1;1;
202300006328;155 669 320;A01;3;10;0;1;3;1;1;
202300006329;155 669 317;A01;1;7;0;2;1;15;1;
202300006329;155 669 319;B01;2;7;0;2;6;1;1;
202300006330;155 669 313;B01;1;7;0;2;1;5;0;
202300006330;155 669 316;A01;2;7;0;2;1;1;0;
202300006331;155 669 315;A01;1;7;0;2;3;13;1;
202300006331;155 669 318;B01;1;80;0;2;7;5;3;
202300006332;155 669 312;A01;2;2;0;2;1;1;1;
202300006332;155 669 314;B01;2;7;0;2;2;1;1;
202300006333;155 669 309;B01;2;7;17;0;3;17;1;
202300006333;155 669 310;A01;2;37;0;0;0;17;1;1
202300006334;155 669 308;B01;2;7;0;2;2;0;0;
202300006334;155 669 311;A01;0;7;0;2;3;1;0;
202300006335;155 669 304;A01;1;40;0;1;1;1;3;
202300006336;155 669 305;Z01;1;7;0;2;3;10;1;
202300006336;155 669 307;B01;1;30;0;2;2;2;1;
202300006337;155 669 302;A01;1;7;11;0;2;1;1;
202300006338;155 669 301;B01;3;39;0;2;2;1;3;
202300006338;155 669 306;A01;3;32;0;4;9;1;1;
202300006339;155 669 300;A01;1;7;0;2;3;15;1;
202300006339;155 669 303;B01;2;1;0;2;1;1;5;
202300006340;155 669 295;A01;2;7;0;2;3;1;1;
202300006340;155 669 298;B01;2;1;0;2;4;19;5;
202300006341;155 669 292;B01;2;7;0;2;1;15;1;
202300006341;155 669 296;A01;1;31;0;2;1;1;1;
202300006342;155 669 293;A01;3;7;1;0;1;1;1;
202300006343;155 669 291;A01;2;7;0;9;3;15;1;
202300006343;155 669 297;B01;2;1;14;2;1;17;5;
202300006344;155 669 294;A01;2;7;0;2;1;16;1;
202300006344;155 669 299;B01;1;1;0;2;8;13;5;
202300006345;155 669 289;A01;2;31;13;0;1;13;1;
202300006346;155 669 288;B01;1;50;0;2;2;15;3;
202300006346;155 669 290;A01;2;7;0;2;3;1;1;
202300006347;155 669 284;A01;3;7;0;2;1;13;1;
202300006347;155 669 286;B01;0;7;0;2;1;1;1;
202300006348;155 669 279;A01;2;10;0;2;1;1;1;
202300006348;155 669 281;B01;2;7;0;2;4;1;1;
202300006349;155 669 280;B01;1;7;0;2;3;11;1;
202300006349;155 669 282;A01;1;7;0;2;2;11;1;
202300006350;155 669 283;A01;1;7;0;2;3;15;2;
202300006350;155 669 285;B01;2;1;0;2;1;1;5;
202300006351;155 669 276;A01;1;7;0;2;3;11;1;
202300006351;155 669 278;B01;3;33;0;2;6;1;1;
202300006352;155 669 273;B01;3;7;0;2;4;2;1;
202300006352;155 669 277;A01;3;7;0;2;1;2;1;
202300006353;155 669 271;A01;1;7;0;2;3;15;1;
202300006353;155 669 275;B01;1;32;0;2;1;1;1;
202300006354;155 669 272;A01;2;10;0;1;1;2;1;
202300006355;155 669 264;B01;1;7;7;0;4;2;1;
202300006355;155 669 267;A01;1;7;0;2;1;2;1;
202300006356;155 669 266;A01;1;33;0;2;1;2;1;
202300006356;155 669 269;B01;1;10;0;2;6;2;1;
202300006357;155 669 263;A01;0;7;0;2;1;2;1;
202300006357;155 669 268;B01;0;32;0;2;4;23;1;
202300006358;155 669 261;A01;1;15;2;0;1;13;1;
202300006359;155 669 255;B01;1;31;0;2;7;1;1;
202300006359;155 669 260;A01;3;10;0;2;8;9;1;
202300006360;155 669 257;C01;1;10;0;2;4;2;1;
202300006360;155 669 259;B01;1;7;0;2;4;2;2;
202300006360;155 669 262;A01;1;7;0;2;1;2;1;
202300006361;155 669 256;A01;1;7;6;0;2;1;1;
202300006362;155 669 254;B01;2;1;0;0;1;5;5;
202300006362;155 669 258;A01;1;0;0;9;0;1;0;
202300006363;155 669 252;B01;1;7;0;2;2;26;1;
202300006363;155 669 253;A01;2;7;0;2;1;9;1;
202300006364;155 669 251;A01;3;7;2;0;3;1;1;
202300006365;155 669 249;A01;3;10;0;1;4;4;1;
202300006366;155 669 247;A01;2;33;1;0;3;1;1;
202300006366;155 669 250;B01;2;7;0;2;5;24;1;
202300006367;155 669 246;A01;0;7;0;2;1;1;1;
202300006367;155 669 248;B01;0;7;0;2;4;23;1;
202300006368;155 669 243;A01;1;7;2;9;1;1;1;
202300006369;155 669 242;A01;2;7;0;2;5;17;0;
202300006369;155 669 245;B01;2;21;0;2;3;15;6;
202300006370;155 669 241;A01;2;50;0;0;0;1;3;
202300006371;155 669 240;A01;3;80;0;1;1;1;3;
202300006372;155 669 238;A01;2;15;0;1;0;1;1;
202300006373;155 669 234;A01;3;7;0;2;1;11;1;
202300006373;155 669 237;B01;3;7;0;2;2;1;1;
202300006373;155 669 239;C01;3;7;0;2;2;1;1;
202300006374;155 669 232;A01;2;10;2;0;1;14;1;
202300006375;155 669 230;B01;1;7;0;2;3;1;1;
202300006375;155 669 236;A01;2;7;0;2;4;5;1;
202300006376;155 669 229;C01;1;7;0;2;4;23;1;
202300006376;155 669 231;B01;1;7;0;2;4;23;1;
202300006376;155 669 235;A01;1;7;0;2;1;1;1;
202300006377;155 669 228;Z01;1;7;0;2;3;1;0;
202300006377;155 669 233;A01;1;30;0;2;2;1;1;
202300006378;155 669 227;A01;3;7;13;0;0;0;1;
202300006379;155 669 226;A01;3;10;0;1;3;16;0;
202300006380;155 669 222;A01;1;10;0;2;1;11;1;
202300006380;155 669 224;B01;2;10;0;2;1;0;1;
202300006381;155 669 219;A01;1;7;0;2;3;22;0;
202300006381;155 669 223;B01;1;1;0;2;1;1;5;
202300006382;155 669 217;B01;2;7;0;2;3;1;1;
202300006382;155 669 221;A01;1;7;0;2;3;0;1;
202300006383;155 669 220;A01;2;7;1;2;1;1;1;
202300006383;155 669 225;B01;2;7;0;2;4;23;1;
202300006384;155 669 214;B01;2;7;0;2;6;1;1;
202300006384;155 669 216;A01;2;7;0;2;1;26;1;
202300006384;155 669 218;C01;2;7;0;2;1;1;1;
202300006385;155 669 213;A01;1;7;0;1;3;1;0;
202300006386;155 669 211;A01;1;99;0;2;1;1;1;
202300006386;155 669 215;B01;2;33;0;2;7;1;1;
202300006387;155 669 210;A01;1;7;2;0;1;1;1;
202300006388;155 669 209;A01;2;7;0;2;8;20;1;
202300006388;155 669 212;B01;2;2;0;2;1;1;1;
202300006389;155 669 205;B01;3;7;0;2;3;1;1;
202300006389;155 669 208;A01;3;1;0;2;1;19;5;
202300006390;155 669 203;A01;3;7;0;0;0;0;0;
202300006390;155 669 207;B01;3;1;0;0;0;0;5;
202300006391;155 669 199;A01;3;7;0;2;1;15;1;
202300006391;155 669 204;B01;2;33;0;2;1;17;1;
202300006392;155 669 198;B01;2;15;0;2;1;1;1;
202300006392;155 669 201;A01;1;7;0;2;1;13;1;
202300006392;155 669 206;C01;1;43;0;0;0;17;1;
202300006393;155 669 200;A01;1;10;0;2;3;15;1;
202300006393;155 669 202;B01;1;33;0;2;7;17;1;
202300006394;155 669 196;A01;2;7;0;1;2;2;1;
202300006395;155 669 195;A01;3;7;0;0;4;26;0;
202300006395;155 669 197;Z01;3;7;0;0;1;2;0;
202300006396;155 669 193;A01;3;7;0;1;8;0;4;
202300006397;155 669 192;A01;1;7;1;0;2;1;1;
202300006398;155 669 190;B01;3;21;0;2;8;1;1;
202300006398;155 669 194;A01;3;7;0;2;1;9;1;
202300006399;155 669 188;A01;2;33;0;2;3;17;1;
202300006399;155 669 191;B01;2;7;0;2;6;15;1;
202300006400;155 669 184;A01;2;7;0;1;3;1;0;
202300006401;155 669 186;A01;3;30;0;2;1;17;1;
202300006401;155 669 189;B01;3;7;0;2;3;15;1;
202300006402;155 669 183;A01;0;7;0;0;6;10;0;
202300006402;155 669 185;B01;1;33;0;2;1;17;1;
202300006403;155 669 187;A01;2;50;0;0;9;1;3;
202300006404;155 669 182;A01;3;7;0;1;1;1;1;
202300006405;155 669 181;A01;1;7;6;0;5;1;1;
202300006406;155 669 179;A01;2;7;0;1;1;26;1;
202300006407;155 669 176;A01;2;80;8;0;1;17;3;
202300006408;155 669 174;B01;3;10;0;2;2;1;3;
202300006408;155 669 178;Z01;3;7;0;2;0;0;0;
202300006409;155 669 172;A01;2;7;0;2;1;2;1;
202300006409;155 669 175;B01;2;7;0;2;4;2;1;
202300006410;155 669 168;A01;1;7;0;2;6;23;1;
202300006410;155 669 170;B01;1;7;0;2;2;2;1;
202300006411;155 669 167;A01;2;7;13;0;1;1;0;
202300006412;155 669 165;A01;1;7;0;2;1;1;0;
202300006412;155 669 169;B01;2;7;0;2;1;5;0;
202300006413;155 669 163;A01;2;7;0;2;1;16;1;
202300006413;155 669 166;B01;2;50;0;2;8;7;3;
202300006414;155 669 159;Z01;1;7;0;2;2;2;0;
202300006414;155 669 162;B01;1;1;0;2;8;2;5;
202300006415;155 669 161;A01;3;7;0;2;2;16;1;
202300006415;155 669 164;B01;3;1;0;2;8;1;5;
202300006416;155 669 158;A01;2;33;0;0;2;9;1;
202300006417;155 669 157;A01;2;7;0;1;3;1;1;
202300006418;155 669 156;B01;2;7;0;0;3;1;1;
202300006418;155 669 160;A01;1;7;0;2;1;1;1;
202300006419;155 669 155;A01;1;7;0;1;7;1;1;
202300006420;155 669 152;A01;2;7;1;0;1;1;1;
202300006421;155 669 149;A01;1;7;0;2;3;5;1;
202300006421;155 669 153;B01;2;7;0;2;3;24;6;
202300006422;155 669 148;A01;3;7;0;2;1;9;1;
202300006422;155 669 151;B01;3;33;0;2;7;1;1;
202300006423;155 669 145;A01;1;7;0;0;9;0;1;
202300006424;155 669 144;B01;1;50;0;2;7;19;3;
202300006424;155 669 147;A01;2;7;0;2;1;9;1;
202300006425;155 669 142;A01;3;7;0;1;0;0;0;
202300006426;155 669 143;A01;1;7;0;2;6;15;0;
202300006426;155 669 146;B01;1;33;0;2;6;1;0;
202300006427;155 669 140;B01;1;7;0;2;6;20;2;
202300006427;155 669 141;A01;1;7;0;2;1;1;1;
202300006428;155 669 138;A01;1;7;9;0;1;0;0;
202300006429;155 669 136;A01;1;1;0;0;0;23;5;
202300006430;155 669 131;A01;1;1;0;0;0;26;5;
202300006431;155 669 130;A01;1;7;0;2;1;15;1;
202300006431;155 669 133;B01;2;30;0;2;8;1;1;
202300006432;155 669 127;A01;2;7;3;2;2;0;0;
202300006432;155 669 132;B01;2;7;3;0;4;9;0;
202300006433;155 669 126;A01;1;7;0;2;2;15;1;
202300006433;155 669 129;B01;2;1;0;2;1;1;5;
202300006434;155 669 125;A01;1;36;0;2;1;13;1;
202300006434;155 669 128;B01;2;7;0;2;1;1;1;
202300006435;155 669 124;A01;-1;1;0;0;0;26;5;
202300006436;155 669 120;A01;2;7;0;2;3;13;1;
202300006436;155 669 122;B01;1;7;0;2;3;0;2;
202300006437;155 669 119;A01;1;50;0;2;1;1;3;
202300006437;155 669 121;B01;2;7;0;2;1;1;1;
202300006438;155 669 117;A01;2;37;0;2;4;1;1;3
202300006438;155 669 123;B01;2;7;0;2;4;9;1;
202300006439;155 669 112;A01;1;7;2;0;9;17;1;
202300006440;155 669 110;A01;1;7;14;2;9;1;1;
202300006440;155 669 114;C01;1;7;0;2;1;1;1;
202300006440;155 669 116;B01;1;14;0;2;3;0;1;
202300006441;155 669 109;A01;1;30;0;2;2;2;1;
202300006441;155 669 113;B01;1;7;0;2;6;2;1;
202300006442;155 669 108;A01;1;7;8;2;1;21;3;
202300006442;155 669 111;B01;0;7;0;0;0;0;1;
202300006443;155 669 106;A01;1;10;0;2;1;2;1;
202300006443;155 669 115;B01;1;7;0;2;4;1;1;
202300006443;155 669 118;C01;1;10;0;2;1;2;1;
202300006444;155 669 103;A01;1;33;0;2;1;3;1;
202300006444;155 669 107;B01;1;7;0;0;5;1;1;
202300006445;155 669 101;B01;2;1;0;2;1;16;5;
202300006445;155 669 105;A01;2;2;0;2;2;1;1;
202300006446;155 669 099;B01;1;7;0;2;1;16;1;
202300006446;155 669 104;A01;2;43;1;2;7;19;1;
202300006447;155 669 098;A01;2;7;0;0;5;23;1;
202300006447;155 669 102;B01;2;33;0;2;1;2;1;
202300006448;155 669 095;B01;1;14;0;2;3;1;1;
202300006448;155 669 097;A01;2;7;0;2;3;1;1;
202300006449;155 669 096;B01;2;33;0;2;1;1;1;
202300006449;155 669 100;A01;1;7;0;2;2;15;1;
202300006450;155 669 093;A01;2;7;9;0;2;1;1;
202300006451;155 669 090;B01;1;10;0;2;4;1;1;
202300006451;155 669 094;A01;1;7;0;2;1;1;1;
202300006452;155 669 089;A01;0;0;0;1;0;0;0;
202300006453;155 669 087;D01;1;17;0;2;6;13;1;
202300006453;155 669 091;B01;1;7;0;2;6;2;1;
202300006454;155 669 088;A01;2;7;0;2;5;1;1;
202300006454;155 669 092;B01;2;7;0;2;0;2;1;
202300006455;155 669 086;A01;2;7;6;0;1;13;1;
202300006456;155 669 084;A01;1;7;0;1;1;21;1;
202300006457;155 669 083;A01;1;7;0;2;6;13;1;
202300006457;155 669 085;B01;1;33;0;2;1;1;1;
202300006458;155 669 078;B01;3;7;0;2;8;1;0;
202300006458;155 669 082;A01;3;7;0;2;1;1;1;
202300006459;155 669 077;A01;3;10;0;9;0;0;0;
202300006459;155 669 080;B01;3;1;0;2;0;0;5;