Num_Acc;id_vehicule;num_veh;senc;catv;obs;obsm;choc;manv;motor;occutc
202300006460;155 669 079;B01;1;1;0;2;1;1;5;
202300006460;155 669 081;A01;2;7;0;2;1;15;1;
202300006461;155 669 075;A01;2;7;0;2;1;1;1;
202300006462;155 669 074;A01;3;7;0;2;8;19;1;
202300006462;155 669 076;B01;3;32;0;2;1;1;1;
202300006463;155 669 073;A01;1;1;0;0;0;0;5;
202300006464;155 669 069;A01;1;7;0;9;2;15;1;
202300006464;155 669 071;B01;2;1;0;2;8;1;5;
202300006465;155 669 067;A01;1;7;0;2;3;11;1;
202300006465;155 669 070;B01;1;33;0;2;3;1;1;
202300006466;155 669 065;Z01;0;2;0;1;1;26;0;
202300006467;155 669 064;A01;1;7;0;2;1;1;1;
202300006467;155 669 068;B01;1;1;0;2;0;0;5;
202300006468;155 669 066;A01;2;7;0;1;3;1;0;
202300006469;155 669 063;A01;1;7;15;0;7;1;1;
202300006470;155 669 059;A01;3;7;0;1;1;1;1;
202300006471;155 669 057;B01;1;10;0;2;6;2;1;
202300006471;155 669 061;A01;1;33;0;2;1;2;1;
202300006472;155 669 058;A01;1;2;0;0;4;2;1;
202300006472;155 669 062;B01;1;2;0;0;1;2;1;
202300006473;155 669 056;B01;3;50;0;2;1;19;3;
202300006473;155 669 060;A01;3;7;0;9;3;1;1;
202300006474;155 669 055;A01;1;7;13;0;1;13;1;
202300006475;155 669 050;A01;2;7;0;0;3;1;1;
202300006475;155 669 053;B01;1;7;0;2;3;5;1;
202300006476;155 669 051;A01;3;7;0;1;1;1;1;
202300006477;155 669 049;A01;2;7;0;1;1;1;0;
202300006478;155 669 052;B01;1;7;0;2;1;0;1;
202300006478;155 669 054;A01;2;7;0;2;1;0;1;
202300006479;155 669 047;A01;2;7;0;2;2;1;1;
202300006479;155 669 048;B01;2;7;0;2;8;20;1;
202300006480;155 669 044;A01;1;7;0;0;6;1;1;
202300006480;155 669 046;B01;1;7;0;2;1;1;1;
202300006481;155 669 045;A01;3;10;12;1;5;16;1;
202300006482;155 669 040;A01;1;7;0;2;3;0;0;
202300006482;155 669 042;B01;1;7;0;2;3;1;0;
202300006483;155 669 039;B01;1;7;0;2;9;2;1;
202300006483;155 669 041;C01;1;7;0;2;4;1;1;
202300006483;155 669 043;A01;1;7;0;2;1;2;1;
202300006484;155 669 034;B01;1;38;0;2;3;1;1;1
202300006484;155 669 037;A01;2;7;0;2;1;13;1;
202300006485;155 669 035;A01;3;7;0;2;2;16;1;
202300006485;155 669 038;B01;3;1;0;2;8;0;5;
202300006486;155 669 033;A01;3;10;0;2;1;13;1;
202300006486;155 669 036;B01;3;7;0;2;1;1;1;
202300006487;155 669 030;B01;3;1;0;2;7;15;5;
202300006487;155 669 032;A01;3;10;0;2;1;9;1;
202300006488;155 669 031;A01;0;7;0;0;0;1;1;
202300006489;155 669 029;A01;1;33;7;0;1;1;1;
202300006490;155 669 028;A01;1;14;0;1;2;1;1;
202300006491;155 669 024;B01;1;10;0;2;4;1;1;
202300006491;155 669 026;A01;1;10;0;2;1;2;1;
202300006492;155 669 023;A01;1;7;0;2;1;15;1;
202300006492;155 669 027;B01;2;1;0;2;1;2;5;
202300006493;155 669 021;A01;1;7;15;0;1;1;1;
202300006494;155 669 022;B01;1;7;0;2;1;17;1;
202300006494;155 669 025;A01;2;7;0;2;1;1;1;
202300006495;155 669 018;A01;1;7;6;0;3;16;1;
202300006496;155 669 017;A01;1;7;0;1;1;1;1;
202300006497;155 669 015;A01;2;10;0;9;3;22;1;
202300006497;155 669 019;B01;2;50;1;0;2;1;3;
202300006498;155 669 013;B01;1;31;0;2;1;1;1;
202300006498;155 669 020;A01;0;10;1;2;8;19;1;
202300006499;155 669 014;A01;1;33;0;2;1;2;1;
202300006499;155 669 016;B01;1;7;0;0;4;15;1;
202300006500;155 669 008;A01;3;7;0;2;1;26;1;
202300006500;155 669 011;B01;3;33;0;2;8;1;1;
202300006501;155 669 009;B01;1;1;0;2;7;15;5;
202300006501;155 669 012;A01;1;7;0;2;2;1;0;
202300006502;155 669 007;A01;1;7;0;2;2;19;1;
202300006502;155 669 010;B01;2;30;0;2;1;1;1;
202300006503;155 669 006;A01;3;7;0;1;3;1;1;
202300006504;155 669 003;A01;1;7;0;9;1;1;1;
202300006504;155 669 004;B01;1;1;0;2;4;1;5;
202300006505;155 669 000;A01;3;7;0;1;1;20;1;
202300006506;155 668 999;A01;2;7;13;0;2;14;1;
202300006507;155 668 997;A01;1;7;0;9;9;1;0;
202300006508;155 668 996;A01;1;7;9;0;1;1;1;
202300006509;155 668 995;A01;3;7;13;0;0;26;1;
202300006510;155 668 994;A01;1;34;0;1;1;1;1;
202300006511;155 668 991;B01;2;7;0;2;3;2;1;
202300006511;155 668 992;A01;1;7;0;2;3;13;1;
202300006512;155 668 989;A01;2;1;0;0;9;1;5;
202300006513;155 668 987;C01;2;43;0;2;3;3;1;
202300006513;155 668 990;A01;2;14;0;2;8;1;1;
202300006513;155 668 993;B01;2;7;0;2;5;1;1;
202300006514;155 668 984;B01;3;80;0;2;1;1;3;
202300006514;155 668 988;A01;3;7;0;2;3;15;1;
202300006515;155 668 981;B01;2;15;0;2;8;1;1;
202300006515;155 668 983;C01;2;7;0;0;2;1;2;
202300006515;155 668 985;A01;1;10;0;2;8;1;1;
202300006516;155 668 980;A01;1;33;0;0;0;12;1;
202300006517;155 668 982;A01;0;34;0;2;1;1;1;
202300006517;155 668 986;B01;0;10;0;0;6;15;1;
202300006518;155 668 978;A01;1;7;0;2;7;10;1;
202300006518;155 668 979;B01;1;7;0;2;3;1;1;
202300006519;155 668 976;A01;2;7;0;1;1;1;1;
202300006520;155 668 973;A01;1;43;12;0;1;26;1;
202300006521;155 668 972;C01;1;7;0;2;8;23;1;
202300006521;155 668 975;A01;2;7;0;2;2;16;1;
202300006521;155 668 977;B01;2;2;0;2;1;18;1;
202300006522;155 668 970;A01;2;36;13;0;1;23;1;
202300006523;155 668 971;B01;3;60;0;2;4;1;5;
202300006523;155 668 974;A01;3;7;0;9;1;1;1;
202300006524;155 668 967;A01;3;7;0;1;1;1;1;
202300006525;155 668 964;A01;2;7;8;0;1;1;1;
202300006526;155 668 963;B01;-1;10;0;2;1;-1;1;
202300006526;155 668 969;A01;-1;10;0;2;1;-1;1;
202300006527;155 668 960;D01;1;7;0;2;6;2;1;
202300006527;155 668 962;C01;1;7;0;2;1;14;1;
202300006527;155 668 966;B01;1;10;0;2;8;2;1;
202300006527;155 668 968;A01;1;7;0;2;8;2;1;
202300006528;155 668 961;A01;1;7;0;9;1;17;1;
202300006528;155 668 965;B01;2;1;0;2;7;15;5;
202300006529;155 668 958;A01;2;7;2;0;3;13;1;
202300006530;155 668 957;A01;2;7;15;0;1;14;1;
202300006531;155 668 956;A01;2;7;0;2;1;13;1;
202300006531;155 668 959;B01;1;7;0;2;3;1;1;
202300006532;155 668 953;A01;3;7;0;1;1;1;1;
202300006533;155 668 952;A01;2;33;12;0;8;1;1;
202300006534;155 668 950;B01;1;7;0;0;6;23;1;
202300006534;155 668 954;A01;1;7;0;0;2;11;1;
202300006535;155 668 951;B01;1;7;0;2;9;17;1;
202300006535;155 668 955;A01;1;10;0;2;4;2;1;
202300006536;155 668 946;A01;3;33;15;0;1;26;1;
202300006537;155 668 944;A01;1;7;0;2;1;2;1;
202300006537;155 668 948;B01;1;30;0;0;4;2;1;
202300006538;155 668 949;A01;2;7;2;0;9;1;1;
202300006539;155 668 945;A01;3;7;0;2;2;1;1;
202300006539;155 668 947;B01;0;7;0;0;0;0;0;
202300006540;155 668 938;A01;1;7;0;2;3;5;1;
202300006540;155 668 942;B01;2;7;0;2;3;1;1;
202300006541;155 668 939;B01;1;50;0;2;8;1;3;
202300006541;155 668 943;A01;2;7;0;2;3;15;1;
202300006542;155 668 935;A01;1;30;0;0;0;1;1;
202300006543;155 668 933;A01;2;7;0;2;1;2;2;
202300006543;155 668 934;B01;2;10;0;2;4;2;1;
202300006544;155 668 932;B01;1;7;0;2;4;2;1;
202300006544;155 668 937;C01;1;7;0;2;4;2;1;
202300006544;155 668 940;A01;1;7;0;2;1;2;1;
202300006545;155 668 928;B01;3;33;0;2;0;0;1;
202300006545;155 668 930;A01;3;33;0;2;0;0;1;
202300006546;155 668 927;B01;3;50;0;2;1;19;3;
202300006546;155 668 929;A01;3;7;0;2;3;1;1;
202300006547;155 668 931;A01;1;14;0;2;4;2;1;
202300006547;155 668 941;B01;1;10;0;2;1;2;1;
202300006548;155 668 924;A01;1;7;0;2;5;1;1;
202300006548;155 668 926;B01;2;7;0;2;2;1;0;
202300006549;155 668 921;A01;1;7;0;2;2;1;2;
202300006549;155 668 925;B01;1;1;0;2;2;1;5;
202300006550;155 668 920;A01;1;7;0;2;3;13;1;
202300006550;155 668 923;B01;2;7;0;2;6;17;1;
202300006551;155 668 922;A01;0;7;0;2;3;1;1;
202300006551;155 668 936;B01;0;7;0;2;1;1;1;
202300006552;155 668 919;A01;1;7;0;1;1;1;3;
202300006553;155 668 915;B01;1;7;0;2;4;1;1;
202300006553;155 668 918;A01;2;10;0;2;1;2;1;
202300006554;155 668 914;B01;1;10;0;2;1;1;1;
202300006554;155 668 917;A01;1;7;0;2;9;1;1;
202300006555;155 668 911;A01;2;7;0;2;3;1;1;
202300006555;155 668 913;B01;1;7;0;2;2;15;1;
202300006556;155 668 908;A01;2;2;0;0;8;1;1;
202300006557;155 668 907;A01;3;7;0;2;2;19;0;
202300006557;155 668 909;B01;3;33;0;2;1;1;1;
202300006558;155 668 912;Z01;2;7;0;2;2;12;1;
202300006558;155 668 916;B01;2;34;0;2;8;1;1;
202300006559;155 668 905;B01;3;2;0;2;1;13;1;
202300006559;155 668 906;A01;3;7;0;2;3;0;1;
202300006560;155 668 904;A01;1;7;0;1;1;1;1;
202300006561;155 668 902;A01;2;1;0;1;1;1;5;
202300006562;155 668 901;A01;3;7;0;2;1;19;1;
202300006562;155 668 903;B01;3;1;0;0;8;0;5;
202300006563;155 668 900;A01;1;7;10;0;1;13;1;
202300006564;155 668 898;A01;2;7;0;1;1;1;1;
202300006565;155 668 897;A01;1;7;0;2;1;13;1;
202300006565;155 668 899;B01;2;7;0;2;1;1;1;
202300006565;155 668 910;C01;2;7;13;0;0;14;0;
202300006566;155 668 892;B01;0;1;0;2;1;1;5;
202300006566;155 668 895;A01;0;7;0;9;1;1;0;
202300006567;155 668 891;A01;2;33;0;2;2;17;1;
202300006567;155 668 894;B01;2;7;0;2;3;11;1;
202300006568;155 668 893;A01;1;10;0;2;2;16;1;
202300006568;155 668 896;Y01;1;1;0;2;1;16;5;
202300006569;155 668 890;A01;3;7;2;0;8;0;0;
202300006570;155 668 888;B01;1;7;3;2;6;2;1;
202300006570;155 668 889;A01;1;7;0;2;1;2;1;
202300006571;155 668 885;A01;2;7;2;0;9;26;1;
202300006572;155 668 883;A01;2;10;0;2;8;1;1;
202300006572;155 668 887;B01;1;1;0;2;1;1;5;
202300006573;155 668 884;Z01;1;7;0;1;4;1;1;
202300006574;155 668 882;B01;1;7;0;2;8;15;-1;
202300006574;155 668 886;A01;1;7;0;2;2;1;1;
202300006575;155 668 874;A01;2;30;0;2;1;1;3;
202300006575;155 668 879;B01;2;7;0;2;4;1;3;
202300006576;155 668 875;B01;2;14;0;2;2;2;1;
202300006576;155 668 880;A01;2;7;0;2;2;14;1;
202300006576;155 668 881;C01;2;7;0;2;6;1;3;
202300006577;155 668 873;A01;1;10;0;2;5;4;1;
202300006577;155 668 878;B01;1;33;0;2;1;1;1;
202300006578;155 668 872;A01;1;7;0;2;1;2;1;
202300006578;155 668 877;B01;1;7;0;2;4;2;1;
202300006579;155 668 871;B01;1;7;0;2;2;1;1;
202300006579;155 668 876;A01;2;10;0;2;8;13;1;
202300006580;155 668 864;A01;0;7;0;2;5;9;1;
202300006580;155 668 870;B01;0;50;0;2;1;1;3;
202300006581;155 668 865;A01;2;50;0;1;1;1;3;
202300006582;155 668 863;Z01;2;7;0;2;2;14;1;
202300006582;155 668 867;B01;2;15;0;2;8;1;1;
202300006582;155 668 869;A01;2;7;0;2;8;1;1;
202300006583;155 668 860;A01;3;10;0;1;4;20;3;
202300006584;155 668 859;A01;2;10;0;2;2;14;1;
202300006584;155 668 861;B01;2;32;0;2;3;0;1;
202300006585;155 668 855;A01;2;34;0;0;7;3;3;
202300006586;155 668 854;C01;2;7;0;2;2;1;1;
202300006586;155 668 856;D01;2;7;0;2;8;1;1;
202300006586;155 668 857;A01;1;7;0;2;1;1;1;
202300006586;155 668 858;B01;2;7;0;2;4;1;1;
202300006586;155 668 862;E01;2;10;0;2;7;1;1;
202300006587;155 668 868;A01;0;7;13;0;3;0;1;
202300006588;155 668 866;A01;3;7;0;1;3;15;1;
202300006589;155 668 849;A01;2;33;0;2;6;11;1;
202300006589;155 668 851;B01;2;7;0;2;1;3;1;
202300006590;155 668 847;A01;1;33;6;0;1;1;1;
202300006591;155 668 846;B01;3;7;0;2;3;2;1;
202300006591;155 668 848;A01;3;33;0;2;5;2;1;
202300006592;155 668 852;A01;1;7;0;2;0;15;2;
202300006592;155 668 853;B01;2;32;0;2;0;21;0;
202300006593;155 668 845;A01;1;7;7;0;1;1;1;
202300006594;155 668 844;A01;1;7;13;0;1;1;1;
202300006595;155 668 840;A01;3;7;0;2;3;23;1;
202300006595;155 668 842;Z01;3;7;0;2;4;4;1;
202300006596;155 668 837;A01;0;36;0;0;0;0;1;
202300006597;155 668 838;A01;1;99;0;2;3;11;1;
202300006597;155 668 839;C01;1;7;0;2;5;1;1;
202300006597;155 668 841;B01;1;33;0;2;2;3;1;
202300006598;155 668 843;B01;2;7;0;2;4;1;1;
202300006598;155 668 850;A01;2;10;0;2;1;1;1;
202300006599;155 668 832;A01;2;7;0;2;2;5;1;
202300006599;155 668 834;B01;1;33;0;2;1;1;1;
202300006600;155 668 830;B01;3;7;1;0;8;26;1;
202300006600;155 668 835;A01;2;7;1;0;1;26;1;
202300006601;155 668 827;A01;2;7;0;2;1;2;1;
202300006601;155 668 829;B01;2;7;0;2;4;2;1;
202300006601;155 668 831;C01;2;7;0;2;4;2;1;
202300006601;155 668 833;D01;2;7;0;2;0;0;0;
202300006602;155 668 826;A01;2;7;0;1;3;1;1;
202300006603;155 668 824;A01;1;7;7;6;1;1;2;
202300006604;155 668 819;D01;1;10;0;2;4;2;1;
202300006604;155 668 821;C01;1;7;0;2;4;2;1;
202300006604;155 668 823;B01;1;7;0;2;4;2;1;
202300006604;155 668 825;A01;1;7;0;2;1;0;1;
202300006605;155 668 828;A01;2;14;0;2;1;1;1;
202300006605;155 668 836;B01;3;60;0;2;7;19;5;
202300006606;155 668 818;B01;1;30;0;2;1;2;0;
202300006606;155 668 820;A01;2;7;0;2;3;26;0;
202300006607;155 668 816;A01;2;7;3;0;9;2;1;
202300006608;155 668 814;B01;2;7;0;2;8;1;1;
202300006608;155 668 815;A01;2;15;0;2;2;12;1;
202300006609;155 668 811;A01;3;7;0;2;1;1;1;
202300006609;155 668 813;B01;3;1;0;2;1;1;5;
202300006610;155 668 812;A01;2;2;12;0;1;1;1;
202300006611;155 668 817;B01;1;1;0;2;8;1;5;
202300006611;155 668 822;A01;1;7;0;2;7;16;1;
202300006612;155 668 809;B01;2;33;0;2;8;1;1;
202300006612;155 668 810;A01;2;7;0;2;7;12;1;
202300006613;155 668 808;A01;1;1;0;0;-1;1;5;
202300006614;155 668 807;A01;2;32;12;0;0;13;1;
202300006615;155 668 800;A01;2;7;0;2;2;1;1;
202300006615;155 668 803;C01;2;7;0;2;1;1;1;
202300006615;155 668 805;B01;2;15;0;2;6;2;1;
202300006616;155 668 802;A01;1;7;0;2;1;15;1;
202300006616;155 668 806;B01;1;34;0;2;8;1;1;
202300006617;155 668 799;B01;1;50;0;2;3;1;3;
202300006617;155 668 804;A01;2;7;0;2;1;9;1;
202300006618;155 668 798;Z01;2;7;0;1;8;8;2;
202300006619;155 668 792;A01;1;2;0;2;1;5;1;
202300006619;155 668 797;B01;2;36;0;0;8;26;1;
202300006620;155 668 793;B01;2;7;0;2;4;1;1;
202300006620;155 668 796;A01;2;43;0;2;1;1;1;
202300006621;155 668 790;B01;1;7;0;2;1;1;3;
202300006621;155 668 794;A01;1;31;0;2;5;16;1;
202300006622;155 668 789;A01;2;50;0;1;2;1;3;
202300006623;155 668 784;A01;1;7;0;1;2;1;1;
202300006624;155 668 785;A01;2;7;0;0;0;20;1;
202300006624;155 668 788;B01;2;35;0;0;0;1;1;
202300006625;155 668 781;B01;1;7;0;0;0;0;1;
202300006625;155 668 787;A01;1;7;0;0;0;0;1;
202300006626;155 668 780;Z01;2;1;0;2;1;1;5;
202300006626;155 668 783;A01;2;1;0;2;4;16;5;
202300006627;155 668 778;A01;3;1;12;0;7;26;5;
202300006628;155 668 777;A01;1;7;0;2;1;3;1;
202300006628;155 668 779;B01;1;32;0;2;1;1;1;
202300006629;155 668 775;A01;3;32;0;1;1;1;1;
202300006630;155 668 772;A01;0;7;0;1;4;4;1;
202300006631;155 668 770;B01;3;2;0;2;2;15;1;
202300006631;155 668 773;A01;3;10;0;2;3;1;0;
202300006632;155 668 767;A01;2;7;0;1;2;19;1;
202300006633;155 668 769;A01;1;7;2;0;1;1;1;
202300006634;155 668 764;B01;2;37;0;1;1;1;6;1
202300006635;155 668 762;A01;1;7;0;2;1;9;1;
202300006635;155 668 765;B01;2;50;0;2;7;1;3;
202300006636;155 668 763;A01;3;7;0;1;4;4;1;
202300006637;155 668 756;A01;1;7;0;2;2;2;0;
202300006637;155 668 759;C01;1;7;0;2;6;2;0;
202300006637;155 668 760;B01;1;33;0;2;3;2;1;
202300006638;155 668 753;A01;0;7;0;2;3;15;1;
202300006638;155 668 757;B01;0;1;0;2;0;19;5;
202300006639;155 668 761;A01;1;33;14;1;2;19;6;
202300006640;155 668 751;A01;3;7;0;1;5;1;1;
202300006641;155 668 749;B01;3;33;0;2;3;1;1;
202300006641;155 668 752;A01;3;7;0;2;2;15;1;
202300006642;155 668 755;A01;2;7;6;0;3;1;1;
202300006643;155 668 748;A01;1;7;0;9;3;9;1;
202300006643;155 668 750;B01;1;80;0;2;1;0;3;
202300006644;155 668 745;A01;1;7;3;0;3;12;1;
202300006645;155 668 743;A01;1;7;0;2;1;2;1;
202300006645;155 668 747;B01;1;7;0;2;4;2;1;
202300006646;155 668 741;A01;2;7;15;0;1;16;1;
202300006647;155 668 742;B01;1;7;0;2;4;23;1;
202300006647;155 668 746;A01;1;7;0;2;1;1;1;
202300006648;155 668 738;A01;3;7;0;2;1;1;1;
202300006648;155 668 739;B01;3;2;0;2;6;2;1;
202300006649;155 668 737;Z01;1;10;0;1;2;1;1;
202300006650;155 668 734;A01;1;10;0;2;1;6;0;
202300006650;155 668 736;B01;1;7;0;0;7;1;1;
202300006651;155 668 732;A01;1;7;0;2;4;9;1;
202300006651;155 668 735;B01;1;7;0;2;1;0;1;
202300006652;155 668 729;B01;3;1;0;9;7;19;5;
202300006652;155 668 731;A01;1;7;0;9;1;1;1;
202300006653;155 668 730;A01;2;80;0;2;8;1;3;
202300006653;155 668 733;Z01;2;7;0;2;7;16;0;
202300006654;155 668 740;A01;1;7;0;2;2;1;1;
202300006654;155 668 744;B01;1;1;0;0;4;1;5;
202300006655;155 668 727;A01;1;7;0;0;6;15;1;
202300006655;155 668 728;B01;1;33;0;2;1;17;1;
202300006656;155 668 725;B01;0;10;0;2;1;1;0;
202300006656;155 668 726;A01;0;7;0;0;4;1;0;
202300006657;155 668 720;A01;3;14;0;1;2;20;1;
202300006658;155 668 721;A01;3;7;0;2;1;1;1;
202300006658;155 668 724;B01;3;1;0;2;2;15;5;
202300006659;155 668 718;A01;1;33;1;0;9;18;1;
202300006659;155 668 719;B01;1;10;0;2;5;24;1;
202300006660;155 668 713;A01;1;7;13;0;1;13;1;
202300006661;155 668 716;B01;0;33;0;2;2;17;1;
202300006661;155 668 723;A01;3;7;0;2;3;15;2;
202300006662;155 668 712;A01;1;7;0;2;8;22;1;
202300006662;155 668 715;B01;1;80;1;0;1;1;3;
202300006663;155 668 710;B01;3;7;0;2;0;0;0;
202300006663;155 668 717;A01;1;7;0;2;7;18;1;
202300006664;155 668 711;B01;1;15;0;2;2;12;1;
202300006664;155 668 722;A01;1;7;0;2;6;1;1;
202300006665;155 668 709;A01;2;7;0;2;2;16;1;
202300006665;155 668 714;B01;2;80;0;2;8;1;3;
202300006666;155 668 705;A01;1;34;0;2;1;2;1;
202300006666;155 668 708;B01;1;7;0;2;6;15;1;
202300006667;155 668 703;A01;3;7;0;1;5;26;1;
202300006668;155 668 702;A01;2;10;0;2;7;22;1;
202300006668;155 668 706;B01;2;1;1;0;1;1;5;
202300006669;155 668 699;A01;1;7;0;1;2;0;2;
202300006670;155 668 698;C01;3;60;0;2;1;1;5;
202300006670;155 668 701;A01;3;7;0;2;1;15;1;
202300006670;155 668 704;B01;3;50;0;2;1;1;3;
202300006671;155 668 695;A01;3;7;0;0;0;0;0;
202300006671;155 668 697;B01;3;33;0;2;0;0;0;
202300006672;155 668 696;A01;1;34;2;0;2;17;1;
202300006673;155 668 694;A01;1;7;0;1;1;1;1;
202300006674;155 668 690;A01;2;7;0;2;3;1;1;
202300006674;155 668 693;B01;0;2;0;2;1;1;1;
202300006675;155 668 685;B01;1;1;0;2;1;1;5;
202300006675;155 668 687;A01;1;7;0;2;7;16;1;
202300006676;155 668 686;A01;0;2;16;0;3;1;1;
202300006677;155 668 684;B01;1;1;0;2;1;16;5;
202300006677;155 668 689;A01;2;7;0;2;1;13;1;
202300006678;155 668 683;B01;2;7;0;2;2;2;1;
202300006678;155 668 691;A01;1;10;0;2;3;15;1;
202300006679;155 668 681;B01;1;7;0;2;4;23;1;
202300006679;155 668 688;Z01;1;7;0;2;1;1;0;
202300006680;155 668 682;A01;3;7;0;1;2;16;1;
202300006681;155 668 676;A01;2;1;0;1;0;15;5;
202300006682;155 668 678;A01;3;33;13;0;1;1;0;
202300006683;155 668 679;A01;3;7;0;1;4;4;1;
202300006684;155 668 675;A01;1;7;0;2;1;26;1;
202300006684;155 668 677;B01;2;7;0;2;3;23;1;
202300006685;155 668 673;A01;0;7;0;2;1;26;1;
202300006685;155 668 674;B01;0;33;0;2;0;1;1;
202300006686;155 668 671;A01;3;7;16;0;9;14;1;
202300006687;155 668 670;B01;1;50;0;2;8;19;3;
202300006688;155 668 672;A01;3;7;7;2;7;5;1;
202300006688;155 668 680;B01;3;7;7;2;1;15;1;
202300006689;155 668 669;A01;1;7;0;0;0;26;1;
202300006690;155 668 666;A01;0;7;0;2;5;15;1;
202300006690;155 668 668;B01;0;7;0;2;2;1;1;
202300006691;155 668 664;A01;1;7;15;0;1;1;1;
202300006692;155 668 662;B01;2;60;0;2;7;19;5;
202300006692;155 668 665;A01;2;7;0;2;1;1;1;
202300006693;155 668 659;A01;1;7;0;2;2;11;1;
202300006693;155 668 663;B01;2;32;0;2;1;1;1;
202300006694;155 668 660;B01;0;31;0;0;0;0;0;
202300006694;155 668 667;A01;0;7;0;0;0;0;1;
202300006695;155 668 658;B01;1;33;0;2;1;1;1;
202300006695;155 668 661;A01;2;7;0;2;5;10;1;
202300006696;155 668 657;A01;1;7;1;0;1;1;4;
202300006697;155 668 655;A01;0;50;0;1;1;5;3;
202300006698;155 668 654;A01;1;7;8;0;1;1;1;
202300006699;155 668 653;A01;2;7;11;2;1;6;1;
202300006699;155 668 656;B01;1;7;0;2;1;1;1;
202300006700;155 668 650;A01;1;7;0;1;3;1;1;
202300006701;155 668 649;B01;1;30;0;2;1;1;1;
202300006701;155 668 652;A01;2;7;0;2;1;15;1;
202300006702;155 668 647;A01;1;7;0;2;3;10;1;
202300006702;155 668 651;B01;2;30;0;2;1;1;1;
202300006703;155 668 645;A01;1;7;0;2;4;26;1;
202300006703;155 668 648;B01;1;2;0;2;1;26;3;
202300006704;155 668 644;A01;1;7;2;0;6;1;1;
202300006705;155 668 642;A01;3;37;0;1;0;1;0;1
202300006706;155 668 639;A01;1;7;0;0;4;23;1;
202300006706;155 668 641;B01;1;15;0;2;1;2;1;
202300006707;155 668 640;A01;3;7;0;1;1;1;1;
202300006708;155 668 637;A01;2;33;0;0;7;0;1;
202300006709;155 668 635;A01;1;7;0;2;5;1;0;
202300006709;155 668 638;B01;1;7;0;0;5;1;0;
202300006710;155 668 634;A01;1;7;0;1;1;2;1;
202300006711;155 668 636;A01;1;7;0;2;7;15;1;
202300006711;155 668 643;B01;2;7;0;2;1;1;1;
202300006712;155 668 630;A01;1;7;1;2;1;13;1;
202300006713;155 668 629;A01;0;7;0;1;4;20;1;
202300006714;155 668 628;A01;3;7;6;0;2;14;1;
202300006715;155 668 626;B01;1;80;0;2;8;2;3;
202300006715;155 668 627;A01;1;7;0;2;1;1;1;
202300006716;155 668 624;A01;1;7;1;0;3;26;1;
202300006717;155 668 622;A01;2;7;0;2;2;14;1;
202300006717;155 668 625;B01;2;15;0;2;6;1;1;
202300006718;155 668 620;A01;3;13;0;2;5;19;0;
202300006718;155 668 623;B01;3;2;0;2;1;1;0;
202300006719;155 668 616;B01;2;1;0;2;1;1;5;
202300006719;155 668 619;A01;2;7;0;0;2;1;1;
202300006720;155 668 615;A01;2;30;0;0;0;15;1;
202300006721;155 668 613;C01;1;7;0;0;1;14;1;
202300006721;155 668 618;A01;2;7;3;2;1;0;1;
202300006721;155 668 621;B01;1;7;0;2;1;0;1;
202300006722;155 668 614;B01;2;50;0;0;1;23;3;
202300006722;155 668 617;A01;1;7;0;0;1;13;6;
202300006723;155 668 612;A01;1;1;0;0;0;-1;5;
202300006724;155 668 609;A01;0;2;0;2;7;0;1;
202300006724;155 668 611;B01;0;7;0;2;0;0;1;
202300006725;155 668 607;A01;1;1;0;0;0;0;5;
202300006726;155 668 608;A01;2;1;12;0;0;25;5;
202300006727;155 668 605;A01;1;33;0;2;1;18;1;
202300006727;155 668 610;B01;1;7;0;2;2;16;1;
202300006728;155 668 604;A01;1;7;8;0;1;13;1;
202300006729;155 668 603;B01;1;1;0;2;4;2;5;
202300006729;155 668 606;A01;1;7;0;2;2;2;0;
202300006730;155 668 601;A01;1;1;0;0;0;0;5;
202300006731;155 668 599;A01;3;30;0;2;0;12;1;
202300006732;155 668 598;B01;1;43;0;2;8;1;1;
202300006732;155 668 602;A01;3;1;0;2;8;19;5;
202300006733;155 668 596;A01;2;7;0;1;1;1;1;
202300006734;155 668 597;A01;2;7;2;6;1;1;1;
202300006735;155 668 595;A01;2;1;0;2;1;1;5;
202300006735;155 668 600;B01;2;10;0;2;3;1;1;
202300006736;155 668 591;A01;2;13;0;2;3;1;0;
202300006736;155 668 593;B01;2;7;0;2;2;1;0;
202300006737;155 668 586;A01;1;7;0;2;3;15;1;
202300006737;155 668 592;B01;1;7;0;2;6;15;1;
202300006738;155 668 585;B01;1;34;0;2;7;2;1;
202300006738;155 668 589;A01;1;7;0;2;8;2;1;
202300006739;155 668 584;A01;1;10;0;2;1;2;1;
202300006739;155 668 588;B01;0;7;0;2;4;2;1;
202300006740;155 668 580;A01;2;7;12;0;2;1;1;
202300006741;155 668 578;B01;1;7;0;2;2;16;1;
202300006741;155 668 581;A01;1;34;0;2;3;7;1;
202300006742;155 668 579;A01;2;33;3;2;8;2;1;
202300006743;155 668 572;A01;1;2;0;2;8;15;1;
202300006743;155 668 575;B01;1;16;0;2;7;17;1;
202300006744;155 668 567;A01;1;10;0;2;1;19;1;
202300006744;155 668 573;B01;2;50;0;2;8;1;3;
202300006745;155 668 569;A01;0;7;0;2;3;15;1;
202300006745;155 668 576;B01;0;2;0;2;1;0;1;
202300006746;155 668 566;B01;3;60;0;2;0;0;5;
202300006746;155 668 571;A01;3;1;0;2;1;15;5;