Num_Acc;id_vehicule;num_veh;senc;catv;obs;obsm;choc;manv;motor;occutc
202300006747;155 668 559;A01;1;7;0;0;6;2;0;
202300006747;155 668 564;B01;1;7;0;2;2;2;0;
202300006748;155 668 561;A01;2;7;0;2;1;1;1;
202300006748;155 668 565;B01;2;7;0;2;6;2;1;
202300006748;155 668 568;C01;2;7;0;2;5;2;1;
202300006749;155 668 558;A01;1;7;0;2;3;1;1;
202300006749;155 668 563;B01;2;3;0;2;3;1;1;
202300006750;155 668 557;A01;1;7;3;0;2;14;1;
202300006751;155 668 556;A01;0;7;0;2;8;9;1;
202300006751;155 668 560;B01;0;37;0;2;2;0;1;1
202300006752;155 668 554;A01;1;7;4;0;8;0;1;
202300006753;155 668 552;A01;1;30;9;0;1;26;1;
202300006754;155 668 550;A01;2;7;0;2;1;2;1;
202300006754;155 668 555;B01;2;7;0;0;9;2;1;
202300006755;155 668 549;A01;2;7;8;0;1;1;1;
202300006756;155 668 548;A01;1;33;0;2;0;1;1;
202300006757;155 668 546;A01;2;15;0;2;2;12;1;
202300006757;155 668 551;B01;2;7;0;2;6;1;2;
202300006758;155 668 544;A01;2;7;0;2;3;1;1;
202300006758;155 668 547;B01;1;34;0;2;3;1;1;
202300006759;155 668 542;A01;0;7;0;2;3;19;1;
202300006759;155 668 545;B01;0;37;0;2;3;15;1;4
202300006760;155 668 540;A01;2;7;0;2;2;2;1;
202300006760;155 668 543;B01;2;7;0;2;4;1;1;
202300006761;155 668 539;B01;0;33;0;2;2;1;1;
202300006761;155 668 541;A01;0;7;0;2;1;9;1;
202300006762;155 668 537;A01;3;34;9;0;1;1;1;
202300006763;155 668 536;A01;1;31;0;0;0;1;1;
202300006764;155 668 535;A01;1;7;0;2;2;12;1;
202300006764;155 668 538;B01;1;33;0;2;8;3;1;
202300006765;155 668 530;B01;3;7;0;2;3;16;1;
202300006765;155 668 533;A01;1;32;0;2;1;17;1;
202300006766;155 668 531;A01;1;99;0;2;1;1;3;
202300006766;155 668 534;B01;3;1;0;2;0;23;5;
202300006767;155 668 529;A01;3;30;0;1;1;24;1;
202300006768;155 668 528;A01;1;7;0;2;2;9;1;
202300006768;155 668 532;B01;2;33;0;2;2;1;1;
202300006769;155 668 527;A01;1;7;2;0;2;1;1;
202300006770;155 668 522;A01;2;7;0;2;1;9;0;
202300006770;155 668 526;B01;2;7;0;2;4;1;1;
202300006771;155 668 519;A01;1;7;0;2;1;2;0;
202300006771;155 668 524;B01;0;1;0;2;1;5;5;
202300006772;155 668 521;B01;1;1;0;2;8;1;5;
202300006772;155 668 525;A01;1;14;0;2;7;16;1;
202300006773;155 668 518;A01;1;1;0;2;1;2;5;
202300006773;155 668 523;B01;1;7;0;2;6;2;1;
202300006774;155 668 516;B01;2;7;0;2;8;15;1;
202300006774;155 668 520;A01;2;33;0;2;1;17;1;
202300006775;155 668 515;A01;3;7;0;2;8;19;1;
202300006775;155 668 517;B01;3;33;0;2;1;1;1;
202300006776;155 668 512;A01;1;7;12;1;3;26;6;
202300006777;155 668 510;A01;2;7;0;2;1;1;1;
202300006777;155 668 513;B01;1;10;0;2;1;1;1;
202300006778;155 668 506;A01;0;2;0;2;8;15;1;
202300006778;155 668 511;B01;1;7;0;2;1;1;1;
202300006779;155 668 504;A01;1;7;0;2;3;12;1;
202300006779;155 668 508;C01;1;7;0;2;2;1;1;
202300006779;155 668 514;B01;1;7;0;2;6;0;1;
202300006780;155 668 502;A01;2;32;0;2;1;1;1;
202300006780;155 668 505;B01;1;50;0;2;1;5;3;
202300006781;155 668 500;A01;2;7;0;2;1;2;1;
202300006781;155 668 503;B01;2;33;0;2;4;9;1;
202300006782;155 668 499;A01;3;37;0;2;0;21;6;5
202300006782;155 668 509;B01;3;50;0;0;0;19;3;
202300006783;155 668 501;A01;3;14;2;0;3;0;1;
202300006784;155 668 498;A01;3;33;0;0;0;1;1;
202300006785;155 668 494;B01;3;10;0;2;5;23;1;
202300006785;155 668 496;A01;3;31;0;2;1;1;1;
202300006786;155 668 495;A01;1;7;0;2;4;1;1;
202300006786;155 668 497;B01;1;7;0;2;1;1;1;
202300006787;155 668 493;A01;2;21;0;1;1;26;1;
202300006788;155 668 492;A01;1;30;11;0;6;26;1;
202300006789;155 668 491;A01;3;33;0;1;1;1;1;
202300006790;155 668 490;A01;3;14;6;0;1;26;1;
202300006791;155 668 489;A01;1;10;8;1;5;4;1;
202300006792;155 668 486;A01;1;7;6;1;1;16;2;
202300006793;155 668 487;A01;2;10;0;2;2;1;1;
202300006793;155 668 488;B01;1;1;0;2;1;5;5;
202300006794;155 668 483;A01;2;7;10;0;1;1;1;
202300006795;155 668 481;A01;2;7;0;0;8;1;1;
202300006795;155 668 485;B01;1;7;0;0;0;0;1;
202300006796;155 668 479;A01;3;7;0;2;1;1;1;
202300006796;155 668 482;B01;3;34;0;2;2;9;1;
202300006797;155 668 477;A01;2;7;0;2;1;15;0;
202300006797;155 668 480;B01;1;7;0;2;1;1;1;
202300006797;155 668 484;C01;2;7;0;2;3;23;1;
202300006798;155 668 475;A01;3;10;0;2;3;1;1;
202300006798;155 668 478;B01;3;33;0;2;4;1;1;
202300006799;155 668 476;A01;1;7;0;1;3;2;1;
202300006800;155 668 472;A01;3;31;12;0;1;17;1;
202300006801;155 668 471;B01;3;7;14;0;5;1;1;
202300006801;155 668 474;A01;3;7;0;2;3;1;1;
202300006802;155 668 468;A01;2;7;6;0;1;1;6;
202300006803;155 668 467;A01;1;33;0;2;7;1;1;
202300006803;155 668 470;B01;1;7;0;2;8;11;1;
202300006803;155 668 473;C01;1;7;0;2;4;1;1;
202300006804;155 668 465;A01;0;7;0;2;2;2;1;
202300006804;155 668 469;B01;0;7;0;2;1;1;1;
202300006805;155 668 461;A01;1;7;0;2;2;1;1;
202300006805;155 668 463;B01;2;1;0;2;1;5;5;
202300006806;155 668 457;A01;1;34;0;2;1;26;1;
202300006806;155 668 462;B01;1;7;0;2;4;1;1;
202300006806;155 668 464;C01;1;7;0;2;2;1;1;
202300006807;155 668 459;A01;3;7;0;2;1;9;6;
202300006807;155 668 466;B01;3;1;0;2;4;1;5;
202300006808;155 668 455;A01;2;7;0;2;3;2;1;
202300006808;155 668 460;B01;2;7;0;2;5;2;1;
202300006809;155 668 456;A01;2;1;13;0;7;0;5;
202300006810;155 668 454;A01;0;34;0;2;8;13;1;
202300006810;155 668 458;B01;0;37;0;2;2;1;1;1
202300006811;155 668 450;A01;3;2;12;0;1;1;1;
202300006812;155 668 449;A01;1;7;0;1;3;15;1;
202300006813;155 668 451;A01;3;7;0;1;1;26;1;
202300006814;155 668 448;A01;1;34;0;2;7;17;1;
202300006814;155 668 452;B01;1;7;0;2;8;10;1;
202300006815;155 668 445;A01;1;7;13;0;0;0;1;
202300006816;155 668 444;A01;2;30;0;2;1;13;2;
202300006816;155 668 447;B01;2;33;0;2;3;1;1;
202300006817;155 668 439;A01;2;7;6;0;1;16;1;
202300006818;155 668 438;B01;1;13;0;2;1;1;1;
202300006818;155 668 443;A01;1;7;0;2;4;15;1;
202300006819;155 668 434;A01;2;7;13;0;0;0;1;
202300006819;155 668 440;B01;2;33;0;2;7;17;1;
202300006820;155 668 431;A01;1;7;0;0;9;1;1;
202300006821;155 668 430;A01;1;7;0;1;1;25;1;
202300006822;155 668 429;A01;1;33;3;0;9;17;1;
202300006823;155 668 428;A01;2;34;0;2;1;17;1;
202300006823;155 668 433;B01;2;7;0;2;3;9;1;
202300006824;155 668 422;Z01;1;7;0;2;2;1;1;
202300006824;155 668 426;A01;1;30;0;2;3;19;1;
202300006825;155 668 421;B01;2;7;0;0;3;1;1;
202300006825;155 668 424;A01;1;7;0;2;3;5;1;
202300006826;155 668 420;A01;2;32;0;2;1;3;1;
202300006826;155 668 423;B01;2;7;0;2;5;1;1;
202300006827;155 668 419;A01;2;33;12;0;8;1;1;
202300006828;155 668 417;A01;3;7;0;1;3;2;1;
202300006829;155 668 418;G01;0;10;0;2;6;23;1;
202300006829;155 668 425;F01;0;10;0;2;3;0;1;
202300006829;155 668 427;C01;0;10;0;2;4;23;1;
202300006829;155 668 432;A01;0;7;0;2;1;2;1;
202300006829;155 668 436;B01;0;7;0;2;4;23;1;
202300006829;155 668 441;D01;0;7;0;2;4;0;1;
202300006829;155 668 442;E01;0;7;0;2;4;0;1;
202300006830;155 668 411;B01;2;10;0;2;5;1;1;
202300006830;155 668 415;A01;2;31;0;2;1;3;1;
202300006831;155 668 413;A01;1;7;0;2;1;2;1;
202300006831;155 668 416;B01;1;7;0;2;4;2;0;
202300006832;155 668 410;A01;2;7;0;2;3;11;1;
202300006832;155 668 414;B01;2;31;0;2;2;1;1;
202300006833;155 668 409;B01;3;33;0;2;2;1;1;
202300006833;155 668 412;A01;3;33;0;2;1;1;1;
202300006834;155 668 405;A01;3;7;16;0;9;14;1;
202300006835;155 668 404;B01;3;7;0;2;8;1;1;
202300006835;155 668 408;A01;3;30;0;2;1;26;1;
202300006836;155 668 402;B01;1;10;0;2;4;1;1;
202300006836;155 668 407;A01;1;7;3;2;1;1;1;
202300006837;155 668 403;A01;2;1;0;0;4;2;5;
202300006837;155 668 406;B01;2;50;0;0;4;2;3;
202300006838;155 668 401;A01;3;2;0;0;0;0;1;
202300006839;155 668 398;A01;1;7;0;2;1;13;1;
202300006839;155 668 400;B01;2;10;0;2;2;1;1;
202300006840;155 668 397;A01;1;50;0;0;0;26;3;
202300006841;155 668 396;A01;1;30;0;0;0;1;1;
202300006842;155 668 393;A01;1;7;8;0;1;0;1;
202300006843;155 668 392;A01;1;7;0;2;3;1;2;
202300006843;155 668 395;B01;2;50;0;2;2;15;3;
202300006844;155 668 391;B01;1;1;0;2;0;2;5;
202300006844;155 668 394;A01;1;7;0;9;0;2;-1;
202300006845;155 668 389;A01;2;7;13;0;0;1;1;
202300006846;155 668 388;A01;1;7;7;0;2;14;0;
202300006847;155 668 387;A01;2;30;0;0;0;1;1;
202300006848;155 668 384;A01;3;7;3;0;4;10;1;
202300006849;155 668 386;B01;1;7;0;2;8;1;1;
202300006849;155 668 390;A01;2;50;0;2;1;26;3;
202300006850;155 668 383;A01;0;1;0;2;1;26;5;
202300006850;155 668 385;B01;0;7;0;2;4;26;1;
202300006851;155 668 382;A01;2;10;0;1;1;9;1;
202300006852;155 668 381;A01;1;50;0;1;1;1;3;
202300006853;155 668 379;Z01;1;2;0;1;1;1;0;
202300006854;155 668 376;A01;1;7;0;2;8;1;1;
202300006854;155 668 378;B01;2;7;13;2;1;1;1;
202300006855;155 668 375;A01;1;7;0;2;2;16;1;
202300006855;155 668 380;B01;2;50;0;2;8;1;3;
202300006856;155 668 374;B01;1;7;0;2;7;1;1;
202300006856;155 668 377;A01;1;7;0;2;6;9;1;
202300006857;155 668 370;Z01;1;31;0;1;1;7;1;
202300006858;155 668 368;A01;2;33;0;2;1;2;1;
202300006858;155 668 373;B01;2;7;0;0;3;15;1;
202300006859;155 668 366;A01;3;7;0;2;3;15;1;
202300006859;155 668 371;B01;3;2;0;2;1;1;1;
202300006860;155 668 365;A01;0;30;0;2;1;2;1;
202300006860;155 668 367;B01;0;7;0;2;4;2;1;
202300006861;155 668 364;A01;1;1;0;2;7;2;5;
202300006861;155 668 369;B01;1;7;0;2;1;2;3;
202300006862;155 668 356;A01;1;37;0;2;3;0;0;1
202300006862;155 668 360;C01;1;7;0;2;4;0;1;
202300006862;155 668 363;B01;1;7;0;2;4;0;1;
202300006863;155 668 357;A01;3;7;0;2;8;10;1;
202300006863;155 668 361;B01;3;31;0;2;1;1;0;
202300006864;155 668 355;B01;1;33;1;0;1;1;1;
202300006864;155 668 359;A01;1;7;0;2;8;22;1;
202300006864;155 668 362;C01;1;38;0;2;5;1;1;1
202300006865;155 668 354;A01;2;7;0;0;1;13;1;
202300006866;155 668 353;A01;2;7;0;2;3;9;1;
202300006866;155 668 358;B01;1;2;0;2;2;1;1;
202300006867;155 668 351;A01;0;7;0;0;2;1;1;
202300006868;155 668 350;A01;1;7;0;2;3;1;1;
202300006868;155 668 352;B01;1;60;0;2;1;1;5;
202300006869;155 668 347;A01;3;32;0;9;0;1;1;
202300006870;155 668 346;A01;1;7;0;2;2;15;3;
202300006870;155 668 349;B01;2;1;0;2;1;1;5;
202300006871;155 668 345;A01;1;7;0;1;2;0;1;
202300006872;155 668 344;A01;3;7;0;2;8;19;1;
202300006872;155 668 348;B01;3;7;0;2;1;1;1;
202300006873;155 668 339;B01;1;7;0;0;4;2;1;
202300006873;155 668 342;A01;1;7;0;2;1;2;1;
202300006874;155 668 335;B01;1;7;0;2;1;1;2;
202300006874;155 668 341;A01;1;1;0;2;4;1;5;
202300006875;155 668 334;A01;1;7;0;2;3;1;1;
202300006875;155 668 337;B01;1;7;0;2;3;23;1;
202300006876;155 668 333;B01;2;17;0;0;3;1;1;
202300006876;155 668 336;A01;1;10;0;0;3;13;1;
202300006877;155 668 332;A01;2;7;0;1;3;15;1;
202300006878;155 668 331;A01;1;7;0;1;1;2;1;
202300006879;155 668 329;A01;1;30;1;0;1;21;1;
202300006880;155 668 326;B01;1;7;0;2;1;1;1;
202300006880;155 668 330;A01;1;7;0;2;2;15;1;
202300006881;155 668 321;A01;1;33;0;2;7;17;1;
202300006881;155 668 324;B01;1;7;0;2;8;13;1;
202300006882;155 668 320;A01;2;7;0;2;3;15;1;
202300006882;155 668 322;B01;2;33;0;2;1;17;1;
202300006883;155 668 325;B01;3;2;0;2;4;15;1;
202300006883;155 668 328;A01;3;2;0;2;1;17;1;
202300006884;155 668 323;A01;1;7;0;2;3;17;1;
202300006884;155 668 327;B01;1;7;0;2;3;15;1;
202300006885;155 668 318;A01;1;7;0;2;1;15;1;
202300006885;155 668 319;B01;2;31;0;2;8;1;1;
202300006886;155 668 312;A01;1;7;0;2;3;9;2;
202300006886;155 668 317;B01;2;2;0;2;1;3;1;
202300006887;155 668 309;A01;1;32;0;2;2;17;1;
202300006887;155 668 316;B01;1;7;0;2;8;1;1;
202300006888;155 668 313;A01;2;7;0;2;1;2;1;
202300006888;155 668 315;B01;2;7;0;2;4;2;1;
202300006889;155 668 308;A01;1;7;0;2;2;1;1;
202300006889;155 668 314;B01;1;1;0;2;3;15;5;
202300006890;155 668 303;A01;1;7;0;2;1;1;1;
202300006890;155 668 307;B01;1;7;0;2;4;23;1;
202300006890;155 668 310;C01;1;32;0;2;4;23;1;
202300006891;155 668 300;A01;1;1;0;2;4;16;5;
202300006891;155 668 304;B01;1;10;0;9;1;26;0;
202300006892;155 668 301;A01;1;7;0;2;3;5;0;
202300006892;155 668 305;B01;2;7;0;2;3;1;0;
202300006892;155 668 311;C01;2;7;0;2;3;1;0;
202300006893;155 668 298;A01;1;34;0;2;1;13;1;
202300006893;155 668 302;C01;2;7;0;2;1;1;1;
202300006893;155 668 306;B01;2;7;0;2;6;1;1;
202300006894;155 668 295;B01;3;33;0;2;2;16;1;
202300006894;155 668 299;A01;3;7;0;2;2;1;1;
202300006895;155 668 294;A01;2;7;0;2;3;22;3;
202300006895;155 668 296;B01;2;50;0;2;7;21;3;
202300006896;155 668 292;A01;3;30;6;2;1;14;1;
202300006896;155 668 297;B01;3;30;0;2;0;1;1;
202300006897;155 668 291;A01;2;7;0;0;1;1;1;
202300006898;155 668 289;A01;1;10;0;1;2;1;1;
202300006899;155 668 290;A01;1;7;0;0;3;15;1;
202300006899;155 668 293;B01;1;33;0;2;1;17;1;
202300006900;155 668 287;B01;0;37;0;0;2;1;1;1
202300006900;155 668 288;A01;0;7;0;2;1;26;1;
202300006901;155 668 284;A01;1;7;0;2;2;16;2;
202300006901;155 668 286;B01;1;50;0;2;3;1;3;
202300006902;155 668 279;A01;0;7;0;2;3;16;1;
202300006902;155 668 282;B01;0;33;0;2;2;3;1;
202300006903;155 668 280;B01;3;7;0;2;2;1;1;
202300006903;155 668 283;A01;3;7;0;2;1;19;1;
202300006904;155 668 275;A01;2;7;0;1;2;1;1;
202300006905;155 668 281;A01;1;1;0;2;2;15;5;
202300006905;155 668 285;B01;2;1;0;2;1;1;5;
202300006906;155 668 278;Z01;2;10;0;1;3;1;0;
202300006907;155 668 273;A01;2;7;17;0;1;1;1;
202300006908;155 668 272;A01;1;7;0;2;4;23;2;
202300006908;155 668 274;B01;1;1;1;0;1;1;5;
202300006909;155 668 271;A01;2;7;0;2;2;15;0;
202300006909;155 668 276;B01;2;33;0;2;1;1;0;
202300006910;155 668 270;A01;2;7;15;0;2;14;1;
202300006911;155 668 268;A01;3;33;0;0;8;15;1;
202300006912;155 668 267;A01;2;32;0;0;0;1;1;
202300006913;155 668 266;A01;3;7;0;2;3;22;1;
202300006913;155 668 269;B01;2;80;0;2;5;1;3;
202300006914;155 668 264;A01;2;10;0;1;4;26;1;
202300006915;155 668 265;A01;1;1;0;1;0;10;5;
202300006916;155 668 263;Z01;3;99;0;1;0;0;0;
202300006917;155 668 259;B01;3;7;0;0;0;0;1;
202300006917;155 668 262;A01;3;7;0;0;0;0;1;
202300006918;155 668 258;A01;1;50;0;2;1;3;3;
202300006918;155 668 261;B01;2;10;0;2;3;23;1;
202300006919;155 668 255;B01;1;2;0;2;4;2;1;
202300006919;155 668 256;A01;1;7;0;2;1;0;0;
202300006920;155 668 253;A01;3;7;1;0;0;21;0;
202300006921;155 668 254;A01;3;1;0;2;7;19;5;
202300006921;155 668 257;Z01;3;30;0;2;1;1;0;
202300006922;155 668 251;A01;3;10;0;2;4;11;1;
202300006922;155 668 252;B01;3;33;0;2;1;1;1;
202300006923;155 668 249;A01;1;7;7;0;3;13;1;
202300006924;155 668 247;B01;2;15;0;2;6;1;1;
202300006924;155 668 250;A01;2;7;0;2;2;14;1;
202300006924;155 668 260;C01;2;10;14;0;1;1;1;
202300006925;155 668 246;A01;1;31;6;0;1;0;1;
202300006926;155 668 245;A01;1;37;0;1;2;1;1;1
202300006927;155 668 242;A01;1;7;0;2;1;1;2;
202300006927;155 668 248;B01;2;7;0;2;6;1;3;
202300006928;155 668 241;B01;1;33;0;2;3;1;0;
202300006928;155 668 244;A01;3;7;0;2;5;12;1;
202300006929;155 668 240;B01;3;33;0;2;7;1;1;
202300006929;155 668 243;A01;3;7;0;2;6;11;1;
202300006930;155 668 238;B01;2;15;0;0;6;1;1;
202300006930;155 668 239;A01;2;31;0;2;0;17;1;
202300006931;155 668 235;A01;1;7;13;0;9;1;1;
202300006932;155 668 231;A01;1;33;0;1;2;3;1;
202300006933;155 668 232;A01;2;7;0;2;1;1;2;
202300006933;155 668 237;B01;2;37;0;2;4;23;1;1
202300006934;155 668 230;A01;1;2;0;2;6;18;1;
202300006934;155 668 236;B01;1;7;0;2;2;16;1;
202300006935;155 668 227;A01;1;7;0;2;1;1;1;
202300006935;155 668 229;B01;2;33;0;2;1;13;1;
202300006936;155 668 224;A01;1;32;0;2;8;3;1;
202300006936;155 668 225;Z01;1;7;0;2;0;12;0;
202300006937;155 668 219;B01;1;1;0;2;1;1;5;
202300006937;155 668 223;A01;1;10;1;2;3;24;0;
202300006938;155 668 220;A01;0;50;0;2;1;1;3;
202300006938;155 668 222;B01;3;7;0;2;3;1;1;
202300006939;155 668 215;A01;2;2;0;2;1;13;1;
202300006939;155 668 217;B01;1;7;0;2;3;1;1;
202300006940;155 668 214;A01;2;7;0;2;5;1;1;
202300006940;155 668 221;B01;1;30;0;2;1;1;1;
202300006941;155 668 216;B01;1;30;0;2;1;1;1;
202300006941;155 668 218;A01;2;10;0;2;1;15;1;
202300006942;155 668 212;A01;2;7;0;2;1;2;1;
202300006942;155 668 213;B01;2;14;0;2;4;2;1;
202300006943;155 668 206;A01;1;7;0;2;3;1;1;
202300006943;155 668 209;B01;1;33;0;2;8;23;1;
202300006944;155 668 207;A01;0;7;0;2;2;1;1;
202300006944;155 668 211;B01;2;33;0;2;3;16;1;
202300006945;155 668 205;A01;2;7;2;0;1;19;1;
202300006946;155 668 203;A01;1;7;12;2;3;15;2;
202300006946;155 668 208;B01;1;50;8;2;4;1;3;
202300006947;155 668 202;A01;2;7;0;2;1;2;2;
202300006947;155 668 210;B01;2;7;0;2;4;2;1;
202300006948;155 668 197;A01;3;7;0;2;2;1;1;
202300006948;155 668 201;B01;2;2;0;2;8;9;3;
202300006949;155 668 198;A01;1;7;0;2;2;15;1;
202300006949;155 668 200;B01;2;2;0;2;1;1;1;
202300006950;155 668 195;A01;2;10;0;2;6;1;1;
202300006950;155 668 204;B01;1;7;0;2;1;1;1;
202300006951;155 668 192;A01;1;7;0;2;2;13;1;
202300006951;155 668 199;B01;1;17;0;2;4;1;1;
202300006952;155 668 191;A01;1;7;0;2;1;1;1;
202300006952;155 668 194;B01;1;7;0;2;4;23;1;
202300006953;155 668 193;A01;2;7;0;2;7;1;3;
202300006953;155 668 196;B01;3;7;0;2;0;1;1;
202300006954;155 668 189;A01;2;7;0;1;2;16;1;
202300006955;155 668 185;A01;1;50;0;0;0;5;3;
202300006955;155 668 188;B01;1;33;0;0;8;1;1;
202300006956;155 668 186;A01;3;7;0;2;2;15;1;
202300006956;155 668 190;B01;3;34;0;2;3;1;1;
202300006957;155 668 183;A01;2;7;0;1;1;1;1;
202300006958;155 668 182;A01;2;7;4;2;7;3;1;
202300006958;155 668 184;B01;2;15;0;2;8;1;1;
202300006959;155 668 180;A01;1;50;0;0;0;1;3;
202300006960;155 668 173;B01;2;2;0;2;1;1;3;
202300006960;155 668 179;A01;1;7;0;2;2;1;1;
202300006961;155 668 175;A01;2;1;0;2;0;15;5;
202300006961;155 668 177;Z01;2;7;0;2;0;15;0;
202300006962;155 668 171;A01;1;7;0;2;7;1;2;
202300006962;155 668 178;B01;1;2;0;2;1;1;3;
202300006963;155 668 172;A01;2;7;6;0;1;13;1;
202300006964;155 668 169;A01;2;30;0;2;1;1;1;
202300006964;155 668 176;B01;2;37;0;2;3;1;1;1
202300006965;155 668 170;A01;1;7;7;2;7;9;1;
202300006965;155 668 174;B01;1;17;0;2;1;1;1;
202300006966;155 668 166;A01;2;7;0;1;3;1;2;
202300006967;155 668 164;A01;3;7;0;1;3;1;1;
202300006968;155 668 163;B01;2;1;0;2;0;1;5;
202300006968;155 668 168;A01;1;7;0;2;8;1;1;
202300006969;155 668 161;A01;3;10;0;9;1;1;1;
202300006969;155 668 167;B01;3;1;0;2;8;19;5;
202300006970;155 668 160;B01;1;50;8;0;1;1;3;
202300006970;155 668 165;A01;1;32;8;0;2;1;1;
202300006971;155 668 159;B01;3;30;0;2;4;2;1;
202300006971;155 668 162;Z01;3;7;0;2;1;0;0;
202300006972;155 668 158;A01;3;7;0;1;7;1;2;
202300006973;155 668 155;A01;1;10;0;2;1;13;1;
202300006973;155 668 157;B01;2;7;0;2;1;1;1;
202300006974;155 668 153;A01;2;34;0;1;0;1;0;
202300006975;155 668 152;A01;1;1;0;1;1;1;5;
202300006976;155 668 145;A01;1;7;0;2;1;1;1;
202300006976;155 668 149;B01;1;7;0;2;2;19;1;
202300006977;155 668 144;A01;3;33;0;2;5;1;1;
202300006977;155 668 150;B01;3;7;0;2;2;1;2;
202300006978;155 668 141;B01;2;50;0;2;0;1;3;
202300006978;155 668 146;A01;2;7;0;2;5;16;1;
202300006979;155 668 142;A01;1;7;8;2;1;5;0;
202300006979;155 668 148;B01;2;10;0;2;3;1;0;
202300006979;155 668 151;D01;1;7;0;2;1;1;0;
202300006979;155 668 154;E01;1;7;0;9;3;1;0;
202300006979;155 668 156;C01;1;33;0;9;0;0;1;
202300006980;155 668 140;B01;2;2;0;2;1;1;0;
202300006980;155 668 147;A01;1;7;0;2;1;15;1;
202300006981;155 668 139;A01;1;7;0;2;1;26;1;
202300006981;155 668 143;B01;1;7;0;2;4;2;1;
202300006982;155 668 136;A01;1;7;0;1;2;0;0;
202300006983;155 668 133;A01;2;50;0;0;0;1;3;
202300006984;155 668 134;B01;3;7;0;0;6;1;1;
202300006984;155 668 138;A01;3;31;0;0;1;1;1;
202300006985;155 668 132;A01;1;7;6;2;6;13;1;
202300006985;155 668 135;B01;2;7;0;2;3;1;1;
202300006986;155 668 131;B01;1;7;0;2;3;1;1;
202300006986;155 668 137;A01;3;7;0;2;2;19;1;
202300006987;155 668 128;Y01;2;1;0;2;1;17;5;
202300006987;155 668 130;A01;2;7;0;2;3;15;1;
202300006988;155 668 126;A01;1;30;0;2;2;17;1;
202300006988;155 668 129;B01;3;7;0;2;1;15;1;
202300006989;155 668 124;A01;2;7;0;2;3;1;0;
202300006989;155 668 127;B01;1;7;0;2;3;1;0;
202300006990;155 668 121;A01;1;7;0;2;7;14;1;
202300006990;155 668 125;B01;1;31;0;2;6;1;1;
202300006991;155 668 123;A01;0;7;0;1;1;16;1;
202300006992;155 668 120;B01;1;30;0;2;1;1;1;
202300006992;155 668 122;A01;1;7;0;2;6;16;2;
202300006993;155 668 119;A01;1;7;0;1;1;1;1;
202300006994;155 668 114;A01;1;10;0;1;4;4;1;
202300006995;155 668 112;B01;3;1;0;2;2;15;5;
202300006995;155 668 118;A01;1;7;0;2;3;9;1;
202300006996;155 668 111;A01;2;7;11;2;1;21;1;
202300006996;155 668 115;B01;2;1;0;2;7;19;5;
202300006996;155 668 117;C01;2;7;0;2;5;23;1;
202300006997;155 668 109;A01;1;7;0;1;1;16;0;
202300006998;155 668 110;A01;1;7;0;2;7;23;0;
202300006998;155 668 116;B01;1;1;14;2;7;1;5;
202300006999;155 668 108;B01;3;7;0;2;0;0;1;
202300006999;155 668 113;A01;3;7;1;1;0;0;0;
202300007000;155 668 107;A01;2;34;0;1;2;1;1;
202300007001;155 668 103;A01;2;7;0;1;1;0;1;
202300007002;155 668 100;A01;3;7;0;2;2;0;1;
202300007002;155 668 105;B01;3;50;0;2;1;1;3;
202300007003;155 668 101;A01;2;7;0;1;1;2;1;
202300007004;155 668 102;A01;3;7;0;0;5;19;1;
202300007004;155 668 106;B01;3;33;0;2;1;1;1;
202300007005;155 668 099;A01;1;50;12;0;1;14;3;
202300007006;155 668 098;A01;3;10;0;2;8;1;1;
202300007006;155 668 104;Z01;1;10;0;2;2;1;1;
202300007007;155 668 095;B01;2;7;0;2;6;1;1;
202300007007;155 668 097;A01;2;10;0;2;1;26;1;
202300007008;155 668 094;A01;1;7;6;0;6;1;1;
202300007009;155 668 091;B01;2;7;0;2;1;20;1;
202300007009;155 668 096;A01;2;33;0;0;9;21;1;
202300007010;155 668 093;A01;3;43;0;1;2;3;1;
202300007011;155 668 090;A01;2;7;0;1;3;15;1;
202300007012;155 668 089;B01;1;7;0;2;3;1;0;
202300007012;155 668 092;A01;1;33;0;2;5;3;0;
202300007013;155 668 087;A01;0;33;0;0;0;1;1;
202300007014;155 668 084;A01;2;1;0;2;8;1;5;
202300007014;155 668 088;B01;2;7;8;2;2;16;0;
202300007015;155 668 083;A01;1;50;0;2;3;15;3;
202300007015;155 668 085;B01;1;10;0;2;3;1;3;
202300007016;155 668 076;B01;1;7;0;2;5;12;1;
202300007016;155 668 079;A01;1;33;0;2;3;1;1;
202300007017;155 668 078;A01;1;7;0;2;3;13;1;
202300007017;155 668 082;B01;2;7;0;2;3;1;1;
202300007017;155 668 086;C01;1;33;0;2;1;1;1;
202300007018;155 668 077;A01;3;30;0;2;2;26;0;
202300007018;155 668 080;B01;3;30;0;2;6;21;2;
202300007019;155 668 073;A01;1;7;0;2;1;26;1;
202300007019;155 668 075;B01;1;7;0;2;4;0;1;
202300007019;155 668 081;C01;1;7;0;2;4;26;1;
202300007020;155 668 072;A01;1;7;0;1;1;1;1;
202300007021;155 668 069;A01;1;33;4;0;9;1;1;
202300007022;155 668 066;A01;1;7;0;2;6;11;1;
202300007022;155 668 070;B01;1;7;0;2;2;1;1;
202300007023;155 668 067;A01;1;7;0;2;1;1;1;