Num_Acc;id_vehicule;num_veh;senc;catv;obs;obsm;choc;manv;motor;occutc
202300007890;155 666 593;B01;2;31;0;2;7;1;1;
202300007890;155 666 594;A01;2;7;0;2;8;11;1;
202300007891;155 666 591;B01;1;7;0;2;4;2;1;
202300007891;155 666 592;A01;1;7;0;2;1;1;1;
202300007892;155 666 589;B01;2;7;0;2;3;11;1;
202300007892;155 666 590;A01;2;33;0;2;1;3;1;
202300007893;155 666 586;C01;2;7;0;2;1;1;1;
202300007893;155 666 587;B01;2;33;0;2;8;3;1;
202300007893;155 666 588;A01;2;10;0;2;7;12;1;
202300007894;155 666 585;A01;3;7;0;1;3;15;1;
202300007895;155 666 584;B01;0;7;0;1;3;15;1;
202300007896;155 666 582;B01;1;7;0;2;3;15;1;
202300007896;155 666 583;A01;1;7;0;2;2;1;1;
202300007897;155 666 581;A01;3;7;0;1;4;20;1;
202300007898;155 666 580;A01;0;7;0;1;1;1;0;
202300007899;155 666 578;A01;2;7;16;0;6;26;1;
202300007899;155 666 579;B01;1;14;0;2;3;26;1;
202300007900;155 666 577;A01;1;10;0;0;9;2;1;
202300007901;155 666 576;A01;2;43;0;0;0;0;0;
202300007902;155 666 574;A01;1;7;0;2;3;20;0;
202300007902;155 666 575;B01;1;43;0;2;7;1;1;
202300007903;155 666 572;B01;2;1;0;0;4;15;5;
202300007903;155 666 573;A01;2;15;0;2;2;1;1;
202300007904;155 666 567;B01;2;7;0;2;4;2;1;
202300007904;155 666 568;A01;2;10;0;2;1;2;1;
202300007904;155 666 569;C01;2;7;0;2;4;2;1;
202300007904;155 666 570;D01;2;7;0;2;4;2;1;
202300007904;155 666 571;E01;2;7;0;2;4;2;1;
202300007905;155 666 565;B01;2;10;4;2;5;1;1;
202300007905;155 666 566;A01;2;31;4;2;1;1;1;
202300007906;155 666 563;A01;1;7;0;2;1;2;1;
202300007906;155 666 564;B01;1;7;0;2;4;2;2;
202300007907;155 666 561;B01;1;14;0;2;4;24;1;
202300007907;155 666 562;A01;1;15;1;0;2;21;1;
202300007908;155 666 560;A01;2;7;4;0;1;21;1;
202300007909;155 666 558;A01;2;7;0;2;1;2;1;
202300007909;155 666 559;B01;2;7;0;2;5;23;3;
202300007910;155 666 555;A01;2;7;0;2;5;23;1;
202300007910;155 666 556;B01;2;7;14;2;4;21;1;
202300007910;155 666 557;C01;2;37;0;2;1;1;1;1
202300007911;155 666 553;B01;1;7;0;2;3;1;1;
202300007911;155 666 554;A01;1;7;0;2;5;1;1;
202300007912;155 666 551;B01;1;14;0;9;7;15;1;
202300007912;155 666 552;A01;1;1;0;2;1;19;5;
202300007913;155 666 549;Z01;1;7;0;2;1;0;0;
202300007913;155 666 550;A01;1;31;0;2;4;2;1;
202300007914;155 666 548;A01;1;7;4;0;1;14;1;
202300007915;155 666 547;A01;2;7;6;0;1;1;1;
202300007916;155 666 545;A01;1;33;0;2;0;0;1;
202300007916;155 666 546;B01;1;7;0;2;2;16;1;
202300007917;155 666 543;A01;3;7;0;2;3;13;1;
202300007917;155 666 544;B01;3;7;0;2;3;1;1;
202300007918;155 666 541;A01;2;7;0;2;2;1;1;
202300007918;155 666 542;B01;2;7;0;2;6;1;1;
202300007919;155 666 540;A01;1;7;0;1;1;1;2;
202300007920;155 666 538;A01;1;7;0;2;4;2;1;
202300007920;155 666 539;B01;1;7;0;2;1;2;1;
202300007921;155 666 536;B01;1;34;0;2;1;1;1;
202300007921;155 666 537;A01;1;10;0;2;5;15;1;
202300007922;155 666 534;B01;3;1;0;2;4;0;5;
202300007922;155 666 535;A01;2;7;0;2;2;1;1;
202300007923;155 666 532;A01;1;7;12;0;1;15;6;
202300007923;155 666 533;B01;2;31;0;9;8;1;6;
202300007924;155 666 530;A01;2;7;0;2;4;23;1;
202300007924;155 666 531;B01;2;7;0;2;1;1;1;
202300007925;155 666 528;A01;3;30;0;2;0;26;0;
202300007925;155 666 529;B01;0;99;0;2;0;0;0;
202300007926;155 666 527;A01;2;7;1;0;2;21;1;
202300007927;155 666 526;A01;1;10;4;0;1;26;1;
202300007928;155 666 524;A01;1;7;0;2;2;1;0;
202300007928;155 666 525;B01;1;33;0;2;8;1;0;
202300007929;155 666 522;B01;2;1;0;2;3;1;5;
202300007929;155 666 523;A01;1;7;0;2;2;15;1;
202300007930;155 666 521;A01;3;7;0;1;3;1;1;
202300007931;155 666 519;B01;2;7;0;2;1;16;1;
202300007931;155 666 520;A01;2;7;0;2;2;1;1;
202300007932;155 666 518;A01;2;7;0;1;1;1;1;
202300007933;155 666 516;A01;2;7;0;2;3;0;1;
202300007933;155 666 517;B01;2;7;0;2;2;15;1;
202300007934;155 666 515;A01;1;7;4;0;3;1;6;
202300007935;155 666 513;A01;1;7;0;2;3;1;1;
202300007935;155 666 514;B01;2;10;0;2;4;1;1;
202300007936;155 666 512;A01;1;7;13;0;2;14;2;
202300007937;155 666 510;A01;0;7;0;2;7;1;1;
202300007937;155 666 511;B01;3;7;0;2;1;1;1;
202300007938;155 666 509;A01;3;7;0;1;1;14;0;
202300007939;155 666 507;A01;1;7;0;2;2;15;1;
202300007939;155 666 508;B01;2;33;0;2;1;1;1;
202300007940;155 666 505;A01;2;7;0;2;1;1;1;
202300007940;155 666 506;B01;1;7;0;2;2;15;1;
202300007941;155 666 503;B01;2;1;0;2;7;1;5;
202300007941;155 666 504;A01;2;7;0;2;3;15;1;
202300007942;155 666 501;B01;1;50;0;2;8;7;3;
202300007942;155 666 502;A01;2;7;0;2;1;12;1;
202300007943;155 666 499;A01;3;80;0;2;5;2;3;
202300007943;155 666 500;B01;3;37;0;2;5;2;1;1
202300007944;155 666 497;B01;2;50;1;0;1;1;3;
202300007944;155 666 498;A01;2;7;0;2;4;24;1;
202300007945;155 666 495;B01;2;43;0;2;1;1;1;
202300007945;155 666 496;A01;2;50;0;2;7;15;3;
202300007946;155 666 494;A01;1;50;1;0;1;1;3;
202300007947;155 666 492;A01;3;7;0;2;1;1;1;
202300007947;155 666 493;B01;3;7;0;0;0;15;1;
202300007948;155 666 490;B01;1;7;0;2;1;20;1;
202300007948;155 666 491;A01;2;7;0;2;1;1;1;
202300007949;155 666 488;A01;3;37;0;2;2;1;1;1
202300007949;155 666 489;B01;3;7;0;2;8;1;1;
202300007950;155 666 486;A01;1;33;0;2;1;1;1;
202300007950;155 666 487;B01;1;7;0;2;8;9;1;
202300007951;155 666 483;A01;3;7;11;2;1;6;1;
202300007951;155 666 484;B01;3;10;0;2;2;2;1;
202300007951;155 666 485;C01;3;10;0;9;2;2;1;
202300007952;155 666 481;A01;1;99;0;2;3;10;1;
202300007952;155 666 482;B01;1;34;0;2;5;17;1;
202300007953;155 666 479;A01;1;7;0;2;4;23;1;
202300007953;155 666 480;B01;1;7;1;2;1;2;1;
202300007954;155 666 477;B01;1;7;0;0;1;1;1;
202300007954;155 666 478;A01;3;7;0;0;6;9;1;
202300007955;155 666 475;B01;2;7;0;2;8;15;1;
202300007955;155 666 476;A01;2;31;0;2;1;15;1;
202300007956;155 666 473;A01;1;7;0;2;1;15;1;
202300007956;155 666 474;B01;1;37;0;2;3;1;1;1
202300007957;155 666 468;B01;0;7;1;0;1;14;1;
202300007957;155 666 469;A01;1;7;1;0;3;5;1;
202300007958;155 666 467;A01;1;7;0;1;7;1;1;
202300007959;155 666 465;A01;0;7;0;9;8;22;0;
202300007959;155 666 466;B01;3;1;1;2;1;22;5;
202300007960;155 666 464;A01;2;7;1;0;1;21;2;
202300007961;155 666 462;A01;1;7;9;2;1;21;0;
202300007961;155 666 463;B01;1;7;0;2;0;15;0;
202300007962;155 666 459;A01;3;7;0;1;4;4;0;
202300007963;155 666 456;C01;2;7;0;0;4;2;1;
202300007963;155 666 457;A01;2;15;0;2;1;12;1;
202300007963;155 666 458;B01;2;7;0;2;4;2;1;
202300007964;155 666 455;A01;1;33;14;0;9;1;1;
202300007965;155 666 454;A01;2;2;0;0;0;1;1;
202300007966;155 666 453;A01;2;2;0;0;8;15;1;
202300007967;155 666 452;A01;1;33;0;0;0;1;1;
202300007968;155 666 451;A01;1;33;0;0;7;15;1;
202300007969;155 666 450;A01;2;7;13;0;3;1;1;
202300007970;155 666 448;B01;2;7;0;0;5;15;0;
202300007970;155 666 449;A01;2;33;14;2;1;1;0;
202300007971;155 666 446;A01;3;31;0;2;3;13;1;
202300007971;155 666 447;B01;3;21;0;2;6;1;1;
202300007972;155 666 444;A01;2;7;0;2;1;2;1;
202300007972;155 666 445;B01;2;7;0;2;4;2;1;
202300007973;155 666 443;A01;2;7;13;0;2;1;1;
202300007974;155 666 441;A01;2;7;0;2;1;13;1;
202300007974;155 666 442;B01;1;14;0;2;3;1;1;
202300007975;155 666 439;A01;2;10;0;2;1;2;1;
202300007975;155 666 440;B01;2;14;0;2;4;2;1;
202300007976;155 666 437;B01;2;7;0;2;1;1;1;
202300007976;155 666 438;A01;1;10;0;2;1;13;1;
202300007977;155 666 435;A01;1;7;0;2;8;19;3;
202300007977;155 666 436;B01;2;33;0;2;7;1;1;
202300007978;155 666 434;A01;2;7;4;0;1;1;1;
202300007979;155 666 432;A01;1;7;0;2;3;13;1;
202300007979;155 666 433;C01;2;7;0;2;3;1;1;
202300007980;155 666 431;A01;1;36;0;0;9;1;1;
202300007981;155 666 430;A01;2;7;2;0;1;0;1;
202300007982;155 666 427;B01;2;7;0;2;4;2;0;
202300007982;155 666 428;C01;2;7;0;2;1;2;0;
202300007982;155 666 429;A01;2;7;0;2;4;2;0;
202300007983;155 666 426;A01;1;33;0;0;7;1;1;
202300007984;155 666 423;A01;1;14;0;2;1;1;1;
202300007984;155 666 424;C01;1;7;0;2;4;1;1;
202300007984;155 666 425;D01;1;7;0;2;4;1;1;
202300007985;155 666 421;A01;2;7;0;1;1;1;1;
202300007985;155 666 422;B01;2;20;0;2;4;23;6;
202300007986;155 666 419;B01;1;7;0;2;6;15;1;
202300007986;155 666 420;A01;1;33;0;2;1;17;1;
202300007987;155 666 418;A01;2;21;1;0;0;15;1;
202300007988;155 666 417;A01;1;31;0;0;8;1;1;
202300007989;155 666 415;B01;2;2;0;2;1;15;1;
202300007989;155 666 416;A01;2;10;0;2;1;1;1;
202300007990;155 666 414;A01;1;7;0;1;1;1;1;
202300007991;155 666 412;B01;3;7;0;2;1;1;1;
202300007991;155 666 413;A01;3;2;0;2;8;1;1;
202300007992;155 666 410;B01;2;39;0;2;2;19;3;
202300007992;155 666 411;A01;2;7;0;4;3;1;1;
202300007993;155 666 408;A01;3;7;0;2;2;19;1;
202300007993;155 666 409;B01;3;7;0;2;7;1;1;
202300007994;155 666 406;A01;1;31;0;2;1;1;1;
202300007994;155 666 407;B01;2;7;0;2;2;15;1;
202300007995;155 666 405;A01;2;7;5;0;9;17;1;
202300007996;155 666 402;A01;2;7;4;2;9;2;0;
202300007996;155 666 403;B01;2;7;0;2;1;2;0;
202300007996;155 666 404;C01;2;7;14;0;1;2;0;
202300007997;155 666 400;A01;1;7;0;2;1;13;1;
202300007997;155 666 401;B01;2;7;0;2;1;1;1;
202300007998;155 666 399;A01;1;7;0;1;2;1;1;
202300007999;155 666 398;A01;1;7;2;0;1;16;1;
202300008000;155 666 397;A01;1;33;5;0;8;2;1;
202300008001;155 666 396;A01;3;1;0;0;0;0;5;
202300008002;155 666 395;A01;1;33;1;2;0;1;1;
202300008003;155 666 394;A01;1;33;0;0;0;0;1;
202300008004;155 666 393;A01;2;7;15;1;5;4;1;
202300008005;155 666 391;A01;1;80;0;2;3;1;3;
202300008005;155 666 392;B01;1;7;0;2;2;1;1;
202300008006;155 666 390;A01;0;33;0;0;4;26;1;
202300008007;155 666 388;B01;2;7;0;2;3;24;1;
202300008007;155 666 389;A01;2;7;1;0;1;6;1;
202300008008;155 666 387;A01;1;33;3;0;1;1;1;
202300008009;155 666 386;A01;1;36;1;0;1;15;1;
202300008010;155 666 385;A01;2;7;0;1;1;1;1;
202300008011;155 666 384;A01;1;7;1;1;2;1;1;
202300008012;155 666 383;A01;2;7;2;0;1;14;1;
202300008013;155 666 381;A01;1;7;0;2;8;1;1;
202300008013;155 666 382;B01;1;33;0;2;7;1;1;
202300008014;155 666 378;A01;1;7;0;2;1;14;1;
202300008014;155 666 379;B01;1;7;0;2;4;23;1;
202300008014;155 666 380;C01;1;7;0;2;8;21;1;
202300008015;155 666 377;A01;1;7;4;0;1;9;1;
202300008016;155 666 376;A01;2;7;4;0;3;1;1;
202300008017;155 666 375;A01;0;33;0;0;8;1;1;
202300008018;155 666 374;A01;1;7;0;2;1;0;0;
202300008019;155 666 372;B01;3;1;0;2;0;1;5;
202300008019;155 666 373;A01;1;7;0;2;1;1;1;
202300008020;155 666 370;B01;1;7;0;2;8;1;2;
202300008020;155 666 371;A01;2;7;0;2;1;1;2;
202300008021;155 666 369;A01;2;7;14;0;3;1;1;
202300008022;155 666 367;A01;2;7;2;0;8;2;1;
202300008023;155 666 366;A01;1;33;0;0;0;0;1;
202300008023;155 666 368;B01;1;7;0;2;8;15;1;
202300008024;155 666 365;A01;0;7;13;0;1;1;1;
202300008025;155 666 363;A01;2;32;6;0;1;26;1;
202300008026;155 666 362;A01;1;7;0;2;1;23;1;
202300008026;155 666 364;B01;2;34;0;2;1;21;1;
202300008027;155 666 361;A01;1;33;0;6;1;0;1;
202300008028;155 666 360;A01;1;7;6;0;1;1;1;
202300008029;155 666 359;A01;2;7;3;0;2;1;1;
202300008030;155 666 358;A01;2;31;12;0;2;1;1;
202300008031;155 666 356;A01;1;7;0;2;2;26;1;
202300008031;155 666 357;B01;1;7;0;2;6;1;1;
202300008032;155 666 353;A01;1;7;1;0;1;15;1;
202300008033;155 666 354;A01;1;7;3;2;1;13;1;
202300008033;155 666 355;B01;2;15;0;2;3;1;1;
202300008034;155 666 352;A01;3;7;0;1;2;1;1;
202300008035;155 666 351;A01;2;2;13;0;0;1;1;
202300008036;155 666 347;A01;2;7;0;2;3;1;1;
202300008036;155 666 348;B01;1;7;0;2;3;13;1;
202300008037;155 666 345;D01;2;10;0;2;3;1;1;
202300008037;155 666 346;A01;1;14;0;2;5;21;1;
202300008037;155 666 349;B01;1;10;0;2;4;23;1;
202300008037;155 666 350;C01;1;7;0;2;4;15;1;
202300008038;155 666 343;A01;3;1;0;2;8;1;5;
202300008038;155 666 344;B01;3;1;0;2;7;17;5;
202300008039;155 666 339;A01;1;32;0;1;1;0;1;
202300008040;155 666 336;B01;1;7;0;2;4;2;1;
202300008040;155 666 337;A01;1;7;0;2;1;2;1;
202300008041;155 666 338;A01;3;99;0;9;8;15;1;
202300008041;155 666 340;B01;3;2;0;2;1;1;1;
202300008042;155 666 334;A01;1;7;0;1;2;1;1;
202300008043;155 666 327;A01;3;7;0;1;7;26;2;
202300008044;155 666 329;A01;3;7;0;1;2;13;1;
202300008045;155 666 328;B01;1;7;0;2;4;2;1;
202300008045;155 666 330;A01;1;15;0;2;1;2;1;
202300008045;155 666 333;C01;1;7;0;2;4;2;1;
202300008046;155 666 323;A01;3;7;0;2;1;2;1;
202300008046;155 666 325;B01;3;33;0;0;4;2;1;
202300008047;155 666 324;B01;2;7;0;2;1;1;1;
202300008047;155 666 326;A01;1;7;0;2;5;15;1;
202300008048;155 666 322;A01;1;7;0;1;7;1;2;
202300008049;155 666 319;A01;2;7;2;1;3;6;1;
202300008050;155 666 321;A01;2;7;0;0;1;11;1;
202300008051;155 666 318;A01;1;10;0;1;3;15;0;
202300008052;155 666 317;A01;0;7;0;2;2;15;1;
202300008052;155 666 320;B01;1;7;0;2;3;1;2;
202300008053;155 666 309;A01;1;2;0;2;1;13;1;
202300008053;155 666 314;B01;2;7;0;2;3;1;1;
202300008054;155 666 307;A01;1;2;0;0;0;1;1;
202300008055;155 666 306;A01;1;31;13;0;1;1;1;
202300008056;155 666 304;A01;1;7;0;2;1;1;1;
202300008056;155 666 308;B01;1;7;0;2;4;23;1;
202300008056;155 666 311;C01;1;7;0;2;4;23;2;
202300008056;155 666 315;D01;1;7;0;2;4;23;1;
202300008057;155 666 305;A01;2;7;0;2;1;12;1;
202300008057;155 666 310;B01;2;7;0;2;4;1;1;
202300008058;155 666 301;B01;2;7;0;2;1;1;1;
202300008058;155 666 303;A01;1;7;0;2;2;15;1;
202300008059;155 666 300;A01;1;7;0;1;1;1;1;
202300008060;155 666 299;A01;3;2;0;2;1;5;1;
202300008060;155 666 302;B01;3;7;0;2;2;1;1;
202300008061;155 666 297;A01;2;7;0;1;1;1;1;
202300008062;155 666 296;A01;3;7;0;2;7;12;1;
202300008062;155 666 298;B01;3;7;0;2;6;1;1;
202300008063;155 666 293;A01;1;32;12;0;1;14;1;
202300008064;155 666 292;A01;3;50;0;0;0;26;3;
202300008065;155 666 289;A01;1;30;12;0;4;13;1;
202300008066;155 666 290;B01;0;7;0;2;3;1;1;
202300008066;155 666 291;A01;3;7;0;2;2;1;1;
202300008067;155 666 288;A01;1;34;0;2;1;3;1;
202300008067;155 666 294;B01;1;10;0;2;5;1;1;
202300008068;155 666 286;A01;3;7;0;2;1;2;1;
202300008068;155 666 287;B01;3;7;0;2;4;2;1;
202300008069;155 666 284;A01;3;7;0;1;3;1;1;
202300008070;155 666 282;A01;1;33;0;2;1;5;1;
202300008070;155 666 283;B01;2;33;0;2;1;26;1;
202300008070;155 666 285;C01;2;33;0;2;0;21;1;
202300008071;155 666 278;A01;2;1;0;2;1;5;5;
202300008071;155 666 281;B01;1;7;0;2;3;0;1;
202300008072;155 666 276;A01;2;33;0;2;1;1;1;
202300008072;155 666 280;B01;2;33;0;0;8;26;1;
202300008073;155 666 272;A01;2;33;0;0;2;1;1;
202300008074;155 666 270;B01;1;1;0;2;1;1;5;
202300008074;155 666 274;A01;2;7;0;2;3;15;1;
202300008075;155 666 269;A01;1;7;0;2;1;1;1;
202300008075;155 666 273;B01;1;7;0;2;1;1;1;
202300008075;155 666 275;C01;1;7;0;2;4;1;1;
202300008075;155 666 277;D01;1;7;0;2;4;1;1;
202300008076;155 666 271;A01;2;7;0;2;1;2;1;
202300008076;155 666 279;B01;1;10;0;2;4;1;1;
202300008077;155 666 263;C01;2;31;0;2;7;1;1;
202300008077;155 666 266;A01;2;7;0;2;6;13;1;
202300008077;155 666 268;B01;2;43;0;2;7;3;1;
202300008078;155 666 262;B01;2;7;0;2;0;1;1;
202300008078;155 666 265;A01;2;33;0;2;7;14;0;
202300008079;155 666 261;A01;1;7;14;2;1;2;1;
202300008079;155 666 264;B01;1;7;14;0;4;2;1;
202300008079;155 666 267;C01;1;7;0;0;4;2;1;
202300008080;155 666 255;A01;3;10;0;2;1;9;1;
202300008080;155 666 259;B01;3;2;0;2;7;1;1;
202300008081;155 666 258;A01;1;7;0;2;1;1;1;
202300008081;155 666 260;B01;1;10;0;2;4;1;1;
202300008082;155 666 254;A01;3;7;0;2;3;1;2;
202300008082;155 666 257;B01;3;50;0;2;8;5;3;
202300008083;155 666 253;A01;1;7;0;2;3;1;1;
202300008083;155 666 256;B01;2;14;0;2;8;1;1;
202300008084;155 666 252;A01;2;30;1;0;6;21;1;
202300008085;155 666 250;A01;3;7;0;1;8;1;1;
202300008086;155 666 247;A01;1;7;0;2;3;0;0;
202300008086;155 666 249;B01;2;17;0;2;3;0;0;
202300008087;155 666 245;A01;3;7;0;1;1;16;1;
202300008088;155 666 241;A01;3;7;0;2;1;15;1;
202300008088;155 666 244;B01;3;7;0;2;3;1;1;
202300008089;155 666 239;A01;2;7;0;2;1;17;1;
202300008089;155 666 242;B01;1;7;0;2;1;1;1;
202300008090;155 666 238;D01;2;7;0;2;4;2;1;
202300008090;155 666 243;A01;2;7;0;2;0;23;1;
202300008090;155 666 246;C01;2;99;0;2;1;2;1;
202300008090;155 666 248;E01;2;7;0;2;4;2;1;
202300008090;155 666 251;B01;2;7;0;2;4;13;1;
202300008091;155 666 234;A01;1;37;0;2;8;9;1;1
202300008091;155 666 236;B01;1;33;0;2;1;1;1;
202300008092;155 666 231;B01;2;1;0;2;4;26;5;
202300008092;155 666 233;A01;2;14;0;2;3;1;0;
202300008093;155 666 229;D01;1;7;0;2;1;1;1;
202300008093;155 666 232;E01;1;7;0;0;0;0;1;
202300008093;155 666 235;A01;1;7;0;2;4;1;1;
202300008093;155 666 237;B01;1;7;0;2;1;1;1;
202300008093;155 666 240;C01;1;7;0;2;1;1;1;
202300008094;155 666 228;A01;2;37;0;1;1;1;4;1
202300008095;155 666 227;A01;1;33;2;0;1;1;1;
202300008096;155 666 224;B01;1;7;0;2;4;2;1;
202300008096;155 666 226;A01;1;7;0;2;1;2;1;
202300008097;155 666 225;A01;1;7;0;2;2;12;1;
202300008097;155 666 230;B01;1;43;0;2;3;3;1;
202300008098;155 666 221;A01;3;30;0;2;2;5;3;
202300008098;155 666 223;B01;1;10;0;2;6;1;1;
202300008099;155 666 219;A01;1;7;0;2;5;13;1;
202300008099;155 666 222;B01;2;7;0;2;1;1;1;
202300008100;155 666 218;A01;3;7;0;2;2;15;1;
202300008100;155 666 220;B01;1;33;0;2;1;1;1;
202300008101;155 666 215;A01;2;7;4;0;8;1;1;
202300008102;155 666 212;A01;1;7;0;2;5;4;1;
202300008102;155 666 216;B01;1;7;0;2;3;2;1;
202300008103;155 666 211;A01;2;10;0;2;1;1;1;
202300008103;155 666 214;B01;2;7;0;2;4;23;1;
202300008104;155 666 209;A01;0;50;12;0;1;9;3;
202300008105;155 666 210;A01;2;32;0;2;3;3;1;
202300008105;155 666 213;B01;2;10;0;2;2;1;1;
202300008105;155 666 217;C01;2;7;0;2;3;1;1;
202300008106;155 666 208;A01;2;2;0;0;8;1;1;
202300008107;155 666 206;A01;0;7;0;1;0;0;1;
202300008108;155 666 205;A01;3;7;0;2;3;20;1;
202300008108;155 666 207;B01;3;7;0;2;2;1;1;
202300008109;155 666 200;A01;0;7;0;1;0;1;1;
202300008110;155 666 201;A01;1;7;0;2;3;2;1;
202300008110;155 666 204;B01;1;7;0;2;5;2;1;
202300008111;155 666 202;A01;1;7;0;2;2;15;1;
202300008111;155 666 203;B01;2;32;0;2;1;1;1;
202300008112;155 666 198;A01;0;7;0;2;1;1;1;
202300008112;155 666 199;B01;0;7;0;2;4;2;1;
202300008113;155 666 194;A01;3;99;13;0;1;1;1;
202300008114;155 666 193;A01;1;7;0;1;1;1;1;
202300008115;155 666 191;C01;0;7;0;2;4;1;1;
202300008115;155 666 195;A01;0;13;0;2;1;1;1;
202300008115;155 666 197;B01;0;7;0;2;9;1;1;
202300008116;155 666 192;A01;2;10;0;0;4;1;1;
202300008116;155 666 196;B01;2;7;0;2;1;2;1;
202300008117;155 666 190;A01;1;33;0;0;0;0;1;
202300008118;155 666 189;A01;2;7;0;1;1;1;1;
202300008119;155 666 186;A01;0;7;0;2;1;1;1;
202300008119;155 666 188;B01;0;7;0;0;4;1;1;
202300008120;155 666 183;A01;3;7;0;9;5;18;1;
202300008120;155 666 185;B01;3;1;0;2;8;2;5;
202300008121;155 666 181;A01;3;7;0;2;0;20;1;
202300008121;155 666 184;B01;3;2;12;0;7;2;1;
202300008122;155 666 180;A01;1;10;0;2;0;0;1;
202300008122;155 666 182;B01;1;10;0;9;1;1;1;
202300008122;155 666 187;C01;1;33;0;9;1;1;1;
202300008123;155 666 177;A01;0;7;0;2;1;26;1;
202300008123;155 666 179;B01;0;7;0;2;7;26;1;
202300008124;155 666 175;A01;2;7;2;0;1;1;1;
202300008125;155 666 174;B01;2;99;0;2;8;1;1;
202300008125;155 666 178;A01;1;7;0;2;1;1;1;
202300008126;155 666 172;A01;1;7;0;1;1;1;1;
202300008127;155 666 173;A01;2;7;0;2;1;13;1;
202300008127;155 666 176;B01;1;7;0;2;1;1;1;
202300008128;155 666 170;A01;2;7;2;0;3;1;1;
202300008129;155 666 171;A01;1;7;0;1;1;1;1;
202300008130;155 666 169;A01;1;36;0;0;0;1;1;
202300008131;155 666 165;B01;2;7;0;2;7;15;1;
202300008131;155 666 166;A01;1;7;12;2;1;2;1;
202300008132;155 666 161;B01;1;33;0;2;8;1;1;
202300008132;155 666 163;A01;2;10;0;2;8;13;1;
202300008133;155 666 160;A01;1;33;0;0;0;1;1;
202300008134;155 666 159;Z01;1;7;0;1;1;0;1;
202300008135;155 666 158;A01;3;7;6;9;1;1;1;
202300008136;155 666 157;A01;3;2;0;0;7;1;1;
202300008137;155 666 155;A01;1;7;0;2;8;15;1;
202300008137;155 666 156;B01;1;2;0;2;2;17;1;
202300008138;155 666 153;B01;2;7;0;2;2;1;1;
202300008138;155 666 154;A01;2;10;0;2;3;15;1;
202300008139;155 666 149;A01;2;31;0;2;1;17;1;
202300008139;155 666 152;B01;1;7;0;2;1;1;1;
202300008140;155 666 147;A01;3;7;0;2;3;9;1;
202300008140;155 666 150;B01;3;7;0;2;2;1;1;
202300008141;155 666 148;B01;1;33;0;2;1;2;1;
202300008141;155 666 151;A01;2;10;0;2;4;2;1;
202300008142;155 666 145;A01;1;7;0;2;3;2;1;
202300008142;155 666 146;B01;2;43;0;2;1;16;1;
202300008143;155 666 141;A01;1;32;0;2;8;3;1;
202300008143;155 666 143;B01;1;7;0;2;7;12;2;
202300008144;155 666 140;A01;1;14;0;0;0;17;0;
202300008144;155 666 142;B01;1;1;0;0;0;1;5;
202300008144;155 666 144;C01;1;33;0;0;0;1;1;
202300008145;155 666 138;A01;1;33;0;2;1;1;1;
202300008145;155 666 139;B01;2;7;0;2;2;15;1;
202300008146;155 666 135;A01;1;32;0;2;4;2;1;
202300008146;155 666 136;Z01;1;7;0;2;5;12;0;
202300008147;155 666 130;A01;1;15;0;1;1;1;1;
202300008148;155 666 129;A01;1;7;0;2;1;1;1;
202300008148;155 666 132;B01;2;1;0;2;1;1;5;
202300008149;155 666 128;A01;2;7;0;0;4;23;1;
202300008149;155 666 133;C01;2;7;0;2;1;2;1;
202300008149;155 666 134;B01;2;7;0;2;4;23;1;
202300008150;155 666 126;A01;1;7;0;1;2;1;1;
202300008151;155 666 125;A01;1;7;0;2;1;2;1;
202300008151;155 666 127;B01;1;34;0;2;4;23;1;
202300008152;155 666 131;A01;1;30;0;2;2;9;1;
202300008152;155 666 137;B01;1;7;0;2;6;1;1;
202300008153;155 666 122;A01;2;1;12;0;1;16;5;
202300008154;155 666 121;A01;3;33;0;2;1;1;1;
202300008154;155 666 123;B01;3;33;0;2;3;13;1;
202300008154;155 666 124;C01;3;33;0;2;7;21;1;
202300008155;155 666 119;A01;0;37;0;9;7;1;2;1
202300008155;155 666 120;B01;0;50;0;2;8;2;3;
202300008156;155 666 117;A01;2;32;0;1;6;23;1;
202300008157;155 666 114;A01;1;7;0;2;2;19;1;
202300008157;155 666 116;B01;1;31;0;2;3;1;1;
202300008158;155 666 113;A01;1;7;0;1;1;21;1;
202300008159;155 666 112;A01;1;7;0;2;2;15;3;
202300008159;155 666 115;B01;2;2;0;2;1;1;1;
202300008160;155 666 111;B01;1;2;0;2;8;14;1;
202300008160;155 666 118;A01;1;7;0;2;1;16;1;
202300008161;155 666 107;A01;3;7;0;2;2;13;1;
202300008161;155 666 110;B01;3;60;0;2;0;1;5;
202300008162;155 666 105;B01;3;33;0;2;1;1;1;
202300008162;155 666 108;A01;3;30;0;2;7;9;1;
202300008163;155 666 104;A01;2;7;0;2;4;2;2;
202300008163;155 666 106;B01;2;10;0;2;1;2;1;
202300008163;155 666 109;C01;2;10;0;2;1;2;1;
202300008164;155 666 103;A01;2;30;0;0;8;14;1;
202300008165;155 666 101;B01;2;1;0;2;6;23;5;
202300008165;155 666 102;A01;2;50;0;2;2;2;3;
202300008166;155 666 099;A01;1;10;0;1;3;1;1;
202300008167;155 666 097;B01;1;7;0;2;1;2;1;
202300008167;155 666 100;A01;1;7;0;2;6;2;1;