Num_Acc;id_vehicule;num_veh;senc;catv;obs;obsm;choc;manv;motor;occutc
202300009285;155 664 120;B01;1;15;0;2;1;1;1;
202300009285;155 664 121;C01;1;7;0;2;3;26;1;
202300009286;155 664 117;A01;1;32;0;2;1;26;1;
202300009286;155 664 118;B01;2;7;0;2;3;26;1;
202300009287;155 664 115;A01;2;33;0;2;3;17;1;
202300009287;155 664 116;B01;2;32;0;2;8;15;1;
202300009288;155 664 113;B01;1;7;0;2;3;1;1;
202300009288;155 664 114;A01;2;7;0;2;3;13;1;
202300009289;155 664 111;B01;3;33;0;2;0;0;0;
202300009289;155 664 112;A01;3;7;0;2;0;9;0;
202300009290;155 664 109;B01;2;33;0;2;1;1;1;
202300009290;155 664 110;A01;1;7;0;2;1;15;1;
202300009291;155 664 107;A01;1;33;0;2;7;3;1;
202300009291;155 664 108;B01;1;7;0;2;3;11;1;
202300009292;155 664 104;C01;2;7;0;2;1;1;1;
202300009292;155 664 105;A01;2;33;0;2;9;12;1;
202300009292;155 664 106;B01;2;33;0;2;4;3;1;
202300009293;155 664 102;A01;1;33;3;2;3;18;1;
202300009293;155 664 103;B01;1;7;0;2;2;16;2;
202300009294;155 664 101;A01;2;80;0;1;1;1;3;
202300009295;155 664 100;A01;2;7;0;1;2;1;1;
202300009296;155 664 099;A01;1;7;1;0;9;14;1;
202300009297;155 664 097;A01;1;1;16;2;1;25;5;
202300009297;155 664 098;B01;1;7;0;2;7;16;1;
202300009298;155 664 095;A01;3;32;0;2;1;17;1;
202300009298;155 664 096;B01;3;30;0;2;1;1;3;
202300009299;155 664 093;A01;2;31;0;2;3;2;1;
202300009299;155 664 094;B01;1;1;0;2;2;19;5;
202300009300;155 664 092;A01;2;7;1;0;3;1;1;
202300009301;155 664 090;B01;3;50;0;2;1;1;3;
202300009301;155 664 091;A01;3;14;0;2;7;16;1;
202300009302;155 664 088;A01;3;7;0;2;0;13;1;
202300009302;155 664 089;B01;3;33;0;2;1;1;1;
202300009303;155 664 086;A01;1;80;0;2;1;15;3;
202300009303;155 664 087;B01;2;80;0;2;1;1;3;
202300009304;155 664 084;A01;1;2;0;1;1;1;3;
202300009304;155 664 085;B01;2;7;0;0;3;1;1;
202300009305;155 664 082;B01;2;34;0;2;8;1;1;
202300009305;155 664 083;A01;2;10;0;2;7;9;1;
202300009306;155 664 081;A01;1;7;0;1;1;16;1;
202300009307;155 664 080;A01;2;7;0;1;8;1;1;
202300009308;155 664 078;B01;2;50;0;2;8;11;3;
202300009308;155 664 079;A01;2;10;0;2;1;1;1;
202300009309;155 664 077;A01;1;30;0;1;1;1;1;
202300009310;155 664 075;Y01;3;1;0;2;8;19;5;
202300009310;155 664 076;A01;2;34;14;2;1;1;1;
202300009311;155 664 073;A01;3;7;0;2;1;9;1;
202300009311;155 664 074;B01;1;2;0;2;7;1;1;
202300009312;155 664 071;A01;1;7;1;2;2;14;1;
202300009312;155 664 072;B01;1;50;1;2;1;0;3;
202300009313;155 664 070;A01;1;7;0;1;1;0;1;
202300009314;155 664 068;B01;3;1;0;2;8;19;5;
202300009314;155 664 069;A01;1;7;0;2;8;1;3;
202300009315;155 664 066;A01;0;7;0;2;1;1;0;
202300009315;155 664 067;B01;0;34;0;2;3;21;0;
202300009316;155 664 064;B01;0;7;0;2;3;0;1;
202300009316;155 664 065;A01;3;34;0;2;7;5;1;
202300009317;155 664 062;A01;1;3;1;9;3;2;1;
202300009317;155 664 063;B01;1;99;1;2;1;2;0;
202300009318;155 664 060;A01;2;7;0;2;1;10;1;
202300009318;155 664 061;B01;1;34;0;2;9;1;1;
202300009319;155 664 059;A01;1;3;0;1;2;1;1;
202300009320;155 664 057;A01;1;32;0;2;2;17;1;
202300009320;155 664 058;B01;1;7;0;2;6;1;1;
202300009321;155 664 056;A01;0;1;15;0;0;26;5;
202300009322;155 664 054;B01;2;10;0;0;0;0;1;
202300009322;155 664 055;A01;2;30;0;2;0;0;1;
202300009323;155 664 052;B01;1;10;0;0;6;15;1;
202300009323;155 664 053;A01;1;34;0;2;1;17;1;
202300009324;155 664 051;A01;2;10;0;1;1;1;1;
202300009325;155 664 050;A01;3;1;0;0;0;25;5;
202300009326;155 664 049;A01;2;34;0;0;1;21;1;
202300009327;155 664 047;A01;1;7;0;2;1;2;1;
202300009327;155 664 048;B01;1;7;0;2;4;2;2;
202300009328;155 664 045;A01;3;7;0;2;1;2;1;
202300009328;155 664 046;B01;3;30;0;2;4;2;1;
202300009329;155 664 043;B01;3;33;0;2;1;13;1;
202300009329;155 664 044;A01;3;7;0;2;3;1;1;
202300009330;155 664 041;B01;1;50;0;2;2;2;3;
202300009330;155 664 042;A01;2;7;14;2;1;26;1;
202300009331;155 664 039;B01;3;33;0;2;8;1;1;
202300009331;155 664 040;A01;3;7;0;2;2;26;1;
202300009332;155 664 035;B01;1;7;0;2;4;2;1;
202300009332;155 664 036;C01;1;7;0;2;4;2;1;
202300009332;155 664 037;D01;1;7;0;2;4;2;1;
202300009332;155 664 038;A01;1;7;0;2;1;2;1;
202300009333;155 664 034;A01;1;7;2;0;3;1;1;
202300009334;155 664 032;A01;2;7;0;2;1;5;1;
202300009334;155 664 033;B01;1;10;0;2;1;17;1;
202300009335;155 664 031;A01;1;7;1;0;1;14;1;
202300009336;155 664 029;B01;1;7;0;2;1;1;1;
202300009336;155 664 030;A01;3;2;0;2;7;19;1;
202300009337;155 664 027;A01;0;7;0;2;1;5;1;
202300009337;155 664 028;B01;0;7;0;0;2;1;1;
202300009338;155 664 024;A01;1;7;0;2;1;5;1;
202300009338;155 664 025;B01;2;7;0;2;1;1;1;
202300009338;155 664 026;C01;1;7;0;2;1;1;1;
202300009339;155 664 023;A01;2;7;0;1;8;2;0;
202300009340;155 664 022;A01;1;17;4;0;9;1;1;
202300009341;155 664 020;A01;3;7;0;2;7;14;0;
202300009341;155 664 021;B01;3;1;0;2;3;21;5;
202300009342;155 664 017;C01;2;14;0;2;6;15;1;
202300009342;155 664 018;A01;2;7;0;2;3;21;1;
202300009342;155 664 019;B01;1;7;0;2;3;1;1;
202300009343;155 664 016;A01;1;7;0;0;0;1;1;
202300009344;155 664 015;A01;3;7;0;1;2;1;1;
202300009345;155 664 014;A01;1;10;2;0;8;1;1;
202300009346;155 664 013;A01;2;32;12;0;2;1;1;
202300009347;155 664 012;A01;3;2;0;0;3;1;1;
202300009348;155 664 010;A01;2;7;0;2;1;13;1;
202300009348;155 664 011;B01;1;15;0;2;3;1;1;
202300009349;155 664 008;A01;2;7;0;2;2;9;1;
202300009349;155 664 009;B01;2;2;0;2;4;1;1;
202300009350;155 664 007;A01;1;10;0;1;2;1;1;
202300009351;155 664 005;A01;1;7;0;2;3;13;1;
202300009351;155 664 006;B01;2;7;0;2;3;1;1;
202300009352;155 664 003;A01;1;7;0;2;7;5;1;
202300009352;155 664 004;B01;2;7;0;2;7;1;1;
202300009353;155 664 001;A01;1;10;0;2;2;21;1;
202300009353;155 664 002;B01;2;7;0;2;2;1;1;
202300009354;155 663 999;A01;2;10;0;2;1;1;1;
202300009354;155 664 000;B01;2;17;0;0;4;1;1;
202300009355;155 663 997;A01;2;7;0;2;3;13;1;
202300009355;155 663 998;B01;1;7;0;2;2;0;1;
202300009356;155 663 994;A01;3;7;0;2;1;1;1;
202300009356;155 663 995;B01;2;7;12;2;7;0;1;
202300009357;155 663 992;A01;1;31;0;2;1;2;1;
202300009357;155 663 993;B01;1;10;0;0;4;2;1;
202300009358;155 663 990;B01;1;17;0;0;4;2;1;
202300009358;155 663 991;A01;1;7;0;2;1;2;1;
202300009359;155 663 988;A01;2;38;0;2;3;1;1;1
202300009359;155 663 989;B01;1;32;0;2;3;3;1;
202300009360;155 663 986;A01;2;17;0;2;2;1;1;
202300009360;155 663 987;B01;2;7;4;2;8;21;1;
202300009361;155 663 983;B01;0;2;0;2;8;19;1;
202300009361;155 663 984;A01;2;7;0;2;2;1;1;
202300009362;155 663 981;A01;1;7;0;2;2;1;1;
202300009362;155 663 982;B01;1;2;0;2;0;10;0;
202300009363;155 663 978;A01;1;7;0;9;2;1;3;
202300009363;155 663 979;B01;1;1;0;9;4;1;5;
202300009363;155 663 980;C01;1;1;0;0;4;1;5;
202300009364;155 663 976;A01;2;7;0;2;4;16;1;
202300009364;155 663 977;B01;2;7;0;2;1;1;1;
202300009365;155 663 975;A01;3;7;1;0;1;1;1;
202300009366;155 663 974;A01;1;33;2;0;1;2;1;
202300009367;155 663 971;B01;0;7;0;0;4;2;1;
202300009367;155 663 972;A01;3;7;0;0;4;2;1;
202300009367;155 663 973;C01;0;7;0;2;1;2;1;
202300009368;155 663 969;B01;1;7;0;2;8;2;1;
202300009368;155 663 970;A01;1;80;0;2;1;1;3;
202300009369;155 663 967;A01;2;7;0;2;3;9;1;
202300009369;155 663 968;B01;2;1;0;2;1;26;5;
202300009370;155 663 966;A01;2;7;0;1;1;1;1;
202300009371;155 663 965;A01;2;7;14;0;1;1;1;
202300009372;155 663 963;A01;1;7;0;2;3;15;1;
202300009372;155 663 964;B01;1;31;0;2;1;13;1;
202300009373;155 663 961;A01;2;7;0;2;1;1;0;
202300009373;155 663 962;B01;2;17;0;0;5;1;0;
202300009374;155 663 960;A01;1;43;14;0;1;17;1;
202300009375;155 663 957;B01;0;33;0;2;4;2;1;
202300009375;155 663 958;C01;0;7;0;2;1;2;1;
202300009375;155 663 959;A01;0;7;0;2;1;2;1;
202300009376;155 663 954;A01;1;17;0;2;2;12;1;
202300009376;155 663 955;B01;1;7;0;2;3;1;1;
202300009376;155 663 956;C01;1;34;0;2;1;1;1;
202300009377;155 663 952;A01;2;7;0;2;8;13;1;
202300009377;155 663 953;B01;2;33;4;2;2;3;1;
202300009378;155 663 951;A01;1;7;0;2;3;21;1;
202300009379;155 663 949;A01;2;33;0;2;1;3;1;
202300009379;155 663 950;B01;2;10;0;2;6;11;1;
202300009380;155 663 947;A01;1;7;0;2;1;13;1;
202300009380;155 663 948;B01;1;7;0;2;4;1;1;
202300009381;155 663 946;A01;1;7;3;0;0;0;1;
202300009382;155 663 945;A01;1;7;13;0;7;1;1;
202300009383;155 663 944;A01;1;7;8;0;1;1;1;
202300009384;155 663 943;A01;1;7;0;1;1;1;1;
202300009385;155 663 942;A01;1;7;0;1;1;19;1;
202300009386;155 663 940;A01;1;7;15;2;1;1;1;
202300009386;155 663 941;B01;1;7;0;2;3;1;1;
202300009387;155 663 938;A01;1;7;0;2;3;11;1;
202300009387;155 663 939;Z01;1;7;0;2;3;0;1;
202300009388;155 663 936;A01;2;50;0;2;1;15;3;
202300009388;155 663 937;B01;2;7;0;9;2;1;1;
202300009389;155 663 933;B01;1;7;0;2;3;19;1;
202300009389;155 663 934;A01;1;7;0;2;0;26;1;
202300009389;155 663 935;C01;1;7;1;2;4;23;1;
202300009390;155 663 932;Z01;0;0;0;1;0;0;-1;
202300009391;155 663 929;A01;1;7;0;2;1;23;1;
202300009391;155 663 930;B01;1;10;0;2;1;2;1;
202300009391;155 663 931;C01;1;10;0;2;4;2;1;
202300009392;155 663 928;A01;2;7;0;1;5;26;1;
202300009393;155 663 926;B01;2;37;0;2;2;1;3;8
202300009393;155 663 927;A01;1;7;0;2;3;19;1;
202300009394;155 663 924;A01;1;43;0;2;1;1;1;
202300009394;155 663 925;B01;1;7;0;2;5;9;1;
202300009395;155 663 922;A01;0;10;0;2;8;13;1;
202300009395;155 663 923;B01;3;7;0;2;6;0;1;
202300009396;155 663 920;A01;1;10;1;2;4;20;6;
202300009396;155 663 921;B01;1;10;0;2;1;2;6;
202300009397;155 663 919;A01;2;10;0;1;2;1;6;
202300009398;155 663 918;A01;2;7;0;1;1;1;1;
202300009399;155 663 917;A01;1;50;0;0;0;1;3;
202300009400;155 663 915;A01;3;7;0;2;8;9;2;
202300009400;155 663 916;B01;3;32;0;2;1;26;1;
202300009401;155 663 912;A01;1;7;0;2;3;1;1;
202300009401;155 663 913;B01;1;7;0;2;5;15;1;
202300009402;155 663 910;A01;1;7;0;2;2;2;1;
202300009402;155 663 911;B01;1;33;0;2;5;16;1;
202300009403;155 663 908;B01;2;33;0;2;7;16;1;
202300009403;155 663 909;A01;2;2;0;2;8;18;1;
202300009404;155 663 906;A01;0;10;0;2;3;13;1;
202300009404;155 663 907;B01;0;15;0;2;8;1;1;
202300009405;155 663 904;A01;2;7;0;2;3;9;1;
202300009405;155 663 905;B01;2;1;0;2;7;26;5;
202300009406;155 663 902;A01;1;7;0;2;3;9;1;
202300009406;155 663 903;B01;1;50;0;2;2;0;3;
202300009407;155 663 901;A01;3;7;13;0;9;1;1;
202300009408;155 663 900;A01;1;7;0;2;2;1;1;
202300009409;155 663 898;B01;2;34;0;2;1;1;1;
202300009409;155 663 899;A01;1;7;0;2;3;15;1;
202300009410;155 663 897;A01;1;7;0;1;1;1;1;
202300009411;155 663 895;B01;2;33;0;2;0;0;1;
202300009411;155 663 896;A01;3;10;0;2;2;19;1;
202300009412;155 663 893;B01;2;80;0;2;5;1;3;
202300009412;155 663 894;Z01;2;7;0;9;5;16;0;
202300009413;155 663 891;B01;3;1;0;2;2;1;5;
202300009413;155 663 892;A01;3;7;0;2;3;9;2;
202300009414;155 663 889;A01;1;10;0;2;1;9;1;
202300009414;155 663 890;B01;3;32;0;2;7;1;1;
202300009415;155 663 886;A01;3;37;0;2;3;19;1;3
202300009415;155 663 887;B01;1;7;0;2;1;1;1;
202300009416;155 663 884;A01;1;7;0;2;1;15;1;
202300009416;155 663 885;B01;1;33;0;2;1;1;1;
202300009417;155 663 882;A01;1;10;0;2;1;1;3;
202300009417;155 663 883;B01;2;30;0;2;1;1;0;
202300009418;155 663 881;A01;1;7;0;1;3;9;1;
202300009419;155 663 880;A01;2;7;9;0;1;1;1;
202300009420;155 663 878;A01;2;7;0;2;3;9;1;
202300009420;155 663 879;B01;1;1;0;2;1;1;5;
202300009421;155 663 876;B01;3;7;0;2;4;2;1;
202300009421;155 663 877;A01;3;7;0;2;1;2;0;
202300009422;155 663 874;B01;1;7;0;2;4;1;1;
202300009422;155 663 875;A01;1;3;0;2;1;2;1;
202300009423;155 663 873;A01;1;7;1;0;2;1;1;
202300009424;155 663 872;A01;1;1;0;1;1;19;5;
202300009425;155 663 870;A01;3;7;0;2;1;1;1;
202300009425;155 663 871;B01;3;33;0;2;3;1;1;
202300009426;155 663 868;A01;2;33;0;2;8;18;1;
202300009426;155 663 869;B01;2;1;0;2;7;2;5;
202300009427;155 663 866;A01;0;7;0;2;1;1;1;
202300009427;155 663 867;B01;0;1;0;2;1;0;5;
202300009428;155 663 865;A01;1;7;13;0;1;26;1;
202300009429;155 663 863;B01;1;33;0;2;1;1;1;
202300009429;155 663 864;A01;2;7;0;2;3;15;1;
202300009430;155 663 862;A01;1;7;2;0;9;1;1;
202300009431;155 663 860;B01;1;7;0;2;4;0;1;
202300009431;155 663 861;A01;1;10;0;2;1;2;1;
202300009432;155 663 858;A01;2;30;0;2;1;17;1;
202300009432;155 663 859;B01;2;7;0;2;3;15;1;
202300009433;155 663 857;A01;2;7;2;0;1;2;1;
202300009434;155 663 855;A01;1;13;0;2;3;15;1;
202300009434;155 663 856;B01;1;2;0;2;2;17;3;
202300009435;155 663 852;C01;2;7;0;2;4;2;1;
202300009435;155 663 853;A01;2;10;0;2;2;2;1;
202300009435;155 663 854;B01;2;7;0;2;4;2;1;
202300009436;155 663 851;A01;3;2;0;0;7;1;1;
202300009437;155 663 850;A01;1;7;2;0;1;13;1;
202300009438;155 663 848;A01;1;30;0;2;5;1;1;
202300009438;155 663 849;Z01;1;7;0;2;5;17;0;
202300009439;155 663 846;B01;0;2;0;2;7;1;1;
202300009439;155 663 847;A01;2;14;0;2;3;9;0;
202300009440;155 663 845;A01;1;10;0;1;1;2;1;
202300009441;155 663 843;A01;2;3;0;2;7;16;1;
202300009441;155 663 844;B01;1;37;0;2;1;1;1;1
202300009442;155 663 841;A01;3;7;0;2;1;1;0;
202300009442;155 663 842;B01;3;7;0;2;8;19;0;
202300009443;155 663 840;A01;3;2;0;0;6;1;1;
202300009444;155 663 838;A01;1;7;0;2;2;15;1;
202300009444;155 663 839;B01;2;30;0;2;1;1;1;
202300009445;155 663 837;A01;1;7;0;1;2;1;1;
202300009446;155 663 835;A01;1;31;0;2;8;3;1;
202300009446;155 663 836;Z01;0;7;0;2;7;12;0;
202300009447;155 663 833;B01;3;7;0;2;1;1;1;
202300009447;155 663 834;A01;3;10;0;2;1;15;1;
202300009448;155 663 831;B01;2;33;0;2;1;1;1;
202300009448;155 663 832;A01;1;7;0;2;2;13;1;
202300009449;155 663 830;A01;3;7;0;0;0;1;6;
202300009450;155 663 828;B01;2;7;0;2;1;1;1;
202300009450;155 663 829;A01;1;7;0;2;1;13;1;
202300009451;155 663 827;A01;2;33;6;0;0;1;1;
202300009452;155 663 826;A01;2;7;6;0;1;1;0;
202300009453;155 663 824;A01;1;2;1;0;1;14;1;
202300009453;155 663 825;B01;1;7;0;2;2;24;1;
202300009454;155 663 822;A01;1;1;0;0;6;1;5;
202300009454;155 663 823;B01;3;3;0;0;3;19;1;
202300009455;155 663 821;A01;0;32;0;0;0;0;1;
202300009456;155 663 820;A01;2;7;17;0;2;1;1;
202300009457;155 663 819;A01;1;10;8;0;1;14;1;
202300009458;155 663 816;B01;2;7;0;1;3;23;1;
202300009458;155 663 817;C01;1;7;0;1;6;23;1;
202300009458;155 663 818;A01;2;7;1;2;2;1;1;
202300009459;155 663 814;B01;1;7;0;2;3;1;1;
202300009459;155 663 815;A01;2;7;0;2;3;1;1;
202300009460;155 663 812;A01;2;7;3;2;3;13;1;
202300009460;155 663 813;B01;1;7;10;2;3;1;1;
202300009461;155 663 811;A01;1;7;3;0;1;1;1;
202300009462;155 663 808;A01;2;7;0;2;2;21;1;
202300009462;155 663 809;B01;2;7;0;2;6;2;1;
202300009462;155 663 810;C01;2;7;0;0;4;2;1;
202300009463;155 663 806;A01;2;10;0;2;1;1;1;
202300009463;155 663 807;B01;1;2;0;2;7;15;1;
202300009464;155 663 805;A01;2;7;0;0;9;1;1;
202300009465;155 663 803;A01;2;15;0;2;7;15;1;
202300009465;155 663 804;B01;1;2;0;2;1;1;1;
202300009466;155 663 802;A01;2;33;9;0;1;6;1;
202300009467;155 663 800;A01;1;31;0;2;1;13;1;
202300009467;155 663 801;B01;2;33;0;2;1;1;1;
202300009468;155 663 799;A01;2;33;0;9;0;1;1;
202300009469;155 663 797;A01;3;7;0;2;9;15;1;
202300009469;155 663 798;B01;3;7;0;2;1;1;1;
202300009470;155 663 795;B01;1;15;0;2;1;1;1;
202300009470;155 663 796;A01;0;33;0;2;8;9;1;
202300009471;155 663 793;A01;1;7;0;2;3;15;1;
202300009471;155 663 794;B01;2;33;0;0;6;15;1;
202300009472;155 663 792;A01;1;7;7;0;1;2;1;
202300009473;155 663 790;A01;1;33;6;2;1;21;1;
202300009473;155 663 791;B01;1;7;0;0;5;23;1;
202300009474;155 663 787;C01;1;7;0;2;8;1;1;
202300009474;155 663 788;B01;1;7;0;2;3;1;1;
202300009474;155 663 789;A01;2;7;0;2;3;13;1;
202300009475;155 663 785;B01;3;7;0;2;8;1;0;
202300009475;155 663 786;A01;1;1;0;0;8;1;5;
202300009476;155 663 784;A01;2;7;13;0;1;1;1;
202300009477;155 663 782;A01;1;7;0;2;1;15;1;
202300009477;155 663 783;B01;1;7;0;2;8;1;2;
202300009478;155 663 780;A01;3;7;0;2;1;13;1;
202300009478;155 663 781;B01;3;7;0;2;1;1;1;
202300009479;155 663 776;A01;2;7;0;2;4;1;1;
202300009479;155 663 777;B01;2;7;1;0;4;1;1;
202300009479;155 663 778;C01;2;7;0;2;4;1;1;
202300009479;155 663 779;D01;2;7;0;2;1;1;1;
202300009480;155 663 775;B01;2;7;0;1;2;26;1;
202300009481;155 663 774;A01;0;7;0;0;0;0;1;
202300009482;155 663 773;A01;2;7;16;0;1;14;1;
202300009483;155 663 771;B01;1;7;0;2;4;1;1;
202300009483;155 663 772;A01;1;7;0;2;1;1;1;
202300009484;155 663 769;A01;1;7;0;2;7;17;1;
202300009484;155 663 770;B01;1;7;0;2;2;2;1;
202300009485;155 663 767;A01;1;7;0;2;6;2;1;
202300009485;155 663 768;B01;2;33;0;2;5;2;1;
202300009486;155 663 765;A01;2;7;0;2;7;12;1;
202300009486;155 663 766;B01;2;31;0;2;1;1;1;
202300009487;155 663 761;A01;2;7;0;2;1;2;1;
202300009487;155 663 762;B01;2;7;0;2;4;2;1;
202300009487;155 663 763;C01;2;7;0;2;4;2;1;
202300009487;155 663 764;D01;2;7;0;2;4;2;1;
202300009488;155 663 759;A01;1;10;4;0;3;12;1;
202300009488;155 663 760;B01;1;7;1;0;8;21;1;
202300009489;155 663 758;A01;2;7;4;0;1;21;1;
202300009490;155 663 757;A01;0;1;1;0;1;14;5;
202300009491;155 663 756;A01;2;99;0;1;6;0;0;
202300009492;155 663 754;A01;3;32;0;2;1;1;1;
202300009492;155 663 755;B01;3;7;0;2;3;11;1;
202300009493;155 663 752;A01;3;7;0;9;2;1;1;
202300009493;155 663 753;B01;0;80;0;2;8;15;3;
202300009494;155 663 749;B01;2;7;0;2;4;23;1;
202300009494;155 663 750;A01;2;10;0;2;1;1;1;
202300009494;155 663 751;C01;2;7;0;2;4;23;1;
202300009495;155 663 748;A01;1;7;0;1;1;0;1;
202300009496;155 663 746;A01;2;7;0;2;4;1;1;
202300009496;155 663 747;B01;2;7;0;2;4;2;1;
202300009497;155 663 744;A01;2;7;0;2;1;1;1;
202300009497;155 663 745;B01;2;7;0;2;4;15;1;
202300009498;155 663 742;B01;3;2;0;2;1;1;1;
202300009498;155 663 743;A01;1;7;0;2;3;1;1;
202300009499;155 663 740;A01;1;7;0;2;1;1;1;
202300009499;155 663 741;B01;1;10;0;2;4;23;1;
202300009500;155 663 738;A01;2;7;3;2;6;2;1;
202300009500;155 663 739;B01;2;7;3;0;0;0;1;
202300009501;155 663 736;A01;1;1;0;2;1;21;5;
202300009501;155 663 737;B01;2;2;0;2;1;1;1;
202300009502;155 663 732;B01;1;7;0;2;2;19;1;
202300009502;155 663 733;A01;2;10;0;2;5;19;1;
202300009503;155 663 730;B01;1;32;0;2;1;13;1;
202300009503;155 663 731;A01;1;7;0;2;1;1;1;
202300009504;155 663 727;A01;1;7;0;0;1;14;1;
202300009505;155 663 725;B01;1;34;0;2;1;1;1;
202300009505;155 663 726;A01;3;7;0;2;3;15;1;
202300009506;155 663 723;A01;1;7;0;2;1;15;1;
202300009506;155 663 724;B01;2;30;0;2;1;1;1;
202300009507;155 663 721;B01;1;7;0;2;5;1;1;
202300009507;155 663 722;A01;2;7;0;2;3;1;1;
202300009508;155 663 719;B01;1;7;0;2;4;2;1;
202300009508;155 663 720;A01;1;7;0;2;1;0;1;
202300009509;155 663 713;B01;2;7;0;2;6;23;1;
202300009509;155 663 714;A01;2;33;1;0;1;1;1;
202300009510;155 663 710;B01;3;7;0;2;1;1;1;
202300009510;155 663 711;A01;3;7;0;2;8;15;1;
202300009510;155 663 712;C01;3;7;0;2;0;23;1;
202300009511;155 663 709;A01;2;7;0;1;1;15;1;
202300009512;155 663 708;A01;3;7;14;0;8;26;1;
202300009513;155 663 707;A01;3;1;0;1;1;1;5;
202300009514;155 663 705;B01;3;7;0;2;8;1;1;
202300009514;155 663 706;A01;3;50;0;2;1;15;3;
202300009515;155 663 703;A01;1;7;0;2;3;1;1;
202300009515;155 663 704;B01;1;7;0;2;6;15;1;
202300009516;155 663 702;A01;1;7;0;1;1;1;1;
202300009517;155 663 701;B01;0;7;0;1;8;1;1;
202300009518;155 663 699;B01;2;7;0;2;3;1;1;
202300009518;155 663 700;A01;2;10;0;2;3;15;1;
202300009519;155 663 697;B01;1;7;0;2;7;15;1;
202300009519;155 663 698;A01;2;7;0;2;1;15;1;
202300009520;155 663 696;A01;1;7;0;1;2;1;1;
202300009521;155 663 694;B01;0;1;0;2;7;1;5;
202300009521;155 663 695;A01;2;7;0;2;1;9;6;
202300009522;155 663 692;B01;1;80;0;2;0;0;3;
202300009522;155 663 693;A01;1;7;0;2;7;15;1;
202300009523;155 663 690;A01;2;7;0;2;2;15;1;
202300009523;155 663 691;B01;1;1;0;2;1;1;5;
202300009524;155 663 688;A01;3;7;0;2;1;0;1;
202300009524;155 663 689;B01;0;7;0;2;6;0;1;
202300009525;155 663 687;A01;1;7;0;1;1;1;1;
202300009526;155 663 685;A01;1;50;0;2;0;0;3;
202300009526;155 663 686;B01;1;7;0;2;2;14;1;
202300009527;155 663 683;B01;2;7;0;2;0;0;1;
202300009527;155 663 684;A01;1;7;0;2;0;0;1;
202300009528;155 663 681;A01;1;7;0;2;2;15;1;
202300009528;155 663 682;B01;2;1;0;2;1;1;5;
202300009529;155 663 680;A01;1;7;0;1;1;1;1;
202300009530;155 663 678;B01;2;1;0;2;6;19;5;
202300009530;155 663 679;A01;2;10;0;2;1;1;1;
202300009531;155 663 677;A01;3;7;1;0;1;1;1;
202300009532;155 663 676;A01;1;7;0;1;1;1;1;
202300009533;155 663 674;B01;3;1;0;2;2;15;5;
202300009533;155 663 675;A01;1;7;0;2;3;9;3;
202300009534;155 663 673;A01;2;7;6;0;3;13;1;
202300009535;155 663 671;A01;1;7;0;2;1;13;1;
202300009535;155 663 672;B01;2;7;0;2;3;1;1;
202300009536;155 663 669;A01;0;7;0;9;3;1;1;
202300009536;155 663 670;B01;0;50;0;2;1;1;3;
202300009537;155 663 668;A01;1;38;0;1;6;15;1;1
202300009538;155 663 667;A01;1;7;0;1;1;1;1;
202300009539;155 663 666;A01;2;7;0;1;3;1;1;
202300009540;155 663 664;B01;0;1;8;2;4;1;5;
202300009540;155 663 665;A01;1;10;0;2;2;1;1;
202300009541;155 663 663;A01;1;7;0;1;2;1;1;
202300009542;155 663 662;A01;1;10;0;1;1;1;1;
202300009543;155 663 659;A01;0;7;0;2;1;1;1;
202300009543;155 663 660;B01;0;7;0;2;4;23;1;
202300009543;155 663 661;C01;0;7;0;2;4;23;1;
202300009544;155 663 658;A01;3;7;0;1;1;15;0;
202300009545;155 663 656;A01;1;7;0;2;1;1;1;
202300009545;155 663 657;B01;3;80;0;2;8;1;3;
202300009546;155 663 655;A01;2;7;14;0;7;9;1;
202300009547;155 663 653;A01;2;7;0;2;1;19;1;
202300009547;155 663 654;B01;1;3;0;2;7;1;1;
202300009548;155 663 652;A01;1;7;1;1;2;1;1;
202300009549;155 663 648;B01;2;7;0;2;4;1;3;
202300009549;155 663 650;A01;2;2;0;2;1;2;1;
202300009550;155 663 649;A01;1;10;0;2;7;16;1;
202300009550;155 663 651;B01;2;1;0;2;1;1;5;
202300009551;155 663 644;C01;1;7;0;2;4;1;3;
202300009551;155 663 645;A01;1;7;3;2;3;1;1;
202300009551;155 663 646;B01;1;7;0;2;5;1;1;
202300009551;155 663 647;D01;1;7;0;2;1;1;1;
202300009552;155 663 642;A01;1;7;0;2;6;10;1;
202300009552;155 663 643;B01;1;31;0;2;1;0;1;
202300009553;155 663 640;A01;1;7;0;2;3;17;1;
202300009553;155 663 641;B01;2;7;0;2;3;1;1;
202300009554;155 663 637;B01;1;31;2;2;7;3;0;
202300009554;155 663 639;A01;1;7;2;2;8;2;1;
202300009555;155 663 636;A01;0;7;0;2;2;14;1;
202300009555;155 663 638;B01;3;50;0;2;4;1;3;
202300009556;155 663 633;C01;2;7;0;2;4;0;1;
202300009556;155 663 634;A01;1;7;8;2;1;26;1;
202300009556;155 663 635;B01;1;7;0;2;6;9;1;
202300009557;155 663 631;A01;3;50;0;2;0;0;3;
202300009557;155 663 632;B01;3;7;0;2;0;0;1;
202300009558;155 663 630;A01;1;30;5;2;0;0;1;
202300009559;155 663 629;A01;1;7;0;1;2;26;1;