Num_Acc;id_vehicule;num_veh;senc;catv;obs;obsm;choc;manv;motor;occutc
202300009560;155 663 627;A01;1;32;12;0;1;1;0;
202300009561;155 663 626;B01;1;7;0;2;7;1;2;
202300009561;155 663 628;A01;1;7;0;2;1;1;1;
202300009562;155 663 625;A01;2;50;0;1;1;1;3;
202300009563;155 663 623;A01;1;7;0;2;6;19;1;
202300009563;155 663 624;B01;2;2;0;2;1;17;1;
202300009564;155 663 619;A01;0;7;0;1;4;20;1;
202300009565;155 663 618;B01;1;7;0;2;0;1;1;
202300009565;155 663 620;A01;1;30;0;2;1;1;1;
202300009565;155 663 621;D01;1;7;0;2;7;1;1;
202300009565;155 663 622;C01;1;10;0;2;4;1;1;
202300009566;155 663 617;A01;1;7;0;1;1;1;1;
202300009567;155 663 615;A01;3;7;0;2;1;2;1;
202300009567;155 663 616;B01;0;34;0;2;4;1;1;
202300009568;155 663 613;B01;2;33;0;2;1;3;1;
202300009568;155 663 614;A01;2;7;0;2;3;15;1;
202300009569;155 663 610;B01;2;34;0;2;1;1;1;
202300009569;155 663 612;A01;1;7;0;2;2;15;1;
202300009570;155 663 609;A01;1;10;0;2;8;9;1;
202300009570;155 663 611;B01;2;30;0;2;1;1;1;
202300009571;155 663 604;C01;1;10;0;2;1;1;1;
202300009571;155 663 606;A01;1;7;0;2;4;2;1;
202300009571;155 663 608;B01;1;7;0;2;4;2;1;
202300009572;155 663 603;C01;1;7;0;2;1;1;1;
202300009572;155 663 605;A01;2;33;0;2;2;16;1;
202300009572;155 663 607;B01;2;7;0;2;1;1;1;
202300009573;155 663 597;B01;3;31;0;2;1;1;1;
202300009573;155 663 600;A01;2;10;0;2;3;1;1;
202300009574;155 663 598;B01;1;7;0;2;7;16;1;
202300009574;155 663 599;A01;1;43;0;2;3;18;1;
202300009575;155 663 595;B01;2;37;0;2;3;1;1;1
202300009575;155 663 596;A01;2;7;0;2;7;19;1;
202300009576;155 663 590;A01;2;10;0;2;1;1;1;
202300009576;155 663 593;B01;1;7;0;2;8;1;1;
202300009577;155 663 591;A01;2;30;0;9;1;26;3;
202300009577;155 663 592;B01;2;1;0;2;1;1;5;
202300009578;155 663 587;B01;1;7;0;2;1;1;1;
202300009578;155 663 589;A01;2;7;0;2;6;1;2;
202300009579;155 663 584;A01;2;7;0;2;3;1;1;
202300009579;155 663 586;B01;2;7;0;2;4;23;1;
202300009579;155 663 588;C01;2;7;0;2;4;23;1;
202300009580;155 663 583;B01;1;33;0;2;1;1;1;
202300009580;155 663 585;A01;2;7;0;2;3;15;1;
202300009581;155 663 582;A01;0;7;0;1;1;1;1;
202300009582;155 663 581;A01;3;7;0;1;1;1;1;
202300009583;155 663 579;A01;2;10;0;1;3;26;1;
202300009584;155 663 576;A01;2;7;0;2;7;16;1;
202300009584;155 663 577;B01;2;50;0;2;3;18;3;
202300009585;155 663 575;A01;1;7;0;1;2;1;1;
202300009586;155 663 574;A01;1;7;13;0;9;1;1;
202300009587;155 663 572;B01;0;7;0;2;3;1;1;
202300009587;155 663 573;A01;3;7;0;2;3;1;1;
202300009588;155 663 571;A01;2;7;0;1;3;1;1;
202300009589;155 663 569;B01;2;50;0;2;1;1;3;
202300009589;155 663 570;A01;1;7;0;2;2;15;1;
202300009590;155 663 568;A01;1;7;0;1;3;2;1;
202300009591;155 663 567;A01;3;7;0;1;1;1;1;
202300009592;155 663 565;EA01;1;7;0;1;1;1;1;
202300009593;155 663 564;A01;0;7;0;2;1;15;1;
202300009593;155 663 566;B01;1;30;0;2;1;1;1;
202300009594;155 663 563;A01;2;50;0;1;1;1;3;
202300009595;155 663 560;A01;1;7;0;2;3;15;1;
202300009595;155 663 562;B01;2;1;0;2;1;15;5;
202300009596;155 663 559;B01;2;7;0;2;7;26;1;
202300009596;155 663 561;A01;1;7;0;2;7;13;1;
202300009597;155 663 557;A01;2;7;0;2;8;9;1;
202300009597;155 663 558;B01;1;2;0;2;1;1;1;
202300009598;155 663 555;A01;1;7;0;2;1;0;0;
202300009598;155 663 556;B01;1;7;0;0;0;0;0;
202300009599;155 663 553;B01;2;0;0;2;1;9;0;
202300009599;155 663 554;A01;2;1;0;2;0;0;5;
202300009600;155 663 549;A01;2;7;0;2;1;2;1;
202300009600;155 663 551;B01;2;7;0;2;4;2;1;
202300009601;155 663 548;B01;1;7;0;2;4;23;1;
202300009601;155 663 550;C01;1;7;0;2;4;23;1;
202300009601;155 663 552;A01;1;7;0;2;1;1;1;
202300009602;155 663 547;A01;2;7;0;1;2;26;1;
202300009603;155 663 544;B01;3;7;0;2;1;2;1;
202300009603;155 663 546;A01;3;7;0;2;4;2;1;
202300009604;155 663 543;B01;1;7;0;2;8;23;1;
202300009604;155 663 545;A01;1;99;0;2;7;17;1;
202300009605;155 663 540;A01;1;7;0;2;1;1;1;
202300009605;155 663 542;B01;1;50;0;2;7;1;3;
202300009606;155 663 539;A01;2;7;0;2;8;13;1;
202300009606;155 663 541;B01;1;13;0;2;3;1;1;
202300009607;155 663 537;A01;2;7;0;2;5;15;1;
202300009607;155 663 538;B01;1;7;0;2;1;1;1;
202300009608;155 663 535;A01;2;7;0;2;2;2;1;
202300009608;155 663 536;B01;2;33;0;2;5;2;1;
202300009609;155 663 533;B01;1;80;0;2;1;1;3;
202300009609;155 663 534;A01;2;7;0;2;6;15;1;
202300009610;155 663 528;D01;1;7;0;2;6;2;1;
202300009610;155 663 530;B01;1;33;0;2;4;3;1;
202300009610;155 663 531;A01;1;31;0;2;1;3;1;
202300009610;155 663 532;C01;1;10;0;2;2;2;1;
202300009611;155 663 527;A01;2;7;0;2;1;1;1;
202300009611;155 663 529;B01;1;7;0;2;8;1;1;
202300009612;155 663 525;A01;3;7;1;0;0;0;1;
202300009613;155 663 524;A01;2;7;0;2;8;11;1;
202300009613;155 663 526;B01;2;31;0;2;2;3;1;
202300009614;155 663 523;A01;2;37;0;1;2;1;0;1
202300009615;155 663 521;A01;1;10;0;1;8;1;1;
202300009616;155 663 518;C01;2;7;0;2;3;1;1;
202300009616;155 663 520;A01;2;10;0;2;1;14;1;
202300009616;155 663 522;B01;2;31;6;2;7;25;1;
202300009617;155 663 517;B01;2;2;0;2;1;1;1;
202300009617;155 663 519;A01;1;7;0;2;7;19;1;
202300009618;155 663 516;A01;1;80;0;1;1;1;3;
202300009619;155 663 515;A01;1;7;0;1;3;9;1;
202300009620;155 663 512;A01;2;37;0;2;0;1;3;1
202300009620;155 663 514;B01;2;1;0;2;0;1;5;
202300009621;155 663 513;A01;2;7;0;1;1;1;1;
202300009622;155 663 510;A01;3;50;0;2;1;1;3;
202300009622;155 663 511;B01;3;7;0;2;2;16;1;
202300009623;155 663 507;B01;1;7;0;2;5;15;1;
202300009623;155 663 509;A01;2;33;0;2;2;1;1;
202300009624;155 663 506;A01;2;10;0;1;1;1;1;
202300009625;155 663 505;A01;1;7;0;2;2;19;1;
202300009625;155 663 508;B01;2;1;0;2;1;1;5;
202300009626;155 663 503;A01;1;7;0;2;2;5;2;
202300009626;155 663 504;B01;1;10;0;2;2;5;0;
202300009627;155 663 501;A01;1;50;14;0;1;1;3;
202300009628;155 663 498;B01;1;7;0;2;3;20;3;
202300009628;155 663 500;A01;2;1;0;2;1;5;5;
202300009629;155 663 499;A01;3;1;0;2;8;19;5;
202300009629;155 663 502;B01;1;7;0;2;2;1;1;
202300009630;155 663 495;A01;1;50;0;1;1;1;3;
202300009631;155 663 496;A01;1;7;0;2;1;15;1;
202300009631;155 663 497;B01;1;1;0;2;1;1;5;
202300009632;155 663 492;A01;0;7;0;2;2;17;1;
202300009632;155 663 494;B01;0;7;0;2;3;15;1;
202300009633;155 663 491;A01;3;7;0;2;2;15;1;
202300009633;155 663 493;B01;1;43;0;2;3;1;1;
202300009634;155 663 490;A01;2;7;0;1;1;1;1;
202300009635;155 663 489;A01;3;80;12;0;2;9;3;
202300009636;155 663 487;B01;0;1;0;2;1;0;5;
202300009636;155 663 488;A01;0;7;0;2;7;15;1;
202300009637;155 663 485;A01;3;7;0;1;0;26;1;
202300009638;155 663 484;A01;2;30;0;2;1;2;1;
202300009638;155 663 486;B01;2;7;0;2;6;2;1;
202300009639;155 663 483;A01;2;7;0;1;2;1;1;
202300009640;155 663 481;Z01;2;30;0;1;1;1;0;
202300009641;155 663 480;B01;3;10;0;2;3;1;1;
202300009641;155 663 482;A01;3;7;9;2;3;1;1;
202300009642;155 663 477;B01;1;7;0;2;7;1;2;
202300009642;155 663 479;A01;1;33;0;2;1;18;1;
202300009643;155 663 476;A01;1;7;0;2;2;1;1;
202300009643;155 663 478;B01;3;50;0;2;1;19;3;
202300009644;155 663 475;A01;3;7;0;1;1;1;1;
202300009645;155 663 472;A01;2;7;0;2;1;0;2;
202300009645;155 663 474;B01;1;7;0;2;1;1;1;
202300009646;155 663 471;A01;1;7;1;2;3;22;1;
202300009646;155 663 473;B01;1;1;1;2;1;1;5;
202300009647;155 663 468;A01;2;30;0;1;1;5;1;
202300009648;155 663 465;A01;1;33;0;2;1;18;1;
202300009648;155 663 467;B01;2;7;0;2;5;15;1;
202300009649;155 663 466;A01;1;33;0;0;0;1;1;
202300009650;155 663 464;Z01;2;1;0;1;0;1;5;
202300009651;155 663 462;B01;2;2;0;2;7;1;3;
202300009651;155 663 463;A01;2;7;0;2;6;13;2;
202300009652;155 663 459;A01;2;7;0;1;2;1;1;
202300009653;155 663 458;A01;1;7;0;2;1;2;1;
202300009653;155 663 460;B01;1;7;0;2;7;1;1;
202300009653;155 663 461;C01;1;7;0;2;4;1;1;
202300009654;155 663 455;A01;2;30;0;2;1;1;1;
202300009654;155 663 457;B01;1;10;0;2;1;1;3;
202300009655;155 663 453;B01;2;33;0;2;4;2;1;
202300009655;155 663 454;C01;2;14;0;2;4;2;1;
202300009655;155 663 456;A01;2;7;0;2;1;2;1;
202300009656;155 663 449;A01;1;7;0;9;3;15;1;
202300009656;155 663 451;B01;2;1;0;2;1;8;5;
202300009657;155 663 450;A01;1;34;0;1;1;17;1;
202300009658;155 663 447;A01;3;7;0;2;1;1;1;
202300009658;155 663 448;B01;3;7;0;2;3;9;2;
202300009659;155 663 445;B01;3;50;0;2;5;2;3;
202300009659;155 663 446;A01;3;7;0;2;2;2;0;
202300009660;155 663 442;A01;0;7;0;2;1;15;1;
202300009660;155 663 444;B01;0;7;0;2;8;1;1;
202300009661;155 663 441;A01;3;7;0;0;5;1;1;
202300009661;155 663 443;B01;0;1;0;2;1;1;5;
202300009662;155 663 440;A01;1;33;14;0;1;9;1;
202300009663;155 663 437;B01;0;50;0;9;7;16;3;
202300009663;155 663 439;A01;2;7;0;2;8;26;2;
202300009664;155 663 438;A01;2;7;2;0;1;1;1;
202300009665;155 663 434;B01;3;7;0;2;1;0;1;
202300009665;155 663 435;A01;0;2;0;2;1;0;1;
202300009666;155 663 433;A01;0;7;0;2;3;26;1;
202300009666;155 663 436;B01;0;7;0;2;3;0;1;
202300009667;155 663 430;A01;1;7;0;2;1;1;1;
202300009667;155 663 431;B01;2;7;0;2;1;1;0;
202300009668;155 663 429;B01;2;60;0;9;7;0;5;
202300009668;155 663 432;A01;3;2;0;9;0;0;1;
202300009669;155 663 427;A01;1;7;0;2;2;16;1;
202300009669;155 663 428;B01;1;2;0;2;7;16;1;
202300009670;155 663 425;A01;2;7;0;2;2;17;1;
202300009670;155 663 426;B01;2;7;0;2;6;1;1;
202300009671;155 663 422;B01;2;7;0;2;5;1;1;
202300009671;155 663 424;A01;2;7;0;2;2;26;1;
202300009672;155 663 423;A01;0;7;0;1;4;20;1;
202300009673;155 663 418;B01;3;30;0;2;7;19;1;
202300009673;155 663 421;A01;2;7;0;2;2;1;2;
202300009674;155 663 419;A01;2;7;0;9;7;16;1;
202300009674;155 663 420;B01;2;99;0;2;1;18;0;
202300009675;155 663 415;A01;1;7;0;2;0;0;0;
202300009675;155 663 417;B01;2;7;14;0;1;2;0;
202300009676;155 663 414;A01;0;7;0;1;5;4;1;
202300009677;155 663 413;Z01;0;10;0;1;1;16;1;
202300009678;155 663 409;B01;3;7;0;2;5;2;1;
202300009678;155 663 410;Z01;3;10;0;2;1;2;1;
202300009678;155 663 411;A01;3;7;0;2;4;2;1;
202300009678;155 663 412;C01;3;7;0;2;4;2;1;
202300009679;155 663 405;B01;3;7;0;2;2;15;1;
202300009679;155 663 407;A01;3;7;0;2;1;16;1;
202300009680;155 663 406;A01;3;7;0;2;3;19;1;
202300009680;155 663 408;B01;3;33;14;2;1;1;1;
202300009681;155 663 401;A01;3;2;0;2;1;17;1;
202300009681;155 663 403;B01;3;7;0;2;3;15;1;
202300009682;155 663 398;B01;1;7;0;2;2;0;1;
202300009682;155 663 400;A01;1;7;0;2;8;2;1;
202300009683;155 663 397;A01;1;34;0;2;1;14;3;
202300009683;155 663 399;B01;3;7;0;2;5;14;1;
202300009684;155 663 396;A01;2;7;8;0;1;1;1;
202300009685;155 663 393;A01;0;7;0;2;1;10;1;
202300009685;155 663 395;B01;2;32;8;2;8;21;1;
202300009686;155 663 392;Y01;3;60;0;2;0;0;5;
202300009686;155 663 394;A01;1;10;0;2;2;2;1;
202300009687;155 663 390;A01;1;7;0;2;2;15;1;
202300009687;155 663 391;B01;2;30;0;2;1;1;0;
202300009688;155 663 389;A01;1;10;0;1;1;11;1;
202300009689;155 663 386;B01;3;7;0;2;8;1;1;
202300009689;155 663 388;A01;3;7;0;2;3;15;1;
202300009690;155 663 385;B01;2;7;1;2;1;1;0;
202300009690;155 663 387;A01;1;7;0;2;3;13;1;
202300009691;155 663 384;A01;1;7;0;1;3;15;1;
202300009692;155 663 383;A01;3;10;1;1;4;4;1;
202300009693;155 663 382;A01;2;7;0;1;3;1;1;
202300009694;155 663 379;B01;1;33;0;2;1;1;1;
202300009694;155 663 380;A01;2;7;9;0;5;15;3;
202300009695;155 663 378;B01;1;34;0;2;8;1;1;
202300009695;155 663 381;A01;2;50;0;2;0;19;3;
202300009696;155 663 376;B01;3;2;0;2;1;1;1;
202300009696;155 663 377;A01;3;7;0;2;1;15;0;
202300009697;155 663 375;A01;1;37;0;1;1;15;1;1
202300009698;155 663 373;B01;1;7;3;2;4;1;1;
202300009698;155 663 374;A01;1;7;3;2;1;2;1;
202300009699;155 663 372;A01;1;7;2;0;3;14;1;
202300009700;155 663 370;B01;3;1;0;2;1;2;5;
202300009700;155 663 371;A01;3;7;0;2;5;23;2;
202300009701;155 663 368;B01;2;7;0;2;3;21;1;
202300009701;155 663 369;A01;1;7;0;2;6;10;1;
202300009702;155 663 367;A01;1;7;15;0;2;1;1;
202300009703;155 663 365;B01;1;2;0;2;1;1;1;
202300009703;155 663 366;A01;1;80;0;2;6;15;3;
202300009704;155 663 361;A01;1;7;0;2;1;2;1;
202300009704;155 663 363;B01;1;7;0;2;5;1;1;
202300009705;155 663 362;B01;1;15;13;2;1;5;1;
202300009705;155 663 364;A01;2;7;0;2;1;1;1;
202300009706;155 663 358;B01;1;1;0;2;1;1;5;
202300009706;155 663 360;A01;2;2;0;9;1;1;1;
202300009707;155 663 357;A01;2;7;0;0;6;11;1;
202300009707;155 663 359;B01;2;2;0;2;2;17;1;
202300009708;155 663 355;B01;2;30;0;2;3;1;1;
202300009708;155 663 356;A01;1;7;0;2;3;15;1;
202300009709;155 663 353;A01;1;7;0;1;1;1;1;
202300009710;155 663 352;A01;2;7;0;2;3;13;1;
202300009710;155 663 354;B01;1;7;0;2;3;1;1;
202300009711;155 663 350;B01;3;10;0;2;2;15;1;
202300009711;155 663 351;A01;3;32;0;2;1;1;1;
202300009712;155 663 347;A01;1;7;0;2;1;2;1;
202300009712;155 663 348;B01;1;17;0;2;4;1;1;
202300009713;155 663 344;A01;2;30;0;2;3;17;3;
202300009713;155 663 346;B01;2;7;0;2;3;15;1;
202300009714;155 663 343;B01;2;33;0;2;1;1;1;
202300009714;155 663 345;A01;1;7;0;2;2;15;1;
202300009715;155 663 340;A01;1;7;0;2;1;1;1;
202300009715;155 663 341;B01;1;7;0;2;5;1;1;
202300009715;155 663 342;C01;1;10;0;2;4;1;1;
202300009716;155 663 336;A01;2;7;2;0;1;1;1;
202300009717;155 663 335;A01;1;7;0;2;1;1;1;
202300009717;155 663 337;C01;1;7;0;2;6;0;1;
202300009717;155 663 338;B01;1;7;0;2;5;6;1;
202300009718;155 663 333;A01;3;10;0;1;2;16;1;
202300009719;155 663 332;A01;1;7;0;9;1;1;1;
202300009719;155 663 334;B01;1;1;0;2;3;15;5;
202300009720;155 663 330;A01;1;7;0;2;1;1;1;
202300009720;155 663 331;B01;2;7;0;2;1;23;1;
202300009721;155 663 326;A01;2;7;0;2;2;5;1;
202300009721;155 663 328;B01;1;7;0;2;2;1;1;
202300009721;155 663 329;C01;2;7;0;2;1;1;1;
202300009722;155 663 325;B01;2;1;0;2;1;1;5;
202300009722;155 663 327;A01;1;7;0;2;2;15;1;
202300009723;155 663 323;A01;3;10;0;1;4;4;3;
202300009724;155 663 322;A01;2;7;0;2;1;15;1;
202300009724;155 663 324;B01;1;7;0;2;1;1;1;
202300009725;155 663 321;A01;2;3;0;1;1;16;3;
202300009726;155 663 320;A01;2;7;2;0;1;15;1;
202300009727;155 663 318;A01;3;33;0;2;7;1;1;
202300009727;155 663 319;B01;0;7;0;2;1;9;1;
202300009728;155 663 316;A01;3;7;14;0;1;1;1;
202300009729;155 663 317;A01;1;2;9;0;7;1;1;
202300009730;155 663 311;A01;3;7;0;2;1;13;1;
202300009730;155 663 313;B01;3;7;0;2;3;21;1;
202300009730;155 663 315;C01;3;7;0;2;1;1;1;
202300009731;155 663 312;B01;2;2;0;2;4;15;1;
202300009731;155 663 314;A01;1;7;0;2;3;9;1;
202300009732;155 663 310;A01;1;7;2;0;1;14;1;
202300009733;155 663 308;A01;2;7;0;1;3;15;1;
202300009734;155 663 307;A01;1;2;0;2;1;17;1;
202300009734;155 663 309;B01;1;7;0;9;8;15;1;
202300009735;155 663 304;A01;1;10;0;1;2;1;1;
202300009736;155 663 302;A01;1;43;13;0;1;0;1;
202300009737;155 663 301;Z01;0;7;0;1;1;26;1;
202300009738;155 663 299;A01;1;2;0;0;9;15;1;
202300009738;155 663 300;B01;1;7;0;2;2;17;1;
202300009739;155 663 297;A01;3;7;0;2;3;13;1;
202300009739;155 663 298;B01;3;7;0;2;3;1;1;
202300009740;155 663 295;A01;2;7;0;2;1;0;1;
202300009740;155 663 296;B01;1;7;0;2;1;1;1;
202300009741;155 663 293;B01;2;33;0;2;1;1;1;
202300009741;155 663 294;A01;2;10;0;2;2;1;1;
202300009742;155 663 289;B01;1;7;0;2;3;1;1;
202300009742;155 663 291;A01;1;2;0;2;1;1;1;
202300009743;155 663 288;B01;2;7;0;2;3;1;1;
202300009743;155 663 290;C01;2;7;0;2;2;2;1;
202300009743;155 663 292;A01;1;7;0;2;3;13;1;
202300009744;155 663 286;A01;1;10;0;2;4;23;1;
202300009744;155 663 287;B01;1;1;0;2;0;0;5;
202300009745;155 663 284;A01;1;7;0;0;6;1;1;
202300009745;155 663 285;B01;1;2;0;2;1;1;1;
202300009746;155 663 280;A01;1;7;0;2;1;13;1;
202300009746;155 663 282;B01;2;10;0;2;1;1;1;
202300009747;155 663 278;B01;1;7;0;2;3;23;1;
202300009747;155 663 279;C01;2;7;0;2;3;1;1;
202300009747;155 663 281;A01;2;7;0;2;3;15;1;
202300009748;155 663 276;A01;3;10;0;0;0;0;0;
202300009749;155 663 277;A01;3;2;8;0;1;14;1;
202300009750;155 663 273;A01;1;7;0;2;3;13;1;
202300009750;155 663 274;B01;2;7;0;2;3;1;1;
202300009750;155 663 275;C01;2;7;0;2;3;1;1;
202300009751;155 663 271;B01;2;31;0;2;7;1;3;
202300009751;155 663 272;A01;1;7;0;2;2;9;1;
202300009752;155 663 270;A01;1;7;0;1;3;15;1;
202300009753;155 663 268;A01;1;7;0;2;2;2;1;
202300009753;155 663 269;B01;1;10;0;2;6;2;1;
202300009754;155 663 265;A01;3;7;0;2;1;13;1;
202300009754;155 663 266;B01;3;7;0;2;3;0;1;
202300009754;155 663 267;C01;3;7;0;2;1;1;1;
202300009755;155 663 264;A01;3;7;0;1;1;1;1;
202300009756;155 663 263;A01;1;7;0;2;1;1;1;
202300009757;155 663 262;A01;2;7;8;1;3;21;1;
202300009758;155 663 260;A01;2;30;1;2;6;2;1;
202300009758;155 663 261;B01;1;7;1;0;0;0;1;
202300009759;155 663 259;A01;0;7;0;0;1;21;1;
202300009760;155 663 258;A01;2;7;0;1;1;1;0;
202300009761;155 663 257;A01;3;7;0;1;2;16;0;
202300009762;155 663 256;A01;1;7;0;1;1;19;1;
202300009763;155 663 255;AB01;0;41;1;0;1;2;-1;
202300009764;155 663 254;A01;1;7;5;0;2;14;1;
202300009765;155 663 253;A01;1;7;13;0;2;1;1;
202300009766;155 663 251;A01;1;2;0;2;1;1;1;
202300009766;155 663 252;B01;1;1;0;2;8;19;5;
202300009767;155 663 250;A01;1;7;0;1;1;1;1;
202300009768;155 663 248;A01;1;7;0;2;2;19;1;
202300009768;155 663 249;B01;2;7;0;2;6;1;1;
202300009769;155 663 246;B01;1;7;0;2;4;2;1;
202300009769;155 663 247;A01;1;10;0;2;1;2;1;
202300009770;155 663 244;B01;1;7;0;2;4;2;1;
202300009770;155 663 245;A01;1;7;0;2;1;2;1;
202300009771;155 663 243;A01;2;7;13;0;1;13;1;
202300009772;155 663 241;B01;2;33;0;2;1;2;1;
202300009772;155 663 242;A01;2;7;0;0;6;15;1;
202300009773;155 663 239;A01;1;7;0;2;2;15;1;
202300009773;155 663 240;B01;2;7;0;2;2;0;1;
202300009774;155 663 237;A01;3;99;0;2;1;1;1;
202300009774;155 663 238;B01;1;7;0;2;6;1;1;
202300009775;155 663 236;A01;1;7;0;1;7;1;1;
202300009776;155 663 234;B01;3;7;0;2;5;12;0;
202300009776;155 663 235;A01;3;7;0;2;3;17;1;
202300009777;155 663 233;A01;2;7;0;1;1;26;1;
202300009778;155 663 232;A01;1;7;0;1;1;16;1;
202300009779;155 663 231;A01;2;33;0;1;2;1;1;
202300009780;155 663 229;A01;2;7;0;2;1;9;1;
202300009780;155 663 230;B01;1;7;0;2;7;1;1;
202300009781;155 663 228;A01;0;50;0;0;1;1;3;
202300009782;155 663 226;A01;2;30;0;2;1;1;1;
202300009782;155 663 227;B01;2;10;0;2;4;1;0;
202300009783;155 663 225;A01;2;7;0;1;3;16;0;
202300009784;155 663 223;B01;3;7;0;2;5;9;2;
202300009784;155 663 224;A01;1;7;0;2;3;1;1;
202300009785;155 663 222;A01;2;7;0;1;1;2;1;
202300009786;155 663 220;B01;1;31;0;2;7;1;1;
202300009786;155 663 221;Z01;1;7;0;2;1;16;0;
202300009787;155 663 218;B01;1;7;0;0;4;1;1;
202300009787;155 663 219;A01;1;7;0;2;1;2;1;
202300009788;155 663 217;A01;1;7;8;0;1;13;1;
202300009789;155 663 215;B01;2;7;0;2;1;1;1;
202300009789;155 663 216;A01;1;33;0;2;1;13;1;
202300009790;155 663 213;B01;3;7;0;0;4;26;1;
202300009790;155 663 214;A01;0;7;0;2;1;1;1;
202300009791;155 663 211;B01;2;7;0;2;5;15;3;
202300009791;155 663 212;A01;1;33;14;0;7;1;1;
202300009792;155 663 209;B01;1;10;0;0;2;1;1;
202300009792;155 663 210;A01;2;30;0;2;1;1;1;
202300009793;155 663 207;A01;3;7;0;2;2;12;2;
202300009793;155 663 208;B01;3;32;12;2;9;1;1;
202300009794;155 663 205;A01;2;7;0;2;1;15;1;
202300009794;155 663 206;B01;1;7;5;2;7;0;1;
202300009795;155 663 203;A01;1;32;0;2;1;17;1;
202300009795;155 663 204;B01;1;7;0;2;3;15;1;
202300009796;155 663 202;A01;3;7;0;1;2;0;1;
202300009797;155 663 201;A01;0;7;0;1;1;26;1;
202300009798;155 663 199;A01;1;43;0;2;1;2;1;
202300009798;155 663 200;B01;1;10;0;2;6;2;1;
202300009799;155 663 197;B01;2;7;0;2;5;2;2;
202300009799;155 663 198;A01;2;10;0;2;3;2;1;
202300009800;155 663 195;B01;2;31;0;2;4;2;3;
202300009800;155 663 196;A01;2;7;0;2;2;2;1;
202300009801;155 663 194;A01;2;1;0;5;2;1;5;
202300009802;155 663 193;Z01;1;30;0;1;7;1;-1;
202300009803;155 663 191;Z01;2;33;0;2;1;1;0;
202300009803;155 663 192;A01;1;1;0;2;7;1;5;
202300009804;155 663 190;A01;2;50;0;1;1;1;3;
202300009805;155 663 188;A01;2;7;0;2;3;15;2;
202300009805;155 663 189;B01;2;50;0;2;1;1;3;
202300009806;155 663 186;B01;1;7;0;2;2;16;2;
202300009806;155 663 187;A01;2;1;0;2;1;19;5;
202300009807;155 663 185;A01;1;7;0;1;7;1;1;
202300009808;155 663 184;A01;1;1;0;1;1;1;5;
202300009809;155 663 182;B01;2;1;0;2;0;15;5;
202300009809;155 663 183;A01;2;10;0;2;0;17;1;
202300009810;155 663 181;A01;3;7;0;1;3;0;1;
202300009811;155 663 179;A01;2;33;0;2;1;17;1;
202300009811;155 663 180;B01;1;7;0;2;7;15;1;
202300009812;155 663 177;B01;1;50;0;2;1;1;3;
202300009812;155 663 178;A01;2;7;0;2;7;1;2;
202300009813;155 663 175;A01;2;7;0;2;7;20;1;
202300009813;155 663 176;B01;2;50;0;2;7;0;3;
202300009814;155 663 173;A01;0;7;0;2;1;2;1;
202300009814;155 663 174;B01;0;7;0;2;4;2;1;
202300009815;155 663 172;A01;1;7;0;2;0;0;1;
202300009816;155 663 171;A01;2;10;0;1;2;2;1;
202300009817;155 663 169;C01;2;50;0;2;1;1;3;
202300009817;155 663 170;A01;2;7;0;2;5;16;1;
202300009818;155 663 167;B01;1;2;0;2;1;17;1;
202300009818;155 663 168;A01;1;7;0;2;3;15;1;
202300009819;155 663 165;A01;2;7;0;2;2;1;1;
202300009819;155 663 166;B01;2;7;0;2;1;1;1;
202300009820;155 663 163;B01;3;7;0;2;3;16;1;
202300009820;155 663 164;A01;3;7;0;2;2;21;1;
202300009821;155 663 162;A01;2;7;0;1;2;1;0;
202300009822;155 663 160;A01;2;10;0;2;6;20;1;
202300009822;155 663 161;B01;2;33;0;2;3;21;1;
202300009823;155 663 157;B01;1;7;1;0;6;2;0;
202300009823;155 663 158;A01;1;10;1;0;1;2;3;
202300009823;155 663 159;C01;1;43;1;0;1;2;1;
202300009824;155 663 155;B01;2;50;0;2;2;1;3;
202300009824;155 663 156;A01;2;7;0;2;3;20;1;
202300009825;155 663 153;B01;2;7;0;2;3;15;0;
202300009825;155 663 154;A01;1;42;0;2;1;1;1;
202300009826;155 663 152;A01;2;10;0;1;1;1;1;
202300009827;155 663 150;A01;1;33;0;2;7;1;1;
202300009827;155 663 151;B01;1;7;0;2;1;15;1;
202300009828;155 663 149;A01;3;7;0;1;1;1;1;
202300009829;155 663 147;B01;1;39;0;2;1;1;3;
202300009829;155 663 148;A01;1;7;15;4;7;5;1;
202300009830;155 663 145;B01;1;7;0;2;8;1;1;
202300009830;155 663 146;A01;2;7;0;2;1;15;1;
202300009831;155 663 143;A01;1;10;13;2;6;24;1;
202300009831;155 663 144;B01;1;7;0;2;2;21;1;
202300009832;155 663 141;B01;1;7;0;2;4;1;1;
202300009832;155 663 142;A01;1;33;0;2;1;2;1;
202300009833;155 663 140;A01;1;7;4;0;3;0;1;
202300009834;155 663 138;A01;1;34;0;2;8;2;1;
202300009834;155 663 139;Z01;1;7;0;2;7;12;1;
202300009835;155 663 136;A01;2;7;0;2;7;12;1;
202300009835;155 663 137;B01;2;33;0;2;8;3;1;
202300009836;155 663 135;A01;1;10;0;1;3;15;1;
202300009837;155 663 133;A01;1;7;0;2;2;1;1;
202300009837;155 663 134;B01;1;32;-1;2;1;15;-1;
202300009838;155 663 131;B01;1;7;0;2;8;0;1;