Num_Acc;id_vehicule;num_veh;senc;catv;obs;obsm;choc;manv;motor;occutc
202300010397;155 662 134;A01;3;7;0;2;0;9;1;
202300010397;155 662 140;B01;0;31;0;2;0;1;1;
202300010398;155 662 129;A01;1;7;0;2;4;1;1;
202300010398;155 662 132;B01;1;7;0;2;4;2;1;
202300010398;155 662 135;C01;1;7;0;2;4;2;1;
202300010398;155 662 138;D01;1;7;0;2;1;2;1;
202300010399;155 662 127;A01;1;7;0;2;3;15;1;
202300010399;155 662 139;B01;2;33;0;2;1;1;1;
202300010399;155 662 142;C01;1;7;0;2;1;1;1;
202300010400;155 662 125;A01;2;10;0;2;1;2;1;
202300010400;155 662 128;B01;2;10;0;2;4;2;1;
202300010400;155 662 133;C01;2;10;0;2;4;2;1;
202300010401;155 662 122;C01;3;7;0;2;8;1;1;
202300010401;155 662 126;B01;3;7;0;2;8;1;1;
202300010401;155 662 131;A01;3;7;2;2;9;17;1;
202300010402;155 662 124;A01;1;33;0;2;1;1;0;
202300010402;155 662 130;B01;1;7;9;0;7;6;1;
202300010403;155 662 119;A01;2;7;0;2;7;12;1;
202300010403;155 662 121;B01;2;33;0;2;1;1;1;
202300010404;155 662 120;A01;1;7;0;2;3;9;1;
202300010404;155 662 123;B01;2;1;0;2;1;1;0;
202300010405;155 662 113;A01;0;7;0;2;1;2;1;
202300010405;155 662 115;B01;0;7;0;2;4;2;1;
202300010406;155 662 111;A01;1;7;0;2;2;15;0;
202300010406;155 662 116;B01;2;7;0;2;1;0;0;
202300010407;155 662 107;A01;1;7;0;2;7;2;1;
202300010407;155 662 110;B01;1;7;0;2;4;2;1;
202300010407;155 662 117;C01;1;7;0;2;1;2;1;
202300010408;155 662 112;A01;1;7;0;2;2;15;1;
202300010408;155 662 118;B01;2;33;0;2;1;1;1;
202300010409;155 662 103;B01;2;7;0;2;4;2;2;
202300010409;155 662 105;C01;2;7;0;2;4;2;1;
202300010409;155 662 109;D01;2;7;0;2;4;2;1;
202300010409;155 662 114;A01;2;7;0;2;1;2;1;
202300010410;155 662 102;A01;2;7;0;1;1;1;1;
202300010411;155 662 100;A01;1;7;0;2;8;1;1;
202300010411;155 662 101;B01;1;14;0;2;2;12;1;
202300010412;155 662 097;A01;1;7;0;2;1;1;1;
202300010412;155 662 104;B01;2;7;0;2;1;13;1;
202300010413;155 662 095;A01;2;7;0;2;1;13;1;
202300010413;155 662 098;B01;1;7;0;2;3;1;1;
202300010414;155 662 094;A01;2;7;0;2;1;2;0;
202300010414;155 662 096;B01;2;7;0;2;4;2;0;
202300010415;155 662 092;A01;2;7;0;2;6;9;1;
202300010415;155 662 099;B01;2;7;0;2;1;9;1;
202300010416;155 662 090;A01;1;7;0;1;3;21;1;
202300010417;155 662 089;A01;1;32;0;2;7;1;1;
202300010417;155 662 093;B01;3;10;0;2;5;4;1;
202300010418;155 662 088;B01;2;10;0;2;1;1;4;
202300010418;155 662 091;A01;2;7;0;2;4;14;1;
202300010419;155 662 085;A01;1;7;0;2;1;2;0;
202300010419;155 662 087;B01;1;7;0;2;4;2;0;
202300010420;155 662 081;A01;1;7;0;1;8;15;1;
202300010421;155 662 083;A01;1;7;0;2;3;15;1;
202300010421;155 662 086;B01;1;33;0;2;2;17;1;
202300010422;155 662 078;A01;1;7;0;2;1;13;1;
202300010422;155 662 084;B01;2;7;0;2;1;1;1;
202300010423;155 662 080;A01;3;50;0;2;1;5;3;
202300010423;155 662 082;B01;3;7;0;2;2;9;1;
202300010424;155 662 075;A01;1;7;0;2;2;2;1;
202300010424;155 662 077;B01;1;7;0;2;6;1;3;
202300010425;155 662 073;A01;2;7;0;2;1;2;1;
202300010425;155 662 076;C01;2;10;0;2;4;2;1;
202300010425;155 662 079;B01;2;10;0;2;4;2;1;
202300010426;155 662 072;A01;3;10;2;0;1;1;1;
202300010427;155 662 071;A01;1;7;2;0;1;1;1;
202300010428;155 662 070;B01;2;7;0;2;1;1;6;
202300010428;155 662 074;A01;2;7;0;2;1;15;0;
202300010429;155 662 064;A01;2;7;0;1;1;2;1;
202300010430;155 662 066;A01;1;99;0;2;8;19;1;
202300010430;155 662 068;B01;1;7;0;2;1;9;1;
202300010431;155 662 063;A01;2;7;0;2;4;2;0;
202300010431;155 662 067;B01;2;7;0;2;1;1;0;
202300010431;155 662 069;C01;2;7;0;2;1;1;0;
202300010432;155 662 062;A01;1;33;0;2;2;3;1;
202300010432;155 662 065;Z01;1;7;0;2;6;11;0;
202300010433;155 662 060;A01;2;7;0;1;3;26;1;
202300010434;155 662 058;A01;2;7;4;0;2;2;1;
202300010435;155 662 056;B01;1;7;0;2;1;13;1;
202300010435;155 662 061;A01;1;33;0;0;8;15;1;
202300010436;155 662 055;A01;2;7;0;2;1;1;1;
202300010436;155 662 059;B01;1;7;0;2;7;13;1;
202300010437;155 662 052;B01;1;10;0;2;1;1;1;
202300010437;155 662 057;A01;2;7;0;2;1;11;1;
202300010438;155 662 051;A01;1;7;0;2;1;1;1;
202300010438;155 662 054;B01;1;7;0;2;4;1;1;
202300010439;155 662 049;B01;2;1;0;2;7;1;5;
202300010439;155 662 053;A01;1;10;0;2;1;15;1;
202300010440;155 662 048;A01;1;7;13;0;2;1;1;
202300010441;155 662 047;A01;1;33;0;2;1;2;1;
202300010441;155 662 050;B01;1;10;0;2;4;11;1;
202300010442;155 662 046;A01;2;2;12;0;1;2;1;
202300010443;155 662 042;A01;3;7;13;0;1;1;1;
202300010444;155 662 040;B01;2;33;0;2;5;26;0;
202300010444;155 662 044;A01;2;7;0;2;3;0;1;
202300010445;155 662 039;A01;1;7;0;1;1;1;1;
202300010446;155 662 037;A01;1;10;0;2;1;2;1;
202300010446;155 662 041;B01;1;7;0;2;4;2;1;
202300010447;155 662 035;A01;1;7;0;0;1;21;1;
202300010447;155 662 038;B01;2;7;0;0;2;21;1;
202300010448;155 662 032;A01;1;7;0;2;3;13;1;
202300010448;155 662 034;B01;2;7;0;2;3;1;1;
202300010449;155 662 033;A01;2;32;0;2;1;3;1;
202300010449;155 662 036;B01;1;7;0;2;1;9;1;
202300010450;155 662 030;Z01;1;7;0;1;1;1;1;
202300010451;155 662 029;B01;1;99;0;2;8;22;1;
202300010451;155 662 031;A01;1;30;0;2;2;17;3;
202300010452;155 662 028;A01;3;7;0;1;4;26;1;
202300010453;155 662 027;A01;2;7;13;0;2;1;1;
202300010454;155 662 026;A01;1;7;6;0;1;19;1;
202300010455;155 662 024;A01;1;33;5;0;8;1;1;
202300010456;155 662 021;A01;2;10;0;2;8;11;1;
202300010456;155 662 023;B01;2;33;0;2;7;2;1;
202300010457;155 662 020;A01;1;7;0;2;3;15;1;
202300010457;155 662 025;B01;1;7;0;2;2;1;1;
202300010458;155 662 018;A01;1;7;0;2;3;15;1;
202300010458;155 662 022;B01;1;30;0;2;1;1;1;
202300010459;155 662 014;A01;2;1;10;0;4;2;5;
202300010460;155 662 013;A01;2;7;0;2;3;11;1;
202300010460;155 662 015;B01;2;33;0;2;2;1;1;
202300010461;155 662 011;A01;1;7;0;2;5;17;1;
202300010461;155 662 019;B01;1;7;0;2;3;1;1;
202300010462;155 662 012;B01;1;37;0;2;1;1;2;1
202300010462;155 662 017;A01;2;30;0;2;1;1;1;
202300010463;155 662 010;A01;1;10;0;1;1;15;1;
202300010464;155 662 009;B01;2;7;0;2;3;15;2;
202300010464;155 662 016;A01;1;7;0;2;1;15;1;
202300010465;155 662 003;B01;2;7;0;2;1;1;1;
202300010465;155 662 007;A01;2;7;0;2;4;1;1;
202300010466;155 662 002;A01;2;7;0;1;1;1;1;
202300010467;155 662 008;A01;1;33;3;0;0;0;1;
202300010468;155 662 000;B01;3;7;0;0;3;0;1;
202300010468;155 662 006;A01;3;7;0;2;1;1;1;
202300010469;155 662 001;A01;2;7;0;2;1;16;1;
202300010469;155 662 004;B01;1;7;0;2;8;15;1;
202300010470;155 661 999;B01;2;33;0;2;1;13;1;
202300010470;155 662 005;A01;2;7;0;2;3;15;1;
202300010471;155 661 996;A01;1;31;0;2;1;3;1;
202300010471;155 661 998;B01;1;10;0;2;4;1;1;
202300010472;155 661 993;A01;1;7;0;2;8;15;1;
202300010472;155 661 997;B01;2;2;0;2;1;1;1;
202300010473;155 661 991;A01;1;7;10;0;2;14;1;
202300010473;155 661 994;B01;2;21;0;0;0;1;0;
202300010474;155 661 988;B01;3;2;0;2;8;15;1;
202300010474;155 661 995;A01;3;10;0;2;2;1;1;
202300010475;155 661 990;A01;1;50;0;1;1;25;3;
202300010476;155 661 987;A01;2;80;0;2;1;1;3;
202300010476;155 661 992;B01;2;7;0;2;8;1;1;
202300010477;155 661 982;B01;1;7;0;2;2;1;1;
202300010477;155 661 986;A01;1;7;0;2;6;20;1;
202300010478;155 661 981;A01;1;2;0;2;1;1;1;
202300010478;155 661 984;B01;2;2;0;2;1;13;1;
202300010479;155 661 980;A01;2;7;0;2;1;1;1;
202300010479;155 661 983;B01;2;7;0;2;4;1;1;
202300010479;155 661 985;D01;2;7;0;2;4;1;1;
202300010479;155 661 989;C01;2;7;0;2;4;1;1;
202300010480;155 661 979;A01;1;7;0;0;1;2;1;
202300010481;155 661 975;B01;2;7;0;2;4;20;1;
202300010481;155 661 978;A01;2;7;0;2;1;2;1;
202300010482;155 661 973;A01;1;37;0;1;0;26;1;1
202300010483;155 661 972;B01;1;7;4;2;8;0;1;
202300010483;155 661 974;A01;1;7;4;2;7;26;1;
202300010484;155 661 971;A01;3;21;0;2;1;16;1;
202300010484;155 661 977;B01;2;33;0;2;8;17;1;
202300010485;155 661 970;A01;1;2;15;0;8;26;1;
202300010486;155 661 965;A01;1;7;14;2;1;26;1;
202300010486;155 661 969;B01;2;7;0;2;3;26;6;
202300010487;155 661 963;B01;3;1;14;2;7;26;5;
202300010487;155 661 968;A01;3;10;14;2;1;9;0;
202300010488;155 661 964;B01;1;7;0;2;7;2;0;
202300010488;155 661 967;A01;1;2;0;2;8;2;1;
202300010489;155 661 962;B01;1;7;0;2;4;12;1;
202300010489;155 661 966;A01;1;34;0;2;1;3;1;
202300010490;155 661 961;A01;3;33;0;0;8;26;1;
202300010491;155 661 956;A01;3;7;15;0;1;1;1;
202300010492;155 661 954;A01;2;7;4;2;1;2;1;
202300010492;155 661 957;B01;2;14;4;2;4;2;1;
202300010493;155 661 955;A01;1;50;0;2;1;19;3;
202300010494;155 661 951;A01;1;2;0;2;7;17;1;
202300010494;155 661 952;B01;1;10;0;2;3;15;1;
202300010495;155 661 945;A01;2;7;14;0;1;2;1;
202300010496;155 661 948;A01;2;43;0;2;2;3;1;
202300010496;155 661 949;B01;2;33;0;2;3;2;1;
202300010496;155 661 953;C01;2;7;0;2;7;2;1;
202300010496;155 661 958;D01;2;7;0;2;7;2;1;
202300010497;155 661 947;A01;1;7;0;2;2;20;1;
202300010497;155 661 950;B01;2;33;0;2;1;2;1;
202300010498;155 661 942;A01;2;2;0;2;1;1;1;
202300010498;155 661 946;Z01;1;7;0;2;7;15;0;
202300010499;155 661 940;A01;2;33;0;2;1;13;1;
202300010499;155 661 943;B01;1;34;0;2;1;1;1;
202300010500;155 661 941;B01;1;33;0;2;2;1;1;
202300010500;155 661 944;A01;1;7;0;2;2;15;1;
202300010501;155 661 937;A01;2;7;3;2;3;1;1;
202300010501;155 661 939;B01;2;7;3;2;8;1;1;
202300010502;155 661 935;A01;1;33;0;6;1;2;1;
202300010503;155 661 934;A01;1;7;0;1;1;2;1;
202300010504;155 661 936;A01;1;7;0;2;1;2;1;
202300010504;155 661 938;Z01;1;7;0;2;4;2;1;
202300010505;155 661 933;A01;1;7;13;0;2;14;1;
202300010506;155 661 932;A01;1;7;14;0;1;16;1;
202300010507;155 661 931;A01;1;7;0;1;2;12;0;
202300010508;155 661 929;A01;1;7;13;0;3;0;1;
202300010509;155 661 930;A01;1;7;6;0;1;13;1;
202300010510;155 661 925;A01;3;7;0;2;1;15;1;
202300010510;155 661 927;B01;1;33;0;2;3;1;1;
202300010511;155 661 924;B01;1;7;0;2;4;2;1;
202300010511;155 661 926;Z01;1;7;0;2;1;2;1;
202300010512;155 661 923;A01;2;32;0;2;1;1;1;
202300010512;155 661 928;B01;2;33;0;2;4;16;1;
202300010513;155 661 920;A01;3;7;0;1;1;15;1;
202300010514;155 661 921;A01;2;33;6;0;1;14;6;
202300010515;155 661 917;A01;1;7;0;2;6;12;1;
202300010515;155 661 918;B01;1;33;0;2;2;3;1;
202300010516;155 661 919;A01;1;7;12;0;1;1;1;
202300010517;155 661 913;C01;2;7;0;2;1;23;1;
202300010517;155 661 916;A01;1;7;0;1;1;13;1;
202300010517;155 661 922;B01;2;7;0;0;3;23;1;
202300010518;155 661 911;Z01;2;7;0;2;0;10;1;
202300010518;155 661 915;A01;1;33;0;2;1;1;1;
202300010519;155 661 907;A01;1;33;0;2;1;3;1;
202300010519;155 661 912;B01;1;7;0;2;4;11;1;
202300010520;155 661 909;A01;3;7;0;2;5;15;0;
202300010520;155 661 914;B01;0;1;0;2;1;1;5;
202300010521;155 661 905;A01;2;7;0;2;1;1;1;
202300010521;155 661 908;B01;1;7;0;2;7;15;1;
202300010522;155 661 906;A01;1;50;0;2;3;1;3;
202300010522;155 661 910;Z01;1;7;0;2;3;1;0;
202300010523;155 661 902;A01;1;7;0;1;4;4;1;
202300010524;155 661 897;A01;2;1;0;6;5;26;5;
202300010525;155 661 896;B01;2;7;0;2;4;2;1;
202300010525;155 661 900;C01;2;7;0;2;4;2;1;
202300010525;155 661 903;A01;2;7;0;2;1;2;1;
202300010526;155 661 894;A01;1;7;0;2;1;0;1;
202300010526;155 661 899;B01;3;7;0;2;8;1;1;
202300010527;155 661 895;A01;1;7;0;2;8;10;1;
202300010527;155 661 898;B01;1;30;0;2;1;1;1;
202300010528;155 661 893;A01;1;7;0;2;3;17;1;
202300010528;155 661 901;B01;2;7;0;2;3;1;1;
202300010529;155 661 891;A01;2;33;0;0;8;17;1;
202300010530;155 661 890;A01;2;15;15;2;7;26;1;
202300010530;155 661 892;B01;2;7;0;2;7;1;1;
202300010531;155 661 888;A01;1;7;0;2;3;1;1;
202300010531;155 661 889;B01;1;7;0;2;4;1;1;
202300010532;155 661 886;A01;2;7;0;1;1;1;1;
202300010533;155 661 884;A01;2;33;0;0;8;1;1;
202300010534;155 661 887;Z01;2;7;0;1;1;1;0;
202300010535;155 661 883;A01;1;7;0;2;7;19;1;
202300010535;155 661 885;B01;1;10;0;2;1;1;1;
202300010536;155 661 879;B01;1;7;0;2;3;1;1;
202300010536;155 661 882;A01;1;7;4;2;1;12;1;
202300010537;155 661 880;A01;1;7;13;0;9;0;1;
202300010538;155 661 877;A01;3;7;0;2;3;10;1;
202300010538;155 661 881;B01;3;33;0;2;1;1;1;
202300010539;155 661 874;Z01;2;34;0;2;1;17;1;
202300010539;155 661 876;A01;2;1;0;2;4;15;5;
202300010540;155 661 871;A01;0;7;1;2;9;26;1;
202300010541;155 661 872;A01;1;7;13;0;2;1;1;
202300010542;155 661 868;A01;2;33;0;2;1;3;1;
202300010542;155 661 870;B01;2;7;0;2;4;1;1;
202300010542;155 661 873;C01;2;7;0;2;4;1;1;
202300010543;155 661 866;B01;3;7;0;2;8;1;1;
202300010543;155 661 869;A01;3;10;0;2;1;1;1;
202300010544;155 661 865;A01;1;7;0;2;1;26;1;
202300010544;155 661 867;B01;1;7;0;0;4;1;1;
202300010545;155 661 863;A01;2;32;1;0;1;1;1;
202300010546;155 661 859;B01;2;33;0;2;7;1;1;
202300010546;155 661 862;A01;1;7;0;2;2;15;1;
202300010547;155 661 860;A01;1;50;0;2;1;1;3;
202300010547;155 661 864;B01;1;7;0;2;2;1;1;
202300010548;155 661 855;A01;0;7;2;0;0;1;1;
202300010549;155 661 856;A01;2;7;1;0;1;26;1;
202300010549;155 661 858;D01;2;7;0;2;4;24;1;
202300010550;155 661 853;A01;1;7;15;0;1;14;1;
202300010551;155 661 854;B01;1;7;0;2;4;1;1;
202300010551;155 661 861;A01;2;7;0;2;1;2;1;
202300010552;155 661 852;T01;1;60;0;2;1;19;5;
202300010552;155 661 857;A01;1;7;0;2;2;1;1;
202300010553;155 661 849;A01;2;1;0;2;3;15;5;
202300010553;155 661 851;B01;1;7;0;2;2;1;1;
202300010554;155 661 847;A01;3;10;8;0;2;1;1;
202300010555;155 661 846;B01;2;1;0;2;4;2;5;
202300010555;155 661 850;A01;2;33;0;9;1;2;1;
202300010556;155 661 845;A01;2;7;0;2;6;11;1;
202300010556;155 661 848;B01;2;43;0;2;2;1;1;
202300010557;155 661 842;A01;1;7;0;2;3;1;1;
202300010557;155 661 843;B01;2;7;0;2;3;1;1;
202300010558;155 661 840;A01;2;7;0;2;1;1;1;
202300010558;155 661 844;B01;1;7;0;2;1;1;1;
202300010559;155 661 835;B01;2;7;0;2;3;15;1;
202300010559;155 661 839;A01;2;32;0;2;7;17;1;
202300010560;155 661 834;A01;1;10;0;2;5;14;1;
202300010560;155 661 837;B01;1;33;0;2;1;3;1;
202300010561;155 661 836;A01;1;7;0;2;1;15;1;
202300010561;155 661 841;B01;2;33;0;2;1;1;1;
202300010562;155 661 828;A01;1;7;2;2;2;2;1;
202300010562;155 661 830;B01;1;1;0;2;8;2;5;
202300010563;155 661 825;A01;2;7;0;2;1;1;1;
202300010563;155 661 829;B01;2;10;0;2;4;1;1;
202300010564;155 661 826;B01;2;10;0;2;3;1;1;
202300010564;155 661 832;A01;1;10;0;2;3;13;1;
202300010565;155 661 823;A01;2;10;0;2;1;9;1;
202300010565;155 661 827;B01;2;7;0;2;7;2;1;
202300010566;155 661 824;Z01;2;50;0;1;1;1;3;
202300010567;155 661 822;A01;3;7;0;1;6;4;1;
202300010568;155 661 819;A01;1;2;0;2;8;17;1;
202300010568;155 661 821;B01;2;7;0;2;1;16;1;
202300010569;155 661 818;A01;1;7;0;2;8;1;1;
202300010569;155 661 820;B01;1;15;0;2;2;12;1;
202300010570;155 661 817;A01;2;7;8;0;5;26;1;
202300010571;155 661 815;A01;2;7;0;1;8;17;1;
202300010572;155 661 810;A01;3;7;0;2;1;2;1;
202300010572;155 661 814;B01;3;7;0;2;4;2;1;
202300010573;155 661 811;B01;2;7;0;2;3;15;1;
202300010573;155 661 816;A01;2;1;0;2;2;5;5;
202300010574;155 661 807;A01;1;7;0;2;3;13;1;
202300010574;155 661 812;B01;2;7;0;2;3;1;1;
202300010575;155 661 806;A01;2;33;0;2;1;3;1;
202300010575;155 661 809;B01;2;10;0;2;0;12;1;
202300010575;155 661 813;C01;2;7;0;2;6;1;1;
202300010576;155 661 803;A01;1;30;12;0;8;1;1;
202300010577;155 661 804;B01;2;33;0;2;7;17;1;
202300010577;155 661 808;A01;2;7;0;2;8;15;1;
202300010578;155 661 801;A01;3;7;0;2;3;10;1;
202300010578;155 661 805;B01;3;43;0;2;1;1;1;
202300010579;155 661 802;A01;2;31;12;2;7;14;3;
202300010580;155 661 797;A01;1;7;0;2;3;18;1;
202300010580;155 661 799;B01;1;7;3;2;2;12;1;
202300010581;155 661 796;A01;1;7;0;0;6;15;1;
202300010581;155 661 798;B01;1;33;0;2;1;17;1;
202300010581;155 661 800;C01;1;33;0;2;1;17;1;
202300010582;155 661 794;A01;1;31;12;0;1;1;1;
202300010583;155 661 791;B01;1;13;0;2;7;16;1;
202300010583;155 661 795;A01;1;50;0;2;1;25;3;
202300010584;155 661 787;A01;2;43;0;2;1;12;1;
202300010584;155 661 792;B01;2;7;0;2;4;1;1;
202300010585;155 661 790;A01;1;7;0;2;2;16;1;
202300010585;155 661 793;B01;1;80;0;2;3;1;3;
202300010586;155 661 786;A01;2;7;0;2;8;10;1;
202300010586;155 661 789;B01;2;7;0;2;1;1;1;
202300010587;155 661 784;A01;2;15;0;2;6;1;0;
202300010587;155 661 788;B01;1;7;0;2;3;1;0;
202300010588;155 661 779;A01;1;7;16;0;0;1;1;
202300010589;155 661 780;A01;1;33;0;0;0;1;1;
202300010590;155 661 778;C01;1;99;0;2;0;0;3;
202300010590;155 661 781;A01;1;7;0;2;0;9;1;
202300010590;155 661 783;B01;2;7;0;2;0;0;1;
202300010591;155 661 782;A01;1;2;0;2;1;13;1;
202300010591;155 661 785;B01;2;7;0;2;3;1;1;
202300010592;155 661 777;A01;3;7;0;1;2;0;1;
202300010593;155 661 775;A01;3;21;13;0;9;15;1;
202300010594;155 661 774;A01;2;7;1;0;7;14;3;
202300010595;155 661 770;A01;2;7;0;2;3;13;1;
202300010595;155 661 772;B01;1;13;13;2;8;1;1;
202300010595;155 661 776;C01;1;10;8;2;8;1;1;
202300010596;155 661 768;B01;1;10;0;2;0;15;1;
202300010596;155 661 773;A01;1;7;0;2;1;21;2;
202300010597;155 661 765;A01;2;7;1;0;2;14;2;
202300010598;155 661 766;A01;1;33;0;2;1;1;1;
202300010598;155 661 771;B01;2;10;0;2;3;13;1;
202300010599;155 661 764;A01;1;7;0;2;1;1;1;
202300010599;155 661 769;B01;1;2;0;2;4;1;1;
202300010600;155 661 763;A01;3;2;0;2;0;16;1;
202300010600;155 661 767;B01;3;2;0;2;0;12;1;
202300010601;155 661 759;B01;1;7;0;2;1;1;1;
202300010601;155 661 762;A01;2;33;0;2;1;17;1;
202300010602;155 661 758;A01;3;7;8;0;1;2;1;
202300010603;155 661 753;A01;1;2;0;2;1;1;1;
202300010603;155 661 756;B01;1;50;0;2;4;2;3;
202300010604;155 661 752;A01;2;34;0;2;7;1;1;
202300010604;155 661 761;Z01;2;10;0;2;1;1;1;
202300010605;155 661 754;A01;2;1;0;2;2;1;5;
202300010605;155 661 757;C01;0;1;0;2;1;0;5;
202300010606;155 661 750;A01;2;17;0;0;2;2;1;
202300010606;155 661 751;B01;2;1;0;0;4;2;5;
202300010607;155 661 748;A01;1;33;13;0;1;1;1;
202300010608;155 661 746;B01;2;10;0;2;5;24;0;
202300010608;155 661 749;Z01;1;7;1;1;1;21;0;
202300010609;155 661 745;A01;3;7;6;1;2;1;2;
202300010610;155 661 742;A01;2;10;0;2;3;13;0;
202300010610;155 661 744;B01;1;33;0;2;3;1;1;
202300010611;155 661 741;A01;3;7;0;2;2;1;1;
202300010611;155 661 747;B01;3;33;0;2;8;1;1;
202300010612;155 661 739;A01;0;10;0;2;1;2;0;
202300010612;155 661 743;B01;0;7;0;0;0;0;0;
202300010613;155 661 736;B01;1;14;0;2;1;23;1;
202300010613;155 661 740;A01;2;7;0;2;1;13;1;
202300010614;155 661 734;B01;2;10;0;2;3;1;1;
202300010614;155 661 738;A01;1;7;0;2;3;13;1;
202300010615;155 661 732;A01;2;7;0;2;6;15;1;
202300010615;155 661 737;B01;2;1;0;2;1;1;5;
202300010616;155 661 730;A01;3;7;0;2;3;0;1;
202300010616;155 661 733;B01;2;33;0;2;3;0;1;
202300010617;155 661 731;B01;1;1;0;2;0;1;5;
202300010617;155 661 735;A01;1;7;0;2;8;22;1;
202300010618;155 661 729;A01;0;7;0;1;6;20;0;
202300010619;155 661 728;A01;3;7;0;1;1;26;1;
202300010620;155 661 727;A01;2;38;2;0;7;16;1;3
202300010621;155 661 721;B01;2;7;0;0;3;1;0;
202300010621;155 661 726;A01;1;7;0;0;3;1;0;
202300010622;155 661 722;A01;2;7;0;2;1;5;0;
202300010622;155 661 725;B01;2;7;0;2;1;1;1;
202300010623;155 661 719;A01;0;7;0;2;5;22;1;
202300010623;155 661 723;B01;0;1;1;0;1;1;5;
202300010624;155 661 720;A01;3;7;0;2;3;2;1;
202300010624;155 661 724;B01;3;7;0;2;5;23;1;
202300010625;155 661 718;B01;2;7;0;1;5;23;1;
202300010626;155 661 717;A01;3;2;7;0;3;26;0;
202300010627;155 661 714;A01;1;7;0;9;1;1;0;
202300010627;155 661 716;B01;1;1;0;0;4;1;5;
202300010628;155 661 713;A01;1;10;0;1;1;1;0;
202300010629;155 661 711;A01;1;33;0;2;1;12;1;
202300010629;155 661 715;B01;1;17;0;0;6;2;0;
202300010630;155 661 712;A01;1;10;0;1;2;0;1;
202300010631;155 661 707;A01;1;7;0;1;2;21;1;
202300010632;155 661 708;A01;3;7;0;2;5;16;1;
202300010632;155 661 709;B01;3;1;0;2;1;1;5;
202300010633;155 661 705;B01;1;33;0;2;8;16;1;
202300010633;155 661 710;A01;1;7;0;2;7;14;1;
202300010634;155 661 706;A01;1;33;14;0;8;1;1;
202300010635;155 661 703;A01;2;7;1;0;3;1;1;
202300010635;155 661 704;B01;2;17;0;0;0;24;1;
202300010636;155 661 699;A01;1;10;0;2;1;26;1;
202300010636;155 661 702;B01;1;1;0;2;0;0;5;
202300010637;155 661 697;A01;3;7;0;2;4;26;1;
202300010637;155 661 700;B01;3;30;0;2;4;26;1;
202300010638;155 661 696;B01;3;32;0;2;2;1;1;
202300010638;155 661 701;A01;3;7;0;2;3;13;1;
202300010639;155 661 694;B01;2;1;1;2;7;1;5;
202300010639;155 661 698;A01;2;10;0;2;4;4;1;
202300010640;155 661 692;B01;1;7;0;2;8;1;1;
202300010640;155 661 695;A01;3;7;0;2;1;1;1;
202300010641;155 661 693;A01;2;7;4;0;2;14;1;
202300010642;155 661 687;A01;2;10;0;2;1;2;1;
202300010642;155 661 690;B01;2;7;0;2;4;23;1;
202300010643;155 661 688;B01;0;1;0;2;7;1;5;
202300010643;155 661 691;A01;0;7;0;2;1;9;1;
202300010644;155 661 683;A01;1;7;0;2;3;10;1;
202300010644;155 661 686;B01;1;33;1;2;1;2;1;
202300010644;155 661 689;C01;2;7;0;2;3;23;1;
202300010645;155 661 682;A01;3;7;0;1;4;4;1;
202300010646;155 661 681;B01;2;7;14;2;2;1;1;
202300010646;155 661 685;A01;2;7;0;2;3;9;1;
202300010647;155 661 679;A01;1;34;0;0;1;9;1;
202300010648;155 661 676;B01;3;80;0;2;7;19;3;
202300010648;155 661 680;A01;2;7;0;2;3;1;1;
202300010649;155 661 678;A01;2;7;5;2;0;0;0;
202300010649;155 661 684;B01;2;7;5;2;0;0;0;
202300010650;155 661 674;A01;1;10;0;1;1;16;1;
202300010651;155 661 673;EA01;2;3;0;2;3;26;1;
202300010651;155 661 675;B01;2;50;0;0;0;0;3;
202300010652;155 661 668;B01;0;7;0;2;4;26;1;
202300010652;155 661 670;A01;0;1;0;2;1;2;5;
202300010653;155 661 665;B01;3;50;0;0;8;1;3;
202300010653;155 661 672;A01;3;7;0;9;3;1;1;
202300010654;155 661 663;B01;1;7;1;0;0;0;1;
202300010654;155 661 671;A01;1;32;1;0;3;16;0;
202300010655;155 661 664;A01;2;7;0;2;1;2;1;
202300010655;155 661 669;B01;2;7;0;0;4;1;1;
202300010656;155 661 662;B01;2;2;0;2;1;1;1;
202300010656;155 661 667;A01;2;10;0;2;8;10;1;
202300010657;155 661 661;B01;1;10;0;2;2;2;1;
202300010657;155 661 666;A01;2;3;0;2;3;2;1;
202300010658;155 661 657;A01;3;7;0;2;3;13;1;
202300010658;155 661 660;B01;3;7;0;2;3;1;1;
202300010659;155 661 658;B01;2;7;0;1;3;12;0;
202300010660;155 661 655;B01;1;40;0;2;3;1;3;
202300010660;155 661 659;A01;1;1;0;4;3;17;5;
202300010661;155 661 650;A01;1;30;0;2;1;3;1;
202300010661;155 661 654;B01;1;7;0;2;2;1;1;
202300010661;155 661 656;C01;1;7;0;2;8;0;1;
202300010662;155 661 647;A01;3;7;0;2;1;1;1;
202300010662;155 661 652;B01;3;7;0;2;2;15;1;
202300010663;155 661 649;A01;2;33;0;2;6;1;1;
202300010663;155 661 653;B01;2;7;0;2;2;14;1;
202300010664;155 661 644;A01;1;7;0;4;3;15;1;
202300010664;155 661 646;B01;2;40;0;2;2;1;3;
202300010665;155 661 642;A01;0;7;6;0;3;1;1;
202300010666;155 661 643;B01;1;7;0;2;3;1;1;