Num_Acc;id_vehicule;num_veh;senc;catv;obs;obsm;choc;manv;motor;occutc
202300010666;155 661 645;A01;1;32;0;2;2;19;1;
202300010667;155 661 640;A01;0;3;0;0;1;0;-1;
202300010668;155 661 639;A01;2;7;0;1;1;1;1;
202300010669;155 661 638;A01;1;1;0;1;1;1;5;
202300010670;155 661 637;B01;1;2;0;2;1;1;1;
202300010670;155 661 641;A01;1;7;0;2;3;1;1;
202300010671;155 661 633;A01;1;7;0;2;1;1;1;
202300010671;155 661 635;B01;2;7;0;2;1;1;1;
202300010672;155 661 632;A01;2;7;0;2;3;13;1;
202300010672;155 661 636;B01;1;7;0;2;3;1;1;
202300010673;155 661 628;B01;1;1;0;0;8;26;5;
202300010673;155 661 634;A01;2;30;0;0;1;1;1;
202300010674;155 661 631;A01;2;32;1;0;4;1;0;
202300010675;155 661 627;A01;1;7;13;0;2;1;1;
202300010676;155 661 625;A01;2;7;0;2;1;2;1;
202300010676;155 661 630;B01;2;7;0;2;4;2;1;
202300010677;155 661 623;B01;2;7;0;2;3;1;1;
202300010677;155 661 626;A01;1;7;0;2;3;13;1;
202300010678;155 661 622;A01;3;2;0;2;1;21;1;
202300010678;155 661 629;B01;3;7;0;2;3;1;1;
202300010679;155 661 621;A01;2;32;0;2;2;13;0;
202300010679;155 661 624;B01;2;7;0;2;2;1;0;
202300010680;155 661 620;A01;1;50;0;0;0;25;3;
202300010681;155 661 617;A01;2;7;0;1;2;1;1;
202300010682;155 661 615;A01;1;7;0;0;8;0;0;
202300010682;155 661 618;B01;2;32;0;2;1;1;0;
202300010683;155 661 611;B01;2;2;0;2;1;17;0;
202300010683;155 661 616;A01;2;10;0;0;8;26;0;
202300010684;155 661 610;B01;2;30;0;2;1;1;1;
202300010684;155 661 614;A01;1;32;0;2;1;13;1;
202300010685;155 661 608;A01;1;7;0;2;3;13;1;
202300010685;155 661 612;B01;2;7;8;2;8;1;0;
202300010685;155 661 619;C01;2;10;0;2;1;1;1;
202300010686;155 661 607;A01;1;33;3;5;1;21;1;
202300010687;155 661 606;A01;1;7;0;2;2;1;1;
202300010687;155 661 613;B01;1;30;0;2;3;3;1;
202300010688;155 661 605;A01;1;7;0;2;1;1;1;
202300010688;155 661 609;B01;1;7;0;2;4;1;1;
202300010689;155 661 603;A01;0;2;0;0;7;1;1;
202300010690;155 661 602;B01;3;2;0;2;8;18;1;
202300010690;155 661 604;A01;3;7;0;2;2;16;1;
202300010691;155 661 598;A01;2;7;2;0;1;1;1;
202300010692;155 661 597;B01;2;80;0;2;1;1;3;
202300010692;155 661 600;A01;2;7;0;2;7;20;1;
202300010693;155 661 601;A01;1;10;8;1;2;14;1;
202300010694;155 661 595;A01;1;7;0;0;9;21;1;
202300010695;155 661 596;A01;1;0;0;0;0;0;0;
202300010695;155 661 599;B01;1;2;0;0;0;0;1;
202300010696;155 661 592;B01;1;34;0;2;7;0;1;
202300010696;155 661 594;A01;1;7;0;2;1;9;1;
202300010697;155 661 589;A01;3;50;16;0;0;1;3;
202300010698;155 661 587;A01;1;7;6;0;8;0;1;
202300010699;155 661 588;A01;1;7;0;0;2;15;1;
202300010699;155 661 593;B01;2;7;0;2;1;1;1;
202300010700;155 661 586;A01;1;7;0;2;7;17;1;
202300010700;155 661 590;B01;1;30;0;2;8;1;1;
202300010701;155 661 583;A01;1;10;0;2;3;2;1;
202300010701;155 661 585;B01;1;7;0;2;4;1;1;
202300010701;155 661 591;C01;1;7;0;2;1;2;1;
202300010702;155 661 582;A01;1;7;0;2;1;15;1;
202300010702;155 661 584;B01;1;32;0;2;1;2;1;
202300010703;155 661 581;A01;3;7;1;0;1;13;1;
202300010704;155 661 580;A01;0;33;0;0;0;15;1;
202300010705;155 661 577;A01;1;7;0;1;2;23;2;
202300010706;155 661 575;A01;2;7;0;0;0;0;2;
202300010707;155 661 578;A01;3;7;13;0;1;1;1;
202300010708;155 661 574;A01;1;7;0;2;1;5;1;
202300010708;155 661 579;B01;1;7;0;2;1;1;1;
202300010709;155 661 572;B01;3;1;0;2;1;9;5;
202300010709;155 661 576;A01;3;7;0;2;8;9;0;
202300010710;155 661 571;A01;2;7;0;2;1;1;1;
202300010710;155 661 573;B01;2;15;0;2;4;1;1;
202300010711;155 661 569;A01;1;7;2;0;3;13;1;
202300010712;155 661 568;A01;2;7;15;0;1;13;1;
202300010713;155 661 570;A01;3;7;0;1;1;15;1;
202300010714;155 661 564;A01;1;10;0;0;9;14;1;
202300010715;155 661 563;A01;1;7;0;2;1;2;1;
202300010715;155 661 566;B01;1;7;0;2;4;1;1;
202300010716;155 661 562;B01;2;7;0;2;2;15;1;
202300010716;155 661 565;A01;1;33;0;2;1;1;1;
202300010717;155 661 560;A01;1;7;16;0;9;13;1;
202300010718;155 661 559;A01;2;7;0;0;3;17;1;
202300010718;155 661 567;B01;1;7;0;0;3;1;1;
202300010719;155 661 558;B01;3;30;0;2;1;1;3;
202300010719;155 661 561;A01;3;7;0;2;3;15;1;
202300010720;155 661 553;A01;1;3;0;2;3;16;1;
202300010720;155 661 557;B01;2;7;0;2;2;1;1;
202300010721;155 661 552;A01;1;7;0;2;3;16;1;
202300010721;155 661 556;B01;1;1;0;2;7;1;5;
202300010722;155 661 550;A01;-1;33;0;1;1;0;1;
202300010723;155 661 548;A01;2;7;0;2;1;0;1;
202300010723;155 661 551;B01;2;7;0;2;4;0;1;
202300010723;155 661 555;C01;2;7;0;2;0;0;1;
202300010724;155 661 549;B01;1;7;0;2;4;15;1;
202300010724;155 661 554;A01;1;33;0;2;1;1;1;
202300010725;155 661 545;B01;1;7;0;9;4;10;0;
202300010725;155 661 547;A01;1;50;0;2;4;1;3;
202300010726;155 661 543;A01;1;7;0;1;2;1;1;
202300010727;155 661 540;A01;0;33;12;0;1;1;1;
202300010728;155 661 538;A01;1;7;3;2;1;12;1;
202300010728;155 661 541;B01;1;7;0;0;4;1;1;
202300010729;155 661 537;A01;2;7;0;2;2;15;1;
202300010729;155 661 542;B01;1;33;0;2;8;1;1;
202300010730;155 661 532;A01;1;10;3;2;1;1;1;
202300010730;155 661 536;B01;1;7;0;0;4;2;1;
202300010730;155 661 539;C01;1;7;0;0;4;2;1;
202300010730;155 661 544;D01;1;7;0;0;4;2;1;
202300010730;155 661 546;E01;1;7;0;0;4;2;1;
202300010731;155 661 531;A01;1;7;16;0;9;13;1;
202300010732;155 661 529;A01;2;7;13;0;1;14;1;
202300010733;155 661 530;A01;2;33;0;2;0;26;1;
202300010733;155 661 534;B01;1;7;0;2;0;23;1;
202300010734;155 661 526;A01;0;7;0;2;1;11;1;
202300010734;155 661 528;B01;0;7;0;2;4;1;1;
202300010734;155 661 533;C01;0;7;0;2;2;1;1;
202300010734;155 661 535;D01;0;7;0;2;0;1;1;
202300010735;155 661 524;A01;2;34;0;2;3;1;1;
202300010735;155 661 527;B01;3;7;0;0;8;2;0;
202300010736;155 661 520;B01;2;7;0;2;1;1;1;
202300010736;155 661 525;A01;1;33;0;2;1;13;1;
202300010737;155 661 519;A01;1;7;0;0;4;23;1;
202300010737;155 661 523;B01;1;7;0;2;1;2;1;
202300010738;155 661 517;B01;2;1;0;2;1;1;5;
202300010738;155 661 521;A01;1;7;0;2;1;15;1;
202300010739;155 661 514;A01;2;33;0;0;0;2;1;
202300010740;155 661 511;A01;0;33;0;0;4;1;1;
202300010741;155 661 510;A01;1;10;0;2;1;2;1;
202300010741;155 661 513;B01;1;13;0;2;4;2;1;
202300010742;155 661 505;B01;1;1;0;2;3;1;5;
202300010742;155 661 509;A01;1;7;0;9;3;15;1;
202300010743;155 661 507;A01;3;7;0;1;1;2;1;
202300010744;155 661 504;A01;2;7;0;2;1;1;1;
202300010744;155 661 508;B01;1;7;0;2;1;1;1;
202300010745;155 661 503;A01;0;33;13;0;1;1;1;
202300010746;155 661 501;A01;3;7;2;2;1;14;1;
202300010747;155 661 500;A01;1;7;0;2;1;2;1;
202300010747;155 661 506;B01;1;7;0;2;1;23;1;
202300010747;155 661 512;C01;1;7;0;0;4;23;1;
202300010747;155 661 515;D01;1;7;0;2;3;21;1;
202300010747;155 661 522;E01;1;10;0;2;3;1;1;
202300010748;155 661 497;A01;2;7;0;2;1;1;1;
202300010748;155 661 502;B01;2;7;0;0;4;2;1;
202300010749;155 661 496;A01;1;33;0;2;1;1;1;
202300010749;155 661 499;B01;1;7;0;0;8;10;1;
202300010750;155 661 492;A01;1;7;0;1;1;1;1;
202300010751;155 661 493;A01;1;7;0;2;3;13;1;
202300010751;155 661 494;B01;2;7;4;2;3;1;1;
202300010752;155 661 491;B01;3;1;0;2;3;1;5;
202300010752;155 661 495;A01;3;7;0;2;2;19;1;
202300010753;155 661 486;A01;1;7;0;2;6;1;1;
202300010753;155 661 490;B01;1;33;0;2;1;1;1;
202300010754;155 661 484;A01;3;37;0;1;1;1;6;5
202300010755;155 661 489;A01;2;7;12;0;1;1;1;
202300010756;155 661 487;A01;3;7;2;0;3;1;1;
202300010757;155 661 483;A01;1;7;13;2;2;17;1;
202300010757;155 661 488;B01;1;14;0;0;3;1;1;
202300010758;155 661 482;A01;3;7;0;2;1;13;1;
202300010758;155 661 485;B01;3;7;0;2;1;1;1;
202300010759;155 661 481;A01;1;7;17;0;2;14;1;
202300010760;155 661 479;A01;1;7;11;0;2;1;1;
202300010761;155 661 477;A01;1;7;0;1;3;1;1;
202300010762;155 661 475;A01;1;7;12;2;7;26;1;
202300010763;155 661 476;B01;3;33;0;2;3;1;1;
202300010763;155 661 480;A01;3;7;0;2;1;19;1;
202300010764;155 661 474;B01;1;1;0;2;8;19;5;
202300010764;155 661 478;A01;1;10;0;9;3;1;1;
202300010765;155 661 472;A01;1;33;13;0;1;1;1;
202300010766;155 661 468;A01;2;7;0;2;1;13;1;
202300010766;155 661 473;B01;1;38;0;2;1;1;1;2
202300010767;155 661 467;A01;1;7;0;2;1;0;6;
202300010767;155 661 469;B01;1;7;0;2;4;0;0;
202300010768;155 661 466;A01;2;7;0;2;3;1;1;
202300010768;155 661 471;B01;1;7;0;2;8;1;1;
202300010769;155 661 465;A01;0;7;0;1;6;20;1;
202300010770;155 661 461;A01;2;7;0;2;6;10;1;
202300010770;155 661 470;B01;2;7;0;2;1;1;1;
202300010771;155 661 459;Z01;1;0;0;2;3;1;0;
202300010771;155 661 463;A01;1;34;0;2;6;1;1;
202300010772;155 661 462;A01;1;7;13;0;1;1;1;
202300010773;155 661 458;A01;2;7;0;2;1;17;1;
202300010773;155 661 464;B01;1;7;0;2;1;1;1;
202300010774;155 661 456;A01;1;7;0;2;3;13;1;
202300010774;155 661 460;B01;2;7;0;2;1;1;1;
202300010775;155 661 455;B01;1;15;0;2;1;1;1;
202300010775;155 661 457;A01;2;7;0;2;1;13;1;
202300010776;155 661 451;A01;2;7;0;1;1;1;1;
202300010777;155 661 450;A01;0;7;2;0;0;0;1;
202300010778;155 661 448;B01;3;7;0;2;1;1;1;
202300010778;155 661 453;A01;3;32;0;2;1;1;1;
202300010779;155 661 449;Z01;1;7;0;9;1;0;1;
202300010779;155 661 454;B01;2;60;0;2;1;1;5;
202300010780;155 661 447;A01;2;31;0;2;1;0;1;
202300010780;155 661 452;B01;1;7;0;2;3;19;2;
202300010781;155 661 442;A01;1;7;0;2;1;13;1;
202300010781;155 661 446;B01;2;7;0;2;1;1;1;
202300010782;155 661 440;A01;3;7;12;0;1;1;1;
202300010783;155 661 437;A01;2;7;0;2;1;17;1;
202300010783;155 661 443;B01;2;2;0;2;4;2;1;
202300010784;155 661 438;A01;1;7;0;2;1;2;1;
202300010784;155 661 441;B01;1;7;0;2;4;2;1;
202300010784;155 661 444;C01;1;7;0;0;4;1;1;
202300010785;155 661 436;A01;2;7;13;2;3;5;1;
202300010785;155 661 439;B01;1;7;0;2;3;1;1;
202300010785;155 661 445;C01;1;7;0;2;3;1;1;
202300010786;155 661 434;B01;2;33;0;2;1;1;1;
202300010786;155 661 435;A01;1;7;0;2;2;15;0;
202300010787;155 661 428;B01;0;7;0;2;3;1;1;
202300010787;155 661 432;A01;0;7;0;2;2;1;1;
202300010788;155 661 425;B01;1;7;0;2;2;9;1;
202300010788;155 661 431;A01;1;7;0;2;8;1;1;
202300010789;155 661 426;A01;2;7;0;2;1;1;1;
202300010789;155 661 433;B01;1;7;0;2;3;19;1;
202300010790;155 661 424;C01;2;7;0;2;4;2;1;
202300010790;155 661 427;B01;2;7;0;2;4;2;1;
202300010790;155 661 429;A01;2;7;0;2;1;2;1;
202300010791;155 661 422;A01;3;7;0;2;5;15;1;
202300010791;155 661 430;Z01;3;7;0;2;1;1;0;
202300010792;155 661 420;A01;2;7;9;0;1;1;1;
202300010793;155 661 419;B01;0;7;0;2;1;1;1;
202300010793;155 661 423;A01;0;7;0;2;1;1;1;
202300010794;155 661 417;A01;3;7;1;0;3;13;1;
202300010795;155 661 416;A01;1;33;0;2;1;13;1;
202300010795;155 661 418;B01;2;7;0;2;3;1;1;
202300010796;155 661 414;B01;1;7;0;2;2;1;1;
202300010796;155 661 421;A01;2;33;0;2;1;1;1;
202300010797;155 661 412;B01;3;10;0;2;0;16;1;
202300010797;155 661 415;A01;3;50;0;2;7;16;3;
202300010798;155 661 411;A01;1;15;0;2;3;13;1;
202300010798;155 661 413;B01;2;7;0;2;3;1;1;
202300010799;155 661 409;A01;0;7;1;1;1;1;1;
202300010800;155 661 407;A01;0;7;0;2;2;19;1;
202300010800;155 661 410;B01;3;7;0;2;8;19;1;
202300010801;155 661 406;A01;1;33;0;2;2;17;1;
202300010801;155 661 408;B01;2;33;0;2;1;1;1;
202300010802;155 661 405;A01;2;10;6;0;3;1;1;
202300010803;155 661 403;A01;2;2;2;0;1;1;1;
202300010804;155 661 402;B01;1;7;0;2;4;23;1;
202300010804;155 661 404;A01;1;7;0;2;1;2;1;
202300010805;155 661 400;A01;1;7;0;1;9;1;1;
202300010806;155 661 398;A01;1;7;0;9;2;2;0;
202300010806;155 661 401;B01;1;1;0;0;4;2;5;
202300010807;155 661 396;A01;1;7;0;2;8;13;1;
202300010807;155 661 399;B01;2;7;0;2;8;1;1;
202300010808;155 661 395;A01;3;33;0;0;7;2;1;
202300010809;155 661 393;A01;1;7;0;2;1;13;1;
202300010809;155 661 397;B01;2;7;0;2;1;1;1;
202300010810;155 661 390;A01;3;60;0;2;1;1;5;
202300010810;155 661 394;B01;3;7;0;9;1;1;1;
202300010811;155 661 389;B01;0;7;0;2;1;1;1;
202300010811;155 661 392;A01;3;7;0;2;3;16;1;
202300010812;155 661 387;A01;3;7;6;0;1;1;1;
202300010813;155 661 386;A01;2;7;6;0;2;1;1;
202300010814;155 661 385;A01;1;33;6;2;1;18;1;
202300010814;155 661 388;B01;2;7;0;2;6;15;1;
202300010814;155 661 391;C01;2;7;0;2;3;1;1;
202300010815;155 661 383;A01;3;7;0;1;3;1;0;
202300010816;155 661 384;A01;3;50;0;1;1;2;3;
202300010817;155 661 381;A01;1;7;2;0;3;0;2;
202300010818;155 661 380;A01;1;7;2;0;1;14;1;
202300010819;155 661 378;A01;2;7;0;2;1;13;1;
202300010819;155 661 382;B01;1;7;0;2;1;1;3;
202300010820;155 661 375;A01;2;33;0;2;1;1;1;
202300010820;155 661 379;B01;2;7;0;2;3;15;1;
202300010821;155 661 374;A01;0;7;2;0;2;0;1;
202300010822;155 661 373;A01;2;33;0;2;1;1;1;
202300010822;155 661 377;B01;2;7;0;2;7;10;0;
202300010823;155 661 372;A01;1;7;8;0;1;17;1;
202300010824;155 661 370;A01;2;32;8;0;1;15;1;
202300010825;155 661 367;A01;2;32;0;0;9;1;1;
202300010826;155 661 368;A01;0;7;15;0;1;0;1;
202300010827;155 661 364;A01;2;7;0;1;1;1;1;
202300010828;155 661 365;A01;1;7;0;2;1;5;1;
202300010828;155 661 369;B01;2;7;0;2;1;1;1;
202300010829;155 661 362;A01;1;7;0;2;3;9;0;
202300010829;155 661 366;B01;2;7;0;2;1;1;0;
202300010830;155 661 361;A01;2;7;0;2;2;17;1;
202300010830;155 661 363;B01;2;15;0;0;6;13;1;
202300010831;155 661 360;A01;2;7;3;0;1;0;1;
202300010832;155 661 357;A01;1;7;0;1;3;2;1;
202300010833;155 661 355;A01;2;7;0;9;1;9;1;
202300010833;155 661 358;B01;3;1;0;2;8;2;5;
202300010834;155 661 356;A01;0;7;0;2;1;17;1;
202300010834;155 661 359;B01;0;10;0;2;1;1;1;
202300010835;155 661 348;A01;2;15;8;0;2;14;1;
202300010836;155 661 347;Z01;1;10;0;2;1;5;1;
202300010836;155 661 350;B01;2;33;0;2;1;1;1;
202300010837;155 661 351;B01;3;7;0;2;5;1;2;
202300010837;155 661 354;A01;0;1;0;2;4;1;5;
202300010838;155 661 343;A01;2;7;0;0;3;15;1;
202300010838;155 661 346;B01;2;33;7;0;2;17;1;
202300010839;155 661 342;A01;2;7;3;0;1;1;1;
202300010840;155 661 340;A01;2;10;0;0;6;0;1;
202300010840;155 661 344;B01;2;7;0;2;2;0;1;
202300010840;155 661 352;C01;2;7;0;2;1;1;1;
202300010841;155 661 339;D01;2;7;0;2;6;1;1;
202300010841;155 661 345;C01;2;7;0;2;8;1;1;
202300010841;155 661 349;B01;2;7;0;2;1;1;1;
202300010841;155 661 353;A01;1;17;6;2;1;1;1;
202300010842;155 661 338;Z01;2;7;0;2;1;15;1;
202300010842;155 661 341;B01;2;2;0;2;1;1;1;
202300010843;155 661 337;A01;1;7;8;0;1;1;1;
202300010844;155 661 333;A01;3;7;0;9;2;16;1;
202300010844;155 661 336;B01;3;1;0;0;7;17;5;
202300010845;155 661 326;A01;1;7;4;2;3;17;1;
202300010845;155 661 331;B01;1;7;0;2;6;1;1;
202300010846;155 661 327;B01;1;7;0;0;6;1;1;
202300010846;155 661 334;A01;1;15;0;2;2;2;1;
202300010847;155 661 323;A01;2;7;0;2;1;13;1;
202300010847;155 661 325;B01;1;7;0;2;1;1;1;
202300010848;155 661 324;B01;1;1;0;2;1;1;5;
202300010848;155 661 329;A01;2;1;0;2;1;1;5;
202300010849;155 661 319;A01;1;7;0;2;8;22;3;
202300010849;155 661 321;B01;2;7;0;2;3;1;1;
202300010850;155 661 320;A01;2;7;0;2;2;1;1;
202300010850;155 661 322;B01;1;2;0;2;0;10;1;
202300010851;155 661 318;A01;3;7;17;0;3;1;1;
202300010852;155 661 315;A01;1;7;0;2;8;1;1;
202300010852;155 661 317;B01;2;7;0;2;3;5;1;
202300010853;155 661 312;A01;1;33;0;0;7;1;1;
202300010854;155 661 311;A01;1;33;0;2;1;17;1;
202300010854;155 661 316;B01;1;10;0;2;6;15;1;
202300010855;155 661 310;B01;0;33;0;2;3;1;1;
202300010855;155 661 314;A01;3;7;0;2;2;2;1;
202300010856;155 661 307;A01;1;7;13;0;7;1;1;
202300010857;155 661 306;A01;1;10;0;2;3;1;1;
202300010857;155 661 308;B01;1;33;0;2;8;1;1;
202300010858;155 661 304;A01;1;2;0;0;0;0;1;
202300010859;155 661 303;A01;2;7;0;9;2;15;1;
202300010859;155 661 305;B01;1;1;0;2;1;1;5;
202300010860;155 661 302;A01;2;7;0;1;1;1;1;
202300010861;155 661 297;A01;1;10;0;2;7;1;1;
202300010861;155 661 300;B01;1;34;0;2;1;1;1;
202300010862;155 661 295;C01;2;15;3;2;3;1;1;
202300010862;155 661 296;A01;1;7;0;2;3;13;1;
202300010862;155 661 298;B01;1;7;0;2;1;1;1;
202300010863;155 661 299;A01;2;7;0;2;1;15;1;
202300010863;155 661 301;B01;1;7;0;2;2;13;1;
202300010864;155 661 293;A01;1;7;0;1;1;1;1;
202300010865;155 661 290;A01;1;30;0;2;2;1;1;
202300010865;155 661 292;B01;1;7;0;2;3;15;1;
202300010866;155 661 289;C01;1;7;1;0;1;1;1;
202300010866;155 661 291;A01;1;7;4;0;3;1;1;
202300010866;155 661 294;B01;1;7;0;0;6;23;2;
202300010867;155 661 285;B01;3;7;0;2;4;1;1;
202300010867;155 661 287;A01;3;7;0;2;1;1;1;
202300010868;155 661 281;A01;3;7;0;0;2;9;1;
202300010868;155 661 288;B01;1;1;0;0;1;1;5;
202300010869;155 661 279;A01;1;1;0;2;1;5;5;
202300010869;155 661 283;B01;1;7;0;2;3;15;1;
202300010870;155 661 278;A01;2;7;0;0;4;1;1;
202300010870;155 661 282;B01;2;7;0;2;4;2;1;
202300010870;155 661 286;C01;2;7;0;2;1;2;1;
202300010871;155 661 277;A01;3;1;0;0;0;1;5;
202300010872;155 661 272;A01;1;7;0;2;6;11;1;
202300010872;155 661 274;B01;1;33;0;2;1;1;1;
202300010873;155 661 273;A01;1;7;0;2;4;1;1;
202300010873;155 661 276;B01;1;7;0;2;1;2;1;
202300010874;155 661 271;A01;2;7;0;2;2;9;3;
202300010874;155 661 275;B01;2;33;0;2;1;2;1;
202300010875;155 661 270;A01;2;50;0;0;7;2;3;
202300010876;155 661 269;A01;1;7;0;1;3;1;2;
202300010877;155 661 266;A01;2;33;0;2;1;1;1;
202300010877;155 661 268;B01;2;7;0;2;4;1;1;
202300010878;155 661 264;A01;1;30;0;1;2;1;1;
202300010879;155 661 263;B01;1;14;0;2;6;2;1;
202300010879;155 661 267;A01;1;7;0;2;1;2;1;
202300010880;155 661 265;A01;3;7;0;0;1;15;0;
202300010881;155 661 260;A01;1;30;14;0;8;11;3;
202300010882;155 661 257;A01;1;7;6;0;1;0;3;
202300010883;155 661 256;A01;2;33;0;2;8;1;1;
202300010883;155 661 262;Z01;2;7;0;2;5;12;1;
202300010884;155 661 258;A01;3;7;0;2;6;1;1;
202300010884;155 661 261;B01;3;31;0;2;1;2;1;
202300010885;155 661 250;A01;2;7;0;2;1;2;1;
202300010885;155 661 254;B01;2;7;0;2;1;2;1;
202300010885;155 661 255;C01;2;7;0;2;1;2;1;
202300010885;155 661 259;D01;2;7;0;2;4;2;1;
202300010886;155 661 249;A01;3;7;0;2;2;13;1;
202300010886;155 661 253;B01;3;7;0;2;1;1;1;
202300010887;155 661 248;A01;2;7;4;0;2;1;1;
202300010888;155 661 251;Z01;2;7;0;1;0;1;0;
202300010889;155 661 245;A01;2;10;4;0;3;13;1;
202300010890;155 661 247;A01;3;2;0;2;1;1;1;
202300010890;155 661 252;B01;3;7;0;2;5;15;1;
202300010891;155 661 244;A01;2;7;4;0;3;1;1;
202300010892;155 661 242;A01;1;10;4;0;1;14;1;
202300010893;155 661 241;A01;0;7;0;0;9;0;0;
202300010894;155 661 240;A01;3;7;0;2;3;26;1;
202300010894;155 661 243;B01;3;43;0;2;5;1;1;
202300010895;155 661 238;A01;2;7;13;0;0;13;1;
202300010896;155 661 232;C01;2;10;0;2;1;2;1;
202300010896;155 661 235;A01;2;7;0;2;4;2;2;
202300010896;155 661 237;B01;2;7;0;2;4;2;1;
202300010897;155 661 231;A01;1;7;0;2;1;2;1;
202300010897;155 661 234;B01;1;7;0;2;4;2;1;
202300010898;155 661 228;A01;2;7;0;9;1;15;1;
202300010898;155 661 233;B01;1;1;0;2;1;2;5;
202300010899;155 661 227;A01;1;7;0;2;6;1;1;
202300010899;155 661 230;B01;1;7;0;2;1;12;1;
202300010900;155 661 223;A01;1;7;0;2;1;1;1;
202300010900;155 661 226;B01;1;7;0;2;4;1;1;
202300010901;155 661 224;D01;1;2;0;0;0;2;0;
202300010901;155 661 229;C01;1;7;0;2;3;2;0;
202300010901;155 661 236;B01;1;2;0;0;4;2;1;
202300010901;155 661 239;A01;1;7;0;2;3;2;1;
202300010902;155 661 219;A01;3;7;8;1;2;1;1;
202300010903;155 661 220;A01;2;7;0;1;2;2;1;
202300010904;155 661 217;A01;2;7;0;2;1;2;1;
202300010904;155 661 221;B01;2;7;0;2;4;2;1;
202300010904;155 661 222;C01;2;7;0;0;4;2;1;
202300010904;155 661 225;D01;0;7;0;2;4;2;2;
202300010905;155 661 213;A01;1;31;1;0;0;1;1;
202300010906;155 661 210;A01;2;33;0;2;1;3;1;
202300010906;155 661 214;B01;2;7;0;2;2;2;3;
202300010906;155 661 215;C01;2;7;0;2;6;2;3;
202300010906;155 661 218;D01;2;7;0;2;2;0;1;
202300010907;155 661 211;A01;3;2;0;2;7;13;0;
202300010907;155 661 216;B01;3;7;0;0;7;1;1;
202300010908;155 661 208;A01;2;10;0;2;1;2;1;
202300010908;155 661 212;B01;2;7;0;2;4;1;1;
202300010909;155 661 209;A01;1;34;0;1;2;1;1;
202300010910;155 661 204;A01;1;7;3;0;3;1;1;
202300010911;155 661 205;A01;1;30;8;0;0;0;1;
202300010912;155 661 207;A01;3;10;0;1;2;15;1;
202300010913;155 661 202;A01;1;7;0;2;7;12;1;
202300010913;155 661 206;B01;1;43;0;2;8;3;1;
202300010914;155 661 203;A01;1;30;0;0;0;1;1;
202300010915;155 661 199;A01;2;10;6;0;1;15;1;
202300010916;155 661 196;B01;2;7;0;2;4;23;1;
202300010916;155 661 201;A01;2;7;0;2;1;1;1;
202300010917;155 661 194;A01;1;7;0;2;1;1;1;
202300010917;155 661 198;B01;1;7;0;2;4;1;1;
202300010918;155 661 193;B01;2;7;0;2;3;21;1;
202300010918;155 661 197;A01;2;7;0;2;5;14;1;
202300010919;155 661 189;B01;1;7;0;2;4;2;1;
202300010919;155 661 192;A01;1;10;0;2;1;2;1;
202300010919;155 661 195;D01;1;17;0;2;4;2;1;
202300010919;155 661 200;C01;1;10;0;2;4;2;1;
202300010920;155 661 190;A01;1;7;0;1;3;1;1;
202300010921;155 661 185;A01;2;7;1;2;2;1;1;
202300010921;155 661 188;B01;2;7;0;2;6;23;1;
202300010921;155 661 191;C01;2;7;0;2;6;2;2;
202300010922;155 661 183;B01;2;7;0;2;4;2;0;
202300010922;155 661 186;A01;2;15;0;2;1;2;0;
202300010923;155 661 182;C01;1;7;0;2;3;1;1;
202300010923;155 661 184;A01;1;33;0;2;8;3;1;
202300010923;155 661 187;B01;1;7;0;2;7;1;1;
202300010924;155 661 179;A01;2;10;0;2;2;16;1;
202300010924;155 661 181;B01;2;60;0;2;1;1;5;
202300010925;155 661 174;A01;2;33;0;2;1;3;1;
202300010925;155 661 177;B01;2;7;0;2;7;12;1;
202300010926;155 661 171;B01;3;1;0;2;0;1;5;
202300010926;155 661 175;A01;3;50;0;2;0;15;3;
202300010927;155 661 170;B01;1;32;0;2;7;1;1;
202300010927;155 661 173;A01;1;7;0;2;8;17;0;
202300010928;155 661 172;B01;2;7;0;2;9;1;1;
202300010928;155 661 178;A01;2;10;0;2;6;12;1;
202300010928;155 661 180;C01;2;7;0;2;2;0;1;
202300010929;155 661 169;A01;2;31;0;2;1;1;1;
202300010929;155 661 176;B01;2;7;0;2;2;1;1;
202300010930;155 661 167;A01;0;7;0;1;5;20;1;
202300010931;155 661 165;B01;2;7;0;2;4;2;1;
202300010931;155 661 168;A01;2;34;0;2;1;2;1;
202300010932;155 661 164;A01;2;30;0;1;1;1;1;
202300010933;155 661 161;A01;1;7;12;0;4;26;1;
202300010933;155 661 162;B01;2;7;0;9;4;26;1;
202300010934;155 661 160;B01;2;10;0;2;4;1;1;
202300010934;155 661 163;A01;2;10;0;2;1;1;1;
202300010934;155 661 166;C01;2;10;0;2;4;1;1;
202300010935;155 661 156;A01;2;7;0;2;1;1;1;
202300010935;155 661 159;B01;1;7;0;2;1;1;1;
202300010936;155 661 155;A01;2;7;0;2;2;20;1;
202300010936;155 661 158;B01;1;33;0;2;8;1;1;
202300010937;155 661 153;B01;1;7;0;2;1;1;1;
202300010937;155 661 157;A01;3;50;0;2;7;0;3;
202300010938;155 661 151;B01;1;2;11;2;7;12;1;
202300010938;155 661 154;A01;1;10;0;9;3;1;1;
202300010939;155 661 145;C01;2;7;0;2;4;2;2;
202300010939;155 661 149;B01;2;7;0;2;4;2;1;
202300010939;155 661 152;A01;2;10;0;2;1;2;1;
202300010940;155 661 146;B01;1;2;0;2;1;1;3;