Num_Acc;id_vehicule;num_veh;senc;catv;obs;obsm;choc;manv;motor;occutc
202300011229;155 660 657;B01;1;7;0;2;3;1;1;
202300011230;155 660 651;A01;1;7;0;2;4;17;1;
202300011230;155 660 653;B01;1;13;0;2;1;2;1;
202300011230;155 660 654;C01;1;7;0;2;6;1;1;
202300011231;155 660 652;A01;2;7;0;1;3;1;1;
202300011232;155 660 650;A01;1;7;13;0;1;1;1;
202300011233;155 660 647;A01;1;17;6;0;2;14;1;
202300011234;155 660 646;C01;2;7;0;2;1;2;1;
202300011234;155 660 648;A01;2;7;0;2;4;1;1;
202300011234;155 660 649;B01;2;7;0;2;1;2;1;
202300011235;155 660 644;A01;3;2;13;0;1;2;1;
202300011236;155 660 643;A01;1;7;13;2;1;11;1;
202300011236;155 660 645;B01;1;7;0;2;0;11;1;
202300011237;155 660 640;A01;1;7;4;0;3;13;0;
202300011237;155 660 642;B01;1;7;3;2;1;13;1;
202300011238;155 660 638;A01;1;7;0;2;3;9;1;
202300011238;155 660 639;B01;1;2;0;2;1;1;1;
202300011238;155 660 641;C01;2;7;0;2;1;1;1;
202300011239;155 660 636;A01;1;7;0;2;1;14;1;
202300011239;155 660 637;B01;2;7;0;2;1;1;1;
202300011240;155 660 635;A01;1;15;13;0;2;14;1;
202300011241;155 660 634;A01;1;33;3;0;1;3;1;
202300011242;155 660 629;A01;2;7;0;2;1;1;1;
202300011242;155 660 631;B01;1;7;0;2;7;15;1;
202300011243;155 660 630;B01;1;33;0;2;1;2;1;
202300011243;155 660 632;A01;1;7;0;2;1;2;1;
202300011243;155 660 633;C01;1;7;0;2;5;2;1;
202300011244;155 660 626;A01;3;7;13;0;2;1;1;
202300011245;155 660 625;A01;2;7;0;1;4;4;1;
202300011246;155 660 623;A01;2;7;6;0;1;14;1;
202300011247;155 660 622;A01;2;2;0;2;8;0;1;
202300011247;155 660 624;B01;1;7;0;2;3;5;0;
202300011248;155 660 619;B01;2;7;0;2;1;1;0;
202300011248;155 660 621;A01;1;33;0;2;1;13;0;
202300011249;155 660 620;A01;2;33;12;0;2;1;1;
202300011250;155 660 616;B01;1;33;0;2;1;17;1;
202300011250;155 660 618;A01;1;10;0;2;8;15;1;
202300011251;155 660 615;A01;2;7;0;2;3;1;1;
202300011251;155 660 617;B01;1;33;0;2;1;13;1;
202300011252;155 660 614;A01;1;7;11;0;1;1;1;
202300011253;155 660 612;A01;1;33;0;2;1;17;1;
202300011253;155 660 613;B01;2;14;0;2;3;1;1;
202300011254;155 660 610;B01;2;7;0;2;1;5;1;
202300011254;155 660 611;A01;1;7;0;2;1;1;1;
202300011255;155 660 609;A01;2;2;12;0;2;14;1;
202300011256;155 660 607;A01;1;1;0;2;4;2;5;
202300011256;155 660 608;B01;1;7;0;2;1;2;1;
202300011257;155 660 605;A01;2;7;0;2;6;19;1;
202300011257;155 660 606;B01;1;7;0;2;1;2;1;
202300011258;155 660 603;A01;2;33;0;2;1;2;1;
202300011258;155 660 604;B01;2;7;0;0;6;2;1;
202300011259;155 660 601;A01;2;7;0;2;5;3;1;
202300011259;155 660 602;B01;1;33;0;2;2;1;1;
202300011260;155 660 599;A01;1;7;0;2;1;12;1;
202300011260;155 660 600;B01;1;7;0;2;4;1;1;
202300011261;155 660 597;B01;0;80;0;2;1;0;3;
202300011261;155 660 598;A01;0;7;0;2;1;0;1;
202300011262;155 660 595;B01;1;7;0;2;3;1;1;
202300011262;155 660 596;A01;1;7;0;2;1;1;1;
202300011263;155 660 593;A01;1;7;0;2;2;2;1;
202300011263;155 660 594;B01;1;7;0;2;6;2;1;
202300011264;155 660 591;A01;2;7;0;2;1;2;1;
202300011264;155 660 592;B01;2;7;0;2;4;2;1;
202300011265;155 660 589;A01;1;7;3;2;0;1;1;
202300011265;155 660 590;B01;1;7;0;2;1;1;1;
202300011266;155 660 588;A01;1;7;0;0;0;9;1;
202300011267;155 660 586;A01;1;7;0;2;2;14;2;
202300011267;155 660 587;B01;1;33;0;2;1;18;1;
202300011268;155 660 584;B01;1;7;0;2;4;1;1;
202300011268;155 660 585;A01;1;7;0;2;1;2;1;
202300011269;155 660 579;B01;2;7;0;2;4;1;1;
202300011269;155 660 581;A01;2;7;0;2;1;2;1;
202300011270;155 660 578;B01;1;7;0;2;4;2;1;
202300011270;155 660 580;C01;1;10;0;2;4;1;1;
202300011270;155 660 582;D01;1;10;0;0;0;0;1;
202300011270;155 660 583;A01;1;7;0;2;4;2;1;
202300011271;155 660 572;A01;2;7;6;0;2;1;1;
202300011272;155 660 569;A01;1;7;4;0;3;13;1;
202300011273;155 660 568;D01;2;7;0;2;4;1;1;
202300011273;155 660 570;E01;2;7;0;2;5;1;1;
202300011273;155 660 571;F01;2;33;3;2;1;3;1;
202300011273;155 660 573;A01;2;7;0;2;7;1;1;
202300011273;155 660 574;B01;2;34;0;2;4;3;1;
202300011273;155 660 575;C01;2;7;0;2;4;1;1;
202300011274;155 660 565;A01;2;7;0;2;1;13;1;
202300011274;155 660 567;B01;1;37;0;2;1;0;1;1
202300011275;155 660 564;A01;1;33;4;2;8;3;1;
202300011275;155 660 566;B01;1;7;4;2;5;14;1;
202300011276;155 660 562;A01;2;33;0;2;7;1;1;
202300011276;155 660 563;B01;2;7;0;2;3;11;1;
202300011277;155 660 559;A01;2;33;0;2;1;3;1;
202300011277;155 660 560;B01;2;7;0;2;8;13;1;
202300011277;155 660 561;C01;2;7;0;2;4;2;1;
202300011278;155 660 558;A01;1;33;3;0;8;12;1;
202300011279;155 660 555;A01;2;10;0;2;5;12;1;
202300011279;155 660 556;B01;1;33;0;2;8;1;1;
202300011279;155 660 557;C01;2;7;0;2;5;1;1;
202300011280;155 660 553;A01;2;33;0;2;3;3;1;
202300011280;155 660 554;B01;2;10;0;2;2;12;1;
202300011281;155 660 552;A01;2;7;4;0;1;1;1;
202300011282;155 660 551;Z01;1;7;0;1;0;0;0;
202300011283;155 660 550;A01;2;7;4;0;1;26;1;
202300011284;155 660 545;A01;1;33;0;2;1;3;1;
202300011284;155 660 546;B01;1;10;0;2;3;2;1;
202300011284;155 660 547;C01;1;7;0;2;2;2;1;
202300011284;155 660 548;D01;1;7;0;2;4;2;1;
202300011284;155 660 549;E01;1;7;0;2;4;2;1;
202300011285;155 660 543;A01;1;10;0;2;3;15;1;
202300011285;155 660 544;B01;1;1;0;2;2;13;5;
202300011286;155 660 541;B01;2;7;7;0;7;1;1;
202300011286;155 660 542;A01;2;7;0;2;1;1;1;
202300011287;155 660 538;A01;2;33;0;2;1;5;0;
202300011287;155 660 539;B01;1;7;0;2;1;1;0;
202300011287;155 660 540;C01;1;7;0;2;1;1;0;
202300011288;155 660 536;A01;2;80;0;2;1;1;3;
202300011288;155 660 537;B01;1;1;0;2;1;1;5;
202300011289;155 660 534;A01;1;80;0;2;1;21;3;
202300011289;155 660 535;B01;1;7;0;0;5;23;1;
202300011290;155 660 533;Y01;1;1;0;1;1;1;5;
202300011291;155 660 532;A01;1;50;12;0;0;2;3;
202300011292;155 660 530;A01;1;1;0;2;1;2;5;
202300011292;155 660 531;B01;1;7;0;2;4;1;2;
202300011293;155 660 528;B01;3;7;0;2;2;23;1;
202300011293;155 660 529;A01;3;43;0;2;1;1;1;
202300011294;155 660 526;A01;1;7;0;2;5;22;1;
202300011294;155 660 527;B01;1;2;0;2;3;18;3;
202300011295;155 660 525;A01;1;10;0;1;3;1;6;
202300011296;155 660 523;A01;2;7;0;2;3;10;1;
202300011296;155 660 524;B01;2;50;0;2;1;17;3;
202300011297;155 660 522;Z01;2;7;0;1;7;1;1;
202300011298;155 660 520;A01;1;50;0;2;4;2;3;
202300011298;155 660 521;Z01;1;1;0;0;0;2;5;
202300011299;155 660 519;A01;1;13;0;1;3;1;1;
202300011300;155 660 518;A01;1;14;0;1;1;2;1;
202300011301;155 660 517;A01;1;31;0;0;3;16;1;
202300011302;155 660 516;A01;2;7;0;1;3;1;1;
202300011303;155 660 514;A01;1;7;0;2;1;15;2;
202300011303;155 660 515;C01;1;33;0;2;1;15;1;
202300011304;155 660 512;A01;0;7;0;2;1;1;1;
202300011304;155 660 513;B01;0;31;0;2;4;1;1;
202300011305;155 660 511;A01;1;7;0;1;1;15;1;
202300011306;155 660 509;B01;1;31;0;2;6;1;1;
202300011306;155 660 510;A01;1;30;0;2;1;2;1;
202300011307;155 660 508;A01;3;50;0;1;0;1;3;
202300011308;155 660 507;A01;2;31;0;1;1;1;1;
202300011309;155 660 505;A01;3;33;0;2;0;13;1;
202300011309;155 660 506;B01;3;1;0;2;0;1;5;
202300011310;155 660 504;A01;1;80;0;1;1;1;3;
202300011311;155 660 502;B01;1;7;0;2;4;1;1;
202300011311;155 660 503;A01;1;32;0;2;1;1;1;
202300011312;155 660 500;A01;0;1;0;0;1;1;5;
202300011312;155 660 501;Z01;0;7;0;0;1;5;3;
202300011313;155 660 499;Z01;2;7;0;1;7;1;1;
202300011314;155 660 498;A01;1;10;0;1;6;4;1;
202300011315;155 660 497;A01;1;1;0;0;0;9;5;
202300011316;155 660 495;B01;1;7;0;2;3;2;2;
202300011316;155 660 496;A01;1;43;0;2;6;1;1;
202300011317;155 660 493;B01;2;7;0;2;4;15;2;
202300011317;155 660 494;A01;2;7;0;2;3;23;2;
202300011318;155 660 491;B01;3;7;0;2;0;1;1;
202300011318;155 660 492;A01;1;33;0;2;0;1;1;
202300011319;155 660 489;A01;3;33;0;2;7;1;1;
202300011319;155 660 490;B01;3;7;0;2;3;1;1;
202300011320;155 660 488;A01;2;1;0;0;0;1;5;
202300011321;155 660 487;A01;1;1;0;1;7;1;5;
202300011322;155 660 485;A01;1;50;0;2;1;1;3;
202300011322;155 660 486;B01;2;1;0;2;8;1;5;
202300011323;155 660 482;A01;1;1;0;0;0;1;5;
202300011324;155 660 481;A01;2;30;0;0;7;1;3;
202300011325;155 660 479;B01;2;32;0;2;3;16;1;
202300011325;155 660 480;A01;2;7;0;2;2;1;3;
202300011326;155 660 477;A01;2;80;0;2;7;1;3;
202300011326;155 660 478;B01;1;7;0;2;3;1;2;
202300011327;155 660 476;A01;1;30;0;0;1;1;1;
202300011328;155 660 474;A01;0;7;0;2;2;15;0;
202300011328;155 660 475;B01;0;1;0;2;8;15;5;
202300011329;155 660 473;A01;0;60;0;0;0;1;5;
202300011330;155 660 472;A01;1;32;12;0;0;1;1;
202300011331;155 660 470;B01;2;1;0;2;8;1;5;
202300011331;155 660 471;A01;1;7;0;2;3;15;1;
202300011332;155 660 468;B01;2;60;0;2;1;1;5;
202300011332;155 660 469;A01;2;7;0;2;2;15;1;
202300011333;155 660 467;A01;1;10;0;1;1;1;1;
202300011334;155 660 466;A01;2;7;0;0;0;12;1;
202300011335;155 660 464;B01;1;60;0;2;0;0;5;
202300011335;155 660 465;A01;1;7;0;2;3;15;1;
202300011336;155 660 463;A01;3;7;0;1;1;2;1;
202300011337;155 660 462;A01;2;7;12;0;8;0;1;
202300011338;155 660 460;B01;2;31;0;2;1;18;1;
202300011338;155 660 461;A01;2;7;0;2;5;14;1;
202300011339;155 660 458;A01;2;7;0;2;2;1;1;
202300011339;155 660 459;B01;2;7;0;2;6;1;1;
202300011340;155 660 456;B01;3;3;0;2;2;19;1;
202300011340;155 660 457;A01;3;7;0;2;3;19;1;
202300011341;155 660 454;B01;2;1;0;2;8;19;5;
202300011341;155 660 455;A01;1;7;0;2;3;19;1;
202300011342;155 660 453;A01;2;7;6;0;1;14;1;
202300011343;155 660 451;A01;3;43;0;2;2;19;1;
202300011343;155 660 452;B01;3;7;0;2;3;0;1;
202300011344;155 660 450;A01;0;7;0;1;4;7;1;
202300011345;155 660 448;B01;0;50;0;2;0;1;3;
202300011345;155 660 449;A01;3;7;0;9;0;0;1;
202300011346;155 660 443;A01;0;2;0;0;8;15;1;
202300011347;155 660 442;A01;0;7;0;1;1;16;1;
202300011348;155 660 440;B01;0;7;0;0;0;0;1;
202300011348;155 660 441;A01;0;33;0;0;1;1;1;
202300011349;155 660 439;A01;3;7;0;1;3;1;1;
202300011350;155 660 437;A01;0;7;9;2;1;9;1;
202300011350;155 660 438;B01;0;33;0;2;1;1;1;
202300011351;155 660 436;A01;3;7;0;1;1;1;1;
202300011352;155 660 434;A01;1;34;0;2;8;13;1;
202300011352;155 660 435;B01;1;33;0;2;7;1;1;
202300011353;155 660 432;B01;1;1;0;2;1;19;5;
202300011353;155 660 433;A01;2;7;0;2;5;21;1;
202300011354;155 660 431;A01;1;7;6;0;1;1;1;
202300011355;155 660 429;B01;2;50;0;2;7;1;3;
202300011355;155 660 430;A01;1;7;0;2;3;19;1;
202300011356;155 660 428;A01;2;7;0;1;2;19;1;
202300011357;155 660 426;A01;2;50;0;2;1;18;3;
202300011357;155 660 427;B01;2;7;0;2;2;16;1;
202300011358;155 660 425;A01;1;7;6;0;0;13;1;
202300011359;155 660 424;A01;1;33;16;0;1;1;1;
202300011360;155 660 423;A01;2;7;0;1;1;1;1;
202300011361;155 660 422;A01;0;50;0;0;0;1;3;
202300011362;155 660 421;A01;1;7;1;0;2;14;2;
202300011363;155 660 419;A01;1;7;1;0;1;1;1;
202300011363;155 660 420;B01;1;7;0;2;4;16;1;
202300011364;155 660 417;A01;2;7;0;2;1;15;1;
202300011364;155 660 418;B01;2;50;0;2;7;19;3;
202300011365;155 660 415;A01;1;1;0;2;4;15;5;
202300011365;155 660 416;B01;1;7;0;2;1;1;1;
202300011366;155 660 414;A01;2;33;0;0;0;1;1;
202300011367;155 660 412;A01;1;7;0;2;5;23;1;
202300011367;155 660 413;B01;1;7;0;2;3;1;1;
202300011368;155 660 410;A01;3;7;0;2;3;1;1;
202300011368;155 660 411;B01;3;1;0;2;1;1;5;
202300011369;155 660 409;A01;2;7;1;1;1;13;1;
202300011370;155 660 407;A01;3;7;0;2;1;19;1;
202300011370;155 660 408;B01;3;7;0;2;1;0;1;
202300011371;155 660 405;A01;0;33;0;2;1;2;1;
202300011371;155 660 406;B01;0;7;0;2;4;1;1;
202300011372;155 660 403;A01;2;7;0;2;1;1;1;
202300011372;155 660 404;B01;1;7;0;2;1;15;1;
202300011373;155 660 401;B01;2;7;0;2;8;1;1;
202300011373;155 660 402;A01;1;7;0;2;1;1;1;
202300011374;155 660 399;A01;1;2;0;2;1;2;1;
202300011374;155 660 400;B01;1;7;0;2;2;10;1;
202300011375;155 660 398;A01;1;7;1;0;2;0;2;
202300011376;155 660 397;A01;1;7;0;1;2;1;1;
202300011377;155 660 395;B01;1;33;0;2;3;3;1;
202300011377;155 660 396;A01;1;7;0;2;7;12;2;
202300011378;155 660 392;C01;1;7;0;2;2;1;1;
202300011378;155 660 393;A01;1;31;0;2;1;3;1;
202300011378;155 660 394;B01;1;10;0;2;6;1;1;
202300011379;155 660 390;B01;1;7;0;2;8;1;1;
202300011379;155 660 391;A01;1;7;0;2;3;1;1;
202300011380;155 660 387;B01;1;33;0;2;1;1;1;
202300011380;155 660 388;Z01;1;7;0;2;5;12;0;
202300011380;155 660 389;A01;1;33;0;2;2;1;1;
202300011381;155 660 386;A01;1;7;0;1;3;15;2;
202300011382;155 660 385;A01;1;7;0;0;3;11;1;
202300011383;155 660 384;A01;1;7;2;0;0;13;1;
202300011384;155 660 382;B01;2;7;0;2;2;1;1;
202300011384;155 660 383;A01;1;7;0;2;2;13;1;
202300011385;155 660 380;A01;1;7;0;2;1;13;3;
202300011385;155 660 381;B01;2;7;0;2;1;13;1;
202300011386;155 660 378;A01;2;7;13;2;3;13;1;
202300011386;155 660 379;B01;1;7;13;2;3;1;1;
202300011387;155 660 377;A01;1;7;0;1;2;1;0;
202300011388;155 660 375;A01;1;33;0;2;7;17;1;
202300011388;155 660 376;B01;1;7;0;2;8;15;1;
202300011389;155 660 373;B01;3;13;0;2;1;1;1;
202300011389;155 660 374;A01;3;2;0;2;2;13;1;
202300011390;155 660 372;A01;2;7;13;0;9;13;1;
202300011391;155 660 371;A01;3;7;2;0;1;13;1;
202300011392;155 660 369;B01;2;7;0;2;2;1;0;
202300011392;155 660 370;A01;2;7;2;2;6;17;0;
202300011393;155 660 368;A01;2;7;2;0;1;1;1;
202300011394;155 660 367;A01;1;33;5;0;1;1;1;
202300011395;155 660 366;A01;1;7;2;0;2;1;0;
202300011396;155 660 365;A01;2;10;0;1;3;1;1;
202300011397;155 660 363;A01;2;7;13;2;5;26;1;
202300011397;155 660 364;B01;2;10;4;0;6;0;1;
202300011398;155 660 354;C01;1;7;0;0;8;0;0;
202300011398;155 660 355;D01;1;10;0;2;1;0;0;
202300011398;155 660 356;E01;1;10;0;2;1;0;0;
202300011398;155 660 357;A01;1;7;0;0;1;1;0;
202300011398;155 660 358;B01;1;7;0;0;7;0;0;
202300011399;155 660 352;A01;1;7;4;2;7;1;1;
202300011399;155 660 353;B01;1;7;4;2;8;11;1;
202300011400;155 660 351;A01;1;10;2;0;2;14;1;
202300011401;155 660 349;A01;1;13;0;0;4;15;0;
202300011401;155 660 350;B01;1;31;0;0;3;17;0;
202300011402;155 660 348;A01;1;7;8;0;1;1;1;
202300011403;155 660 346;A01;1;10;1;1;1;2;1;
202300011403;155 660 347;B01;1;13;0;2;4;24;1;
202300011404;155 660 345;A01;1;7;16;0;8;13;1;
202300011405;155 660 344;A01;0;36;6;1;3;26;1;
202300011406;155 660 342;A01;3;37;0;2;3;1;1;1
202300011406;155 660 343;B01;3;7;0;2;3;1;1;
202300011407;155 660 340;A01;2;7;8;2;1;5;1;
202300011407;155 660 341;B01;1;7;0;0;1;1;1;
202300011408;155 660 339;A01;3;2;0;0;7;0;1;
202300011409;155 660 338;A01;2;7;13;0;0;0;1;
202300011410;155 660 337;A01;1;7;0;1;2;16;1;
202300011411;155 660 335;A01;2;7;0;2;3;1;1;
202300011411;155 660 336;B01;1;1;0;2;7;9;5;
202300011412;155 660 334;A01;1;7;0;1;2;1;1;
202300011413;155 660 332;A01;0;7;0;2;4;1;1;
202300011413;155 660 333;B01;0;7;0;0;3;1;1;
202300011414;155 660 331;A01;0;7;8;0;1;2;1;
202300011415;155 660 330;A01;1;7;3;0;2;1;1;
202300011416;155 660 328;A01;1;99;0;2;2;1;1;
202300011416;155 660 329;B01;2;7;0;2;3;1;1;
202300011417;155 660 327;A01;2;7;4;0;1;1;1;
202300011418;155 660 326;A01;2;7;3;0;3;13;1;
202300011419;155 660 324;A01;2;7;0;2;3;11;1;
202300011419;155 660 325;B01;2;7;0;2;2;1;1;
202300011420;155 660 322;A01;1;7;0;2;2;12;1;
202300011420;155 660 323;B01;1;7;0;2;3;1;1;
202300011421;155 660 320;A01;2;33;0;2;1;3;1;
202300011421;155 660 321;B01;2;7;0;2;5;1;1;
202300011422;155 660 316;B01;1;7;13;2;3;13;1;
202300011422;155 660 318;A01;2;7;13;2;1;2;1;
202300011422;155 660 319;C01;1;7;13;2;3;1;1;
202300011423;155 660 315;B01;1;31;0;2;4;3;1;
202300011423;155 660 317;A01;1;7;0;2;1;12;1;
202300011424;155 660 314;A01;2;31;1;9;1;1;1;
202300011425;155 660 312;A01;3;7;0;1;3;16;1;
202300011426;155 660 311;A01;2;7;0;1;2;1;1;
202300011427;155 660 309;A01;2;7;0;2;1;2;1;
202300011427;155 660 310;B01;2;7;0;2;4;2;1;
202300011427;155 660 313;C01;2;7;0;2;4;2;1;
202300011428;155 660 307;B01;1;7;0;2;1;0;0;
202300011428;155 660 308;A01;2;17;0;2;6;26;0;
202300011429;155 660 304;B01;2;7;0;2;5;1;1;
202300011429;155 660 306;A01;2;31;0;2;1;1;1;
202300011430;155 660 305;A01;1;7;8;0;3;13;0;
202300011431;155 660 302;A01;2;10;4;0;1;26;1;
202300011432;155 660 301;B01;2;10;0;2;3;1;1;
202300011432;155 660 303;A01;1;7;0;2;3;1;1;
202300011433;155 660 299;A01;0;7;2;0;3;13;1;
202300011434;155 660 297;B01;2;7;0;2;2;2;1;
202300011434;155 660 300;A01;2;7;0;2;6;11;1;
202300011435;155 660 296;B01;2;33;0;2;1;1;1;
202300011435;155 660 298;A01;1;7;0;2;7;15;1;
202300011436;155 660 295;A01;1;7;14;0;3;12;1;
202300011437;155 660 293;A01;2;7;0;2;3;1;3;
202300011437;155 660 294;B01;1;7;0;2;3;1;1;
202300011438;155 660 290;A01;1;1;1;0;1;1;5;
202300011439;155 660 289;B01;1;7;4;2;6;1;0;
202300011439;155 660 291;C01;1;7;0;2;1;2;0;
202300011439;155 660 292;A01;1;17;0;2;2;12;0;
202300011440;155 660 285;A01;0;2;0;0;3;25;1;
202300011441;155 660 283;A01;1;7;12;0;3;1;1;
202300011442;155 660 284;A01;2;10;0;2;4;1;1;
202300011442;155 660 286;B01;2;7;4;2;9;1;1;
202300011442;155 660 287;C01;2;10;0;2;4;0;1;
202300011443;155 660 282;A01;1;7;0;1;1;1;0;
202300011444;155 660 280;A01;3;7;10;0;0;24;1;
202300011445;155 660 278;A01;1;15;0;2;1;1;1;
202300011445;155 660 279;B01;1;15;0;2;4;1;1;
202300011445;155 660 281;C01;1;15;0;2;4;1;1;
202300011446;155 660 277;A01;2;2;0;0;0;1;1;
202300011447;155 660 275;A01;1;33;0;0;6;1;1;
202300011448;155 660 274;A01;2;33;0;2;2;3;1;
202300011448;155 660 276;B01;2;7;0;2;3;11;1;
202300011449;155 660 271;A01;2;7;0;0;4;23;1;
202300011449;155 660 272;B01;2;7;0;2;1;2;1;
202300011449;155 660 273;C01;2;10;0;2;1;2;0;
202300011450;155 660 270;A01;2;38;10;0;1;1;1;16
202300011451;155 660 267;A01;1;7;0;1;4;4;1;
202300011452;155 660 268;A01;1;7;0;2;5;2;1;
202300011452;155 660 269;B01;1;31;0;2;1;18;1;
202300011453;155 660 264;A01;1;7;0;2;1;13;1;
202300011453;155 660 266;B01;2;7;0;2;1;1;1;
202300011454;155 660 260;A01;1;7;0;2;3;13;1;
202300011454;155 660 262;B01;2;2;0;2;1;1;1;
202300011455;155 660 259;A01;1;7;9;0;8;1;1;
202300011456;155 660 261;A01;2;10;0;2;4;23;1;
202300011456;155 660 263;B01;2;7;0;2;4;1;1;
202300011456;155 660 265;C01;2;10;0;2;1;1;1;
202300011457;155 660 257;A01;1;7;15;0;3;13;1;
202300011458;155 660 254;A01;1;7;0;2;1;1;1;
202300011458;155 660 255;B01;1;7;3;2;4;1;1;
202300011458;155 660 256;C01;1;7;3;2;4;1;1;
202300011458;155 660 258;D01;1;7;3;2;7;1;1;
202300011459;155 660 252;A01;2;17;0;2;1;1;1;
202300011459;155 660 253;B01;1;10;0;0;7;1;1;
202300011460;155 660 249;A01;1;10;3;2;2;2;1;
202300011460;155 660 250;B01;1;15;0;2;6;2;1;
202300011461;155 660 245;A01;1;7;3;0;8;0;1;
202300011461;155 660 247;B01;1;7;14;0;1;1;1;
202300011462;155 660 246;A01;1;10;0;2;6;1;3;
202300011462;155 660 248;B01;1;7;14;0;3;1;1;
202300011462;155 660 251;C01;1;33;0;2;1;0;1;
202300011463;155 660 242;A01;2;7;0;2;2;14;1;
202300011463;155 660 244;B01;2;17;0;2;8;1;1;
202300011464;155 660 238;A01;1;7;0;2;4;23;1;
202300011464;155 660 241;B01;1;7;0;2;1;2;1;
202300011464;155 660 243;C01;1;10;0;2;3;1;1;
202300011465;155 660 234;B01;3;10;0;2;3;1;1;
202300011465;155 660 236;A01;3;14;3;2;2;19;1;
202300011466;155 660 230;B01;1;7;14;0;2;1;1;
202300011466;155 660 232;C01;1;7;14;0;1;1;1;
202300011466;155 660 233;A01;1;7;0;0;0;0;1;
202300011467;155 660 229;A01;2;7;0;2;1;1;1;
202300011467;155 660 231;B01;1;7;0;2;1;9;1;
202300011468;155 660 227;A01;2;10;0;2;2;1;1;
202300011468;155 660 228;B01;2;2;0;2;3;10;1;
202300011469;155 660 225;A01;2;7;13;0;2;14;1;
202300011470;155 660 224;A01;2;50;0;2;1;1;3;
202300011470;155 660 226;B01;1;7;0;2;7;1;1;
202300011471;155 660 222;A01;1;7;0;2;1;13;3;
202300011471;155 660 223;B01;2;7;0;2;3;1;1;
202300011472;155 660 218;C01;2;7;0;2;1;1;1;
202300011472;155 660 219;B01;2;7;0;2;1;1;1;
202300011472;155 660 220;A01;2;7;0;2;2;13;1;
202300011473;155 660 217;B01;0;7;0;2;1;1;1;
202300011473;155 660 221;A01;0;3;0;2;1;16;1;
202300011474;155 660 216;A01;3;35;12;0;5;2;1;
202300011475;155 660 213;A01;1;7;3;0;1;26;1;
202300011476;155 660 214;A01;1;7;0;2;3;1;0;
202300011476;155 660 215;B01;2;7;0;2;2;15;0;
202300011477;155 660 211;A01;2;7;0;2;1;17;1;
202300011477;155 660 212;B01;1;10;0;2;1;1;1;
202300011478;155 660 207;B01;2;7;0;2;1;0;1;
202300011478;155 660 210;A01;2;7;0;2;2;1;1;
202300011479;155 660 205;C01;2;7;0;2;1;1;1;
202300011479;155 660 206;B01;1;7;0;2;1;1;1;
202300011479;155 660 208;A01;2;7;0;2;1;5;1;
202300011479;155 660 209;D01;1;7;0;2;1;1;1;
202300011480;155 660 204;A01;2;7;0;1;1;1;1;
202300011481;155 660 202;A01;1;7;0;2;1;13;1;
202300011481;155 660 203;B01;2;7;0;2;1;1;1;
202300011482;155 660 199;B01;3;33;0;2;7;1;1;
202300011482;155 660 201;A01;0;80;12;2;1;2;3;
202300011483;155 660 198;A01;1;7;7;2;1;2;1;
202300011483;155 660 200;B01;1;7;7;2;1;2;1;
202300011484;155 660 195;B01;3;50;0;2;7;19;3;
202300011484;155 660 196;A01;3;7;0;2;1;9;1;
202300011485;155 660 194;A01;1;7;0;2;1;2;1;
202300011485;155 660 197;B01;1;7;0;2;0;0;1;
202300011486;155 660 193;A01;3;7;0;1;8;1;0;
202300011487;155 660 191;A01;1;17;0;2;2;1;1;
202300011487;155 660 192;B01;1;7;0;2;3;9;1;
202300011488;155 660 187;A01;1;15;0;2;5;12;1;
202300011488;155 660 189;B01;1;7;0;2;7;1;1;
202300011489;155 660 188;A01;1;7;0;2;1;13;1;
202300011489;155 660 190;B01;2;7;0;2;1;1;1;
202300011490;155 660 185;B01;1;7;0;2;4;23;1;
202300011490;155 660 186;A01;1;15;1;0;1;2;1;
202300011491;155 660 182;A01;1;7;4;2;1;2;1;
202300011491;155 660 183;B01;1;7;4;2;4;2;0;
202300011492;155 660 184;A01;2;32;12;0;6;13;1;
202300011493;155 660 177;D01;2;7;0;2;4;23;2;
202300011493;155 660 178;C01;2;7;0;2;1;23;1;
202300011493;155 660 179;B01;2;7;0;2;4;23;1;
202300011493;155 660 181;A01;2;10;0;2;1;2;1;
202300011494;155 660 176;A01;2;3;0;2;2;0;1;
202300011494;155 660 180;B01;2;1;0;2;0;0;5;
202300011495;155 660 174;A01;1;17;0;2;7;12;1;
202300011495;155 660 175;B01;1;7;4;2;8;1;1;
202300011496;155 660 171;A01;1;7;0;2;7;11;1;
202300011496;155 660 172;B01;1;43;0;2;5;26;1;
202300011497;155 660 169;A01;1;31;0;0;0;1;1;
202300011498;155 660 168;A01;1;50;0;2;1;5;3;
202300011498;155 660 170;B01;2;7;0;2;2;9;1;
202300011499;155 660 166;A01;1;31;14;0;1;1;1;
202300011500;155 660 164;C01;1;7;0;2;4;2;1;
202300011500;155 660 165;B01;1;7;0;2;0;2;1;
202300011500;155 660 167;A01;1;7;0;2;1;2;1;
202300011501;155 660 162;B01;1;50;0;2;2;1;3;
202300011501;155 660 163;A01;1;7;0;2;1;19;1;
202300011502;155 660 161;A01;1;7;0;1;2;1;2;
202300011503;155 660 159;A01;2;1;0;1;1;1;5;
202300011504;155 660 158;A01;0;30;0;2;3;17;1;
202300011504;155 660 160;B01;0;7;0;9;3;15;1;
202300011505;155 660 156;A01;2;7;0;2;7;22;2;
202300011505;155 660 157;B01;2;80;0;2;1;1;3;