Num_Acc;id_vehicule;num_veh;senc;catv;obs;obsm;choc;manv;motor;occutc
202300011506;155 660 155;A01;1;7;0;1;1;1;1;
202300011507;155 660 152;B01;1;14;0;2;0;23;1;
202300011507;155 660 154;A01;1;7;0;2;2;17;1;
202300011508;155 660 153;A01;1;10;4;0;1;26;1;
202300011509;155 660 150;A01;1;30;0;1;1;1;3;
202300011510;155 660 149;A01;1;7;0;2;5;15;1;
202300011510;155 660 151;B01;2;2;0;2;1;1;1;
202300011511;155 660 147;A01;0;7;0;1;4;4;1;
202300011512;155 660 145;A01;1;30;0;2;2;17;1;
202300011512;155 660 146;B01;1;7;0;2;0;16;1;
202300011512;155 660 148;C01;1;10;0;2;0;16;1;
202300011513;155 660 143;A01;1;7;5;0;3;0;0;
202300011513;155 660 144;B01;1;50;3;0;0;0;3;
202300011514;155 660 141;A01;1;7;0;2;3;15;1;
202300011514;155 660 142;B01;2;50;0;2;1;1;3;
202300011515;155 660 140;A01;3;7;0;1;3;0;3;
202300011516;155 660 138;Z01;3;7;0;2;0;15;0;
202300011516;155 660 139;A01;3;34;0;2;1;1;1;
202300011517;155 660 135;A01;3;7;0;2;4;2;1;
202300011517;155 660 137;B01;3;7;0;2;1;2;1;
202300011518;155 660 134;A01;2;7;0;2;7;16;2;
202300011518;155 660 136;B01;2;50;0;2;2;1;3;
202300011519;155 660 131;B01;1;7;0;2;6;15;1;
202300011519;155 660 133;A01;3;32;0;2;1;2;1;
202300011520;155 660 132;A01;1;7;0;1;1;1;1;
202300011521;155 660 128;C01;2;7;0;2;3;1;1;
202300011521;155 660 129;B01;1;34;0;2;7;13;1;
202300011521;155 660 130;A01;1;10;0;2;3;1;1;
202300011522;155 660 126;B01;3;60;0;2;8;5;5;
202300011522;155 660 127;A01;3;7;0;9;3;16;1;
202300011523;155 660 124;A01;2;7;0;2;8;22;1;
202300011523;155 660 125;B01;2;1;0;2;0;1;5;
202300011524;155 660 121;B01;2;1;0;2;1;1;5;
202300011524;155 660 122;A01;1;7;0;2;1;15;1;
202300011525;155 660 120;A01;2;7;0;2;7;17;1;
202300011525;155 660 123;B01;1;7;0;2;2;15;1;
202300011526;155 660 119;A01;2;50;0;0;7;1;3;
202300011527;155 660 117;B01;2;7;0;2;4;2;1;
202300011527;155 660 118;A01;2;7;0;2;1;2;1;
202300011528;155 660 116;A01;1;50;12;0;1;13;3;
202300011529;155 660 115;A01;1;2;13;0;1;1;1;
202300011530;155 660 113;B01;1;7;0;2;3;9;1;
202300011530;155 660 114;A01;1;37;0;2;2;1;1;2
202300011531;155 660 111;A01;3;7;0;2;2;15;0;
202300011531;155 660 112;B01;3;1;0;2;0;0;5;
202300011532;155 660 110;A01;2;7;0;1;2;1;2;
202300011533;155 660 107;A01;2;7;0;2;1;15;0;
202300011533;155 660 109;B01;2;33;0;2;8;16;0;
202300011534;155 660 108;A01;2;30;0;0;0;1;1;
202300011535;155 660 105;A01;2;7;0;2;4;23;1;
202300011535;155 660 106;B01;2;7;0;2;1;1;1;
202300011536;155 660 104;A01;1;1;13;0;1;15;5;
202300011537;155 660 102;A01;1;7;0;2;2;16;1;
202300011537;155 660 103;B01;1;33;0;2;1;1;1;
202300011538;155 660 101;A01;1;7;0;1;1;10;1;
202300011539;155 660 098;A01;0;7;0;2;3;2;1;
202300011539;155 660 099;B01;0;32;0;2;2;2;1;
202300011540;155 660 095;B01;3;1;0;9;0;0;5;
202300011540;155 660 097;A01;3;7;0;9;1;15;1;
202300011541;155 660 093;A01;3;32;0;2;4;1;1;
202300011542;155 660 094;A01;2;7;0;2;0;0;3;
202300011542;155 660 096;B01;2;30;0;2;1;0;3;
202300011543;155 660 091;B01;2;1;8;2;8;2;5;
202300011543;155 660 092;Z01;2;14;0;9;7;11;0;
202300011544;155 660 088;B01;3;1;0;2;8;1;5;
202300011544;155 660 089;A01;3;7;0;9;3;13;3;
202300011545;155 660 087;B01;3;34;12;2;5;1;1;
202300011545;155 660 090;A01;3;7;0;2;6;1;1;
202300011546;155 660 085;A01;2;10;0;2;3;15;0;
202300011546;155 660 086;B01;1;34;0;2;1;1;0;
202300011547;155 660 082;A01;1;30;0;2;1;3;1;
202300011547;155 660 083;B01;1;7;0;2;8;15;1;
202300011548;155 660 081;D01;1;7;0;2;1;2;1;
202300011548;155 660 084;A01;2;30;0;2;3;0;1;
202300011549;155 660 078;B01;2;1;0;2;1;1;5;
202300011549;155 660 080;A01;0;7;0;9;2;15;1;
202300011550;155 660 077;B01;2;33;0;2;1;1;1;
202300011550;155 660 079;A01;1;10;0;2;6;11;1;
202300011551;155 660 076;A01;2;80;8;0;1;1;3;
202300011552;155 660 074;B01;3;7;0;2;2;1;1;
202300011552;155 660 075;A01;3;7;0;2;3;15;1;
202300011553;155 660 073;A01;3;2;0;1;1;21;1;
202300011554;155 660 071;A01;1;10;0;1;2;1;1;
202300011555;155 660 068;A01;1;7;0;2;1;0;1;
202300011555;155 660 069;B01;1;17;0;0;6;1;1;
202300011556;155 660 066;A01;1;7;15;9;3;1;1;
202300011557;155 660 064;A01;1;7;0;1;2;15;1;
202300011558;155 660 063;A01;1;36;1;0;3;1;0;
202300011559;155 660 060;A01;1;99;0;2;1;1;1;
202300011559;155 660 061;B01;1;7;15;0;4;15;1;
202300011559;155 660 062;C01;2;7;0;9;3;1;1;
202300011560;155 660 059;A01;0;7;0;1;1;1;1;
202300011561;155 660 057;A01;2;7;4;0;6;0;1;
202300011561;155 660 058;B01;2;7;0;2;2;17;1;
202300011562;155 660 055;A01;3;2;0;0;1;0;1;
202300011563;155 660 054;A01;1;2;0;2;1;19;0;
202300011563;155 660 056;B01;2;7;0;2;8;2;1;
202300011564;155 660 051;A01;1;7;0;2;1;2;1;
202300011564;155 660 052;B01;1;7;0;2;4;2;1;
202300011564;155 660 053;C01;1;7;0;2;4;2;1;
202300011565;155 660 049;A01;1;7;0;2;1;1;1;
202300011565;155 660 050;B01;1;2;0;2;4;1;1;
202300011566;155 660 048;A01;0;7;12;0;1;1;1;
202300011567;155 660 046;A01;3;7;0;1;3;15;1;
202300011568;155 660 045;A01;3;7;0;2;1;1;1;
202300011568;155 660 047;B01;3;1;0;2;0;26;5;
202300011569;155 660 043;B01;3;7;0;2;8;1;1;
202300011569;155 660 044;A01;3;33;0;2;8;1;1;
202300011570;155 660 040;A01;1;7;0;2;3;15;1;
202300011570;155 660 041;B01;2;7;0;2;3;1;1;
202300011571;155 660 039;A01;2;32;7;0;1;1;1;
202300011572;155 660 038;A01;1;7;14;0;1;26;1;
202300011573;155 660 037;A01;1;7;13;0;2;1;1;
202300011574;155 660 034;A01;1;7;0;2;2;1;1;
202300011574;155 660 036;B01;1;10;0;2;5;15;1;
202300011575;155 660 033;A01;0;2;0;2;4;26;0;
202300011575;155 660 035;B01;0;3;0;2;0;0;0;
202300011576;155 660 030;B01;1;50;0;2;1;1;3;
202300011576;155 660 032;A01;1;7;0;2;3;9;1;
202300011577;155 660 029;B01;3;7;0;2;4;1;1;
202300011577;155 660 031;A01;3;10;0;2;1;1;1;
202300011578;155 660 027;A01;1;7;0;2;2;1;0;
202300011578;155 660 028;B01;1;7;0;2;3;9;0;
202300011579;155 660 024;B01;2;7;0;2;1;1;1;
202300011579;155 660 026;A01;1;7;0;2;2;1;1;
202300011580;155 660 023;A01;2;7;4;0;0;0;1;
202300011581;155 660 021;A01;1;7;0;1;6;4;1;
202300011582;155 660 020;A01;2;7;0;2;1;1;1;
202300011582;155 660 022;B01;1;7;0;2;1;1;1;
202300011583;155 660 018;A01;1;7;2;0;1;0;1;
202300011584;155 660 017;B01;1;7;0;2;3;9;1;
202300011584;155 660 019;A01;1;1;0;2;0;1;5;
202300011585;155 660 016;A01;3;7;2;0;9;1;1;
202300011586;155 660 011;A01;1;7;2;0;1;0;1;
202300011587;155 660 012;B01;3;1;0;2;1;23;5;
202300011587;155 660 015;A01;3;7;0;2;3;15;1;
202300011588;155 660 009;B01;1;1;0;0;7;19;5;
202300011588;155 660 010;A01;1;7;0;9;1;1;0;
202300011589;155 660 007;A01;0;50;0;2;7;17;3;
202300011589;155 660 008;B01;0;21;0;2;6;0;1;
202300011590;155 660 006;A01;2;7;2;0;2;1;1;
202300011591;155 660 005;A01;1;7;13;0;1;13;1;
202300011592;155 660 003;B01;0;7;0;2;1;2;1;
202300011592;155 660 004;A01;0;2;0;2;4;2;0;
202300011593;155 659 998;A01;1;7;0;2;3;2;1;
202300011593;155 659 999;B01;1;32;0;2;4;1;1;
202300011593;155 660 000;C01;1;14;0;2;3;2;1;
202300011594;155 659 997;A01;2;7;12;0;1;13;1;
202300011595;155 659 995;A01;3;7;0;1;2;1;1;
202300011596;155 659 994;A01;3;10;15;0;4;4;1;
202300011597;155 659 990;B01;1;7;0;2;1;1;1;
202300011597;155 659 991;A01;2;7;0;2;8;19;1;
202300011598;155 659 989;A01;1;30;0;0;7;1;1;
202300011599;155 659 986;A01;1;2;0;2;1;1;1;
202300011599;155 659 988;B01;1;7;0;0;4;1;1;
202300011600;155 659 987;A01;3;30;0;0;0;1;1;
202300011601;155 659 985;A01;3;7;0;1;1;2;1;
202300011602;155 659 981;B01;2;1;0;2;1;1;5;
202300011602;155 659 982;A01;2;7;0;2;3;16;1;
202300011603;155 659 983;A01;1;7;0;2;1;2;1;
202300011603;155 659 984;B01;1;7;0;2;4;1;1;
202300011604;155 659 979;A01;2;7;0;2;1;13;1;
202300011604;155 659 980;B01;1;7;0;2;3;13;1;
202300011605;155 659 978;A01;2;7;15;0;2;1;3;
202300011606;155 659 977;A01;1;10;0;1;1;0;1;
202300011607;155 659 976;A01;1;31;0;0;0;1;0;
202300011608;155 659 975;A01;1;33;16;0;0;2;1;
202300011609;155 659 974;A01;1;1;0;1;1;1;5;
202300011610;155 659 972;B01;1;33;0;2;0;1;1;
202300011610;155 659 973;A01;1;7;0;2;0;11;1;
202300011611;155 659 968;A01;2;7;0;2;2;14;0;
202300011611;155 659 970;B01;2;7;0;2;8;1;0;
202300011612;155 659 969;B01;1;34;0;2;3;1;1;
202300011612;155 659 971;A01;1;7;0;2;2;15;1;
202300011613;155 659 967;A01;2;7;3;2;1;17;1;
202300011614;155 659 966;A01;2;10;0;1;1;15;0;
202300011615;155 659 964;B01;1;10;0;2;4;2;1;
202300011615;155 659 965;A01;1;7;0;2;1;14;1;
202300011616;155 659 962;A01;0;7;0;2;2;1;1;
202300011616;155 659 963;B01;0;14;0;2;3;1;1;
202300011617;155 659 959;A01;2;7;0;2;1;2;1;
202300011617;155 659 960;B01;2;7;0;2;4;2;1;
202300011617;155 659 961;C01;2;7;0;2;4;2;1;
202300011618;155 659 957;A01;1;7;0;2;3;15;1;
202300011618;155 659 958;B01;1;2;0;2;8;1;1;
202300011619;155 659 955;B01;1;7;0;2;4;2;1;
202300011619;155 659 956;A01;1;7;0;2;1;2;1;
202300011620;155 659 954;A01;2;7;0;1;1;1;1;
202300011621;155 659 951;A01;1;7;0;2;7;16;1;
202300011621;155 659 953;B01;1;50;0;2;1;25;3;
202300011622;155 659 948;A01;3;7;0;1;3;15;1;
202300011623;155 659 947;D01;2;7;0;2;4;1;1;
202300011623;155 659 949;B01;2;7;0;2;6;1;1;
202300011623;155 659 950;C01;2;7;0;2;2;1;1;
202300011623;155 659 952;A01;2;33;0;2;2;3;1;
202300011624;155 659 946;A01;1;7;0;1;7;20;1;
202300011625;155 659 942;A01;1;7;0;2;1;2;1;
202300011625;155 659 944;B01;1;7;0;2;4;2;1;
202300011625;155 659 945;C01;1;7;0;2;4;2;1;
202300011626;155 659 941;B01;1;2;14;0;7;1;1;
202300011626;155 659 943;A01;2;7;0;2;1;9;1;
202300011627;155 659 940;A01;1;7;0;1;3;1;1;
202300011628;155 659 938;A01;1;41;13;0;0;13;1;
202300011629;155 659 935;A01;3;37;0;2;7;0;1;1
202300011629;155 659 936;B01;3;1;0;2;7;0;5;
202300011630;155 659 934;A01;3;50;12;0;1;13;3;
202300011631;155 659 932;B01;3;1;0;2;1;1;5;
202300011631;155 659 933;A01;3;7;0;2;3;17;1;
202300011632;155 659 931;A01;0;7;4;0;1;1;0;
202300011633;155 659 929;A01;3;2;0;2;1;2;1;
202300011633;155 659 930;B01;3;10;0;2;4;2;1;
202300011634;155 659 928;A01;3;80;8;-1;1;21;3;
202300011635;155 659 924;A01;1;7;0;2;1;17;1;
202300011635;155 659 926;B01;2;10;0;2;3;1;1;
202300011636;155 659 925;B01;1;7;0;0;0;0;1;
202300011636;155 659 927;A01;1;30;0;0;8;21;1;
202300011637;155 659 921;A01;2;7;0;2;3;26;1;
202300011637;155 659 923;B01;1;2;0;2;1;17;3;
202300011638;155 659 920;A01;3;7;0;1;1;26;1;
202300011639;155 659 922;A01;1;7;13;0;9;1;1;
202300011640;155 659 919;B01;1;33;0;0;0;21;1;
202300011641;155 659 915;B01;2;7;0;2;8;2;3;
202300011641;155 659 916;A01;2;33;0;2;7;17;1;
202300011642;155 659 917;A01;1;30;0;2;1;26;3;
202300011642;155 659 918;B01;2;10;0;2;4;0;0;
202300011643;155 659 912;A01;3;7;2;0;1;0;1;
202300011644;155 659 913;A01;1;7;0;1;3;19;1;
202300011645;155 659 908;A01;1;7;4;0;1;9;1;
202300011646;155 659 907;A01;1;7;0;2;1;13;1;
202300011646;155 659 909;B01;2;17;0;2;1;1;1;
202300011646;155 659 911;C01;1;7;0;2;2;0;3;
202300011647;155 659 905;B01;3;7;0;2;8;15;1;
202300011647;155 659 906;A01;3;7;0;2;1;1;1;
202300011648;155 659 902;B01;2;7;0;2;1;1;1;
202300011648;155 659 903;A01;2;7;0;2;4;10;1;
202300011649;155 659 900;A01;3;7;15;0;1;13;1;
202300011650;155 659 899;A01;2;7;0;2;1;1;1;
202300011650;155 659 901;B01;1;30;0;2;2;15;1;
202300011651;155 659 896;A01;0;7;0;2;1;1;0;
202300011651;155 659 898;B01;0;99;0;2;7;1;0;
202300011652;155 659 895;A01;2;7;0;2;2;16;1;
202300011652;155 659 897;B01;2;1;0;2;3;1;5;
202300011653;155 659 893;A01;2;50;0;2;1;19;3;
202300011653;155 659 894;B01;1;7;0;9;1;1;1;
202300011654;155 659 892;CA01;2;7;0;0;1;14;1;
202300011655;155 659 890;B01;0;7;0;2;8;1;1;
202300011655;155 659 891;A01;0;30;0;2;8;9;1;
202300011656;155 659 887;B01;2;7;0;2;3;1;2;
202300011656;155 659 888;A01;1;7;0;2;1;13;1;
202300011657;155 659 886;A01;2;7;0;2;1;1;1;
202300011657;155 659 889;B01;2;10;0;2;7;1;1;
202300011658;155 659 884;B01;2;7;0;2;1;1;1;
202300011658;155 659 885;A01;1;7;0;2;1;5;1;
202300011659;155 659 882;B01;1;7;0;2;3;15;1;
202300011659;155 659 883;A01;2;33;0;2;2;0;1;
202300011660;155 659 880;A01;3;7;0;2;7;0;1;
202300011660;155 659 881;B01;3;33;0;2;1;0;1;
202300011661;155 659 878;A01;2;1;0;1;1;25;5;
202300011662;155 659 877;B01;3;7;0;2;3;1;0;
202300011662;155 659 879;A01;3;7;3;0;8;13;0;
202300011663;155 659 874;A01;2;7;13;1;1;1;1;
202300011664;155 659 873;B01;1;7;0;2;1;1;1;
202300011664;155 659 875;A01;2;7;0;2;1;13;1;
202300011665;155 659 872;A01;1;7;9;0;1;1;1;
202300011666;155 659 871;A01;1;50;14;0;1;1;3;
202300011667;155 659 868;B01;3;50;0;2;1;1;3;
202300011667;155 659 870;A01;2;10;0;2;8;1;1;
202300011668;155 659 867;A01;3;7;0;2;1;1;1;
202300011668;155 659 869;B01;3;7;0;2;3;1;0;
202300011669;155 659 864;B01;1;7;0;2;4;2;1;
202300011669;155 659 866;A01;1;7;0;2;1;2;1;
202300011670;155 659 862;C01;1;7;0;2;1;23;1;
202300011670;155 659 863;B01;1;7;0;2;1;23;1;
202300011670;155 659 865;A01;2;7;0;2;1;1;1;
202300011671;155 659 860;B01;1;7;0;2;4;2;1;
202300011671;155 659 861;A01;1;7;0;2;3;2;1;
202300011672;155 659 858;B01;2;7;0;2;6;20;1;
202300011672;155 659 859;A01;1;33;0;2;1;2;1;
202300011673;155 659 857;A01;1;2;0;0;1;20;1;
202300011674;155 659 855;A01;3;7;0;9;2;16;0;
202300011674;155 659 856;T01;0;1;0;0;0;0;5;
202300011675;155 659 852;A01;2;33;6;0;1;2;1;
202300011676;155 659 850;A01;1;7;9;0;1;15;1;
202300011677;155 659 849;B01;1;7;0;2;0;0;1;
202300011677;155 659 851;A01;1;7;0;2;0;0;1;
202300011678;155 659 847;A01;0;7;0;2;3;1;1;
202300011678;155 659 848;B01;0;1;0;0;0;0;5;
202300011679;155 659 844;Z01;1;0;0;2;5;12;0;
202300011679;155 659 845;B01;1;32;1;2;1;1;1;
202300011680;155 659 843;A01;2;10;0;1;5;26;3;
202300011681;155 659 846;A01;2;7;8;1;1;16;1;
202300011682;155 659 841;B01;1;10;0;2;1;19;1;
202300011682;155 659 842;A01;1;10;0;2;2;1;1;
202300011683;155 659 839;A01;3;7;14;2;9;26;0;
202300011684;155 659 840;A01;1;33;9;0;1;1;0;
202300011685;155 659 837;A01;1;7;0;2;0;9;0;
202300011685;155 659 838;B01;3;2;0;2;0;0;1;
202300011686;155 659 835;A01;3;2;0;0;8;0;1;
202300011687;155 659 834;B01;2;33;9;2;8;1;1;
202300011687;155 659 836;A01;1;7;9;2;2;1;1;
202300011688;155 659 832;A01;1;7;0;2;2;2;0;
202300011689;155 659 831;B01;1;7;6;2;4;2;2;
202300011689;155 659 833;A01;1;10;0;2;1;2;1;
202300011690;155 659 827;B01;0;7;0;2;1;0;1;
202300011690;155 659 829;A01;3;7;0;2;3;0;1;
202300011691;155 659 824;A01;1;33;1;0;1;1;1;
202300011691;155 659 825;B01;1;7;1;0;8;20;1;
202300011692;155 659 820;B01;2;7;0;2;4;23;1;
202300011692;155 659 822;A01;2;10;0;2;1;9;1;
202300011692;155 659 823;C01;2;7;0;2;4;23;1;
202300011693;155 659 818;B01;1;7;0;2;5;15;0;
202300011693;155 659 819;A01;2;2;0;2;1;1;0;
202300011694;155 659 814;B01;2;7;0;0;1;1;1;
202300011694;155 659 816;A01;1;7;0;2;2;15;1;
202300011695;155 659 813;A01;1;7;0;2;1;13;1;
202300011695;155 659 815;B01;2;7;0;2;1;1;1;
202300011696;155 659 811;A01;0;10;0;2;7;1;1;
202300011696;155 659 812;B01;0;7;0;2;1;1;1;
202300011697;155 659 809;A01;1;7;0;2;8;12;1;
202300011697;155 659 810;B01;1;31;0;2;8;1;1;
202300011698;155 659 807;A01;1;10;0;2;8;16;1;
202300011698;155 659 808;Y01;3;60;0;2;8;19;5;
202300011699;155 659 805;A01;1;10;0;1;1;1;1;
202300011700;155 659 803;B01;2;7;0;2;5;1;1;
202300011700;155 659 804;A01;2;43;0;2;4;3;1;
202300011700;155 659 806;Z01;2;32;0;2;1;3;0;
202300011701;155 659 801;B01;1;7;0;2;1;2;1;
202300011701;155 659 802;A01;1;7;0;2;6;17;1;
202300011702;155 659 799;A01;1;33;0;2;1;1;1;
202300011702;155 659 800;Z01;1;10;0;2;4;11;0;
202300011703;155 659 798;A01;1;7;0;1;3;9;1;
202300011704;155 659 797;A01;2;7;0;1;2;15;1;
202300011705;155 659 793;A01;1;33;0;2;1;1;1;
202300011705;155 659 794;B01;1;7;0;2;3;15;1;
202300011706;155 659 795;B01;1;7;0;2;4;2;1;
202300011706;155 659 796;A01;1;33;0;2;3;2;1;
202300011707;155 659 790;B01;3;33;0;2;0;21;1;
202300011707;155 659 792;A01;3;7;0;0;0;15;1;
202300011708;155 659 787;A01;2;7;1;0;1;14;1;
202300011709;155 659 785;D01;1;7;0;2;2;1;4;
202300011709;155 659 788;A01;1;33;0;2;9;3;1;
202300011709;155 659 789;B01;1;33;0;2;9;9;1;
202300011709;155 659 791;C01;1;7;0;2;3;1;1;
202300011710;155 659 784;B01;3;50;0;2;3;26;3;
202300011710;155 659 786;A01;1;7;0;2;8;15;1;
202300011711;155 659 780;B01;2;33;1;2;1;17;1;
202300011711;155 659 783;A01;2;7;0;2;3;15;6;
202300011712;155 659 779;A01;3;0;0;0;1;2;1;
202300011713;155 659 777;B01;1;7;0;2;5;1;1;
202300011713;155 659 778;A01;1;7;0;2;3;1;1;
202300011714;155 659 776;A01;3;7;0;1;2;9;1;
202300011715;155 659 774;A01;1;30;0;2;1;2;1;
202300011715;155 659 775;B01;1;1;0;2;4;1;5;
202300011716;155 659 771;A01;1;80;0;2;1;1;2;
202300011716;155 659 773;B01;1;7;0;2;4;23;1;
202300011717;155 659 772;A01;2;7;0;1;3;19;1;
202300011718;155 659 770;A01;1;30;16;0;1;1;1;
202300011719;155 659 768;A01;1;33;15;0;2;16;1;
202300011720;155 659 765;A01;2;7;0;1;2;16;1;
202300011721;155 659 766;A01;1;10;0;2;1;1;1;
202300011721;155 659 767;B01;1;7;0;2;4;1;1;
202300011721;155 659 769;C01;1;7;0;2;4;1;1;
202300011722;155 659 763;B01;2;30;0;2;4;23;1;
202300011722;155 659 764;A01;2;7;0;2;1;1;1;
202300011723;155 659 760;A01;2;7;0;2;7;1;1;
202300011723;155 659 762;B01;1;7;0;0;2;1;1;
202300011724;155 659 761;A01;1;7;0;1;1;1;2;
202300011725;155 659 757;A01;1;13;0;2;8;22;1;
202300011725;155 659 759;B01;1;1;0;2;1;1;5;
202300011726;155 659 758;A01;1;33;0;0;0;1;1;
202300011727;155 659 753;B01;2;7;1;0;1;1;1;
202300011727;155 659 755;A01;2;10;1;0;4;23;3;
202300011728;155 659 754;A01;1;10;0;2;3;22;1;
202300011728;155 659 756;B01;1;1;1;0;1;1;5;
202300011729;155 659 752;Z01;2;1;0;1;0;5;5;
202300011730;155 659 750;A01;0;1;0;2;0;19;5;
202300011730;155 659 751;B01;1;33;0;2;1;1;1;
202300011731;155 659 749;A01;1;80;0;0;0;7;3;
202300011732;155 659 748;A01;2;1;0;0;0;1;5;
202300011733;155 659 747;A01;2;10;0;1;3;1;3;
202300011734;155 659 745;B01;3;13;0;2;0;15;0;
202300011734;155 659 746;A01;1;1;0;2;4;1;5;
202300011735;155 659 743;A01;1;7;0;2;5;12;1;
202300011735;155 659 744;B01;1;32;0;2;3;1;1;
202300011736;155 659 741;A01;2;7;0;2;8;15;1;
202300011736;155 659 742;B01;1;50;0;2;8;11;3;
202300011737;155 659 739;A01;2;7;8;2;2;15;0;
202300011737;155 659 740;B01;1;10;8;2;1;1;0;
202300011738;155 659 736;B01;2;34;0;2;1;1;0;
202300011738;155 659 737;A01;1;7;0;2;1;19;1;
202300011739;155 659 734;A01;1;7;0;2;1;1;3;
202300011739;155 659 735;B01;1;7;0;2;4;26;1;
202300011740;155 659 730;A01;3;7;0;2;3;16;1;
202300011740;155 659 731;B01;3;80;0;2;1;1;3;
202300011741;155 659 728;B01;0;7;0;2;3;9;1;
202300011741;155 659 729;Z01;3;7;0;2;0;0;1;
202300011742;155 659 727;A01;3;7;6;0;2;26;1;
202300011743;155 659 726;A01;3;2;0;0;3;26;1;
202300011744;155 659 725;A01;1;7;1;0;2;1;0;
202300011745;155 659 723;A01;1;7;0;2;3;1;1;
202300011745;155 659 724;B01;2;7;0;2;3;1;1;
202300011746;155 659 722;A01;1;7;0;1;3;1;1;
202300011747;155 659 720;A01;1;7;0;2;1;1;2;
202300011747;155 659 721;B01;1;50;0;2;7;1;3;
202300011748;155 659 718;A01;2;30;0;9;4;2;1;
202300011748;155 659 719;B01;2;50;0;0;4;2;3;
202300011749;155 659 714;D01;1;7;0;2;4;2;0;
202300011749;155 659 715;C01;1;7;0;2;4;2;0;
202300011749;155 659 716;A01;1;7;0;2;1;2;0;
202300011749;155 659 717;B01;1;7;0;2;4;2;0;
202300011750;155 659 712;A01;1;33;0;2;1;9;1;
202300011750;155 659 713;B01;3;7;0;2;2;1;1;
202300011751;155 659 711;A01;2;33;0;1;1;1;1;
202300011752;155 659 709;A01;1;7;0;2;4;23;1;
202300011752;155 659 710;B01;1;43;0;2;1;2;1;
202300011753;155 659 707;A01;2;30;0;2;1;18;1;
202300011753;155 659 708;B01;2;37;0;2;7;16;1;1
202300011754;155 659 705;A01;2;80;0;2;1;1;3;
202300011754;155 659 706;B01;1;7;0;2;3;15;2;
202300011755;155 659 704;A01;3;50;12;0;0;1;3;
202300011756;155 659 702;A01;2;7;0;2;1;16;1;
202300011756;155 659 703;B01;1;1;0;2;3;1;5;
202300011757;155 659 700;A01;2;50;0;2;2;25;3;
202300011757;155 659 701;B01;1;37;0;2;2;9;1;1
202300011758;155 659 696;A01;1;7;0;2;2;2;1;
202300011758;155 659 697;B01;1;7;0;2;6;15;2;
202300011759;155 659 694;B01;1;7;0;2;4;16;1;
202300011759;155 659 695;A01;1;7;0;2;1;1;1;
202300011760;155 659 692;B01;1;1;0;2;4;1;5;
202300011760;155 659 693;A01;1;10;1;2;2;14;1;
202300011761;155 659 690;A01;1;7;0;2;2;16;1;
202300011761;155 659 691;B01;2;1;0;2;7;26;5;
202300011762;155 659 687;A01;1;7;0;2;1;0;1;
202300011762;155 659 688;B01;1;7;6;2;4;1;1;
202300011762;155 659 689;C01;1;7;12;2;7;1;1;
202300011763;155 659 685;A01;3;1;0;2;1;0;5;
202300011763;155 659 686;B01;3;10;0;2;1;0;1;
202300011764;155 659 683;B01;2;7;0;2;3;9;1;
202300011764;155 659 684;A01;2;43;0;2;1;1;1;
202300011765;155 659 681;B01;1;10;0;2;8;15;1;
202300011765;155 659 682;A01;1;33;0;2;7;17;1;
202300011766;155 659 679;A01;2;7;0;2;2;16;1;
202300011766;155 659 680;B01;2;1;0;2;8;19;5;
202300011767;155 659 678;A01;3;1;0;0;0;0;5;
202300011768;155 659 676;A01;3;7;12;2;1;1;1;
202300011768;155 659 677;B01;0;7;0;2;6;15;1;
202300011769;155 659 675;A01;3;33;0;0;7;21;1;
202300011770;155 659 673;A01;0;33;0;2;3;1;0;
202300011770;155 659 674;B01;0;7;0;2;2;9;0;
202300011771;155 659 671;A01;1;3;0;2;2;1;1;
202300011771;155 659 672;B01;0;1;0;0;1;16;5;
202300011772;155 659 670;A01;3;1;8;0;1;1;5;
202300011773;155 659 669;A01;1;34;0;2;1;3;1;
202300011774;155 659 667;B01;1;7;0;2;4;2;1;
202300011774;155 659 668;A01;1;2;0;2;1;2;1;
202300011775;155 659 664;C01;3;7;0;2;4;0;1;
202300011775;155 659 665;A01;3;7;0;2;1;0;1;
202300011775;155 659 666;B01;3;7;0;2;4;1;0;
202300011776;155 659 662;B01;3;34;0;2;7;15;1;
202300011776;155 659 663;A01;3;7;0;2;6;15;1;
202300011777;155 659 660;A01;0;7;0;2;2;26;1;
202300011777;155 659 661;B01;0;30;0;2;1;16;1;
202300011778;155 659 657;A01;1;10;0;2;2;1;1;
202300011778;155 659 658;B01;1;10;0;2;3;1;3;
202300011778;155 659 659;C01;1;7;0;2;5;1;1;
202300011779;155 659 655;A01;1;7;0;2;1;13;0;
202300011779;155 659 656;B01;2;7;0;2;1;1;0;
202300011780;155 659 654;A01;1;7;6;0;3;26;1;
202300011781;155 659 653;A01;1;7;3;0;1;0;1;
202300011782;155 659 651;A01;1;7;3;2;9;11;1;
202300011782;155 659 652;B01;1;7;0;2;3;2;1;
202300011783;155 659 649;B01;2;7;0;2;4;1;1;
202300011783;155 659 650;A01;2;7;6;2;1;1;1;
202300011784;155 659 648;A01;0;36;0;0;0;1;1;
202300011785;155 659 647;A01;2;7;2;0;2;1;1;
202300011786;155 659 645;A01;2;32;0;2;1;5;1;
202300011786;155 659 646;B01;1;7;0;2;3;1;1;
202300011787;155 659 644;A01;1;7;13;0;1;1;1;
202300011788;155 659 643;A01;1;7;6;0;1;1;1;