Num_Acc;id_vehicule;num_veh;senc;catv;obs;obsm;choc;manv;motor;occutc
202300012339;155 658 645;B01;2;7;0;9;1;1;3;
202300012340;155 658 637;A01;0;33;0;0;1;17;1;
202300012341;155 658 635;A01;2;7;0;1;1;1;1;
202300012342;155 658 632;A01;1;7;0;2;2;1;2;
202300012342;155 658 638;B01;1;1;0;2;1;1;5;
202300012343;155 658 629;A01;1;7;0;2;1;19;1;
202300012343;155 658 634;B01;2;31;0;2;7;1;1;
202300012344;155 658 631;A01;1;33;0;2;4;2;1;
202300012344;155 658 633;Z01;1;33;0;2;1;2;0;
202300012344;155 658 636;B01;1;10;0;2;4;2;1;
202300012345;155 658 628;A01;1;7;0;0;4;2;1;
202300012345;155 658 630;B01;1;7;0;0;1;2;1;
202300012346;155 658 626;A01;1;37;0;1;2;1;1;1
202300012347;155 658 625;A01;1;32;0;2;1;5;1;
202300012347;155 658 627;B01;1;7;0;2;3;9;2;
202300012348;155 658 622;A01;2;7;0;1;2;1;1;
202300012349;155 658 621;A01;0;7;2;0;0;1;1;
202300012350;155 658 623;B01;2;10;0;2;5;1;1;
202300012350;155 658 624;A01;2;43;0;2;3;3;1;
202300012351;155 658 616;A01;3;7;2;0;1;1;0;
202300012352;155 658 617;B01;2;50;0;2;1;1;3;
202300012352;155 658 620;A01;1;7;0;2;1;15;1;
202300012353;155 658 618;A01;1;7;0;2;5;22;3;
202300012353;155 658 619;B01;1;33;0;2;1;1;1;
202300012354;155 658 615;A01;1;1;0;1;0;1;5;
202300012355;155 658 612;B01;2;10;0;2;2;1;1;
202300012355;155 658 614;A01;2;31;0;2;6;13;1;
202300012356;155 658 608;B01;0;2;0;2;7;17;1;
202300012356;155 658 613;A01;0;7;0;2;3;15;1;
202300012357;155 658 607;A01;0;3;0;2;2;15;1;
202300012357;155 658 610;B01;0;2;0;2;1;0;1;
202300012358;155 658 605;A01;2;7;0;2;1;15;1;
202300012358;155 658 606;B01;1;7;0;2;1;1;3;
202300012358;155 658 609;C01;2;10;0;2;1;1;1;
202300012359;155 658 604;A01;2;7;0;4;5;19;1;
202300012359;155 658 611;B01;2;40;0;2;1;19;3;
202300012360;155 658 597;A01;1;31;7;0;1;0;0;
202300012361;155 658 599;B01;2;7;0;2;8;1;1;
202300012361;155 658 603;A01;2;31;0;2;7;5;1;
202300012362;155 658 595;B01;0;7;0;2;4;23;1;
202300012362;155 658 600;C01;0;7;0;2;4;23;1;
202300012362;155 658 602;A01;0;7;0;2;1;1;1;
202300012363;155 658 592;A01;2;7;0;0;1;1;1;
202300012364;155 658 594;B01;1;2;0;2;1;26;1;
202300012364;155 658 596;A01;1;15;0;2;2;1;1;
202300012365;155 658 591;A01;2;7;0;2;1;2;1;
202300012365;155 658 593;B01;2;7;0;2;4;23;1;
202300012365;155 658 598;C01;2;10;0;2;4;2;1;
202300012365;155 658 601;D01;2;7;0;2;4;2;1;
202300012366;155 658 590;A01;1;7;0;1;1;1;2;
202300012367;155 658 589;A01;2;10;2;0;1;0;1;
202300012368;155 658 587;A01;1;7;1;0;6;14;1;
202300012369;155 658 586;A01;1;33;0;2;7;1;1;
202300012369;155 658 588;B01;1;7;0;2;3;15;1;
202300012370;155 658 582;A01;3;7;2;0;1;1;1;
202300012371;155 658 581;A01;2;7;0;2;1;1;1;
202300012371;155 658 583;B01;2;7;0;2;0;1;1;
202300012371;155 658 585;C01;2;7;0;2;4;0;1;
202300012372;155 658 578;B01;3;37;0;0;0;1;0;3
202300012372;155 658 584;A01;3;10;0;0;0;10;1;
202300012373;155 658 577;A01;1;33;5;0;3;14;1;
202300012373;155 658 580;B01;1;33;0;2;3;1;1;
202300012374;155 658 579;A01;1;7;0;1;1;15;3;
202300012375;155 658 574;B01;2;17;0;2;4;24;1;
202300012375;155 658 575;A01;2;7;1;0;1;0;1;
202300012376;155 658 571;A01;2;7;0;2;2;1;0;
202300012376;155 658 576;B01;2;15;0;2;6;14;1;
202300012377;155 658 569;A01;2;33;0;2;1;16;1;
202300012377;155 658 572;B01;1;7;0;0;8;1;0;
202300012378;155 658 568;A01;3;2;0;2;1;9;5;
202300012378;155 658 573;B01;3;33;0;0;8;2;1;
202300012379;155 658 567;B01;2;1;0;2;1;1;5;
202300012379;155 658 570;A01;1;7;0;2;1;1;1;
202300012380;155 658 565;A01;2;33;0;2;1;3;1;
202300012380;155 658 566;B01;2;7;0;2;4;11;1;
202300012381;155 658 563;A01;1;7;0;0;1;2;1;
202300012382;155 658 562;A01;2;13;0;0;4;1;0;
202300012382;155 658 564;B01;2;7;0;2;1;1;0;
202300012383;155 658 560;A01;0;1;12;0;1;19;5;
202300012384;155 658 559;A01;1;7;0;2;2;1;1;
202300012384;155 658 561;B01;1;1;0;2;8;15;5;
202300012385;155 658 555;A01;1;7;0;0;2;0;0;
202300012385;155 658 557;B01;1;33;8;0;2;0;0;
202300012386;155 658 552;A01;2;7;6;0;1;1;1;
202300012387;155 658 550;B01;1;7;0;2;7;1;0;
202300012387;155 658 554;C01;1;7;0;2;5;2;1;
202300012387;155 658 556;D01;1;7;0;9;0;1;1;
202300012387;155 658 558;A01;1;7;0;2;1;1;2;
202300012388;155 658 553;A01;1;50;0;1;1;1;3;
202300012389;155 658 547;A01;0;7;0;2;3;1;1;
202300012389;155 658 549;B01;0;2;0;2;3;1;1;
202300012390;155 658 548;B01;2;33;0;2;1;1;1;
202300012390;155 658 551;A01;1;7;0;2;1;15;1;
202300012391;155 658 546;A01;2;33;13;0;0;2;1;
202300012392;155 658 544;A01;2;33;4;0;1;1;1;
202300012393;155 658 543;A01;3;31;0;2;2;17;1;
202300012393;155 658 545;B01;3;7;0;2;3;15;1;
202300012394;155 658 539;A01;1;7;0;2;3;17;1;
202300012394;155 658 541;B01;1;33;0;0;0;1;1;
202300012395;155 658 537;A01;1;7;0;2;4;2;2;
202300012395;155 658 542;B01;1;7;0;2;4;2;1;
202300012396;155 658 536;B01;1;10;0;2;4;11;1;
202300012396;155 658 538;A01;1;33;0;2;1;3;1;
202300012397;155 658 535;A01;1;7;0;2;8;1;1;
202300012397;155 658 540;B01;2;7;0;2;8;1;1;
202300012398;155 658 534;A01;1;2;7;0;2;0;0;
202300012399;155 658 532;A01;1;7;0;1;3;23;2;
202300012400;155 658 530;A01;1;7;0;2;1;9;1;
202300012400;155 658 533;B01;1;1;0;2;4;1;5;
202300012401;155 658 528;A01;2;33;0;2;1;3;1;
202300012401;155 658 531;Z01;2;7;0;2;4;0;0;
202300012402;155 658 527;A01;2;7;17;0;1;21;0;
202300012403;155 658 526;B01;2;33;0;2;8;1;1;
202300012403;155 658 529;A01;2;7;0;0;8;9;1;
202300012404;155 658 523;A01;1;1;0;1;2;1;5;
202300012405;155 658 520;A01;1;10;0;2;1;2;1;
202300012405;155 658 521;B01;1;10;0;2;4;2;1;
202300012405;155 658 522;C01;1;7;0;2;4;2;1;
202300012405;155 658 525;D01;1;7;0;2;4;2;1;
202300012406;155 658 519;A01;2;7;13;0;5;14;1;
202300012407;155 658 518;A01;1;43;1;0;3;0;1;
202300012408;155 658 517;A01;0;7;14;0;2;1;1;
202300012409;155 658 515;A01;2;17;0;2;1;1;1;
202300012409;155 658 516;B01;2;7;0;2;4;12;1;
202300012410;155 658 510;A01;1;7;6;0;2;14;1;
202300012411;155 658 509;Z01;1;30;0;1;0;1;0;
202300012412;155 658 508;A01;2;7;0;2;2;13;1;
202300012412;155 658 513;B01;1;7;0;2;2;21;1;
202300012413;155 658 507;A01;1;7;0;2;8;15;1;
202300012413;155 658 512;B01;1;31;0;2;1;17;1;
202300012414;155 658 506;A01;2;7;0;2;1;2;1;
202300012414;155 658 511;B01;2;7;0;2;4;2;3;
202300012414;155 658 514;C01;2;7;0;2;4;2;1;
202300012415;155 658 505;A01;3;7;0;1;1;15;1;
202300012416;155 658 501;A01;2;7;6;0;1;1;1;
202300012417;155 658 500;B01;2;1;12;2;6;1;5;
202300012417;155 658 503;A01;2;14;0;2;2;26;1;
202300012418;155 658 502;A01;2;30;0;0;0;9;1;
202300012419;155 658 499;A01;1;7;0;2;2;1;1;
202300012419;155 658 504;B01;1;7;12;2;1;19;1;
202300012420;155 658 494;A01;3;10;0;1;1;1;1;
202300012421;155 658 495;A01;0;7;0;2;1;1;1;
202300012421;155 658 498;B01;0;50;0;2;8;19;3;
202300012422;155 658 491;A01;1;33;0;0;9;21;1;
202300012423;155 658 490;A01;1;7;0;2;1;0;1;
202300012423;155 658 493;B01;1;7;0;2;4;0;1;
202300012424;155 658 489;A01;2;7;1;0;1;1;1;
202300012425;155 658 486;A01;2;33;4;0;1;0;1;
202300012426;155 658 485;B01;3;7;0;2;8;1;1;
202300012426;155 658 488;A01;1;13;0;2;1;1;0;
202300012427;155 658 484;A01;1;7;0;0;1;1;1;
202300012427;155 658 487;B01;1;60;0;2;4;15;5;
202300012428;155 658 483;A01;2;7;0;1;1;1;1;
202300012429;155 658 482;A01;1;7;0;1;1;1;1;
202300012430;155 658 481;A01;2;13;0;1;2;1;1;
202300012431;155 658 478;A01;3;7;0;1;1;2;1;
202300012432;155 658 477;A01;1;7;0;2;1;0;0;
202300012432;155 658 480;B01;1;7;0;2;4;0;0;
202300012433;155 658 476;A01;1;2;0;1;2;1;1;
202300012434;155 658 475;B01;1;99;0;2;1;1;1;
202300012434;155 658 479;A01;2;7;0;2;8;19;1;
202300012435;155 658 473;A01;3;7;0;1;1;1;0;
202300012436;155 658 472;B01;1;7;0;2;4;2;1;
202300012436;155 658 474;A01;1;7;0;2;1;2;1;
202300012437;155 658 471;A01;1;7;0;1;1;1;0;
202300012438;155 658 470;A01;1;30;0;2;8;21;1;
202300012439;155 658 468;A01;2;7;2;0;8;1;0;
202300012440;155 658 469;A01;2;7;3;0;8;2;1;
202300012441;155 658 467;A01;3;7;0;1;1;0;1;
202300012442;155 658 464;A01;1;7;0;2;6;21;1;
202300012442;155 658 466;B01;2;33;0;2;7;2;1;
202300012443;155 658 462;A01;0;7;0;1;7;1;1;
202300012444;155 658 460;B01;2;10;0;2;3;1;1;
202300012444;155 658 465;A01;1;21;0;2;5;1;1;
202300012445;155 658 461;A01;2;7;0;0;0;1;1;
202300012446;155 658 456;D01;1;10;0;2;4;2;1;
202300012446;155 658 458;A01;1;10;0;2;4;2;1;
202300012446;155 658 459;C01;1;7;0;2;1;2;1;
202300012446;155 658 463;B01;1;7;0;2;4;1;1;
202300012447;155 658 454;A01;1;7;0;2;1;15;1;
202300012447;155 658 457;B01;2;7;0;2;1;1;1;
202300012448;155 658 452;B01;3;7;0;2;2;1;1;
202300012448;155 658 455;A01;3;7;0;2;1;15;1;
202300012449;155 658 451;A01;2;7;13;0;9;26;1;
202300012450;155 658 450;A01;1;37;0;2;2;15;0;1
202300012450;155 658 453;B01;2;80;0;2;0;0;3;
202300012451;155 658 448;A01;2;7;0;2;7;14;0;
202300012451;155 658 449;B01;2;33;0;2;3;1;1;
202300012452;155 658 446;A01;2;7;0;2;7;16;1;
202300012452;155 658 447;B01;2;33;0;2;7;7;1;
202300012453;155 658 440;A01;2;2;0;2;2;1;1;
202300012453;155 658 445;B01;2;7;0;2;4;16;1;
202300012454;155 658 441;A01;2;30;8;0;4;15;1;
202300012454;155 658 443;Z01;2;7;8;2;1;0;1;
202300012455;155 658 439;A01;2;7;0;2;2;1;1;
202300012455;155 658 444;B01;2;50;0;2;7;1;3;
202300012456;155 658 438;B01;2;7;0;2;4;2;1;
202300012456;155 658 442;A01;2;7;0;2;1;2;1;
202300012457;155 658 432;A01;2;2;0;2;1;1;1;
202300012457;155 658 436;B01;1;7;0;2;1;1;1;
202300012458;155 658 433;A01;1;10;0;1;2;16;1;
202300012459;155 658 430;A01;1;2;0;2;1;13;1;
202300012459;155 658 435;B01;2;7;0;2;3;15;1;
202300012460;155 658 428;B01;2;7;0;2;6;1;0;
202300012460;155 658 431;A01;2;31;0;2;1;1;1;
202300012461;155 658 429;A01;2;7;0;2;1;2;1;
202300012461;155 658 434;C01;2;7;0;2;4;23;1;
202300012461;155 658 437;B01;2;7;0;2;1;2;1;
202300012462;155 658 422;A01;1;7;0;2;6;11;2;
202300012462;155 658 426;B01;1;33;0;2;1;3;1;
202300012463;155 658 423;A01;2;10;0;1;1;1;1;
202300012464;155 658 425;A01;2;30;0;2;1;13;1;
202300012464;155 658 427;B01;2;50;0;2;8;15;3;
202300012465;155 658 420;A01;0;7;0;2;0;0;-1;
202300012465;155 658 424;B01;0;50;0;0;4;0;3;
202300012466;155 658 419;B01;1;43;0;2;1;1;1;
202300012466;155 658 421;A01;3;7;0;2;8;16;1;
202300012467;155 658 414;A01;1;30;0;2;1;18;1;
202300012467;155 658 418;B01;1;7;0;2;5;2;1;
202300012468;155 658 413;A01;1;14;0;2;4;1;1;
202300012468;155 658 417;B01;1;7;0;2;0;12;1;
202300012469;155 658 412;A01;2;33;14;9;8;17;1;
202300012470;155 658 411;B01;2;7;0;2;8;1;1;
202300012470;155 658 416;A01;2;10;0;2;2;1;1;
202300012471;155 658 410;A01;3;7;0;2;3;1;1;
202300012471;155 658 415;B01;3;7;0;2;1;1;1;
202300012472;155 658 405;A01;1;30;0;2;1;2;1;
202300012472;155 658 409;B01;1;37;0;2;3;1;1;1
202300012473;155 658 404;A01;1;10;0;2;2;17;1;
202300012473;155 658 407;B01;1;7;0;2;8;15;1;
202300012474;155 658 401;A01;2;7;0;2;1;2;1;
202300012474;155 658 403;B01;2;10;0;2;4;23;1;
202300012475;155 658 400;A01;1;33;0;0;0;0;1;
202300012475;155 658 402;B01;1;7;0;2;2;0;1;
202300012476;155 658 397;B01;2;7;0;2;6;2;1;
202300012476;155 658 398;C01;2;7;0;2;4;2;1;
202300012476;155 658 406;D01;2;7;0;2;4;2;1;
202300012476;155 658 408;A01;2;7;0;2;1;2;1;
202300012477;155 658 395;B01;1;7;0;2;3;1;1;
202300012477;155 658 399;A01;1;1;0;2;1;1;5;
202300012478;155 658 393;A01;1;7;0;2;2;20;1;
202300012478;155 658 396;B01;1;1;0;2;1;1;5;
202300012479;155 658 392;A01;1;50;0;0;0;2;3;
202300012480;155 658 391;A01;1;7;0;2;4;1;1;
202300012480;155 658 394;B01;1;7;0;2;1;1;1;
202300012481;155 658 388;A01;3;7;0;2;8;15;1;
202300012481;155 658 390;B01;3;31;6;2;1;17;1;
202300012482;155 658 386;B01;1;7;0;2;3;15;1;
202300012482;155 658 389;A01;1;30;0;2;1;3;1;
202300012483;155 658 387;A01;2;7;6;0;2;14;1;
202300012484;155 658 384;A01;2;31;15;0;1;13;1;
202300012485;155 658 382;A01;1;32;0;2;2;0;3;
202300012485;155 658 385;B01;3;1;0;2;3;19;5;
202300012486;155 658 381;A01;0;30;0;0;0;0;0;
202300012486;155 658 383;B01;3;7;0;0;0;0;1;
202300012487;155 658 377;A01;1;10;17;0;2;1;1;
202300012488;155 658 378;B01;1;10;0;2;1;2;1;
202300012488;155 658 380;A01;1;7;0;2;4;0;1;
202300012489;155 658 376;A01;1;7;0;1;3;1;1;
202300012489;155 658 379;B01;2;10;0;1;8;23;1;
202300012490;155 658 374;A01;2;14;0;1;1;1;-1;
202300012491;155 658 371;A01;2;7;0;2;5;1;1;
202300012491;155 658 375;B01;2;34;0;2;1;1;1;
202300012492;155 658 368;A01;3;33;0;2;2;1;1;
202300012492;155 658 372;B01;0;7;0;0;3;15;1;
202300012493;155 658 366;A01;3;7;16;0;1;14;1;
202300012494;155 658 363;A01;2;7;0;0;3;1;1;
202300012494;155 658 369;B01;1;7;0;0;1;15;1;
202300012495;155 658 361;B01;3;1;0;2;3;13;5;
202300012495;155 658 362;A01;3;15;0;2;5;17;1;
202300012496;155 658 360;B01;2;33;0;2;3;1;0;
202300012496;155 658 364;A01;1;7;0;2;3;15;0;
202300012497;155 658 355;A01;1;31;14;0;9;26;1;
202300012497;155 658 358;B01;3;31;0;2;0;0;0;
202300012498;155 658 353;A01;2;7;0;2;3;15;1;
202300012498;155 658 359;B01;3;1;0;2;1;1;5;
202300012499;155 658 352;A01;1;7;0;0;2;16;1;
202300012499;155 658 356;B01;2;7;0;0;1;1;1;
202300012500;155 658 349;B01;2;7;0;2;0;1;0;
202300012500;155 658 351;A01;2;50;0;2;4;2;3;
202300012501;155 658 346;A01;0;7;0;2;3;15;0;
202300012501;155 658 348;B01;3;31;0;2;0;0;0;
202300012502;155 658 344;A01;3;31;13;0;1;1;1;
202300012503;155 658 343;A01;1;30;0;2;4;9;1;
202300012503;155 658 347;B01;1;7;0;2;1;9;1;
202300012504;155 658 338;A01;1;60;0;2;3;1;5;
202300012504;155 658 341;Z01;1;7;0;2;0;1;0;
202300012505;155 658 337;A01;1;7;10;0;1;1;1;
202300012506;155 658 336;A01;3;7;0;0;1;15;1;
202300012507;155 658 335;C01;2;7;0;2;0;0;1;
202300012507;155 658 340;B01;2;7;0;2;1;1;1;
202300012507;155 658 342;A01;2;7;0;2;4;1;1;
202300012508;155 658 334;A01;3;7;0;2;2;15;1;
202300012508;155 658 339;B01;1;7;0;2;1;2;1;
202300012509;155 658 333;A01;3;21;13;0;0;14;1;
202300012510;155 658 330;A01;0;10;0;2;0;0;1;
202300012510;155 658 332;B01;3;1;0;2;0;0;5;
202300012511;155 658 329;A01;1;7;0;0;3;2;1;
202300012512;155 658 326;A01;0;7;0;1;1;1;1;
202300012513;155 658 324;A01;2;7;0;2;2;0;1;
202300012513;155 658 328;B01;2;7;0;2;1;2;1;
202300012513;155 658 331;C01;2;7;0;0;6;23;1;
202300012514;155 658 325;A01;2;7;0;2;6;13;1;
202300012514;155 658 327;B01;1;33;0;2;3;2;1;
202300012515;155 658 323;A01;3;33;0;1;1;17;1;
202300012516;155 658 322;A01;1;7;0;1;2;12;1;
202300012517;155 658 319;A01;1;1;9;0;7;16;5;
202300012518;155 658 316;A01;2;15;0;2;6;11;1;
202300012518;155 658 318;B01;2;7;0;2;7;9;1;
202300012519;155 658 314;B01;2;2;0;2;1;26;1;
202300012519;155 658 320;A01;2;10;0;2;3;15;1;
202300012520;155 658 313;A01;1;7;0;2;1;1;1;
202300012520;155 658 321;B01;3;7;0;2;8;0;0;
202300012521;155 658 312;A01;2;7;0;2;6;17;1;
202300012521;155 658 315;B01;2;33;0;2;7;17;1;
202300012521;155 658 317;C01;2;7;0;2;6;1;1;
202300012522;155 658 308;A01;3;50;15;0;1;1;3;
202300012523;155 658 306;B01;2;7;0;2;2;12;2;
202300012523;155 658 310;A01;2;32;0;2;3;3;1;
202300012524;155 658 307;A01;3;7;0;9;0;1;1;
202300012524;155 658 311;B01;0;2;0;2;0;1;1;
202300012525;155 658 304;B01;1;7;0;2;1;0;1;
202300012525;155 658 309;A01;2;7;0;2;1;0;1;
202300012526;155 658 302;A01;3;7;0;2;1;15;1;
202300012526;155 658 305;B01;3;50;0;2;8;19;3;
202300012527;155 658 301;A01;1;7;0;1;1;15;1;
202300012528;155 658 298;B01;1;7;0;2;1;1;1;
202300012528;155 658 299;A01;1;7;0;2;4;1;1;
202300012529;155 658 296;B01;1;7;0;2;4;23;1;
202300012529;155 658 300;C01;1;10;0;2;4;23;1;
202300012529;155 658 303;A01;1;10;0;2;1;1;1;
202300012530;155 658 294;A01;1;7;0;2;1;1;1;
202300012530;155 658 297;B01;1;7;4;2;9;11;1;
202300012531;155 658 293;A01;1;7;0;2;5;15;1;
202300012531;155 658 295;B01;2;2;0;2;1;1;1;
202300012532;155 658 292;A01;3;34;6;0;1;15;1;
202300012533;155 658 290;A01;0;7;0;1;3;1;1;
202300012534;155 658 284;A01;1;34;0;2;2;17;1;
202300012534;155 658 287;B01;1;7;0;2;8;15;1;
202300012535;155 658 285;A01;1;7;0;2;1;2;1;
202300012535;155 658 289;C01;1;7;0;2;4;2;1;
202300012535;155 658 291;B01;1;7;0;2;4;2;1;
202300012536;155 658 282;A01;1;7;0;2;1;2;0;
202300012536;155 658 283;B01;1;7;0;2;4;2;1;
202300012536;155 658 288;C01;1;7;0;2;4;2;1;
202300012537;155 658 278;A01;1;7;0;2;7;1;0;
202300012537;155 658 281;B01;1;31;0;2;8;1;0;
202300012538;155 658 274;A01;3;7;0;2;1;26;1;
202300012538;155 658 277;B01;3;7;0;2;8;1;1;
202300012539;155 658 273;A01;3;7;0;2;1;0;1;
202300012539;155 658 279;B01;3;7;0;2;4;0;1;
202300012540;155 658 275;A01;0;30;0;2;1;17;1;
202300012540;155 658 280;B01;3;7;0;2;3;15;1;
202300012541;155 658 270;C01;2;7;0;2;1;2;0;
202300012541;155 658 272;A01;2;7;0;2;3;11;0;
202300012541;155 658 276;B01;2;32;0;2;2;3;0;
202300012542;155 658 268;A01;1;10;0;2;2;17;1;
202300012542;155 658 271;B01;1;31;0;2;4;1;1;
202300012543;155 658 267;A01;0;31;0;5;1;1;1;
202300012544;155 658 266;A01;3;7;0;2;1;13;1;
202300012544;155 658 269;B01;3;7;0;2;1;1;1;
202300012545;155 658 265;A01;3;7;0;1;2;16;1;
202300012546;155 658 264;A01;0;2;12;0;1;1;1;
202300012547;155 658 263;A01;1;7;2;0;9;1;1;
202300012548;155 658 260;A01;3;20;0;2;2;1;1;
202300012548;155 658 262;B01;0;80;0;2;0;1;3;
202300012549;155 658 259;A01;1;7;0;2;1;1;1;
202300012549;155 658 261;B01;1;31;0;2;4;23;1;
202300012550;155 658 257;A01;1;1;3;0;1;1;5;
202300012551;155 658 255;B01;3;1;0;2;4;2;5;
202300012551;155 658 258;A01;3;1;0;2;1;2;5;
202300012552;155 658 254;A01;1;7;4;2;1;2;1;
202300012552;155 658 256;B01;1;7;4;2;4;3;1;
202300012553;155 658 253;A01;2;7;0;1;1;1;1;
202300012554;155 658 251;A01;3;7;0;1;3;1;0;
202300012555;155 658 250;A01;1;3;0;2;0;5;0;
202300012555;155 658 252;B01;2;33;0;2;8;1;1;
202300012556;155 658 246;A01;3;7;0;2;3;13;1;
202300012556;155 658 249;B01;3;7;0;2;3;1;1;
202300012557;155 658 247;A01;2;33;1;0;9;26;1;
202300012558;155 658 245;A01;1;7;0;2;1;2;1;
202300012558;155 658 248;B01;1;7;0;2;4;2;1;
202300012559;155 658 243;A01;1;7;4;0;1;3;1;
202300012560;155 658 242;A01;0;7;0;2;2;1;1;
202300012560;155 658 244;B01;0;7;0;2;3;16;1;
202300012561;155 658 240;A01;1;7;4;0;1;1;1;
202300012562;155 658 238;A01;1;7;0;2;2;17;1;
202300012562;155 658 241;B01;1;1;0;2;3;11;5;
202300012563;155 658 237;A01;2;7;0;2;3;1;1;
202300012563;155 658 239;Z01;2;7;0;2;2;12;0;
202300012564;155 658 233;B01;3;7;0;2;4;20;1;
202300012564;155 658 235;A01;3;7;0;2;1;2;1;
202300012565;155 658 234;B01;2;7;0;2;3;1;1;
202300012565;155 658 236;A01;3;7;0;2;2;1;1;
202300012566;155 658 229;A01;2;7;0;1;2;1;1;
202300012567;155 658 228;A01;1;33;0;2;1;17;1;
202300012567;155 658 231;B01;2;7;0;2;3;1;1;
202300012568;155 658 225;A01;3;7;0;2;1;9;1;
202300012568;155 658 227;B01;3;1;0;2;7;0;5;
202300012569;155 658 219;A01;2;10;6;0;1;19;1;
202300012570;155 658 221;A01;1;7;0;2;2;19;1;
202300012570;155 658 226;B01;3;1;0;2;1;1;5;
202300012571;155 658 223;A01;1;7;0;2;4;23;1;
202300012571;155 658 224;B01;1;7;0;2;1;2;2;
202300012572;155 658 218;A01;1;30;0;2;7;2;1;
202300012572;155 658 222;B01;0;10;0;2;3;15;1;
202300012573;155 658 217;B01;0;30;0;2;2;9;1;
202300012573;155 658 220;A01;0;7;0;2;3;9;2;
202300012574;155 658 213;B01;1;7;0;2;3;12;1;
202300012574;155 658 216;A01;1;7;9;2;2;15;1;
202300012575;155 658 214;A01;0;7;0;1;4;24;1;
202300012576;155 658 215;A01;1;7;6;0;1;1;1;
202300012577;155 658 209;A01;1;7;0;2;7;1;1;
202300012577;155 658 212;B01;1;7;0;2;1;1;1;
202300012578;155 658 210;Z01;0;7;0;1;1;16;0;
202300012579;155 658 207;B01;3;7;0;0;6;1;1;
202300012580;155 658 208;A01;2;1;0;2;1;12;5;
202300012580;155 658 211;Z01;1;2;0;2;1;1;1;
202300012581;155 658 203;B01;3;7;0;2;4;2;1;
202300012581;155 658 205;A01;3;2;0;2;1;2;1;
202300012582;155 658 202;A01;3;10;0;2;2;15;1;
202300012582;155 658 206;B01;2;33;0;2;1;1;1;
202300012583;155 658 200;A01;3;10;0;1;4;20;1;
202300012584;155 658 198;A01;3;50;0;2;7;1;3;
202300012584;155 658 204;B01;3;7;0;2;1;1;1;
202300012585;155 658 196;C01;3;7;0;2;3;23;1;
202300012585;155 658 199;A01;3;7;0;2;2;19;1;
202300012585;155 658 201;B01;3;7;0;2;1;1;1;
202300012586;155 658 193;B01;1;34;0;2;6;1;0;
202300012586;155 658 197;A01;2;7;0;2;3;11;1;
202300012587;155 658 191;A01;1;10;1;0;2;1;1;
202300012588;155 658 190;A01;2;30;0;2;1;17;-1;
202300012588;155 658 194;B01;1;34;0;2;1;1;-1;
202300012589;155 658 192;A01;1;33;0;2;1;17;1;
202300012589;155 658 195;B01;2;7;0;2;1;1;1;
202300012590;155 658 185;A01;1;7;2;0;1;1;1;
202300012591;155 658 187;B01;0;7;0;2;2;2;1;
202300012591;155 658 189;A01;0;7;0;2;6;2;1;
202300012592;155 658 183;A01;1;7;0;2;2;15;1;
202300012592;155 658 184;B01;2;1;0;2;1;19;5;
202300012593;155 658 182;A01;3;7;0;2;1;2;1;
202300012593;155 658 188;B01;3;7;0;2;3;16;1;
202300012594;155 658 181;A01;1;33;0;0;0;1;1;
202300012595;155 658 177;B01;1;7;14;0;1;1;1;
202300012595;155 658 178;A01;2;7;14;0;1;1;1;
202300012596;155 658 176;A01;1;33;0;0;0;14;1;
202300012597;155 658 173;A01;3;10;0;9;3;26;1;
202300012597;155 658 175;B01;3;1;0;2;7;26;5;
202300012598;155 658 174;B01;3;3;0;0;0;0;0;
202300012598;155 658 179;C01;3;7;0;2;4;2;0;
202300012598;155 658 180;A01;3;7;0;2;0;0;0;
202300012599;155 658 172;B01;3;7;0;2;6;15;1;
202300012599;155 658 186;A01;1;30;0;2;6;1;1;
202300012600;155 658 171;A01;0;7;0;1;4;23;1;
202300012601;155 658 167;A01;2;7;0;2;3;13;1;
202300012601;155 658 170;B01;1;10;0;2;3;1;1;
202300012602;155 658 164;A01;2;7;9;2;0;0;0;
202300012602;155 658 169;B01;2;7;9;2;0;0;0;
202300012603;155 658 162;A01;1;38;0;2;3;9;1;1
202300012603;155 658 168;B01;1;7;0;2;7;0;0;
202300012604;155 658 163;A01;1;7;0;2;1;1;1;
202300012604;155 658 166;B01;1;7;0;2;1;0;1;
202300012605;155 658 161;A01;3;7;0;2;1;1;1;
202300012605;155 658 165;B01;3;3;0;2;4;2;1;
202300012606;155 658 158;B01;1;7;0;2;2;0;1;
202300012606;155 658 160;A01;2;2;0;2;8;1;1;
202300012607;155 658 157;A01;2;30;0;0;1;1;1;
202300012608;155 658 156;A01;1;3;0;1;2;1;1;
202300012609;155 658 154;B01;1;7;0;2;1;1;1;
202300012609;155 658 159;A01;2;7;0;2;1;13;1;
202300012610;155 658 153;A01;1;7;0;2;2;15;1;
202300012610;155 658 155;B01;2;33;0;2;1;1;1;
202300012611;155 658 152;A01;2;7;8;0;9;1;1;
202300012612;155 658 150;A01;1;50;1;0;1;14;3;
202300012613;155 658 149;A01;1;1;0;2;3;14;5;
202300012613;155 658 151;B01;1;7;0;0;2;1;1;
202300012614;155 658 148;A01;2;7;2;0;3;13;1;
202300012615;155 658 147;A01;1;7;6;0;2;14;2;
202300012616;155 658 146;A01;3;10;0;1;3;19;1;