Num_Acc;id_vehicule;num_veh;senc;catv;obs;obsm;choc;manv;motor;occutc
202300012900;155 657 653;A01;1;7;7;2;2;26;0;
202300012901;155 657 650;A01;2;7;0;2;3;15;1;
202300012901;155 657 652;B01;1;32;0;2;3;1;1;
202300012902;155 657 645;A01;0;31;0;2;1;1;1;
202300012902;155 657 649;B01;0;7;0;2;2;15;1;
202300012903;155 657 646;A01;3;7;0;2;1;15;1;
202300012903;155 657 648;B01;3;32;0;2;1;1;1;
202300012904;155 657 644;B01;1;15;0;2;3;21;1;
202300012904;155 657 647;A01;2;2;0;2;1;13;1;
202300012905;155 657 643;A01;3;30;1;0;1;14;1;
202300012906;155 657 639;A01;1;7;0;2;1;1;1;
202300012906;155 657 642;B01;1;7;0;2;4;1;1;
202300012907;155 657 637;A01;1;30;0;2;8;13;3;
202300012907;155 657 640;B01;1;32;0;2;7;14;1;
202300012908;155 657 635;A01;2;10;0;2;2;15;1;
202300012908;155 657 638;B01;1;7;0;2;1;1;1;
202300012909;155 657 636;A01;1;7;0;2;3;13;1;
202300012909;155 657 641;B01;2;7;0;2;3;1;1;
202300012910;155 657 631;A01;1;7;2;0;2;1;1;
202300012911;155 657 630;A01;2;7;0;2;1;1;1;
202300012911;155 657 633;B01;2;7;0;2;4;23;2;
202300012912;155 657 628;A01;2;14;0;2;1;1;1;
202300012912;155 657 629;B01;2;7;0;2;4;2;1;
202300012912;155 657 632;C01;2;7;0;2;4;2;1;
202300012912;155 657 634;D01;2;14;0;2;4;2;1;
202300012913;155 657 625;A01;1;33;0;2;1;1;1;
202300012913;155 657 627;B01;0;10;0;2;8;10;1;
202300012914;155 657 624;A01;3;7;0;2;3;9;1;
202300012914;155 657 626;B01;3;32;0;2;1;5;1;
202300012915;155 657 620;A01;1;7;0;2;1;2;1;
202300012915;155 657 623;B01;1;10;0;2;4;2;1;
202300012916;155 657 618;A01;2;7;0;2;3;9;2;
202300012916;155 657 621;B01;2;50;0;2;2;1;3;
202300012917;155 657 619;A01;2;31;0;2;7;17;1;
202300012917;155 657 622;B01;2;7;0;2;8;15;1;
202300012918;155 657 616;A01;1;7;4;0;3;26;1;
202300012919;155 657 614;Z01;1;7;0;2;2;1;0;
202300012919;155 657 617;A01;3;1;0;2;1;1;5;
202300012920;155 657 613;B01;1;2;0;2;1;1;1;
202300012920;155 657 615;A01;2;7;0;9;3;15;1;
202300012921;155 657 611;A01;2;1;0;1;1;1;5;
202300012922;155 657 608;A01;2;7;0;0;3;17;0;
202300012922;155 657 610;B01;2;7;0;0;1;0;0;
202300012922;155 657 612;C01;2;7;0;0;4;0;0;
202300012923;155 657 607;A01;1;7;0;2;5;0;1;
202300012923;155 657 609;B01;1;33;0;2;1;0;1;
202300012924;155 657 605;A01;2;7;0;2;2;15;2;
202300012924;155 657 606;B01;1;43;0;2;1;1;1;
202300012925;155 657 604;A01;1;7;2;0;3;13;1;
202300012926;155 657 602;A01;2;7;0;2;2;1;1;
202300012926;155 657 603;B01;2;2;0;0;4;1;1;
202300012927;155 657 600;A01;1;7;0;2;1;14;0;
202300012927;155 657 601;B01;2;7;0;2;1;1;0;
202300012928;155 657 599;A01;2;2;1;9;1;1;1;
202300012929;155 657 596;A01;2;7;0;1;1;1;1;
202300012930;155 657 595;A01;1;7;0;2;8;11;1;
202300012930;155 657 598;B01;2;33;0;2;7;3;1;
202300012931;155 657 589;B01;3;7;0;2;6;0;0;
202300012931;155 657 592;A01;3;34;0;2;3;5;0;
202300012932;155 657 588;B01;2;33;0;2;2;1;1;
202300012932;155 657 590;A01;1;7;0;2;2;15;1;
202300012933;155 657 591;A01;2;7;0;2;3;13;1;
202300012933;155 657 593;B01;1;7;0;2;3;1;1;
202300012934;155 657 587;A01;1;7;0;1;2;1;0;
202300012935;155 657 585;A01;2;32;0;2;4;23;1;
202300012935;155 657 586;Z01;2;7;0;2;1;1;1;
202300012936;155 657 582;B01;3;7;0;2;5;1;1;
202300012936;155 657 583;A01;3;2;0;2;3;11;1;
202300012937;155 657 581;A01;1;7;5;0;0;0;1;
202300012937;155 657 584;B01;1;10;5;0;3;1;1;
202300012938;155 657 580;A01;1;1;0;1;1;1;5;
202300012939;155 657 579;A01;3;2;0;0;7;1;1;
202300012940;155 657 574;B01;1;1;0;2;7;1;5;
202300012940;155 657 577;A01;2;7;0;2;1;1;1;
202300012941;155 657 573;A01;2;7;0;2;2;15;1;
202300012941;155 657 576;B01;1;31;0;2;3;2;1;
202300012942;155 657 575;A01;1;31;0;2;1;26;1;
202300012942;155 657 578;B01;2;7;0;2;3;15;1;
202300012943;155 657 572;A01;1;7;0;1;1;1;3;
202300012944;155 657 571;A01;3;10;0;1;1;15;0;
202300012945;155 657 570;A01;3;10;0;1;1;9;1;
202300012946;155 657 568;A01;2;7;0;2;6;15;1;
202300012946;155 657 569;B01;2;32;0;2;1;17;1;
202300012947;155 657 567;A01;2;7;2;0;3;1;1;
202300012948;155 657 566;A01;1;7;0;1;1;1;1;
202300012949;155 657 563;B01;2;14;0;2;3;2;1;
202300012949;155 657 565;A01;2;7;0;0;5;2;1;
202300012950;155 657 564;A01;3;7;1;0;3;15;1;
202300012951;155 657 558;A01;1;34;0;2;9;3;1;
202300012951;155 657 561;B01;1;14;0;2;8;1;1;
202300012951;155 657 562;C01;0;7;0;2;7;1;1;
202300012952;155 657 556;A01;1;7;0;2;5;1;3;
202300012952;155 657 560;B01;1;2;0;2;1;1;1;
202300012953;155 657 557;A01;2;33;0;2;1;1;1;
202300012953;155 657 559;Z01;1;1;0;2;1;5;5;
202300012954;155 657 554;A01;2;7;13;0;9;1;1;
202300012955;155 657 553;B01;1;1;0;2;8;15;5;
202300012955;155 657 555;A01;2;7;0;2;1;1;1;
202300012956;155 657 552;A01;2;2;7;0;1;13;1;
202300012957;155 657 551;A01;3;2;0;0;0;0;1;
202300012958;155 657 550;Z01;2;34;0;1;2;7;0;
202300012959;155 657 549;A01;1;7;0;1;3;9;1;
202300012960;155 657 547;A01;1;34;0;1;1;0;0;
202300012961;155 657 548;A01;2;30;0;2;1;21;2;
202300012962;155 657 543;B01;0;7;0;2;4;2;6;
202300012962;155 657 545;A01;0;10;0;2;1;2;6;
202300012963;155 657 542;A01;0;7;0;2;1;1;1;
202300012963;155 657 546;B01;0;99;0;2;1;1;1;
202300012964;155 657 541;B01;1;7;14;2;3;1;1;
202300012964;155 657 544;A01;3;10;0;2;3;1;1;
202300012965;155 657 539;A01;2;7;3;0;1;26;1;
202300012966;155 657 538;A01;1;7;0;2;1;2;1;
202300012966;155 657 540;B01;1;10;0;2;5;2;1;
202300012967;155 657 534;A01;2;33;0;2;1;13;1;
202300012967;155 657 537;B01;1;7;0;2;3;1;1;
202300012968;155 657 533;A01;3;7;0;2;0;0;0;
202300012968;155 657 536;B01;3;7;0;2;0;0;0;
202300012969;155 657 531;A01;1;7;2;0;3;1;1;
202300012970;155 657 532;A01;2;7;0;2;3;1;1;
202300012970;155 657 535;B01;2;7;0;2;2;0;1;
202300012971;155 657 530;A01;3;50;12;0;0;0;3;
202300012972;155 657 529;A01;1;7;0;1;3;13;1;
202300012973;155 657 527;A01;3;7;0;5;1;1;1;
202300012974;155 657 526;A01;3;7;0;2;1;1;1;
202300012974;155 657 528;B01;3;7;0;2;5;26;1;
202300012975;155 657 525;A01;3;7;6;0;2;14;1;
202300012976;155 657 520;A01;1;7;0;2;1;19;2;
202300012976;155 657 523;Z01;2;13;0;2;1;26;1;
202300012977;155 657 522;B01;1;50;0;2;1;1;3;
202300012977;155 657 524;A01;2;7;0;2;3;1;1;
202300012978;155 657 519;B01;3;1;0;0;8;26;5;
202300012978;155 657 521;A01;3;7;0;9;1;15;1;
202300012979;155 657 517;A01;3;7;12;0;1;25;2;
202300012980;155 657 515;B01;1;32;0;2;1;1;1;
202300012980;155 657 518;A01;1;1;0;2;8;26;5;
202300012981;155 657 514;A01;1;10;0;2;1;13;1;
202300012981;155 657 516;B01;2;7;0;2;1;13;1;
202300012982;155 657 511;A01;1;10;13;0;2;26;1;
202300012983;155 657 510;A01;2;10;0;2;8;1;1;
202300012983;155 657 513;B01;2;7;0;2;7;14;1;
202300012984;155 657 509;A01;0;7;0;2;5;15;1;
202300012984;155 657 512;B01;0;50;0;2;1;1;3;
202300012985;155 657 506;A01;0;7;0;2;2;1;1;
202300012985;155 657 508;B01;0;50;0;2;8;19;3;
202300012986;155 657 507;A01;1;7;0;2;1;1;1;
202300012987;155 657 505;A01;0;50;0;0;0;14;3;
202300012988;155 657 503;A01;1;1;0;1;7;13;5;
202300012989;155 657 502;A01;2;7;0;0;7;14;1;
202300012990;155 657 500;C01;2;7;0;0;1;23;1;
202300012990;155 657 501;A01;1;7;0;2;2;15;1;
202300012990;155 657 504;B01;1;7;0;2;1;1;1;
202300012991;155 657 497;A01;3;2;0;2;4;1;1;
202300012991;155 657 499;B01;3;0;0;2;1;1;0;
202300012992;155 657 495;A01;2;7;13;0;2;1;1;
202300012993;155 657 496;A01;0;50;0;2;7;1;3;
202300012993;155 657 498;Z01;0;7;0;2;1;16;0;
202300012994;155 657 493;A01;1;43;0;2;1;1;1;
202300012994;155 657 494;B01;2;50;0;2;5;1;3;
202300012995;155 657 491;A01;1;7;0;2;1;13;1;
202300012995;155 657 492;B01;2;7;0;2;2;1;1;
202300012996;155 657 489;A01;3;33;14;0;2;11;1;
202300012997;155 657 488;B01;2;7;0;2;2;1;1;
202300012997;155 657 490;A01;3;7;0;2;1;9;1;
202300012998;155 657 484;B01;2;2;0;2;3;18;0;
202300012998;155 657 486;A01;1;7;0;2;1;15;1;
202300012999;155 657 481;A01;1;7;2;0;1;14;1;
202300013000;155 657 483;A01;2;30;0;5;1;1;1;
202300013001;155 657 479;A01;1;7;0;2;1;1;1;
202300013001;155 657 480;B01;1;7;0;2;4;1;1;
202300013001;155 657 482;C01;1;7;0;2;4;1;1;
202300013002;155 657 478;A01;3;7;0;1;3;15;1;
202300013003;155 657 477;A01;3;7;2;0;2;1;1;
202300013004;155 657 475;A01;1;1;0;2;4;2;5;
202300013004;155 657 476;B01;1;7;0;2;0;0;0;
202300013005;155 657 472;A01;0;7;0;2;1;0;1;
202300013005;155 657 474;B01;0;7;0;2;1;0;1;
202300013006;155 657 470;A01;1;7;1;0;1;2;1;
202300013006;155 657 473;B01;1;7;0;0;4;2;1;
202300013007;155 657 469;A01;2;7;0;2;3;1;1;
202300013007;155 657 471;B01;1;15;0;2;3;1;1;
202300013008;155 657 468;A01;1;7;0;1;2;1;1;
202300013009;155 657 466;B01;2;30;0;2;1;1;1;
202300013009;155 657 467;A01;1;7;0;2;3;13;1;
202300013010;155 657 465;A01;1;7;0;0;3;1;0;
202300013011;155 657 462;A01;3;7;13;0;1;1;1;
202300013012;155 657 460;A01;1;7;2;0;8;10;1;
202300013012;155 657 463;B01;2;7;15;2;1;1;1;
202300013013;155 657 457;A01;1;7;13;0;3;1;1;
202300013014;155 657 458;C01;2;7;0;2;1;1;0;
202300013014;155 657 461;A01;2;7;0;2;1;1;0;
202300013014;155 657 464;B01;2;7;0;2;4;1;0;
202300013015;155 657 455;A01;2;10;0;1;2;1;1;
202300013016;155 657 454;A01;1;7;4;2;2;12;1;
202300013016;155 657 456;B01;1;7;4;2;6;1;1;
202300013017;155 657 453;A01;3;7;0;1;2;1;1;
202300013018;155 657 451;B01;2;15;0;0;4;2;0;
202300013018;155 657 452;A01;2;10;0;2;1;2;0;
202300013019;155 657 450;A01;2;10;16;0;0;26;6;
202300013020;155 657 449;A01;2;33;0;0;8;1;1;
202300013021;155 657 446;A01;2;7;0;2;1;1;1;
202300013021;155 657 448;B01;2;7;0;2;4;23;1;
202300013022;155 657 443;A01;1;7;0;2;2;16;0;
202300013022;155 657 444;B01;1;33;0;2;3;1;0;
202300013023;155 657 440;B01;1;7;0;2;7;15;1;
202300013023;155 657 442;A01;1;7;7;2;1;1;1;
202300013024;155 657 438;A01;1;7;0;2;3;1;1;
202300013024;155 657 441;B01;1;7;0;2;5;15;1;
202300013025;155 657 437;A01;1;7;0;2;3;1;1;
202300013025;155 657 439;B01;2;33;0;2;1;17;1;
202300013026;155 657 436;A01;1;7;13;0;9;1;1;
202300013027;155 657 433;A01;2;10;2;0;3;0;1;
202300013028;155 657 432;A01;2;7;0;2;5;11;2;
202300013028;155 657 434;B01;1;33;0;2;1;1;1;
202300013029;155 657 431;A01;3;7;9;2;3;9;1;
202300013029;155 657 435;B01;3;7;0;2;2;1;1;
202300013030;155 657 428;A01;2;7;0;2;1;1;1;
202300013030;155 657 430;B01;1;2;0;2;1;1;1;
202300013031;155 657 426;A01;1;7;0;2;1;1;1;
202300013031;155 657 429;B01;2;7;0;2;1;17;1;
202300013032;155 657 424;A01;1;33;0;2;1;13;1;
202300013032;155 657 425;B01;2;7;0;2;1;23;1;
202300013033;155 657 423;B01;2;7;0;2;1;1;1;
202300013033;155 657 427;A01;1;7;0;2;1;13;1;
202300013034;155 657 420;A01;2;21;0;2;1;19;1;
202300013034;155 657 422;B01;2;7;0;2;8;1;1;
202300013035;155 657 421;A01;1;7;6;0;3;0;1;
202300013036;155 657 419;A01;3;36;13;0;2;1;1;
202300013037;155 657 417;A01;3;10;0;0;7;19;1;
202300013037;155 657 418;B01;1;7;7;2;1;1;1;
202300013038;155 657 416;A01;1;2;0;0;9;1;1;
202300013039;155 657 415;A01;1;33;0;0;0;1;1;
202300013040;155 657 414;A01;0;33;0;0;0;0;1;
202300013041;155 657 413;A01;2;7;0;1;3;1;1;
202300013042;155 657 412;A01;1;7;16;0;1;14;1;
202300013043;155 657 411;A01;2;7;0;1;1;24;1;
202300013044;155 657 410;A01;0;10;6;0;1;0;1;
202300013045;155 657 408;A01;2;2;0;2;1;1;1;
202300013045;155 657 409;B01;2;7;0;2;8;15;1;
202300013046;155 657 407;A01;2;10;2;0;1;14;1;
202300013047;155 657 406;A01;2;7;6;0;1;0;0;
202300013048;155 657 404;B01;1;7;0;9;3;9;0;
202300013048;155 657 405;A01;1;80;0;2;2;0;6;
202300013049;155 657 403;A01;1;33;0;0;0;0;1;
202300013050;155 657 402;A01;3;7;1;0;1;15;1;
202300013051;155 657 399;B01;0;1;0;2;8;16;5;
202300013051;155 657 401;A01;0;7;0;9;7;16;1;
202300013052;155 657 398;A01;1;33;0;2;1;17;1;
202300013052;155 657 400;B01;1;7;0;2;8;1;1;
202300013053;155 657 397;A01;2;33;0;0;8;14;0;
202300013054;155 657 393;A01;1;7;3;0;9;17;1;
202300013055;155 657 392;C01;1;7;0;2;4;2;1;
202300013055;155 657 394;B01;1;7;0;2;4;2;1;
202300013055;155 657 395;D01;1;7;0;0;4;15;1;
202300013055;155 657 396;A01;1;7;0;2;1;2;1;
202300013056;155 657 387;A01;3;7;0;0;9;1;0;
202300013057;155 657 384;F01;2;7;0;2;4;26;1;
202300013057;155 657 385;B01;2;7;0;2;5;1;1;
202300013057;155 657 386;C01;2;7;0;2;4;1;1;
202300013057;155 657 388;D01;2;7;0;2;4;1;1;
202300013057;155 657 389;E01;2;10;0;2;4;1;1;
202300013057;155 657 391;A01;2;38;0;2;1;1;1;2
202300013058;155 657 383;A01;1;33;15;0;1;1;1;
202300013059;155 657 380;A01;2;10;0;2;7;2;1;
202300013059;155 657 382;B01;1;34;0;2;3;3;1;
202300013060;155 657 379;A01;2;2;0;2;1;2;1;
202300013060;155 657 381;B01;2;7;0;0;4;2;1;
202300013061;155 657 377;B01;2;14;0;2;1;2;0;
202300013061;155 657 378;A01;2;7;0;2;4;2;1;
202300013062;155 657 375;A01;-1;33;0;0;9;26;1;
202300013062;155 657 376;B01;-1;7;0;0;-1;15;1;
202300013063;155 657 374;A01;1;31;0;0;0;1;1;
202300013064;155 657 373;A01;1;7;2;0;3;0;1;
202300013065;155 657 371;A01;2;7;0;0;9;13;1;
202300013066;155 657 370;A01;1;7;0;2;3;1;1;
202300013066;155 657 372;B01;2;7;0;2;2;1;1;
202300013067;155 657 369;A01;2;7;3;0;0;0;1;
202300013068;155 657 367;A01;1;7;0;2;6;15;1;
202300013068;155 657 368;B01;1;33;0;2;2;17;1;
202300013069;155 657 366;A01;1;7;0;0;1;1;1;
202300013070;155 657 362;B01;1;7;3;0;6;11;1;
202300013070;155 657 364;A01;1;33;3;2;2;3;1;
202300013071;155 657 363;A01;2;7;0;2;2;15;1;
202300013071;155 657 365;B01;1;31;0;2;1;1;1;
202300013072;155 657 361;A01;1;7;4;0;1;1;1;
202300013073;155 657 358;A01;1;7;0;2;3;13;1;
202300013073;155 657 359;B01;2;38;0;2;3;1;1;1
202300013073;155 657 360;C01;1;7;0;9;8;1;1;
202300013074;155 657 354;B01;0;33;0;2;8;1;1;
202300013074;155 657 355;A01;0;7;0;2;2;9;3;
202300013075;155 657 356;A01;2;7;0;2;1;2;1;
202300013075;155 657 357;B01;2;7;0;2;4;1;1;
202300013076;155 657 352;A01;1;10;3;2;2;17;1;
202300013076;155 657 353;B01;1;17;0;2;4;1;1;
202300013077;155 657 351;A01;1;7;3;0;1;1;1;
202300013078;155 657 347;A01;1;7;3;2;3;2;1;
202300013078;155 657 350;B01;1;7;0;2;5;2;0;
202300013079;155 657 346;B01;1;7;0;2;4;2;1;
202300013079;155 657 348;A01;1;14;0;2;1;2;1;
202300013079;155 657 349;C01;1;37;0;2;4;23;1;1
202300013080;155 657 342;B01;1;10;3;0;4;23;1;
202300013080;155 657 343;A01;1;10;4;2;3;1;1;
202300013080;155 657 345;C01;1;7;3;0;8;1;3;
202300013081;155 657 341;A01;1;7;3;0;5;1;1;
202300013081;155 657 344;B01;2;7;0;0;1;1;1;
202300013082;155 657 338;A01;2;33;0;2;2;17;1;
202300013082;155 657 340;B01;2;7;0;2;3;15;1;
202300013083;155 657 337;B01;2;7;0;2;4;2;1;
202300013083;155 657 339;A01;2;7;0;2;1;1;1;
202300013084;155 657 335;A01;0;33;1;2;2;1;1;
202300013084;155 657 336;B01;1;7;0;0;2;13;1;
202300013085;155 657 334;A01;1;7;4;0;1;12;1;
202300013086;155 657 333;A01;1;7;0;1;1;1;1;
202300013087;155 657 332;A01;1;7;4;0;8;21;1;
202300013088;155 657 331;A01;1;7;3;0;1;1;1;
202300013089;155 657 330;A01;2;7;0;1;2;1;1;
202300013090;155 657 329;A01;1;7;15;0;1;14;1;
202300013091;155 657 328;A01;1;10;4;0;1;26;1;
202300013092;155 657 325;A01;1;7;0;2;1;1;1;
202300013092;155 657 327;B01;1;7;0;2;4;1;1;
202300013093;155 657 324;A01;3;7;7;2;3;1;1;
202300013093;155 657 326;B01;3;7;0;2;3;15;1;
202300013094;155 657 323;A01;3;7;6;1;1;20;1;
202300013095;155 657 322;A01;1;7;0;1;2;0;0;
202300013096;155 657 319;B01;1;7;0;2;1;13;1;
202300013096;155 657 321;A01;2;2;0;2;0;1;1;
202300013097;155 657 318;B01;3;7;0;2;2;1;1;
202300013097;155 657 320;A01;1;33;0;2;3;0;1;
202300013098;155 657 314;A01;3;50;14;0;1;1;3;
202300013099;155 657 315;A01;1;7;0;2;1;23;1;
202300013099;155 657 316;B01;2;1;0;2;1;9;5;
202300013100;155 657 312;A01;3;7;0;1;3;1;1;
202300013101;155 657 311;A01;1;33;0;2;1;13;1;
202300013101;155 657 313;B01;2;14;0;2;3;1;1;
202300013102;155 657 308;A01;1;7;0;2;1;26;1;
202300013102;155 657 310;B01;1;3;3;0;4;26;1;
202300013103;155 657 307;B01;3;7;12;2;3;1;1;
202300013103;155 657 309;A01;3;33;6;2;1;13;1;
202300013104;155 657 304;A01;1;7;0;2;3;19;1;
202300013104;155 657 306;B01;1;2;0;2;1;1;1;
202300013105;155 657 303;B01;1;7;0;2;7;15;1;
202300013105;155 657 305;A01;1;30;0;2;1;1;1;
202300013106;155 657 302;A01;1;33;13;0;9;14;1;
202300013107;155 657 300;A01;1;7;0;2;1;2;1;
202300013107;155 657 301;B01;1;33;16;2;4;2;1;
202300013108;155 657 299;A01;0;1;0;0;0;0;5;
202300013109;155 657 297;A01;1;7;0;0;0;1;1;
202300013110;155 657 296;B01;2;7;6;2;1;1;1;
202300013110;155 657 298;A01;1;7;0;2;1;13;1;
202300013111;155 657 294;A01;3;7;0;1;1;15;1;
202300013112;155 657 292;C01;2;7;0;2;4;2;1;
202300013112;155 657 293;A01;2;7;0;2;1;1;1;
202300013112;155 657 295;B01;2;7;0;2;4;2;1;
202300013113;155 657 291;A01;2;32;0;1;1;1;1;
202300013114;155 657 289;B01;1;7;0;2;1;1;1;
202300013114;155 657 290;A01;1;15;3;2;1;14;1;
202300013115;155 657 287;B01;3;2;0;2;1;1;1;
202300013115;155 657 288;A01;3;10;0;2;2;15;1;
202300013116;155 657 286;B01;2;7;0;1;1;1;1;
202300013117;155 657 285;A01;2;7;0;1;1;19;1;
202300013118;155 657 284;A01;2;7;15;0;1;14;0;
202300013119;155 657 280;A01;3;7;0;2;0;0;1;
202300013119;155 657 283;B01;3;33;0;2;0;0;0;
202300013120;155 657 281;A01;2;33;0;2;8;3;1;
202300013120;155 657 282;B01;2;7;0;2;7;12;1;
202300013121;155 657 276;A01;1;7;0;2;6;1;1;
202300013121;155 657 279;B01;1;7;0;2;1;1;1;
202300013122;155 657 274;B01;1;7;0;2;7;12;1;
202300013122;155 657 275;C01;1;7;0;2;6;2;1;
202300013122;155 657 277;D01;1;7;0;2;6;2;1;
202300013122;155 657 278;A01;1;31;0;2;1;3;1;
202300013123;155 657 272;B01;2;33;0;2;3;1;1;
202300013123;155 657 273;A01;2;10;0;2;5;12;1;
202300013124;155 657 270;A01;1;31;0;2;1;3;1;
202300013124;155 657 271;B01;1;7;0;2;4;12;1;
202300013125;155 657 267;A01;2;7;0;2;3;13;1;
202300013125;155 657 269;B01;1;37;0;2;3;1;1;1
202300013126;155 657 266;B01;1;7;0;2;2;2;1;
202300013126;155 657 268;A01;1;32;0;2;3;9;1;
202300013127;155 657 263;A01;2;7;0;2;1;1;1;
202300013127;155 657 264;B01;2;7;0;2;4;1;1;
202300013128;155 657 257;A01;1;13;0;2;1;2;1;
202300013128;155 657 259;B01;1;7;0;2;4;2;1;
202300013128;155 657 260;C01;1;7;0;2;4;2;1;
202300013128;155 657 261;D01;1;7;0;2;4;2;2;
202300013129;155 657 256;B01;3;7;0;2;1;1;2;
202300013129;155 657 258;A01;3;7;0;2;7;15;1;
202300013130;155 657 253;B01;2;33;0;2;1;3;1;
202300013130;155 657 255;A01;2;7;0;2;5;12;1;
202300013131;155 657 252;B01;0;50;0;2;7;19;3;
202300013131;155 657 254;A01;0;7;0;2;1;1;1;
202300013132;155 657 250;A01;1;33;0;2;2;2;1;
202300013132;155 657 251;B01;2;7;0;2;5;12;1;
202300013133;155 657 247;A01;3;50;0;2;1;2;3;
202300013133;155 657 249;B01;3;7;0;2;0;0;0;
202300013134;155 657 246;B01;1;10;0;2;5;12;1;
202300013134;155 657 248;A01;1;33;0;2;8;3;1;
202300013135;155 657 243;A01;0;7;0;2;1;1;1;
202300013135;155 657 245;B01;0;7;0;2;4;23;1;
202300013136;155 657 242;A01;1;7;0;2;4;2;1;
202300013136;155 657 244;Z01;1;7;0;2;1;0;1;
202300013137;155 657 241;A01;1;50;0;1;1;25;3;
202300013138;155 657 239;B01;1;7;0;2;1;1;1;
202300013138;155 657 240;A01;1;7;0;2;4;1;1;
202300013139;155 657 237;A01;1;7;0;2;1;16;1;
202300013139;155 657 238;B01;2;7;0;2;1;1;5;
202300013140;155 657 235;A01;1;7;0;2;8;11;1;
202300013140;155 657 236;B01;1;33;0;2;2;1;1;
202300013141;155 657 233;B01;2;7;0;2;1;1;1;
202300013141;155 657 234;A01;2;7;0;2;1;15;1;
202300013142;155 657 231;A01;1;32;0;2;4;26;1;
202300013142;155 657 232;B01;1;7;0;2;1;2;1;
202300013143;155 657 229;A01;1;10;0;2;1;1;1;
202300013143;155 657 230;B01;1;10;0;2;4;1;1;
202300013144;155 657 227;A01;1;10;0;2;1;9;1;
202300013144;155 657 228;B01;3;50;0;2;8;19;3;
202300013145;155 657 222;A01;2;7;0;2;1;1;1;
202300013145;155 657 224;B01;2;7;0;2;4;1;1;
202300013145;155 657 226;C01;2;7;0;2;4;1;1;
202300013146;155 657 221;A01;1;7;2;0;7;1;1;
202300013147;155 657 220;A01;1;7;0;1;4;4;1;
202300013148;155 657 218;B01;2;30;-1;2;1;16;-1;
202300013148;155 657 219;A01;2;7;-1;2;6;1;-1;
202300013149;155 657 217;A01;3;31;0;0;7;21;1;
202300013150;155 657 214;A01;1;7;0;2;1;24;1;
202300013150;155 657 215;B01;2;30;0;2;7;1;1;
202300013151;155 657 213;B01;2;7;0;2;2;1;1;
202300013151;155 657 216;A01;2;7;0;2;1;5;1;
202300013152;155 657 212;A01;1;7;0;1;2;1;1;
202300013153;155 657 210;A01;1;7;0;2;2;17;1;
202300013153;155 657 211;B01;1;7;0;0;6;1;1;
202300013154;155 657 208;A01;1;2;0;2;1;17;1;
202300013154;155 657 209;B01;1;7;0;2;8;15;2;
202300013155;155 657 207;A01;1;7;0;0;2;26;1;
202300013156;155 657 206;A01;2;7;0;1;1;1;1;
202300013157;155 657 204;B01;2;1;0;2;1;9;5;
202300013157;155 657 205;A01;2;7;0;2;7;16;1;
202300013158;155 657 202;B01;1;7;0;2;3;1;1;
202300013158;155 657 203;A01;1;7;0;2;3;13;1;
202300013159;155 657 200;A01;3;2;0;2;1;1;1;
202300013159;155 657 201;B01;3;7;0;2;8;15;1;
202300013160;155 657 197;B01;1;1;0;2;1;1;5;
202300013160;155 657 199;A01;1;7;0;9;7;1;1;
202300013161;155 657 196;A01;2;30;0;2;1;15;1;
202300013161;155 657 198;B01;2;7;0;2;2;1;1;
202300013162;155 657 193;A01;1;7;1;2;9;1;1;
202300013162;155 657 195;C01;1;7;0;2;8;23;1;
202300013163;155 657 192;A01;2;7;0;2;8;10;1;
202300013163;155 657 194;B01;1;7;0;2;1;1;1;
202300013164;155 657 190;B01;1;7;0;2;5;23;1;
202300013164;155 657 191;A01;1;30;0;2;1;2;1;
202300013165;155 657 188;A01;1;7;0;2;8;15;1;
202300013165;155 657 189;B01;2;7;0;2;1;1;1;
202300013166;155 657 187;A01;1;7;0;0;2;14;1;
202300013167;155 657 183;A01;3;7;14;0;1;26;1;
202300013168;155 657 182;C01;0;7;0;2;8;15;1;
202300013168;155 657 184;B01;0;7;0;2;6;1;1;
202300013168;155 657 185;A01;0;50;0;2;0;1;3;
202300013169;155 657 179;A01;2;33;0;2;5;15;1;
202300013169;155 657 181;B01;1;7;0;2;3;1;1;
202300013170;155 657 178;B01;0;50;0;2;1;1;3;
202300013170;155 657 180;A01;0;7;0;2;5;16;6;
202300013171;155 657 177;B01;3;1;0;0;0;16;5;
202300013172;155 657 176;A01;2;7;0;1;7;1;1;
202300013173;155 657 174;A01;1;7;0;1;2;1;1;
202300013174;155 657 173;A01;3;7;0;2;3;15;1;
202300013174;155 657 175;B01;3;2;0;2;8;17;1;
202300013175;155 657 172;A01;3;7;0;1;4;20;1;
202300013176;155 657 171;A01;3;7;0;1;1;1;1;
202300013177;155 657 168;B01;1;3;0;2;2;16;1;
202300013177;155 657 170;A01;1;50;0;2;1;1;3;
202300013178;155 657 167;B01;1;7;0;2;6;1;1;
202300013178;155 657 169;A01;2;7;15;2;1;1;1;
202300013179;155 657 164;B01;2;7;0;2;4;2;2;
202300013179;155 657 165;A01;2;10;0;2;1;2;1;
202300013179;155 657 166;C01;2;7;0;2;4;2;1;
202300013180;155 657 162;Z01;1;2;0;2;1;17;0;
202300013180;155 657 163;B01;1;1;0;2;1;0;5;
202300013181;155 657 159;A01;3;7;0;2;7;26;1;
202300013181;155 657 161;B01;3;37;0;2;1;1;1;2
202300013182;155 657 158;A01;1;7;0;2;1;9;1;