Num_Acc;id_vehicule;num_veh;senc;catv;obs;obsm;choc;manv;motor;occutc
202300014315;155 655 186;A01;3;10;0;2;6;4;1;
202300014315;155 655 187;B01;3;1;0;2;1;1;5;
202300014316;155 655 180;A01;2;7;2;0;1;1;1;
202300014317;155 655 182;A01;3;3;0;1;1;11;1;
202300014318;155 655 179;A01;2;7;0;2;1;26;1;
202300014318;155 655 181;B01;2;7;0;2;4;26;1;
202300014319;155 655 178;A01;3;30;0;1;1;1;3;
202300014320;155 655 174;B01;3;33;0;2;1;1;1;
202300014320;155 655 177;A01;3;10;0;2;7;15;1;
202300014321;155 655 172;A01;2;7;0;0;3;1;1;
202300014321;155 655 176;B01;1;7;0;0;2;1;1;
202300014322;155 655 173;A01;1;7;0;2;7;12;1;
202300014322;155 655 175;B01;1;31;0;2;8;3;1;
202300014323;155 655 170;A01;1;10;0;2;1;2;1;
202300014323;155 655 171;B01;1;7;0;2;4;2;3;
202300014324;155 655 169;A01;1;7;0;1;1;15;1;
202300014325;155 655 165;A01;1;7;13;0;1;21;1;
202300014326;155 655 164;A01;1;30;0;1;1;1;0;
202300014327;155 655 161;B01;1;7;0;2;0;1;1;
202300014327;155 655 167;A01;1;10;0;2;2;10;1;
202300014328;155 655 160;A01;1;7;0;2;1;2;1;
202300014328;155 655 163;B01;1;7;0;2;4;2;1;
202300014328;155 655 166;C01;1;7;0;2;4;2;1;
202300014328;155 655 168;D01;1;15;0;2;8;1;1;
202300014329;155 655 159;A01;2;7;0;2;3;15;1;
202300014329;155 655 162;B01;1;50;0;2;1;1;3;
202300014330;155 655 158;A01;1;50;0;0;8;1;3;
202300014331;155 655 157;A01;3;7;0;0;0;0;1;
202300014332;155 655 156;A01;1;33;0;0;7;1;1;
202300014333;155 655 155;A01;1;7;6;0;1;14;1;
202300014334;155 655 154;A01;1;1;14;0;0;1;5;
202300014335;155 655 148;A01;2;7;0;1;3;15;1;
202300014336;155 655 150;B01;2;7;0;2;4;2;1;
202300014336;155 655 153;A01;2;7;0;2;1;2;1;
202300014337;155 655 149;A01;1;31;0;0;7;14;1;
202300014338;155 655 146;A01;1;7;0;2;3;2;3;
202300014338;155 655 152;B01;1;37;0;2;5;1;1;3
202300014339;155 655 147;A01;2;33;0;2;1;1;1;
202300014339;155 655 151;B01;2;7;0;0;3;15;1;
202300014340;155 655 142;A01;3;80;0;2;1;1;3;
202300014340;155 655 145;B01;3;7;0;2;4;1;1;
202300014341;155 655 140;B01;3;7;6;0;6;1;1;
202300014341;155 655 144;A01;3;30;1;0;1;1;1;
202300014342;155 655 139;A01;1;7;0;2;1;1;1;
202300014342;155 655 143;B01;1;7;0;2;1;9;1;
202300014343;155 655 138;A01;2;33;0;2;2;1;1;
202300014343;155 655 141;B01;1;10;0;0;5;15;1;
202300014344;155 655 137;A01;1;37;8;0;3;16;1;1
202300014345;155 655 135;A01;1;7;6;0;1;14;1;
202300014346;155 655 132;A01;2;7;0;2;1;13;1;
202300014346;155 655 136;B01;1;7;0;2;1;1;2;
202300014347;155 655 131;A01;1;33;0;2;1;17;1;
202300014347;155 655 133;B01;1;21;0;2;3;15;1;
202300014348;155 655 130;A01;1;33;0;1;0;3;1;
202300014349;155 655 134;A01;3;7;0;1;3;15;3;
202300014350;155 655 126;A01;2;7;0;2;3;9;1;
202300014350;155 655 128;B01;2;7;0;2;2;1;2;
202300014351;155 655 127;A01;1;7;0;2;3;23;1;
202300014351;155 655 129;B01;3;7;0;2;2;0;1;
202300014352;155 655 123;A01;1;2;0;2;7;15;1;
202300014352;155 655 125;B01;2;7;0;2;1;1;1;
202300014353;155 655 120;A01;1;2;0;1;0;1;1;
202300014354;155 655 121;B01;1;10;0;2;1;2;1;
202300014354;155 655 124;A01;1;10;0;2;3;1;1;
202300014355;155 655 119;A01;2;7;13;0;7;14;0;
202300014356;155 655 117;B01;2;1;0;2;7;1;5;
202300014356;155 655 122;A01;2;7;0;2;2;1;1;
202300014357;155 655 116;A01;3;7;0;2;1;1;1;
202300014357;155 655 118;B01;3;33;0;2;4;3;1;
202300014358;155 655 115;A01;1;38;0;1;3;17;1;1
202300014359;155 655 113;A01;1;37;0;1;1;1;1;1
202300014360;155 655 112;B01;1;2;0;2;3;15;1;
202300014360;155 655 114;A01;1;7;0;2;2;17;1;
202300014361;155 655 110;A01;1;10;0;1;1;1;1;
202300014362;155 655 109;A01;1;7;0;1;0;15;1;
202300014363;155 655 108;A01;3;7;0;2;2;15;0;
202300014363;155 655 111;B01;3;10;0;2;1;0;0;
202300014364;155 655 107;A01;2;7;2;0;2;1;1;
202300014365;155 655 106;A01;1;7;0;1;4;4;1;
202300014366;155 655 103;A01;2;33;8;0;1;19;1;
202300014367;155 655 104;A01;2;7;0;1;2;1;1;
202300014368;155 655 101;A01;0;7;0;1;1;15;1;
202300014369;155 655 100;B01;3;7;0;2;4;2;1;
202300014369;155 655 102;A01;0;30;0;2;1;2;1;
202300014370;155 655 099;A01;2;7;0;2;1;15;1;
202300014370;155 655 105;B01;1;33;0;2;2;1;1;
202300014371;155 655 096;A01;1;34;0;1;0;1;1;
202300014372;155 655 094;A01;1;7;0;2;8;26;2;
202300014372;155 655 097;B01;1;7;0;2;2;1;1;
202300014373;155 655 092;A01;1;1;0;2;7;25;5;
202300014374;155 655 093;A01;0;7;0;1;1;1;1;
202300014375;155 655 091;A01;3;2;0;2;1;1;1;
202300014375;155 655 095;B01;3;7;0;2;7;1;1;
202300014376;155 655 086;Z01;1;10;0;0;0;0;0;
202300014376;155 655 089;B01;1;7;0;2;1;2;1;
202300014376;155 655 090;C01;1;7;0;2;4;2;1;
202300014377;155 655 085;A01;1;7;0;2;1;1;1;
202300014377;155 655 088;B01;1;7;0;2;1;13;1;
202300014378;155 655 083;A01;1;7;0;2;0;0;1;
202300014378;155 655 087;B01;1;7;0;2;1;1;1;
202300014379;155 655 082;A01;3;1;0;0;9;1;5;
202300014380;155 655 080;B01;3;7;0;2;3;9;1;
202300014380;155 655 084;A01;2;7;0;2;2;7;1;
202300014381;155 655 079;B01;1;1;0;2;0;1;5;
202300014381;155 655 081;A01;1;7;0;2;2;12;1;
202300014382;155 655 078;A01;3;7;0;1;3;12;1;
202300014383;155 655 077;A01;3;7;15;0;1;2;1;
202300014384;155 655 073;A01;2;7;0;1;1;1;1;
202300014385;155 655 071;A01;1;30;0;2;1;1;1;
202300014385;155 655 074;B01;1;7;0;2;7;15;1;
202300014386;155 655 069;B01;2;7;1;2;4;1;1;
202300014386;155 655 075;A01;2;7;0;2;1;1;1;
202300014387;155 655 068;A01;1;30;1;1;1;21;3;
202300014388;155 655 070;A01;1;7;0;2;2;16;1;
202300014388;155 655 076;B01;1;7;0;2;3;1;1;
202300014389;155 655 067;A01;3;7;8;2;1;1;1;
202300014389;155 655 072;B01;3;7;0;2;0;0;0;
202300014390;155 655 066;A01;2;33;0;1;1;1;1;
202300014391;155 655 063;A01;1;7;2;0;1;19;1;
202300014392;155 655 062;A01;2;1;0;0;0;10;5;
202300014393;155 655 061;A01;1;7;0;2;2;9;1;
202300014393;155 655 064;B01;1;33;0;2;3;1;1;
202300014394;155 655 056;B01;1;3;0;2;4;13;1;
202300014394;155 655 060;A01;1;7;0;2;0;16;1;
202300014394;155 655 065;C01;1;7;0;2;1;1;1;
202300014395;155 655 055;A01;1;10;0;2;1;2;1;
202300014395;155 655 057;B01;1;7;0;2;4;0;1;
202300014396;155 655 059;A01;2;7;0;0;2;1;1;
202300014397;155 655 053;A01;2;7;0;2;3;13;1;
202300014397;155 655 054;B01;1;37;0;2;3;1;1;1
202300014398;155 655 046;B01;2;7;0;2;6;1;1;
202300014398;155 655 050;A01;1;43;0;2;3;21;1;
202300014399;155 655 048;A01;3;7;0;2;1;2;1;
202300014399;155 655 051;B01;3;1;0;2;8;2;5;
202300014400;155 655 045;A01;1;31;0;2;1;2;1;
202300014400;155 655 049;B01;1;7;0;2;4;2;1;
202300014401;155 655 043;B01;1;7;0;2;4;1;1;
202300014401;155 655 044;A01;1;7;0;2;1;1;1;
202300014402;155 655 040;A01;1;10;0;2;1;15;1;
202300014402;155 655 047;B01;2;7;0;2;3;1;1;
202300014403;155 655 038;A01;1;33;0;2;1;2;1;
202300014403;155 655 041;B01;1;7;0;2;4;2;3;
202300014404;155 655 036;A01;1;10;0;2;2;15;1;
202300014404;155 655 042;B01;2;33;0;2;8;2;1;
202300014405;155 655 037;A01;1;15;0;2;7;17;1;
202300014405;155 655 039;B01;1;1;0;2;8;1;5;
202300014406;155 655 034;A01;3;7;0;2;0;0;1;
202300014406;155 655 035;B01;3;1;0;2;0;19;5;
202300014407;155 655 031;A01;2;30;0;0;0;16;3;
202300014408;155 655 024;A01;0;7;0;2;2;26;0;
202300014408;155 655 027;B01;3;7;0;2;3;11;0;
202300014409;155 655 025;A01;2;43;0;2;3;17;1;
202300014409;155 655 029;B01;1;7;0;2;8;1;1;
202300014409;155 655 033;C01;2;7;0;2;3;1;1;
202300014410;155 655 028;A01;2;33;0;2;7;3;1;
202300014410;155 655 032;B01;2;10;0;2;3;23;1;
202300014411;155 655 022;B01;2;1;0;2;1;1;5;
202300014411;155 655 023;A01;1;80;0;2;1;1;3;
202300014412;155 655 026;B01;2;7;0;2;3;15;0;
202300014412;155 655 030;A01;2;33;0;2;2;17;0;
202300014413;155 655 020;A01;1;33;0;2;1;21;1;
202300014413;155 655 021;B01;3;80;0;2;0;13;3;
202300014414;155 655 016;B01;1;2;0;2;7;2;1;
202300014414;155 655 019;A01;1;7;0;2;3;9;1;
202300014415;155 655 018;A01;2;1;13;0;0;13;5;
202300014416;155 655 017;A01;1;33;13;0;1;1;1;
202300014417;155 655 015;A01;2;33;0;0;0;0;0;
202300014418;155 655 009;A01;0;7;0;2;1;1;1;
202300014418;155 655 012;B01;0;2;0;2;7;1;1;
202300014419;155 655 010;A01;3;7;0;2;1;1;1;
202300014419;155 655 013;B01;3;7;0;2;1;23;1;
202300014419;155 655 014;C01;3;7;0;2;4;23;1;
202300014420;155 655 008;A01;0;7;0;1;2;0;1;
202300014421;155 655 006;B01;0;30;0;2;0;0;-1;
202300014421;155 655 011;A01;2;30;0;2;1;2;1;
202300014422;155 655 004;B01;1;7;0;2;4;2;1;
202300014422;155 655 007;A01;1;33;0;2;1;2;1;
202300014423;155 655 003;B01;1;7;0;2;0;1;1;
202300014423;155 655 005;A01;1;7;0;2;3;1;1;
202300014424;155 655 002;A01;1;7;0;1;2;1;2;
202300014425;155 654 994;B01;3;30;0;2;7;5;1;
202300014425;155 654 997;A01;3;7;0;2;1;9;1;
202300014426;155 654 995;A01;1;7;0;2;1;13;1;
202300014426;155 654 999;B01;2;37;0;2;5;21;3;1
202300014427;155 654 996;B01;1;33;13;2;7;1;1;
202300014427;155 655 000;A01;2;7;0;2;1;9;1;
202300014428;155 654 993;A01;2;7;0;2;2;19;1;
202300014428;155 655 001;B01;1;2;0;2;1;19;1;
202300014429;155 654 992;A01;1;7;0;2;1;13;1;
202300014429;155 654 998;B01;2;7;0;2;1;1;1;
202300014430;155 654 989;A01;2;1;12;0;1;1;5;
202300014431;155 654 991;A01;1;7;0;1;1;15;1;
202300014432;155 654 983;A01;2;2;15;0;7;15;1;
202300014433;155 654 986;C01;1;10;14;2;1;2;1;
202300014433;155 654 988;A01;1;7;14;2;1;17;1;
202300014433;155 654 990;B01;1;7;14;2;1;5;1;
202300014434;155 654 981;A01;1;7;0;2;3;20;1;
202300014434;155 654 982;B01;1;10;0;2;7;2;1;
202300014434;155 654 984;C01;1;1;1;0;1;2;5;
202300014435;155 654 979;A01;2;7;0;1;3;1;1;
202300014436;155 654 980;B01;3;1;0;2;7;1;5;
202300014436;155 654 987;A01;3;7;0;2;1;9;1;
202300014437;155 654 975;A01;3;7;0;2;5;15;2;
202300014437;155 654 978;B01;3;7;0;2;2;1;1;
202300014438;155 654 974;A01;1;7;0;2;1;13;1;
202300014438;155 654 976;B01;1;10;0;2;1;1;1;
202300014439;155 654 970;A01;2;7;0;1;1;1;1;
202300014440;155 654 969;A01;1;7;0;1;3;17;1;
202300014441;155 654 972;B01;0;7;0;2;1;21;1;
202300014441;155 654 977;A01;1;33;0;2;8;9;1;
202300014442;155 654 968;A01;1;10;0;2;1;1;0;
202300014442;155 654 971;B01;1;1;0;2;2;19;5;
202300014443;155 654 967;A01;1;7;0;0;2;1;1;
202300014444;155 654 966;A01;2;7;4;0;1;26;1;
202300014445;155 654 965;A01;0;7;1;0;1;1;1;
202300014446;155 654 961;A01;2;7;2;0;2;0;1;
202300014447;155 654 959;A01;3;7;0;2;1;15;1;
202300014447;155 654 963;B01;1;10;0;2;8;1;1;
202300014448;155 654 962;A01;3;3;13;0;1;0;1;
202300014449;155 654 958;A01;1;7;0;2;8;13;1;
202300014449;155 654 960;B01;2;32;0;2;8;1;1;
202300014450;155 654 957;A01;3;10;0;2;7;1;1;
202300014450;155 654 964;B01;3;7;0;2;2;1;1;
202300014451;155 654 956;A01;1;33;16;0;8;14;1;
202300014452;155 654 951;A01;3;10;0;0;0;22;1;
202300014452;155 654 953;B01;3;1;0;0;0;1;5;
202300014453;155 654 950;A01;2;7;2;0;4;1;1;
202300014454;155 654 954;A01;2;10;4;0;2;14;1;
202300014455;155 654 947;A01;1;33;10;0;1;17;1;
202300014456;155 654 944;A01;3;15;0;0;0;1;1;
202300014456;155 654 948;B01;3;1;0;0;0;1;5;
202300014457;155 654 945;A01;1;7;0;2;1;2;1;
202300014457;155 654 949;B01;1;7;0;2;4;1;1;
202300014458;155 654 941;A01;2;10;1;0;1;2;1;
202300014459;155 654 940;A01;1;7;3;0;1;1;1;
202300014460;155 654 939;A01;2;7;0;2;1;3;1;
202300014460;155 654 943;B01;2;7;0;2;2;1;1;
202300014460;155 654 946;C01;2;7;0;2;4;1;1;
202300014460;155 654 952;D01;2;7;0;2;4;1;1;
202300014460;155 654 955;E01;2;7;0;2;4;1;1;
202300014461;155 654 942;A01;1;7;8;0;1;0;1;
202300014462;155 654 938;A01;2;33;13;0;1;0;1;
202300014463;155 654 934;A01;1;7;0;1;2;1;1;
202300014464;155 654 933;B01;1;60;0;2;0;1;5;
202300014464;155 654 935;A01;2;7;0;2;0;20;1;
202300014465;155 654 931;B01;3;7;0;2;2;15;1;
202300014465;155 654 936;A01;1;7;0;2;7;1;1;
202300014466;155 654 932;A01;1;3;0;2;6;24;1;
202300014466;155 654 937;B01;1;3;0;2;5;1;1;
202300014467;155 654 927;A01;1;7;0;2;2;10;1;
202300014467;155 654 930;B01;2;33;0;2;1;1;1;
202300014468;155 654 929;A01;3;7;0;1;1;0;0;
202300014469;155 654 925;A01;1;15;0;1;2;1;1;
202300014470;155 654 923;A01;2;7;0;2;2;5;1;
202300014470;155 654 926;B01;1;7;0;2;2;1;1;
202300014471;155 654 922;B01;1;7;0;2;1;1;1;
202300014471;155 654 924;A01;2;7;0;2;1;13;1;
202300014471;155 654 928;C01;1;7;0;2;1;1;1;
202300014472;155 654 919;A01;1;7;0;2;6;23;2;
202300014472;155 654 921;B01;1;2;0;2;1;12;1;
202300014473;155 654 916;A01;1;34;0;2;7;17;1;
202300014473;155 654 917;B01;1;10;0;2;3;1;0;
202300014474;155 654 920;A01;2;7;6;0;1;13;1;
202300014475;155 654 915;A01;1;7;0;2;3;15;1;
202300014475;155 654 918;B01;1;33;0;2;1;17;1;
202300014476;155 654 914;A01;3;7;0;1;2;1;0;
202300014477;155 654 911;A01;2;7;0;2;1;19;1;
202300014477;155 654 913;B01;2;7;0;2;3;19;1;
202300014478;155 654 907;B01;3;30;0;2;7;1;1;
202300014478;155 654 909;A01;3;7;0;2;8;16;1;
202300014479;155 654 906;A01;1;7;0;0;0;9;1;
202300014479;155 654 910;B01;1;7;13;0;3;1;1;
202300014480;155 654 904;A01;1;7;15;0;2;1;1;
202300014481;155 654 905;A01;2;7;16;1;3;2;0;
202300014482;155 654 908;A01;1;33;8;0;2;9;1;
202300014483;155 654 901;B01;1;7;0;9;1;1;1;
202300014483;155 654 902;A01;3;50;0;2;1;26;3;
202300014483;155 654 903;C01;1;32;0;2;1;1;1;
202300014484;155 654 900;A01;2;7;0;1;2;1;1;
202300014485;155 654 899;A01;1;7;0;1;2;1;1;
202300014486;155 654 896;A01;1;7;13;0;1;1;1;
202300014487;155 654 893;B01;3;7;0;2;3;1;1;
202300014487;155 654 897;A01;3;7;0;2;3;13;1;
202300014488;155 654 895;A01;1;7;0;2;3;1;1;
202300014488;155 654 898;B01;1;38;0;0;3;1;1;1
202300014489;155 654 892;A01;1;7;0;2;1;13;1;
202300014489;155 654 894;B01;2;7;3;2;1;1;1;
202300014490;155 654 891;A01;0;7;0;1;2;1;2;
202300014491;155 654 890;A01;1;32;0;0;0;0;1;
202300014492;155 654 884;A01;1;7;0;1;2;16;1;
202300014493;155 654 885;A01;3;7;9;0;3;19;1;
202300014493;155 654 889;B01;3;7;9;0;2;21;1;
202300014494;155 654 883;B01;1;7;0;2;4;1;1;
202300014494;155 654 887;A01;1;7;0;2;1;1;1;
202300014495;155 654 886;B01;1;7;0;2;3;1;1;
202300014495;155 654 888;A01;2;7;0;2;1;15;1;
202300014496;155 654 882;A01;3;33;0;0;0;1;1;
202300014497;155 654 880;A01;3;7;0;0;4;23;3;
202300014497;155 654 881;B01;3;33;0;2;1;1;1;
202300014498;155 654 876;A01;2;33;0;1;1;1;1;
202300014499;155 654 875;A01;1;1;0;2;1;13;5;
202300014499;155 654 879;B01;2;10;0;2;1;1;1;
202300014500;155 654 877;A01;3;10;0;1;2;15;1;
202300014501;155 654 874;A01;1;7;0;2;2;1;1;
202300014501;155 654 878;B01;1;2;0;2;4;1;1;
202300014502;155 654 873;A01;1;7;4;0;2;1;1;
202300014503;155 654 870;A01;1;7;0;1;2;1;1;
202300014504;155 654 869;A01;2;33;0;0;0;9;1;
202300014505;155 654 868;A01;2;7;0;0;5;15;1;
202300014505;155 654 872;B01;2;33;0;2;1;0;1;
202300014506;155 654 867;A01;1;33;1;2;2;17;1;
202300014506;155 654 871;B01;1;7;0;2;3;15;1;
202300014507;155 654 862;A01;1;10;0;2;1;2;1;
202300014507;155 654 865;B01;1;7;0;2;4;2;1;
202300014508;155 654 859;C01;2;33;0;2;1;1;1;
202300014508;155 654 864;A01;1;7;3;2;2;13;1;
202300014509;155 654 863;B01;1;7;0;2;3;1;1;
202300014509;155 654 866;A01;1;7;0;2;2;15;1;
202300014510;155 654 858;B01;3;7;0;2;1;1;1;
202300014510;155 654 860;A01;2;7;0;2;3;9;1;
202300014511;155 654 855;A01;3;10;0;1;4;4;1;
202300014512;155 654 854;A01;1;33;0;0;1;0;1;
202300014513;155 654 851;A01;2;7;8;0;1;14;1;
202300014514;155 654 853;A01;0;2;8;0;0;21;1;
202300014514;155 654 856;B01;0;7;0;2;3;13;1;
202300014515;155 654 850;B01;1;33;0;0;2;1;1;
202300014515;155 654 852;A01;1;7;0;0;1;9;1;
202300014516;155 654 847;A01;2;7;4;0;3;13;1;
202300014517;155 654 846;A01;3;10;10;0;9;1;0;
202300014518;155 654 844;B01;1;7;12;2;8;1;1;
202300014518;155 654 845;Z01;1;7;0;2;3;16;0;
202300014519;155 654 840;A01;0;10;0;0;1;0;1;
202300014519;155 654 842;B01;0;99;0;0;0;0;5;
202300014520;155 654 841;A01;2;7;0;2;1;1;1;
202300014520;155 654 843;B01;1;7;0;0;3;1;1;
202300014521;155 654 838;A01;1;7;0;2;1;19;1;
202300014521;155 654 839;B01;2;7;0;2;1;1;1;
202300014522;155 654 836;A01;1;7;2;0;1;13;1;
202300014523;155 654 835;A01;1;33;13;0;1;1;1;
202300014524;155 654 837;A01;3;7;0;2;2;21;1;
202300014524;155 654 849;B01;3;50;0;2;1;0;3;
202300014525;155 654 834;A01;2;7;0;2;7;1;1;
202300014525;155 654 848;B01;1;7;2;2;2;13;1;
202300014526;155 654 833;A01;1;31;7;0;0;1;1;
202300014527;155 654 829;A01;1;33;0;2;1;0;1;
202300014527;155 654 832;B01;2;7;0;2;2;15;1;
202300014528;155 654 827;A01;1;7;0;2;5;1;1;
202300014528;155 654 830;B01;1;30;0;2;1;1;1;
202300014529;155 654 825;C01;1;10;0;2;2;1;1;
202300014529;155 654 828;A01;1;7;0;2;1;5;1;
202300014529;155 654 831;B01;2;15;0;2;1;1;1;
202300014530;155 654 824;A01;2;7;2;0;1;1;1;
202300014531;155 654 820;A01;3;50;0;1;1;5;3;
202300014532;155 654 823;A01;0;7;0;2;1;15;1;
202300014532;155 654 826;B01;0;50;0;2;1;19;3;
202300014533;155 654 818;A01;1;10;0;2;3;9;1;
202300014533;155 654 819;B01;1;2;0;2;7;21;1;
202300014534;155 654 817;A01;1;7;2;0;7;1;1;
202300014535;155 654 821;A01;2;7;0;2;8;9;1;
202300014535;155 654 822;B01;2;7;0;2;2;1;2;
202300014536;155 654 816;A01;3;7;0;1;3;15;1;
202300014537;155 654 813;A01;0;2;1;0;1;14;1;
202300014538;155 654 809;A01;3;7;0;2;3;19;0;
202300014538;155 654 814;B01;2;33;0;2;1;1;1;
202300014539;155 654 807;A01;3;7;0;2;1;15;1;
202300014539;155 654 812;B01;3;7;0;2;3;0;1;
202300014540;155 654 802;A01;3;7;6;0;2;13;1;
202300014541;155 654 801;A01;2;34;0;2;1;9;1;
202300014541;155 654 804;B01;1;7;0;2;2;26;1;
202300014542;155 654 800;E01;2;7;0;2;1;26;1;
202300014542;155 654 805;B01;2;7;0;2;4;26;1;
202300014542;155 654 806;D01;2;7;0;2;4;26;1;
202300014542;155 654 808;A01;2;7;0;2;1;26;1;
202300014542;155 654 811;C01;2;10;0;2;4;26;1;
202300014543;155 654 798;A01;1;7;13;2;3;9;1;
202300014543;155 654 803;B01;1;10;12;2;1;1;1;
202300014544;155 654 797;A01;2;7;0;2;5;16;1;
202300014544;155 654 799;B01;2;80;0;2;1;1;3;
202300014545;155 654 794;A01;3;7;0;0;0;0;1;
202300014546;155 654 791;B01;0;7;0;2;8;1;1;
202300014546;155 654 796;A01;0;10;0;2;1;1;1;
202300014547;155 654 792;A01;3;10;0;2;3;16;1;
202300014547;155 654 795;B01;3;1;0;2;6;19;5;
202300014548;155 654 789;A01;3;2;0;2;1;1;1;
202300014548;155 654 793;B01;3;7;0;2;3;15;1;
202300014549;155 654 787;A01;1;40;0;2;2;1;3;
202300014549;155 654 790;B01;0;1;0;4;1;14;5;
202300014550;155 654 788;A01;2;7;16;0;9;1;1;
202300014551;155 654 785;B01;2;7;0;2;1;1;1;
202300014551;155 654 786;A01;1;7;3;2;1;5;1;
202300014552;155 654 784;A01;3;7;0;1;1;1;0;
202300014553;155 654 783;A01;1;7;0;1;1;1;1;
202300014554;155 654 780;A01;1;32;0;2;1;13;1;
202300014554;155 654 782;B01;2;7;0;2;3;1;1;
202300014555;155 654 775;B01;3;7;0;2;2;0;1;
202300014555;155 654 778;A01;1;80;0;2;1;5;3;
202300014556;155 654 773;A01;2;10;0;9;3;11;6;
202300014556;155 654 777;B01;2;50;0;2;2;13;3;
202300014557;155 654 770;A01;1;7;0;2;6;24;1;
202300014557;155 654 774;B01;1;32;0;2;1;1;1;
202300014558;155 654 771;A01;2;7;0;2;4;2;1;
202300014558;155 654 776;B01;2;31;0;2;1;2;1;
202300014559;155 654 769;A01;1;7;0;2;3;1;1;
202300014559;155 654 772;B01;1;33;0;2;1;1;1;
202300014560;155 654 762;A01;1;7;0;2;1;9;1;
202300014561;155 654 763;A01;1;7;0;1;3;1;1;
202300014562;155 654 761;A01;1;7;0;2;7;19;1;
202300014562;155 654 767;B01;1;10;0;2;1;1;1;
202300014563;155 654 760;A01;1;7;0;2;3;9;1;
202300014563;155 654 765;B01;1;80;0;2;7;1;3;
202300014564;155 654 758;A01;3;7;15;0;1;0;1;
202300014565;155 654 756;A01;2;7;0;2;0;1;1;
202300014565;155 654 759;B01;2;7;0;2;1;2;1;
202300014566;155 654 755;A01;3;7;0;2;0;0;1;
202300014566;155 654 757;B01;0;34;0;2;1;1;1;
202300014567;155 654 754;A01;0;43;12;0;2;1;1;
202300014568;155 654 753;A01;2;7;0;1;2;1;1;
202300014569;155 654 751;A01;2;7;0;1;3;1;1;
202300014570;155 654 749;B01;1;7;0;0;6;23;1;
202300014570;155 654 752;A01;1;17;1;0;2;14;1;
202300014571;155 654 747;A01;1;7;8;0;1;26;1;
202300014572;155 654 746;C01;1;7;0;2;1;0;0;
202300014572;155 654 748;A01;1;7;0;2;4;0;0;
202300014572;155 654 750;B01;1;7;0;2;4;0;0;
202300014573;155 654 744;A01;2;7;0;2;2;1;1;
202300014573;155 654 745;B01;2;2;0;2;4;23;1;
202300014574;155 654 743;A01;2;33;4;0;8;0;1;
202300014575;155 654 742;A01;1;7;9;0;1;26;1;
202300014576;155 654 739;A01;2;16;0;2;2;12;1;
202300014576;155 654 741;B01;2;7;4;2;6;1;1;
202300014577;155 654 737;A01;1;32;0;2;1;2;1;
202300014577;155 654 740;B01;1;10;0;2;4;2;1;
202300014578;155 654 735;Z01;1;7;0;2;8;15;0;
202300014578;155 654 738;A01;1;33;0;2;1;17;1;
202300014579;155 654 734;A01;3;50;14;0;1;21;3;
202300014580;155 654 732;B01;1;10;0;2;2;15;1;
202300014580;155 654 736;A01;1;10;0;2;3;1;1;
202300014581;155 654 729;A01;3;7;0;2;1;1;0;
202300014581;155 654 731;B01;3;7;0;2;1;1;0;
202300014582;155 654 725;A01;1;7;0;2;1;2;1;
202300014582;155 654 728;B01;1;7;0;2;4;2;3;
202300014583;155 654 724;A01;0;30;0;2;1;1;1;
202300014583;155 654 726;B01;0;7;0;2;5;16;0;
202300014584;155 654 723;A01;2;7;0;2;3;1;1;
202300014584;155 654 727;B01;0;7;0;2;1;19;1;
202300014585;155 654 730;A01;2;7;4;2;1;17;1;
202300014585;155 654 733;B01;2;7;4;0;4;1;1;
202300014586;155 654 721;A01;2;7;2;0;2;1;1;
202300014587;155 654 720;A01;-1;50;0;2;8;-1;3;
202300014587;155 654 722;B01;0;33;0;2;7;1;0;
202300014588;155 654 718;A01;1;7;12;0;1;14;2;
202300014589;155 654 717;A01;1;7;4;0;1;1;1;
202300014590;155 654 715;A01;1;7;1;0;3;1;1;
202300014591;155 654 716;B01;2;7;0;2;1;1;1;
202300014591;155 654 719;A01;1;7;0;2;1;5;1;
202300014592;155 654 714;A01;1;7;3;0;3;17;1;
202300014593;155 654 713;A01;1;33;16;0;7;16;1;
202300014594;155 654 709;A01;1;7;0;1;1;1;1;
202300014595;155 654 710;B01;1;32;0;2;1;3;1;
202300014595;155 654 712;A01;1;7;0;2;4;12;1;
202300014596;155 654 708;A01;2;7;0;1;1;1;0;
202300014597;155 654 707;A01;2;31;0;2;1;3;1;
202300014597;155 654 711;B01;2;7;0;2;1;15;1;
202300014598;155 654 705;A01;1;30;0;0;7;1;1;
202300014599;155 654 702;C01;2;7;0;2;4;1;1;
202300014599;155 654 704;B01;2;10;0;2;4;1;1;
202300014599;155 654 706;A01;2;7;0;2;1;1;1;
202300014600;155 654 700;A01;1;80;0;0;7;2;3;
202300014601;155 654 699;B01;2;10;0;2;1;15;1;
202300014601;155 654 701;A01;1;33;0;2;1;1;1;
202300014602;155 654 698;A01;1;2;0;2;1;1;1;
202300014602;155 654 703;B01;2;10;0;2;4;15;0;
202300014603;155 654 694;A01;2;7;0;2;1;17;1;
202300014603;155 654 696;B01;2;7;0;2;3;2;1;
202300014604;155 654 691;A01;2;14;0;2;2;1;1;
202300014604;155 654 695;B01;3;7;0;2;3;15;1;
202300014605;155 654 689;A01;2;42;0;2;8;1;1;
202300014605;155 654 692;B01;2;7;0;2;7;1;1;
202300014606;155 654 688;A01;3;7;0;1;1;15;1;
202300014607;155 654 683;A01;1;7;0;2;2;25;1;