Num_Acc;id_vehicule;num_veh;senc;catv;obs;obsm;choc;manv;motor;occutc
202300015192;155 653 684;A01;1;7;3;0;1;1;1;
202300015193;155 653 682;Z01;3;0;0;2;0;26;0;
202300015193;155 653 683;B01;3;2;0;2;8;0;3;
202300015194;155 653 680;A01;1;31;0;2;1;2;1;
202300015194;155 653 681;B01;1;33;0;2;4;1;1;
202300015195;155 653 678;A01;1;7;2;0;1;14;1;
202300015196;155 653 677;A01;1;7;0;2;3;1;1;
202300015196;155 653 679;B01;2;7;0;2;8;0;0;
202300015197;155 653 676;A01;1;7;0;1;2;1;1;
202300015198;155 653 675;A01;1;31;0;0;9;1;1;
202300015199;155 653 674;A01;3;10;0;1;3;2;1;
202300015200;155 653 672;A01;1;7;13;0;0;0;1;
202300015201;155 653 671;A01;1;7;0;2;1;13;1;
202300015201;155 653 673;B01;2;31;0;2;1;1;1;
202300015202;155 653 669;B01;2;7;0;2;1;1;1;
202300015202;155 653 670;A01;3;7;0;2;3;1;2;
202300015203;155 653 666;A01;2;30;0;2;1;5;1;
202300015203;155 653 668;B01;1;7;0;2;1;1;1;
202300015204;155 653 662;A01;0;7;0;2;2;1;1;
202300015204;155 653 664;B01;0;1;0;0;4;1;5;
202300015205;155 653 661;B01;1;7;0;2;2;1;1;
202300015205;155 653 663;A01;1;7;0;2;3;18;1;
202300015206;155 653 658;A01;1;7;0;2;5;12;1;
202300015206;155 653 660;B01;1;7;0;2;3;1;1;
202300015207;155 653 656;B01;1;7;0;2;8;1;1;
202300015207;155 653 659;A01;1;7;0;2;1;9;1;
202300015208;155 653 655;B01;1;37;0;2;6;1;1;1
202300015208;155 653 657;A01;1;7;0;2;2;14;1;
202300015209;155 653 654;A01;1;7;13;0;2;1;1;
202300015210;155 653 652;A01;2;33;0;2;1;3;1;
202300015210;155 653 653;B01;2;7;0;2;6;12;1;
202300015211;155 653 650;A01;0;32;3;0;8;0;1;
202300015212;155 653 649;A01;2;7;0;2;3;15;1;
202300015212;155 653 651;B01;1;33;0;2;1;21;1;
202300015213;155 653 647;A01;2;32;3;2;1;2;1;
202300015213;155 653 648;B01;2;10;3;2;4;1;1;
202300015214;155 653 646;A01;2;7;1;0;6;1;1;
202300015215;155 653 643;A01;2;33;0;2;1;3;1;
202300015215;155 653 645;B01;2;7;0;2;6;11;1;
202300015216;155 653 642;A01;1;7;0;2;1;1;1;
202300015216;155 653 644;B01;1;7;0;2;7;15;1;
202300015217;155 653 641;A01;3;32;0;0;7;14;1;
202300015218;155 653 639;A01;2;7;0;1;1;1;1;
202300015219;155 653 638;B01;3;1;0;2;1;2;5;
202300015219;155 653 640;A01;3;1;0;2;4;2;5;
202300015220;155 653 637;A01;2;7;0;1;3;1;1;
202300015221;155 653 636;A01;1;50;0;1;3;1;3;
202300015222;155 653 635;A01;3;7;0;1;1;15;2;
202300015223;155 653 634;A01;1;7;0;1;4;4;2;
202300015224;155 653 631;A01;1;32;15;0;8;15;1;
202300015225;155 653 629;A01;1;7;0;1;1;1;1;
202300015226;155 653 627;A01;1;7;0;2;1;2;1;
202300015226;155 653 628;B01;3;7;0;2;4;23;1;
202300015227;155 653 625;A01;2;7;0;0;1;1;0;
202300015228;155 653 624;A01;1;33;0;2;1;2;1;
202300015228;155 653 626;B01;1;7;0;2;4;23;1;
202300015229;155 653 622;Z01;2;33;0;2;1;10;0;
202300015229;155 653 623;A01;1;30;0;2;8;2;1;
202300015230;155 653 621;A01;1;1;0;1;1;1;5;
202300015231;155 653 620;A01;1;7;3;0;1;15;1;
202300015232;155 653 618;A01;2;1;0;2;1;2;5;
202300015232;155 653 619;B01;2;1;0;0;4;2;5;
202300015233;155 653 617;A01;2;7;1;0;1;14;1;
202300015234;155 653 615;A01;1;30;0;2;7;1;1;
202300015234;155 653 616;B01;1;7;0;2;1;1;1;
202300015235;155 653 614;A01;1;10;0;1;1;1;1;
202300015236;155 653 612;A01;2;7;0;2;1;1;1;
202300015236;155 653 613;B01;1;7;0;2;7;0;1;
202300015237;155 653 611;A01;1;7;0;0;0;0;1;
202300015238;155 653 610;A01;2;7;1;2;2;1;1;
202300015239;155 653 609;A01;3;7;0;1;1;1;1;
202300015240;155 653 606;A01;2;7;0;1;3;1;1;
202300015241;155 653 605;A01;1;0;0;1;1;1;0;
202300015242;155 653 603;A01;2;7;13;0;9;0;1;
202300015242;155 653 604;B01;2;7;0;2;7;1;1;
202300015243;155 653 600;A01;1;7;0;0;4;2;0;
202300015243;155 653 601;C01;1;7;0;2;1;2;1;
202300015243;155 653 602;B01;1;7;0;2;1;2;1;
202300015244;155 653 596;B01;1;7;0;2;0;0;1;
202300015244;155 653 597;A01;1;7;8;2;2;0;1;
202300015245;155 653 594;A01;1;10;0;2;2;1;1;
202300015245;155 653 595;B01;1;7;0;2;3;1;1;
202300015246;155 653 593;A01;2;7;2;0;1;14;1;
202300015247;155 653 591;B01;2;30;0;2;8;18;1;
202300015247;155 653 592;A01;2;7;0;2;2;1;1;
202300015248;155 653 589;B01;1;31;0;2;1;17;1;
202300015248;155 653 590;A01;1;7;0;2;8;15;3;
202300015249;155 653 588;A01;1;33;15;0;1;1;1;
202300015250;155 653 586;A01;1;32;0;2;2;1;3;
202300015250;155 653 587;B01;1;7;0;2;3;9;3;
202300015251;155 653 584;B01;1;33;0;2;7;3;1;
202300015251;155 653 585;A01;1;7;0;2;8;11;1;
202300015252;155 653 581;B01;2;10;0;2;4;2;1;
202300015252;155 653 582;C01;2;7;0;2;4;2;1;
202300015252;155 653 583;A01;2;14;0;2;1;2;1;
202300015253;155 653 579;A01;1;33;0;2;1;2;1;
202300015253;155 653 580;B01;1;7;0;2;6;2;3;
202300015254;155 653 577;B01;2;50;0;2;1;1;3;
202300015254;155 653 578;A01;2;10;0;2;6;1;1;
202300015255;155 653 576;A01;2;1;0;1;1;1;5;
202300015256;155 653 575;A01;1;7;0;1;1;16;2;
202300015257;155 653 573;A01;1;10;0;2;4;23;1;
202300015257;155 653 574;B01;2;50;1;1;9;21;3;
202300015258;155 653 571;B01;3;80;0;2;8;1;3;
202300015258;155 653 572;A01;3;7;0;2;1;1;1;
202300015259;155 653 569;A01;2;7;0;2;3;9;1;
202300015259;155 653 570;B01;2;7;0;2;2;1;1;
202300015260;155 653 567;B01;2;50;0;2;8;13;3;
202300015260;155 653 568;A01;2;37;0;2;7;17;1;1
202300015261;155 653 566;A01;2;37;0;1;2;1;1;1
202300015262;155 653 564;A01;1;80;0;2;1;1;3;
202300015262;155 653 565;B01;2;7;0;2;3;15;1;
202300015263;155 653 562;B01;1;33;0;2;8;1;1;
202300015263;155 653 563;A01;2;7;0;2;1;15;1;
202300015264;155 653 561;A01;2;1;4;0;8;15;5;
202300015265;155 653 559;A01;1;34;0;2;1;17;1;
202300015265;155 653 560;B01;1;7;0;2;1;1;3;
202300015266;155 653 557;A01;2;7;0;2;2;12;2;
202300015266;155 653 558;B01;2;7;8;2;1;7;1;
202300015267;155 653 556;A01;1;31;0;0;3;21;1;
202300015268;155 653 555;A01;2;7;0;1;7;1;1;
202300015269;155 653 553;A01;3;50;0;2;1;1;3;
202300015269;155 653 554;B01;1;7;0;2;1;1;2;
202300015270;155 653 551;B01;2;10;0;2;1;1;1;
202300015270;155 653 552;A01;1;2;0;2;1;17;1;
202300015271;155 653 549;A01;2;7;0;0;0;0;0;
202300015271;155 653 550;B01;1;7;0;0;0;0;1;
202300015272;155 653 548;A01;2;32;0;1;0;0;1;
202300015273;155 653 547;A01;3;32;15;1;1;1;0;
202300015274;155 653 545;A01;2;7;0;2;1;15;1;
202300015274;155 653 546;B01;2;7;0;2;2;15;1;
202300015275;155 653 543;A01;1;7;0;2;1;15;1;
202300015275;155 653 544;B01;1;7;9;2;8;1;1;
202300015276;155 653 541;A01;1;7;0;2;1;16;1;
202300015276;155 653 542;B01;1;33;0;2;5;1;1;
202300015277;155 653 539;A01;3;7;0;9;1;15;1;
202300015277;155 653 540;B01;3;50;0;2;1;1;3;
202300015278;155 653 538;A01;1;33;15;0;1;13;1;
202300015279;155 653 536;B01;0;1;0;2;5;19;5;
202300015279;155 653 537;A01;0;32;0;9;1;19;0;
202300015280;155 653 534;B01;3;33;0;2;2;1;1;
202300015280;155 653 535;A01;3;7;0;2;1;26;2;
202300015281;155 653 533;A01;1;37;0;1;7;1;4;1
202300015282;155 653 531;B01;1;1;0;2;0;1;5;
202300015282;155 653 532;A01;2;7;0;9;0;20;1;
202300015283;155 653 529;A01;1;10;0;2;4;23;1;
202300015283;155 653 530;B01;1;2;0;2;1;2;1;
202300015284;155 653 528;A01;2;7;0;1;6;15;1;
202300015285;155 653 526;A01;1;7;0;2;3;13;1;
202300015285;155 653 527;B01;2;7;0;2;1;1;1;
202300015286;155 653 525;A01;1;7;2;0;2;0;0;
202300015287;155 653 524;A01;2;7;0;1;3;1;1;
202300015288;155 653 523;A01;1;7;0;1;2;1;1;
202300015289;155 653 520;B01;2;7;0;2;1;1;1;
202300015289;155 653 521;A01;1;7;0;2;2;19;1;
202300015290;155 653 519;A01;2;7;0;1;1;1;1;
202300015291;155 653 517;A01;2;7;0;0;1;0;0;
202300015291;155 653 518;B01;1;2;0;2;8;15;1;
202300015292;155 653 515;B01;1;7;0;2;1;1;0;
202300015292;155 653 516;A01;2;10;0;2;7;1;6;
202300015293;155 653 510;A01;1;7;0;2;1;13;1;
202300015293;155 653 511;B01;2;7;0;2;8;1;1;
202300015293;155 653 512;C01;2;7;0;2;2;1;1;
202300015293;155 653 513;D01;2;7;0;2;2;0;1;
202300015293;155 653 514;E01;2;7;0;2;1;1;1;
202300015294;155 653 508;A01;2;38;0;0;7;17;1;1
202300015294;155 653 509;B01;2;1;12;0;8;1;5;
202300015295;155 653 507;A01;1;33;10;0;0;1;1;
202300015296;155 653 506;A01;2;31;0;0;8;15;1;
202300015297;155 653 505;A01;1;10;13;0;3;13;1;
202300015298;155 653 504;A01;1;7;0;1;2;2;1;
202300015299;155 653 502;A01;1;7;0;9;1;9;1;
202300015299;155 653 503;B01;1;1;0;0;7;1;5;
202300015300;155 653 500;B01;2;7;0;2;1;1;3;
202300015300;155 653 501;A01;1;7;0;2;2;13;1;
202300015301;155 653 499;A01;1;7;2;0;9;14;1;
202300015302;155 653 497;A01;2;7;0;2;3;17;1;
202300015302;155 653 498;B01;1;7;0;2;3;1;1;
202300015303;155 653 496;A01;1;7;6;0;1;1;1;
202300015304;155 653 494;A01;1;7;0;2;3;13;1;
202300015304;155 653 495;B01;2;7;0;2;3;1;1;
202300015305;155 653 492;A01;1;7;0;2;1;1;1;
202300015305;155 653 493;B01;2;7;0;2;1;1;1;
202300015306;155 653 490;B01;1;7;0;0;3;16;1;
202300015306;155 653 491;A01;1;7;0;2;1;1;1;
202300015307;155 653 488;B01;2;7;0;2;1;1;1;
202300015307;155 653 489;A01;1;7;0;2;2;15;1;
202300015308;155 653 485;C01;1;7;0;2;1;1;1;
202300015308;155 653 486;B01;1;7;0;2;8;1;1;
202300015308;155 653 487;A01;2;7;0;2;3;13;1;
202300015309;155 653 484;A01;2;7;0;1;2;1;1;
202300015310;155 653 483;A01;1;7;13;0;2;14;4;
202300015311;155 653 482;A01;1;7;0;0;3;1;1;
202300015312;155 653 480;B01;1;1;0;2;1;1;5;
202300015312;155 653 481;A01;1;7;0;9;7;16;0;
202300015313;155 653 478;B01;1;7;0;2;3;1;1;
202300015313;155 653 479;A01;1;7;0;2;5;17;1;
202300015314;155 653 477;A01;1;7;0;0;9;13;1;
202300015315;155 653 475;A01;2;7;0;2;1;1;0;
202300015315;155 653 476;B01;1;7;0;2;1;13;0;
202300015316;155 653 473;B01;2;15;0;2;2;1;1;
202300015316;155 653 474;A01;1;7;7;2;5;15;1;
202300015317;155 653 471;A01;2;7;0;0;4;2;1;
202300015317;155 653 472;B01;2;10;0;2;1;2;1;
202300015318;155 653 469;A01;1;33;0;2;1;2;1;
202300015318;155 653 470;B01;1;15;0;0;6;2;1;
202300015319;155 653 466;C01;1;17;0;2;4;1;1;
202300015319;155 653 467;B01;1;17;3;2;1;2;1;
202300015319;155 653 468;A01;1;17;0;2;2;2;1;
202300015320;155 653 463;C01;1;15;0;0;6;24;1;
202300015320;155 653 464;B01;1;15;1;-1;3;1;1;
202300015320;155 653 465;A01;1;10;0;2;2;1;1;
202300015321;155 653 460;B01;2;7;0;2;4;16;1;
202300015321;155 653 461;A01;2;33;0;2;1;1;1;
202300015321;155 653 462;C01;1;10;0;2;1;21;1;
202300015322;155 653 459;A01;1;7;0;1;3;1;1;
202300015323;155 653 458;A01;2;7;2;0;2;14;1;
202300015324;155 653 457;A01;2;7;15;0;2;14;0;
202300015325;155 653 456;A01;1;7;0;1;2;1;1;
202300015326;155 653 455;A01;2;10;0;1;3;1;1;
202300015327;155 653 453;B01;1;2;0;2;1;2;1;
202300015327;155 653 454;A01;1;31;0;0;8;26;1;
202300015328;155 653 451;A01;1;7;6;2;1;13;3;
202300015328;155 653 452;B01;2;7;9;2;8;1;1;
202300015329;155 653 449;B01;1;7;0;2;2;19;1;
202300015329;155 653 450;A01;2;7;0;2;3;1;1;
202300015330;155 653 447;A01;2;7;0;2;3;1;1;
202300015330;155 653 448;B01;1;10;0;2;3;13;1;
202300015331;155 653 445;A01;2;33;0;2;3;5;1;
202300015331;155 653 446;B01;1;10;0;2;3;1;1;
202300015332;155 653 444;A01;1;33;8;0;1;17;1;
202300015333;155 653 442;A01;1;7;0;2;3;2;1;
202300015333;155 653 443;B01;1;1;0;2;5;2;5;
202300015334;155 653 439;A01;2;7;0;2;1;0;1;
202300015334;155 653 440;B01;2;7;0;2;4;0;1;
202300015335;155 653 430;B01;1;7;0;2;6;2;1;
202300015335;155 653 431;A01;1;7;0;2;1;1;1;
202300015335;155 653 432;C01;1;33;0;2;1;2;1;
202300015336;155 653 426;B01;2;7;0;2;6;1;1;
202300015336;155 653 427;C01;2;7;0;2;1;1;2;
202300015336;155 653 428;D01;2;7;0;2;1;1;1;
202300015336;155 653 429;Z01;2;14;0;2;2;12;0;
202300015337;155 653 425;A01;1;7;0;2;1;1;1;
202300015338;155 653 424;A01;1;7;0;0;9;14;1;
202300015339;155 653 422;A01;2;7;0;2;3;18;1;
202300015339;155 653 423;B01;2;7;0;2;5;1;1;
202300015340;155 653 420;Z01;1;7;0;2;7;14;-1;
202300015340;155 653 421;A01;1;33;0;2;8;1;1;
202300015341;155 653 419;A01;1;33;0;9;7;1;1;
202300015342;155 653 416;A01;1;7;0;2;1;2;1;
202300015342;155 653 417;B01;1;7;0;2;4;2;1;
202300015342;155 653 418;C01;1;7;0;2;4;2;1;
202300015343;155 653 414;B01;2;7;0;2;4;2;1;
202300015343;155 653 415;A01;2;7;0;2;1;1;1;
202300015344;155 653 413;A01;1;7;0;1;1;1;1;
202300015345;155 653 411;B01;1;37;0;2;2;1;1;1
202300015345;155 653 412;A01;3;7;0;2;1;19;1;
202300015346;155 653 409;B01;2;7;0;2;2;1;1;
202300015346;155 653 410;A01;2;33;0;2;4;9;1;
202300015347;155 653 408;A01;2;7;8;0;1;1;1;
202300015348;155 653 406;A01;0;1;0;2;3;0;5;
202300015348;155 653 407;B01;2;60;0;2;1;0;5;
202300015349;155 653 404;A01;1;37;0;2;1;1;1;1
202300015349;155 653 405;B01;2;7;0;2;8;1;1;
202300015350;155 653 403;A01;1;10;0;1;2;1;1;
202300015351;155 653 401;A01;1;7;0;2;7;16;0;
202300015351;155 653 402;B01;1;32;0;2;8;26;0;
202300015352;155 653 400;A01;2;7;0;1;2;1;0;
202300015353;155 653 398;A01;2;10;0;2;3;15;1;
202300015353;155 653 399;B01;2;31;0;2;1;1;1;
202300015354;155 653 396;B01;1;50;0;2;1;14;3;
202300015354;155 653 397;A01;1;7;0;2;2;15;1;
202300015355;155 653 394;A01;2;32;0;2;1;1;1;
202300015355;155 653 395;B01;1;80;0;2;7;15;3;
202300015356;155 653 392;A01;3;34;0;2;8;3;1;
202300015356;155 653 393;B01;3;7;0;2;5;2;1;
202300015357;155 653 390;B01;3;7;0;2;3;9;1;
202300015357;155 653 391;A01;2;7;0;2;1;1;1;
202300015358;155 653 384;B01;1;7;0;2;7;2;1;
202300015358;155 653 385;A01;1;14;0;2;3;14;1;
202300015359;155 653 380;A01;1;31;0;2;1;17;1;
202300015359;155 653 381;B01;1;10;0;2;3;11;1;
202300015360;155 653 377;A01;1;7;0;2;1;1;1;
202300015360;155 653 378;B01;1;7;0;2;4;1;1;
202300015360;155 653 379;C01;1;7;0;2;4;1;1;
202300015361;155 653 376;A01;1;7;13;0;8;1;1;
202300015362;155 653 375;A01;1;32;0;1;1;1;1;
202300015363;155 653 373;A01;1;7;0;2;8;1;1;
202300015363;155 653 374;B01;2;7;0;2;1;1;1;
202300015364;155 653 372;A01;3;7;0;1;4;4;1;
202300015365;155 653 370;B01;1;7;0;2;1;1;3;
202300015365;155 653 371;A01;2;7;0;2;2;15;1;
202300015366;155 653 369;A01;2;31;0;5;1;1;1;
202300015367;155 653 366;C01;1;7;11;0;4;23;1;
202300015367;155 653 367;A01;1;7;0;2;1;1;1;
202300015367;155 653 368;B01;1;7;11;0;4;23;1;
202300015368;155 653 365;A01;2;7;0;0;9;2;1;
202300015369;155 653 364;A01;2;7;0;1;2;1;1;
202300015370;155 653 362;A01;1;7;0;2;2;15;1;
202300015370;155 653 363;B01;2;30;0;2;1;1;1;
202300015371;155 653 361;A01;2;7;1;0;2;14;1;
202300015372;155 653 360;A01;3;7;0;0;0;26;1;
202300015373;155 653 357;A01;2;7;0;2;1;2;1;
202300015373;155 653 358;C01;2;7;0;2;4;2;1;
202300015373;155 653 359;B01;2;7;0;2;4;2;1;
202300015374;155 653 356;A01;2;7;0;1;1;1;1;
202300015375;155 653 354;A01;1;10;0;2;3;10;1;
202300015375;155 653 355;B01;2;43;0;2;2;17;1;
202300015376;155 653 351;C01;1;7;0;2;4;2;1;
202300015376;155 653 352;B01;1;7;0;2;4;2;1;
202300015376;155 653 353;A01;1;7;0;2;1;2;1;
202300015377;155 653 349;B01;2;31;0;2;1;1;1;
202300015377;155 653 350;A01;2;7;0;2;3;15;1;
202300015378;155 653 345;D01;3;7;0;2;4;1;1;
202300015378;155 653 346;C01;3;7;0;2;4;1;1;
202300015378;155 653 347;B01;3;7;0;2;4;1;1;
202300015378;155 653 348;A01;3;10;0;2;1;1;1;
202300015379;155 653 343;B01;1;10;0;2;4;1;1;
202300015379;155 653 344;A01;1;7;0;2;1;1;2;
202300015380;155 653 342;A01;1;2;12;0;3;15;1;
202300015381;155 653 339;A01;2;33;0;2;1;2;1;
202300015381;155 653 340;C01;1;7;0;2;3;5;1;
202300015381;155 653 341;B01;2;2;0;2;4;2;1;
202300015382;155 653 338;A01;1;7;0;1;2;15;1;
202300015383;155 653 336;A01;3;10;0;2;1;15;1;
202300015383;155 653 337;B01;3;7;0;2;1;1;1;
202300015384;155 653 334;B01;1;34;0;0;1;1;1;
202300015384;155 653 335;A01;2;7;0;0;5;10;1;
202300015385;155 653 332;B01;2;7;0;2;4;20;1;
202300015385;155 653 333;A01;2;2;0;2;1;1;1;
202300015386;155 653 331;A01;1;7;0;1;3;15;1;
202300015387;155 653 329;A01;2;7;0;2;1;2;1;
202300015387;155 653 330;B01;2;7;0;2;0;0;1;
202300015388;155 653 328;A01;2;7;1;0;1;1;1;
202300015389;155 653 326;B01;1;2;0;2;7;1;1;
202300015389;155 653 327;A01;2;7;0;2;1;15;1;
202300015390;155 653 324;B01;2;7;0;2;3;9;1;
202300015390;155 653 325;A01;1;1;0;2;2;1;5;
202300015391;155 653 323;A01;1;10;0;1;7;20;1;
202300015392;155 653 321;A01;0;7;0;2;1;26;1;
202300015392;155 653 322;B01;0;7;1;2;7;0;1;
202300015393;155 653 320;A01;1;7;12;0;2;1;1;
202300015394;155 653 319;A01;3;7;0;1;3;16;1;
202300015395;155 653 318;A01;1;10;0;1;1;15;3;
202300015396;155 653 316;B01;3;37;0;2;1;7;1;2
202300015396;155 653 317;A01;3;10;0;2;4;9;1;
202300015397;155 653 315;A01;3;7;0;1;2;1;1;
202300015398;155 653 313;A01;2;30;0;2;1;2;1;
202300015398;155 653 314;B01;2;7;0;2;4;23;1;
202300015399;155 653 311;A01;3;34;6;0;2;1;0;
202300015400;155 653 310;B01;1;31;0;2;1;1;1;
202300015400;155 653 312;A01;2;7;0;2;7;15;1;
202300015401;155 653 308;A01;2;7;0;1;3;19;1;
202300015402;155 653 307;A01;1;14;0;2;3;13;1;
202300015402;155 653 309;B01;2;17;0;2;7;1;1;
202300015403;155 653 305;A01;1;7;0;2;3;13;1;
202300015403;155 653 306;B01;2;2;0;2;3;1;1;
202300015404;155 653 304;A01;3;7;0;1;3;1;1;
202300015405;155 653 302;B01;1;2;0;2;1;15;1;
202300015405;155 653 303;A01;2;7;0;2;3;9;1;
202300015406;155 653 300;A01;2;7;0;1;8;1;1;
202300015407;155 653 297;C01;1;7;0;2;1;23;1;
202300015407;155 653 299;B01;1;7;0;2;1;1;1;
202300015407;155 653 301;A01;2;7;0;2;7;15;1;
202300015408;155 653 295;B01;2;33;0;0;0;0;1;
202300015408;155 653 296;A01;2;31;12;2;1;13;1;
202300015409;155 653 293;A01;1;7;0;1;1;1;1;
202300015410;155 653 292;A01;3;7;0;2;2;2;0;
202300015410;155 653 294;B01;3;2;0;2;4;2;0;
202300015411;155 653 290;A01;1;7;14;2;5;15;1;
202300015411;155 653 291;B01;2;32;0;2;1;1;1;
202300015412;155 653 289;A01;1;7;13;0;1;1;0;
202300015413;155 653 287;B01;2;40;0;2;1;1;3;
202300015413;155 653 288;A01;1;7;0;4;8;19;1;
202300015414;155 653 284;A01;1;7;0;2;1;14;1;
202300015414;155 653 285;B01;1;7;0;2;4;1;1;
202300015415;155 653 283;B01;1;7;0;2;1;1;0;
202300015415;155 653 286;A01;2;7;0;2;7;13;0;
202300015416;155 653 281;A01;2;33;0;2;1;1;1;
202300015416;155 653 282;B01;1;7;0;2;2;15;1;
202300015417;155 653 277;A01;1;7;0;0;0;15;1;
202300015417;155 653 279;B01;2;30;0;0;0;1;1;
202300015418;155 653 275;C01;3;7;0;2;3;23;0;
202300015418;155 653 276;D01;3;10;0;2;6;23;1;
202300015418;155 653 278;B01;3;7;0;0;0;0;0;
202300015418;155 653 280;A01;3;30;0;2;3;23;1;
202300015419;155 653 273;B01;2;7;0;2;1;15;1;
202300015419;155 653 274;A01;1;7;0;2;3;1;1;
202300015420;155 653 271;A01;1;7;0;2;2;1;1;
202300015420;155 653 272;B01;2;7;3;2;1;1;2;
202300015421;155 653 270;A01;2;7;0;1;3;26;1;
202300015422;155 653 268;A01;1;7;11;0;2;1;1;
202300015423;155 653 267;A01;1;7;0;2;1;16;1;
202300015423;155 653 269;B01;1;2;0;2;1;2;1;
202300015424;155 653 265;A01;1;7;0;1;2;1;1;
202300015425;155 653 264;A01;0;10;0;2;7;15;1;
202300015425;155 653 266;B01;0;33;0;2;1;1;1;
202300015426;155 653 261;A01;1;7;0;2;3;9;1;
202300015426;155 653 262;B01;1;33;0;2;1;1;1;
202300015427;155 653 260;B01;2;2;0;2;1;1;1;
202300015427;155 653 263;A01;1;7;0;2;2;15;0;
202300015428;155 653 258;B01;3;33;0;2;1;1;1;
202300015428;155 653 259;A01;3;7;0;2;7;15;1;
202300015429;155 653 254;B01;1;32;0;2;0;1;1;
202300015429;155 653 256;A01;1;34;0;2;0;1;0;
202300015430;155 653 255;B01;2;15;0;2;3;26;1;
202300015430;155 653 257;A01;1;7;0;2;7;26;1;
202300015431;155 653 252;A01;2;2;0;2;1;2;1;
202300015431;155 653 253;B01;2;7;14;0;6;2;1;
202300015432;155 653 248;A01;1;10;0;2;1;1;1;
202300015432;155 653 249;B01;1;15;4;0;2;0;1;
202300015432;155 653 251;C01;0;7;0;9;1;0;1;
202300015433;155 653 247;A01;3;7;0;2;2;1;1;
202300015433;155 653 250;B01;3;1;0;2;6;19;5;
202300015434;155 653 245;A01;3;13;0;0;2;16;1;
202300015434;155 653 246;B01;0;2;0;2;1;18;1;
202300015435;155 653 243;B01;2;50;0;2;1;26;3;
202300015435;155 653 244;A01;1;7;0;2;8;26;1;
202300015436;155 653 241;A01;3;10;0;1;1;2;1;
202300015437;155 653 240;A01;1;21;0;0;3;0;1;
202300015437;155 653 242;B01;2;32;0;0;1;0;1;
202300015438;155 653 236;C01;2;43;0;2;5;1;1;
202300015438;155 653 238;A01;2;7;0;2;0;11;1;
202300015438;155 653 239;B01;2;7;0;2;3;21;1;
202300015439;155 653 234;A01;1;7;0;0;6;23;1;
202300015439;155 653 237;B01;1;7;1;0;2;2;1;
202300015440;155 653 233;B01;2;7;0;2;4;1;1;
202300015440;155 653 235;A01;2;31;0;2;1;11;1;
202300015441;155 653 230;A01;2;7;0;2;1;5;1;
202300015441;155 653 232;B01;1;7;0;2;3;1;1;
202300015442;155 653 229;B01;3;80;0;2;8;1;3;
202300015442;155 653 231;A01;3;7;0;2;1;16;1;
202300015443;155 653 227;B01;2;33;0;2;7;17;1;
202300015443;155 653 228;A01;2;2;0;2;8;10;3;
202300015444;155 653 225;A01;3;7;0;2;1;17;1;
202300015444;155 653 226;B01;3;7;0;2;1;1;1;
202300015445;155 653 223;A01;2;10;0;2;3;1;1;
202300015445;155 653 224;B01;1;7;0;2;3;1;1;
202300015446;155 653 222;A01;2;2;4;0;1;19;1;
202300015447;155 653 221;A01;2;7;2;0;8;15;0;
202300015448;155 653 220;A01;1;10;0;1;1;15;1;
202300015449;155 653 219;A01;2;7;0;1;3;1;1;
202300015450;155 653 217;A01;3;33;0;0;7;1;1;
202300015450;155 653 218;B01;3;7;0;2;3;1;1;
202300015451;155 653 216;A01;0;50;15;0;1;0;3;
202300015452;155 653 215;A01;3;7;13;0;9;1;1;
202300015453;155 653 214;A01;3;2;0;0;0;23;1;
202300015454;155 653 212;A01;2;7;0;2;6;2;1;
202300015454;155 653 213;B01;2;7;0;2;2;2;1;
202300015455;155 653 211;A01;1;33;16;0;7;26;1;
202300015456;155 653 208;B01;1;7;0;2;4;23;1;
202300015456;155 653 209;C01;1;7;0;2;1;1;1;
202300015456;155 653 210;A01;1;10;0;2;9;21;1;
202300015457;155 653 206;A01;1;7;0;2;1;2;1;
202300015457;155 653 207;B01;1;7;0;2;4;2;1;
202300015458;155 653 203;A01;2;31;0;2;1;3;1;
202300015458;155 653 204;B01;2;7;0;2;6;1;1;
202300015458;155 653 205;C01;1;7;0;2;8;1;1;
202300015459;155 653 201;A01;2;42;0;2;8;3;1;
202300015459;155 653 202;B01;2;7;0;2;7;12;1;
202300015460;155 653 199;B01;2;7;0;2;2;12;3;
202300015460;155 653 200;A01;2;33;0;2;1;3;1;
202300015461;155 653 198;A01;1;43;0;0;0;3;1;
202300015462;155 653 196;A01;2;10;0;2;3;14;1;
202300015462;155 653 197;B01;2;7;0;2;5;1;1;
202300015463;155 653 194;B01;2;7;0;2;4;12;1;
202300015463;155 653 195;A01;2;43;0;2;1;3;1;
202300015464;155 653 192;A01;1;31;0;2;1;2;1;
202300015464;155 653 193;B01;1;10;0;2;4;1;1;
202300015465;155 653 190;A01;2;10;0;2;1;2;1;
202300015465;155 653 191;B01;2;7;0;2;4;1;1;
202300015466;155 653 185;A01;2;10;0;2;2;12;1;
202300015466;155 653 186;E01;2;7;0;2;5;2;1;
202300015466;155 653 187;B01;2;33;0;2;3;3;1;
202300015466;155 653 188;C01;2;7;0;2;5;2;2;
202300015466;155 653 189;D01;2;7;0;2;8;2;1;
202300015467;155 653 183;A01;1;7;8;0;3;16;1;
202300015468;155 653 180;C01;3;7;0;2;2;1;2;
202300015468;155 653 181;B01;3;7;0;2;7;1;1;
202300015468;155 653 182;A01;3;7;0;2;2;26;1;