Num_Acc;id_vehicule;num_veh;senc;catv;obs;obsm;choc;manv;motor;occutc
202300015469;155 653 178;A01;3;15;0;2;3;13;1;
202300015469;155 653 179;B01;3;7;0;2;1;0;1;
202300015470;155 653 177;A01;1;7;15;0;0;1;1;
202300015471;155 653 176;A01;1;7;0;1;3;1;1;
202300015472;155 653 175;B01;3;2;0;1;1;0;0;
202300015473;155 653 173;B01;1;2;0;2;1;21;1;
202300015473;155 653 174;A01;2;34;0;2;7;15;1;
202300015474;155 653 172;A01;3;1;1;0;1;15;5;
202300015475;155 653 170;A01;3;7;0;2;1;15;1;
202300015475;155 653 171;B01;3;2;0;2;1;1;1;
202300015476;155 653 168;B01;3;7;0;9;8;19;1;
202300015476;155 653 169;A01;3;50;0;2;1;19;3;
202300015477;155 653 166;B01;1;7;0;2;1;2;0;
202300015477;155 653 167;A01;1;7;0;2;4;2;6;
202300015478;155 653 164;A01;1;31;0;2;0;17;1;
202300015478;155 653 165;B01;1;7;0;9;0;0;1;
202300015479;155 653 162;A01;2;7;0;2;3;15;1;
202300015479;155 653 163;B01;2;31;0;2;1;1;1;
202300015480;155 653 160;A01;2;7;0;2;3;2;1;
202300015480;155 653 161;B01;2;30;0;2;2;2;1;
202300015481;155 653 157;A01;1;7;0;2;3;15;1;
202300015481;155 653 158;C01;1;37;0;2;0;0;1;1
202300015481;155 653 159;B01;2;34;0;2;8;1;1;
202300015482;155 653 155;A01;1;7;0;2;6;9;1;
202300015482;155 653 156;B01;1;7;0;2;2;1;1;
202300015483;155 653 154;A01;1;7;0;1;2;21;1;
202300015484;155 653 153;A01;1;7;1;0;1;2;0;
202300015485;155 653 151;A01;2;7;14;0;5;23;0;
202300015485;155 653 152;B01;2;7;9;2;1;2;0;
202300015486;155 653 150;A01;2;7;0;1;2;1;1;
202300015487;155 653 147;B01;-1;7;0;2;2;0;1;
202300015487;155 653 148;C01;-1;10;0;2;3;0;1;
202300015487;155 653 149;A01;-1;7;11;0;1;0;1;
202300015488;155 653 142;B01;2;7;0;2;4;23;1;
202300015488;155 653 143;E01;2;7;0;2;4;1;1;
202300015488;155 653 144;A01;2;7;0;2;1;1;1;
202300015488;155 653 145;C01;2;7;0;2;4;1;1;
202300015488;155 653 146;D01;2;7;0;2;4;1;1;
202300015489;155 653 140;A01;1;10;0;2;2;1;1;
202300015489;155 653 141;B01;2;50;0;2;8;11;3;
202300015490;155 653 139;A01;1;33;13;0;0;1;1;
202300015491;155 653 137;B01;3;32;0;2;1;1;1;
202300015491;155 653 138;A01;3;7;0;2;3;9;1;
202300015492;155 653 135;A01;3;10;6;0;3;19;0;
202300015492;155 653 136;B01;2;33;6;0;2;1;1;
202300015493;155 653 134;A01;3;7;0;1;4;26;1;
202300015494;155 653 132;B01;1;7;0;2;1;1;1;
202300015494;155 653 133;A01;1;30;0;2;1;5;1;
202300015495;155 653 129;A01;0;7;0;1;1;1;1;
202300015496;155 653 128;A01;1;7;0;1;1;15;1;
202300015497;155 653 126;B01;2;7;0;9;1;1;1;
202300015497;155 653 127;A01;2;1;0;2;1;19;5;
202300015498;155 653 120;B01;1;13;0;2;4;2;1;
202300015498;155 653 121;A01;1;30;0;2;1;2;0;
202300015499;155 653 118;B01;1;7;0;2;8;1;1;
202300015499;155 653 119;A01;1;7;0;2;1;19;1;
202300015500;155 653 117;A01;2;7;0;1;1;1;1;
202300015501;155 653 115;B01;3;7;0;2;1;1;1;
202300015501;155 653 116;A01;3;30;0;2;1;13;1;
202300015502;155 653 114;A01;0;7;0;1;2;1;1;
202300015503;155 653 112;B01;1;33;0;2;3;1;1;
202300015503;155 653 113;A01;3;7;0;2;3;15;1;
202300015504;155 653 111;A01;3;33;0;0;7;16;1;
202300015505;155 653 109;A01;1;1;0;2;1;1;5;
202300015505;155 653 110;B01;2;7;0;2;3;1;1;
202300015506;155 653 107;B01;3;7;0;2;4;2;1;
202300015506;155 653 108;A01;3;30;0;2;1;2;1;
202300015507;155 653 106;A01;3;2;0;0;0;21;1;
202300015508;155 653 105;A01;3;7;8;0;1;13;1;
202300015509;155 653 103;A01;3;7;0;2;8;19;1;
202300015509;155 653 104;B01;2;33;0;2;1;1;1;
202300015510;155 653 101;A01;3;60;0;2;7;26;5;
202300015510;155 653 102;B01;3;7;0;2;1;16;0;
202300015511;155 653 100;A01;0;7;6;0;1;9;1;
202300015512;155 653 098;B01;3;7;0;2;2;23;1;
202300015512;155 653 099;A01;2;50;14;2;1;5;3;
202300015513;155 653 097;A01;2;7;0;1;2;1;1;
202300015514;155 653 095;B01;2;7;0;2;4;15;1;
202300015514;155 653 096;A01;2;50;0;2;1;21;3;
202300015515;155 653 093;A01;1;7;0;2;1;9;1;
202300015515;155 653 094;B01;1;80;0;2;1;1;3;
202300015516;155 653 091;B01;2;7;0;2;1;1;1;
202300015516;155 653 092;A01;1;7;0;2;3;15;1;
202300015517;155 653 090;A01;1;7;13;0;3;13;3;
202300015518;155 653 088;B01;1;80;0;2;7;2;3;
202300015518;155 653 089;A01;1;7;0;2;3;2;1;
202300015519;155 653 086;A01;1;33;0;2;7;17;1;
202300015519;155 653 087;B01;1;7;0;2;8;15;1;
202300015520;155 653 084;A01;3;7;0;2;1;1;1;
202300015520;155 653 085;B01;3;1;0;2;1;1;5;
202300015521;155 653 083;A01;1;30;12;0;8;11;1;
202300015522;155 653 080;A01;1;7;0;2;1;1;1;
202300015522;155 653 081;B01;1;7;0;2;4;1;1;
202300015522;155 653 082;C01;1;7;0;2;6;1;1;
202300015523;155 653 078;B01;1;7;0;2;7;16;1;
202300015523;155 653 079;A01;1;1;0;2;8;1;5;
202300015524;155 653 076;A01;3;33;0;0;1;1;1;
202300015524;155 653 077;B01;1;7;0;0;3;1;1;
202300015525;155 653 075;A01;3;7;0;1;5;0;1;
202300015526;155 653 074;A01;3;3;0;1;1;0;1;
202300015527;155 653 072;A01;1;7;0;2;1;1;1;
202300015527;155 653 073;B01;2;99;0;2;7;1;1;
202300015528;155 653 071;A01;1;7;0;1;7;26;1;
202300015529;155 653 070;A01;1;10;0;1;2;21;1;
202300015530;155 653 068;A01;1;30;0;2;1;2;1;
202300015530;155 653 069;B01;1;7;0;2;4;1;1;
202300015531;155 653 066;A01;0;7;0;2;2;1;0;
202300015531;155 653 067;B01;0;1;0;2;3;19;5;
202300015532;155 653 063;A01;1;7;0;2;8;13;1;
202300015532;155 653 064;B01;2;7;0;2;3;0;1;
202300015532;155 653 065;C01;2;7;0;2;1;1;1;
202300015533;155 653 062;A01;1;30;0;0;0;1;1;
202300015534;155 653 061;A01;3;30;12;0;2;20;1;
202300015535;155 653 059;A01;3;7;0;2;1;1;1;
202300015535;155 653 060;B01;3;7;0;2;7;1;1;
202300015536;155 653 057;A01;2;33;3;2;3;21;1;
202300015536;155 653 058;B01;2;10;0;2;8;1;1;
202300015537;155 653 055;B01;2;33;0;2;3;1;1;
202300015537;155 653 056;A01;1;7;0;2;3;15;1;
202300015538;155 653 054;A01;1;7;13;0;1;1;1;
202300015539;155 653 051;A01;2;7;0;2;3;1;1;
202300015539;155 653 052;B01;2;7;0;2;1;1;1;
202300015539;155 653 053;C01;2;7;0;2;4;1;1;
202300015540;155 653 049;A01;3;33;0;2;2;3;1;
202300015540;155 653 050;B01;3;7;0;2;8;11;1;
202300015541;155 653 047;A01;1;30;0;2;1;12;1;
202300015541;155 653 048;B01;1;7;0;2;5;1;1;
202300015542;155 653 046;A01;1;7;1;0;1;13;1;
202300015543;155 653 044;B01;2;1;0;2;7;14;5;
202300015543;155 653 045;A01;2;7;0;2;8;1;1;
202300015544;155 653 042;A01;1;7;0;2;5;12;1;
202300015544;155 653 043;B01;1;33;0;2;3;1;1;
202300015545;155 653 039;C01;2;10;0;2;3;1;1;
202300015545;155 653 040;B01;2;10;0;2;6;1;1;
202300015545;155 653 041;A01;1;10;0;2;3;13;1;
202300015546;155 653 037;B01;2;7;0;2;2;1;0;
202300015546;155 653 038;A01;2;50;0;2;0;0;3;
202300015547;155 653 033;B01;1;7;0;2;8;15;1;
202300015547;155 653 034;A01;1;10;0;2;2;17;1;
202300015548;155 653 031;B01;1;7;0;2;1;1;1;
202300015548;155 653 032;A01;2;7;0;2;1;1;1;
202300015549;155 653 029;A01;1;99;0;2;4;1;1;
202300015549;155 653 030;B01;1;7;0;2;1;1;1;
202300015550;155 653 027;A01;2;7;0;2;3;15;1;
202300015550;155 653 028;B01;1;30;0;2;1;1;1;
202300015551;155 653 026;A01;1;7;0;1;3;1;1;
202300015552;155 653 024;A01;3;7;0;2;3;15;1;
202300015552;155 653 025;B01;3;1;0;2;1;1;5;
202300015553;155 653 023;A01;1;7;15;0;1;1;1;
202300015554;155 653 021;B01;3;50;0;2;4;1;3;
202300015554;155 653 022;A01;3;7;0;2;2;15;1;
202300015555;155 653 020;A01;1;7;0;1;7;26;1;
202300015556;155 653 019;A01;3;7;0;1;1;1;0;
202300015557;155 653 018;A01;1;50;0;1;1;25;3;
202300015558;155 653 017;A01;1;30;0;0;7;14;1;
202300015559;155 653 015;A01;3;32;0;2;4;23;1;
202300015559;155 653 016;B01;3;7;0;2;1;2;1;
202300015560;155 653 013;B01;3;33;0;2;1;1;1;
202300015560;155 653 014;A01;3;7;0;2;2;9;1;
202300015561;155 653 012;A01;2;7;0;1;2;1;1;
202300015562;155 653 008;D01;2;7;0;2;4;2;1;
202300015562;155 653 009;A01;2;10;0;2;1;21;1;
202300015562;155 653 010;B01;2;7;0;2;1;2;1;
202300015562;155 653 011;C01;2;10;0;2;4;2;1;
202300015563;155 653 005;B01;1;33;0;2;3;3;1;
202300015563;155 653 006;C01;1;7;0;2;7;1;1;
202300015563;155 653 007;A01;1;31;0;2;5;12;1;
202300015564;155 653 002;C01;1;7;0;2;6;2;2;
202300015564;155 653 003;A01;1;7;0;2;1;2;1;
202300015564;155 653 004;B01;1;7;0;2;5;2;1;
202300015565;155 653 000;A01;1;7;0;2;1;2;1;
202300015565;155 653 001;B01;2;31;0;2;1;2;1;
202300015566;155 652 999;A01;1;1;0;1;1;1;5;
202300015567;155 652 997;A01;1;10;0;2;4;1;1;
202300015567;155 652 998;B01;1;7;0;2;4;23;1;
202300015568;155 652 996;A01;1;7;0;1;5;1;1;
202300015569;155 652 994;B01;1;7;0;2;3;1;1;
202300015569;155 652 995;A01;2;1;0;2;7;1;5;
202300015570;155 652 992;A01;2;7;0;2;7;22;1;
202300015570;155 652 993;B01;2;1;0;2;1;1;5;
202300015571;155 652 990;B01;2;7;0;2;0;15;3;
202300015571;155 652 991;A01;1;2;0;2;0;1;3;
202300015572;155 652 987;C01;1;7;0;2;8;1;1;
202300015572;155 652 988;B01;2;7;0;2;3;1;1;
202300015572;155 652 989;A01;2;1;0;2;3;21;5;
202300015573;155 652 985;B01;1;1;0;2;8;13;5;
202300015573;155 652 986;A01;1;7;0;2;2;23;3;
202300015574;155 652 983;B01;1;31;0;2;2;1;1;
202300015574;155 652 984;A01;1;7;0;2;3;10;1;
202300015575;155 652 981;A01;1;7;0;0;3;22;1;
202300015575;155 652 982;B01;1;1;1;0;1;1;5;
202300015576;155 652 980;A01;1;50;0;1;1;2;3;
202300015577;155 652 977;B01;3;7;0;2;1;1;1;
202300015577;155 652 978;C01;3;7;0;2;1;1;1;
202300015577;155 652 979;A01;3;7;0;2;1;1;1;
202300015578;155 652 975;A01;2;7;4;2;8;2;1;
202300015578;155 652 976;B01;2;2;4;2;7;2;1;
202300015579;155 652 973;B01;3;33;0;2;0;1;1;
202300015579;155 652 974;AA01;3;7;0;2;2;15;1;
202300015580;155 652 971;A01;1;7;0;2;3;2;1;
202300015580;155 652 972;B01;1;31;0;2;2;2;1;
202300015581;155 652 970;A01;1;50;9;0;0;1;3;
202300015582;155 652 969;A01;3;7;0;1;1;1;1;
202300015583;155 652 967;B01;1;7;0;2;6;15;2;
202300015583;155 652 968;A01;1;30;0;2;1;1;1;
202300015584;155 652 965;A01;0;1;0;9;1;2;5;
202300015584;155 652 966;B01;0;1;0;0;4;2;5;
202300015585;155 652 963;B01;1;7;1;0;2;17;1;
202300015585;155 652 964;A01;1;13;0;2;8;26;1;
202300015586;155 652 961;A01;3;7;0;9;6;11;0;
202300015586;155 652 962;B01;3;33;0;2;1;3;1;
202300015587;155 652 959;B01;2;32;0;2;1;0;1;
202300015587;155 652 960;A01;1;7;0;2;3;6;1;
202300015588;155 652 958;A01;3;7;0;1;1;1;1;
202300015589;155 652 956;A01;0;80;0;2;6;1;3;
202300015589;155 652 957;Z01;3;0;0;9;2;1;0;
202300015590;155 652 954;A01;3;30;0;2;1;11;1;
202300015590;155 652 955;B01;3;7;0;2;8;11;1;
202300015591;155 652 953;A01;2;34;0;1;2;2;1;
202300015592;155 652 952;A01;1;30;8;0;1;1;1;
202300015593;155 652 950;A01;1;33;0;1;1;21;1;
202300015593;155 652 951;B01;1;7;0;2;5;0;1;
202300015594;155 652 949;A01;2;32;0;1;1;1;1;
202300015595;155 652 947;A01;1;7;1;2;1;14;1;
202300015595;155 652 948;B01;1;7;0;2;4;23;3;
202300015596;155 652 946;A01;3;2;0;0;0;2;1;
202300015597;155 652 945;A01;2;7;16;0;3;0;1;
202300015598;155 652 944;A01;2;2;12;0;1;1;1;
202300015599;155 652 942;A01;2;33;0;2;1;2;1;
202300015599;155 652 943;B01;2;7;0;2;8;15;1;
202300015600;155 652 940;A01;1;33;0;2;7;2;1;
202300015600;155 652 941;B01;1;7;0;2;8;2;1;
202300015601;155 652 938;A01;1;33;0;2;1;17;1;
202300015601;155 652 939;B01;1;10;0;2;6;15;1;
202300015602;155 652 937;A01;0;7;0;1;1;1;1;
202300015603;155 652 934;A01;1;7;2;0;1;1;1;
202300015604;155 652 933;A01;0;33;0;0;0;0;0;
202300015605;155 652 932;A01;2;1;0;0;0;1;5;
202300015606;155 652 929;C01;1;7;0;2;3;1;1;
202300015606;155 652 930;A01;2;7;0;2;1;1;1;
202300015606;155 652 931;B01;1;10;0;2;3;1;1;
202300015607;155 652 928;A01;1;7;17;0;1;1;1;
202300015608;155 652 927;A01;2;7;2;0;8;13;1;
202300015609;155 652 925;A01;2;7;0;2;1;13;1;
202300015609;155 652 926;B01;1;7;0;2;1;1;1;
202300015610;155 652 923;A01;1;7;0;2;2;2;0;
202300015610;155 652 924;B01;2;7;0;2;3;26;0;
202300015611;155 652 922;A01;2;7;6;0;1;0;1;
202300015612;155 652 920;A01;1;33;0;0;2;2;1;
202300015612;155 652 921;B01;1;7;0;0;6;2;1;
202300015613;155 652 918;A01;1;7;3;2;2;2;1;
202300015613;155 652 919;B01;1;13;0;2;2;2;1;
202300015614;155 652 917;A01;1;7;6;0;3;1;6;
202300015615;155 652 916;A01;1;7;13;0;1;14;1;
202300015616;155 652 915;A01;1;7;3;0;1;14;1;
202300015617;155 652 913;A01;2;7;0;2;2;12;1;
202300015617;155 652 914;B01;2;7;3;0;6;1;1;
202300015618;155 652 909;A01;3;7;0;2;3;9;1;
202300015618;155 652 912;B01;3;50;0;2;0;1;3;
202300015619;155 652 910;A01;2;7;0;2;1;15;1;
202300015619;155 652 911;B01;1;7;0;2;1;1;1;
202300015620;155 652 906;A01;1;7;0;2;1;1;1;
202300015620;155 652 907;B01;1;7;0;2;4;0;1;
202300015620;155 652 908;C01;1;7;0;2;4;1;1;
202300015621;155 652 904;B01;0;7;0;2;1;1;1;
202300015621;155 652 905;A01;0;7;0;2;8;1;1;
202300015622;155 652 902;A01;1;7;0;2;1;2;1;
202300015622;155 652 903;B01;1;7;0;2;4;2;1;
202300015623;155 652 901;A01;1;7;0;1;1;1;2;
202300015624;155 652 900;A01;2;33;13;0;9;1;1;
202300015625;155 652 898;A01;3;2;0;2;1;13;1;
202300015625;155 652 899;B01;3;10;0;2;3;1;1;
202300015626;155 652 897;A01;1;7;2;0;3;0;1;
202300015627;155 652 895;A01;3;7;0;2;3;9;0;
202300015627;155 652 896;B01;0;32;0;2;1;17;0;
202300015628;155 652 893;A01;2;10;0;2;1;2;1;
202300015628;155 652 894;B01;2;17;0;2;4;1;0;
202300015629;155 652 891;A01;1;2;9;0;1;17;1;
202300015629;155 652 892;B01;2;7;0;0;8;1;0;
202300015630;155 652 889;A01;0;7;6;0;1;0;1;
202300015631;155 652 887;A01;1;7;0;2;1;5;0;
202300015631;155 652 888;B01;2;7;0;2;1;1;0;
202300015632;155 652 886;A01;3;33;0;0;0;0;1;
202300015633;155 652 885;A01;1;7;2;0;1;1;1;
202300015634;155 652 883;A01;0;50;0;2;1;17;3;
202300015634;155 652 884;B01;0;7;0;9;6;15;1;
202300015635;155 652 881;A01;2;7;0;2;2;1;1;
202300015635;155 652 882;B01;1;50;0;2;0;25;3;
202300015636;155 652 880;A01;1;7;3;0;3;17;1;
202300015637;155 652 878;B01;1;7;0;2;1;1;1;
202300015637;155 652 879;A01;1;10;0;2;3;19;1;
202300015638;155 652 877;A01;2;7;0;5;3;21;1;
202300015639;155 652 876;A01;1;7;6;0;3;0;1;
202300015640;155 652 875;A01;3;33;6;0;1;0;1;
202300015641;155 652 872;A01;0;7;1;2;9;3;1;
202300015641;155 652 873;B01;0;10;0;0;8;0;1;
202300015641;155 652 874;C01;0;10;0;0;5;0;1;
202300015642;155 652 870;A01;1;7;0;2;2;17;1;
202300015642;155 652 871;B01;1;7;0;2;3;15;1;
202300015643;155 652 868;B01;2;7;0;2;3;1;1;
202300015643;155 652 869;A01;1;7;0;2;1;13;1;
202300015644;155 652 867;A01;2;2;0;0;1;1;1;
202300015645;155 652 866;A01;2;7;0;1;3;1;1;
202300015646;155 652 864;A01;1;7;0;2;8;9;1;
202300015646;155 652 865;B01;1;33;0;2;2;1;1;
202300015647;155 652 863;A01;1;33;10;0;1;1;1;
202300015648;155 652 861;A01;2;7;0;2;3;13;1;
202300015648;155 652 862;B01;1;7;0;2;3;1;1;
202300015649;155 652 860;A01;1;7;13;0;2;1;4;
202300015650;155 652 855;A01;2;7;0;2;1;13;1;
202300015650;155 652 856;F01;1;10;0;2;3;1;1;
202300015650;155 652 857;E01;1;7;0;2;1;1;1;
202300015650;155 652 858;D01;1;7;0;2;9;1;1;
202300015650;155 652 859;C01;1;7;0;2;3;1;1;
202300015651;155 652 854;A01;3;7;0;0;0;0;0;
202300015652;155 652 852;A01;2;7;0;2;6;17;1;
202300015652;155 652 853;B01;1;2;0;0;8;2;1;
202300015653;155 652 851;A01;0;10;2;0;5;1;1;
202300015654;155 652 849;A01;1;7;0;2;3;1;1;
202300015654;155 652 850;B01;2;7;13;2;3;1;1;
202300015655;155 652 848;A01;1;7;0;1;1;0;1;
202300015656;155 652 847;A01;1;33;0;0;0;16;1;
202300015657;155 652 843;A01;2;7;0;0;4;23;1;
202300015657;155 652 844;B01;2;7;0;2;1;1;1;
202300015657;155 652 845;C01;2;7;0;2;2;1;1;
202300015657;155 652 846;D01;2;7;0;2;1;1;1;
202300015658;155 652 842;A01;2;31;0;0;9;1;1;
202300015659;155 652 839;A01;1;7;0;2;7;13;1;
202300015659;155 652 840;B01;2;13;0;2;1;1;1;
202300015660;155 652 837;A01;2;10;0;2;2;1;1;
202300015660;155 652 838;B01;1;50;0;2;7;9;3;
202300015661;155 652 835;A01;1;7;0;2;1;1;1;
202300015661;155 652 836;B01;2;15;0;2;1;1;1;
202300015662;155 652 831;A01;1;7;0;2;1;2;1;
202300015662;155 652 832;B01;1;7;0;2;4;2;1;
202300015662;155 652 833;C01;1;33;0;2;4;2;0;
202300015662;155 652 834;D01;1;7;0;2;4;2;1;
202300015663;155 652 829;A01;2;7;0;2;3;1;1;
202300015663;155 652 830;B01;1;7;0;2;3;1;1;
202300015664;155 652 827;A01;3;33;12;2;1;1;1;
202300015664;155 652 828;B01;0;7;0;2;1;1;1;
202300015665;155 652 825;A01;2;7;0;2;3;13;1;
202300015665;155 652 826;B01;1;33;0;0;8;1;1;
202300015666;155 652 824;A01;2;33;0;0;0;1;1;
202300015667;155 652 822;A01;2;31;0;0;7;15;1;
202300015667;155 652 823;B01;2;10;0;2;1;1;1;
202300015668;155 652 820;A01;1;7;0;2;8;1;1;
202300015668;155 652 821;B01;2;33;0;2;8;1;1;
202300015669;155 652 819;A01;1;2;0;0;0;26;1;
202300015670;155 652 818;A01;1;7;3;0;1;1;1;
202300015671;155 652 817;A01;3;1;1;0;1;0;5;
202300015672;155 652 816;A01;1;33;7;0;1;1;1;
202300015673;155 652 815;A01;2;7;0;0;1;1;1;
202300015674;155 652 814;A01;0;7;8;0;1;14;1;
202300015675;155 652 812;A01;2;7;13;2;3;13;1;
202300015675;155 652 813;B01;1;7;13;2;3;0;1;
202300015676;155 652 810;A01;3;7;1;2;3;15;1;
202300015676;155 652 811;B01;3;2;0;2;1;1;1;
202300015677;155 652 808;A01;2;7;0;2;3;5;1;
202300015677;155 652 809;B01;1;7;0;2;3;5;1;
202300015678;155 652 806;A01;1;31;0;2;1;1;1;
202300015678;155 652 807;B01;2;7;0;2;3;1;1;
202300015679;155 652 804;A01;1;7;0;2;7;1;1;
202300015679;155 652 805;B01;1;80;0;2;8;15;3;
202300015680;155 652 802;B01;1;7;0;2;1;19;1;
202300015680;155 652 803;A01;2;15;0;0;8;1;1;
202300015681;155 652 801;A01;2;14;0;1;1;1;1;
202300015682;155 652 797;B01;1;15;0;9;8;1;1;
202300015682;155 652 798;A01;1;1;0;2;1;19;5;
202300015683;155 652 796;A01;1;7;6;0;9;1;1;
202300015684;155 652 792;B01;2;7;0;2;4;2;1;
202300015684;155 652 793;A01;2;7;0;2;1;2;1;
202300015684;155 652 794;C01;2;7;0;2;4;2;1;
202300015685;155 652 791;A01;0;2;4;0;0;1;1;
202300015686;155 652 789;A01;2;7;0;0;8;1;1;
202300015686;155 652 790;B01;2;7;0;2;3;9;1;
202300015687;155 652 787;A01;2;7;0;2;7;15;1;
202300015687;155 652 788;B01;1;33;0;2;1;1;1;
202300015688;155 652 784;A01;1;7;0;0;5;3;1;
202300015688;155 652 785;B01;1;7;0;0;4;1;1;
202300015688;155 652 786;C01;1;10;0;0;1;2;1;
202300015689;155 652 780;A01;1;7;0;0;4;1;1;
202300015689;155 652 781;B01;1;7;0;2;1;1;1;
202300015689;155 652 782;C01;1;7;0;2;1;1;1;
202300015689;155 652 783;D01;1;7;0;2;3;1;1;
202300015690;155 652 778;A01;1;33;0;2;8;13;1;
202300015690;155 652 779;B01;1;7;0;0;7;2;1;
202300015691;155 652 776;A01;1;31;0;2;1;1;1;
202300015691;155 652 777;B01;2;7;0;2;3;15;1;
202300015692;155 652 774;A01;1;7;0;2;1;13;1;
202300015692;155 652 775;B01;2;7;0;2;1;16;1;
202300015693;155 652 773;A01;1;7;13;0;1;21;1;
202300015694;155 652 771;B01;1;2;0;2;3;0;1;
202300015694;155 652 772;A01;1;10;0;2;5;17;1;
202300015695;155 652 768;A01;1;7;0;2;1;2;1;
202300015695;155 652 769;B01;1;7;0;2;6;15;1;
202300015696;155 652 766;A01;2;7;0;2;1;14;1;
202300015696;155 652 767;B01;1;7;0;2;1;1;1;
202300015697;155 652 763;A01;3;7;8;0;2;14;1;
202300015698;155 652 761;B01;1;7;0;2;7;1;1;
202300015698;155 652 762;A01;1;7;0;2;1;1;1;
202300015699;155 652 760;A01;2;7;6;0;1;14;1;
202300015700;155 652 759;A01;1;33;0;0;8;15;0;
202300015701;155 652 757;A01;1;7;3;2;1;13;3;
202300015701;155 652 758;B01;2;7;3;2;1;0;1;
202300015702;155 652 755;A01;1;7;0;0;3;5;1;
202300015702;155 652 756;B01;2;7;0;0;3;1;3;
202300015703;155 652 753;B01;2;7;0;0;5;1;1;
202300015703;155 652 754;A01;1;7;2;2;2;5;1;
202300015704;155 652 751;A01;2;10;0;2;2;13;0;
202300015704;155 652 752;B01;1;7;0;2;7;13;0;
202300015705;155 652 750;A01;2;33;6;0;1;1;1;
202300015706;155 652 748;B01;2;7;0;2;3;1;1;
202300015706;155 652 749;A01;1;33;0;2;7;13;1;
202300015707;155 652 746;A01;2;7;0;2;3;11;1;
202300015707;155 652 747;B01;2;33;1;2;2;2;1;
202300015708;155 652 744;A01;1;10;0;2;2;13;1;
202300015708;155 652 745;B01;2;7;13;2;2;1;1;
202300015709;155 652 742;B01;1;10;0;2;8;1;1;
202300015709;155 652 743;A01;2;7;0;2;1;1;1;
202300015710;155 652 739;A01;2;7;0;2;3;11;1;
202300015710;155 652 740;B01;1;2;0;2;1;1;1;
202300015710;155 652 741;C01;0;7;0;0;3;23;1;
202300015711;155 652 738;A01;3;10;0;1;4;4;1;
202300015712;155 652 736;B01;2;33;0;2;1;1;1;
202300015712;155 652 737;A01;1;7;0;2;7;15;1;
202300015713;155 652 734;A01;1;7;0;2;2;12;1;
202300015713;155 652 735;B01;1;31;0;2;3;1;1;
202300015714;155 652 732;B01;2;7;0;2;4;2;1;
202300015714;155 652 733;A01;2;31;0;2;1;2;1;
202300015715;155 652 730;B01;2;10;3;2;6;2;1;
202300015715;155 652 731;A01;2;43;3;2;7;2;1;
202300015716;155 652 728;A01;2;33;0;2;1;3;1;
202300015716;155 652 729;B01;2;7;0;2;4;11;1;
202300015717;155 652 726;B01;1;7;0;2;6;13;1;
202300015717;155 652 727;A01;1;33;0;2;2;12;1;
202300015718;155 652 725;A01;1;7;1;0;3;1;1;
202300015719;155 652 724;A01;2;7;4;0;1;1;1;
202300015720;155 652 721;A01;2;10;0;2;3;15;1;
202300015720;155 652 722;B01;1;2;0;2;4;1;1;
202300015720;155 652 723;C01;1;7;0;2;4;1;1;
202300015721;155 652 719;A01;1;7;0;2;1;1;1;
202300015721;155 652 720;B01;2;2;0;2;3;1;1;
202300015722;155 652 718;A01;2;33;0;1;1;2;1;
202300015723;155 652 716;B01;1;99;0;2;1;1;1;
202300015723;155 652 717;A01;2;7;0;2;7;19;1;
202300015724;155 652 714;A01;1;7;0;2;1;1;1;
202300015724;155 652 715;B01;3;7;0;2;7;19;1;
202300015725;155 652 713;A01;1;7;0;1;3;15;1;
202300015726;155 652 711;B01;1;7;0;2;1;2;1;
202300015726;155 652 712;A01;1;7;0;2;2;15;1;
202300015727;155 652 709;A01;1;31;0;2;6;0;6;
202300015727;155 652 710;B01;1;7;0;2;3;0;6;
202300015728;155 652 708;A01;2;30;0;1;1;1;1;
202300015729;155 652 706;B01;3;7;1;2;7;0;0;
202300015729;155 652 707;A01;1;7;0;2;8;0;1;
202300015730;155 652 704;B01;2;7;0;2;0;2;0;
202300015730;155 652 705;A01;2;7;0;2;0;2;0;
202300015731;155 652 702;B01;1;7;0;2;1;1;1;
202300015731;155 652 703;A01;1;7;0;2;2;19;1;
202300015732;155 652 700;B01;2;30;0;2;0;0;0;
202300015732;155 652 701;A01;2;3;0;2;7;17;3;
202300015733;155 652 698;A01;3;2;0;2;8;9;1;
202300015733;155 652 699;B01;3;7;0;2;2;1;1;
202300015734;155 652 697;A01;2;2;0;0;0;1;1;
202300015735;155 652 695;A01;1;33;0;2;8;1;0;
202300015735;155 652 696;B01;2;7;0;2;0;10;1;
202300015736;155 652 689;B01;1;7;0;2;7;23;1;
202300015736;155 652 690;A01;1;33;14;0;0;3;1;
202300015736;155 652 691;D01;1;7;0;2;5;23;3;
202300015736;155 652 692;C01;1;10;0;2;5;23;1;
202300015737;155 652 687;A01;3;50;0;2;1;1;3;
202300015737;155 652 688;B01;0;7;0;2;6;1;1;
202300015738;155 652 685;B01;3;10;0;2;4;1;1;
202300015738;155 652 686;A01;3;10;0;2;1;1;1;
202300015739;155 652 683;A01;2;7;0;2;1;1;1;
202300015739;155 652 684;B01;2;7;0;2;4;0;1;
202300015740;155 652 681;B01;3;10;0;2;4;23;1;
202300015740;155 652 682;A01;3;7;0;2;1;2;1;
202300015741;155 652 679;A01;1;7;0;2;1;15;1;