Num_Acc;id_vehicule;num_veh;senc;catv;obs;obsm;choc;manv;motor;occutc
202300016018;155 652 176;A01;2;2;15;0;1;1;1;
202300016019;155 652 174;A01;1;3;0;1;4;4;1;
202300016020;155 652 172;B01;2;7;0;2;3;16;1;
202300016020;155 652 173;A01;1;2;0;2;1;11;1;
202300016021;155 652 168;A01;2;15;3;0;1;14;1;
202300016022;155 652 167;A01;1;7;1;2;1;2;0;
202300016022;155 652 170;B01;1;7;0;0;4;23;0;
202300016023;155 652 166;A01;2;10;0;2;1;15;1;
202300016023;155 652 169;B01;1;32;0;2;2;1;1;
202300016024;155 652 163;A01;1;33;0;0;7;1;0;
202300016025;155 652 161;A01;2;7;0;9;2;1;1;
202300016025;155 652 164;B01;3;50;0;2;1;5;3;
202300016026;155 652 158;A01;1;7;0;2;2;1;1;
202300016026;155 652 160;C01;1;7;0;2;3;1;1;
202300016026;155 652 165;B01;1;7;0;2;8;16;1;
202300016027;155 652 159;A01;1;7;0;2;2;16;1;
202300016027;155 652 162;B01;1;1;0;2;8;1;5;
202300016028;155 652 155;B01;1;33;0;2;2;17;1;
202300016028;155 652 157;A01;1;7;0;2;8;15;1;
202300016029;155 652 154;A01;1;7;0;0;7;15;1;
202300016029;155 652 156;B01;2;30;0;0;1;1;1;
202300016030;155 652 151;A01;3;50;12;0;1;1;3;
202300016031;155 652 150;A01;3;7;0;2;2;9;1;
202300016031;155 652 153;B01;3;1;0;2;4;1;5;
202300016032;155 652 149;B01;1;13;0;0;4;1;0;
202300016032;155 652 152;A01;2;7;0;2;1;12;1;
202300016033;155 652 146;B01;2;7;0;2;3;15;1;
202300016033;155 652 148;A01;1;33;0;2;1;17;1;
202300016034;155 652 141;C01;2;2;0;0;5;2;1;
202300016034;155 652 144;A01;2;7;0;2;3;2;0;
202300016034;155 652 147;B01;2;7;0;9;2;11;0;
202300016035;155 652 142;A01;1;7;0;2;3;15;1;
202300016035;155 652 145;B01;2;33;0;2;1;1;1;
202300016036;155 652 140;A01;1;33;16;0;2;1;1;
202300016037;155 652 139;B01;1;33;0;2;7;1;1;
202300016037;155 652 143;A01;1;7;0;2;1;9;1;
202300016038;155 652 135;A01;2;7;0;2;6;1;1;
202300016038;155 652 138;B01;2;7;8;2;8;1;1;
202300016039;155 652 134;B01;2;32;0;2;7;17;1;
202300016039;155 652 137;A01;2;7;0;2;6;15;1;
202300016040;155 652 133;A01;1;7;0;2;3;21;1;
202300016040;155 652 136;B01;2;15;0;2;6;0;1;
202300016041;155 652 131;A01;1;7;17;0;3;1;1;
202300016042;155 652 132;A01;1;7;0;1;3;15;1;
202300016043;155 652 127;B01;2;31;0;2;1;1;1;
202300016043;155 652 129;A01;1;7;0;2;4;15;1;
202300016044;155 652 126;A01;0;33;8;0;1;1;1;
202300016045;155 652 128;B01;2;1;0;2;1;2;5;
202300016045;155 652 130;A01;2;7;0;2;5;1;1;
202300016046;155 652 125;A01;3;7;0;1;2;1;1;
202300016047;155 652 121;B01;2;7;0;2;6;9;1;
202300016047;155 652 124;A01;1;31;0;2;1;1;1;
202300016048;155 652 122;A01;2;1;0;2;8;19;5;
202300016048;155 652 123;B01;1;7;0;2;3;1;1;
202300016049;155 652 118;A01;3;1;0;2;4;19;5;
202300016049;155 652 120;Z01;2;7;0;2;1;1;0;
202300016050;155 652 114;A01;1;7;0;0;3;13;1;
202300016050;155 652 116;B01;1;33;0;0;7;17;1;
202300016051;155 652 115;A01;1;7;0;2;3;15;1;
202300016051;155 652 119;B01;2;7;0;2;3;0;1;
202300016052;155 652 109;A01;2;7;0;0;3;15;0;
202300016052;155 652 113;B01;1;10;0;0;1;1;0;
202300016053;155 652 110;A01;2;30;0;2;1;5;3;
202300016053;155 652 112;B01;1;7;0;2;6;15;1;
202300016054;155 652 108;Z01;1;7;0;1;1;1;6;
202300016055;155 652 107;A01;2;7;0;2;3;5;1;
202300016055;155 652 111;B01;1;7;0;2;3;1;1;
202300016056;155 652 106;A01;1;7;8;0;2;1;1;
202300016057;155 652 105;A01;1;10;0;1;2;1;1;
202300016058;155 652 101;A01;3;1;8;0;3;1;5;
202300016059;155 652 099;B01;1;10;0;2;2;1;1;
202300016059;155 652 104;A01;0;10;0;2;1;1;1;
202300016060;155 652 098;B01;3;7;0;2;1;1;1;
202300016060;155 652 100;A01;3;7;0;2;3;5;1;
202300016061;155 652 094;B01;1;7;0;2;3;1;1;
202300016061;155 652 097;C01;2;7;0;2;6;1;1;
202300016061;155 652 102;A01;2;7;0;2;3;15;1;
202300016061;155 652 103;D01;2;7;0;2;2;1;1;
202300016062;155 652 095;A01;3;7;0;2;2;19;1;
202300016062;155 652 096;B01;3;31;0;2;7;1;1;
202300016063;155 652 090;B01;3;7;0;2;1;1;1;
202300016063;155 652 093;A01;3;10;0;2;1;15;1;
202300016064;155 652 092;A01;3;7;14;0;1;13;0;
202300016065;155 652 088;A01;1;7;0;2;2;2;1;
202300016065;155 652 089;B01;1;7;0;0;4;2;1;
202300016066;155 652 085;A01;1;15;0;2;2;12;1;
202300016066;155 652 087;B01;1;7;0;2;8;1;1;
202300016067;155 652 084;A01;1;7;0;0;2;1;1;
202300016068;155 652 082;A01;3;36;0;0;0;0;1;
202300016069;155 652 080;A01;2;7;0;2;4;1;3;
202300016069;155 652 081;B01;2;7;0;2;1;14;1;
202300016070;155 652 079;A01;1;7;13;0;0;17;1;
202300016071;155 652 077;A01;3;7;0;1;2;20;1;
202300016072;155 652 075;A01;2;7;0;2;1;2;1;
202300016072;155 652 076;B01;2;7;0;2;4;2;1;
202300016073;155 652 074;B01;1;31;0;2;1;21;1;
202300016073;155 652 078;A01;1;20;0;2;1;15;1;
202300016074;155 652 073;A01;2;7;14;0;3;1;1;
202300016075;155 652 072;A01;2;33;3;0;2;0;1;
202300016076;155 652 069;B01;2;33;0;2;1;1;1;
202300016076;155 652 071;A01;2;7;0;2;4;11;1;
202300016077;155 652 067;A01;2;7;0;2;2;19;1;
202300016077;155 652 070;B01;1;2;0;2;3;16;1;
202300016078;155 652 066;B01;1;33;0;2;1;1;1;
202300016078;155 652 068;A01;1;7;0;2;3;10;1;
202300016079;155 652 063;A01;1;33;13;0;1;1;1;
202300016080;155 652 060;A01;1;14;0;2;2;1;1;
202300016080;155 652 062;B01;1;7;0;2;8;1;1;
202300016081;155 652 059;A01;1;34;0;1;1;26;1;
202300016082;155 652 057;A01;2;2;0;0;0;1;1;
202300016083;155 652 058;A01;1;7;0;2;5;1;1;
202300016083;155 652 061;D01;1;15;0;2;3;1;1;
202300016083;155 652 064;C01;1;7;0;2;9;1;1;
202300016083;155 652 065;B01;1;7;0;2;9;1;1;
202300016084;155 652 051;A01;2;7;0;2;1;2;1;
202300016084;155 652 055;B01;2;10;0;2;4;2;1;
202300016084;155 652 056;C01;2;7;0;2;4;2;1;
202300016085;155 652 054;Z01;1;32;0;1;1;0;1;
202300016086;155 652 050;A01;2;7;0;2;3;17;0;
202300016086;155 652 052;B01;1;50;0;2;1;1;3;
202300016087;155 652 046;A01;1;7;0;2;1;2;1;
202300016087;155 652 048;B01;1;7;0;2;9;2;1;
202300016087;155 652 049;C01;1;7;0;2;9;0;1;
202300016087;155 652 053;D01;1;7;0;2;4;2;1;
202300016088;155 652 044;A01;2;7;0;2;3;2;1;
202300016088;155 652 047;B01;2;7;0;2;5;2;1;
202300016089;155 652 045;A01;2;7;6;0;1;14;1;
202300016090;155 652 043;A01;3;1;0;0;0;1;5;
202300016091;155 652 038;A01;2;7;0;2;8;15;1;
202300016091;155 652 042;B01;2;1;0;2;7;17;5;
202300016092;155 652 037;B01;2;33;0;0;4;2;1;
202300016092;155 652 040;A01;2;7;0;2;1;2;1;
202300016093;155 652 035;A01;3;7;9;0;1;16;1;
202300016094;155 652 034;A01;2;7;0;2;1;2;1;
202300016094;155 652 036;B01;2;7;0;2;4;2;1;
202300016094;155 652 039;C01;2;7;0;2;4;2;2;
202300016094;155 652 041;D01;2;7;0;2;4;2;1;
202300016095;155 652 031;A01;2;7;0;2;1;2;1;
202300016095;155 652 033;B01;2;7;0;2;4;2;1;
202300016096;155 652 026;A01;2;7;0;2;1;2;1;
202300016096;155 652 029;B01;2;7;0;2;4;1;2;
202300016096;155 652 032;C01;2;7;0;2;4;1;1;
202300016097;155 652 027;A01;1;7;0;2;2;5;1;
202300016097;155 652 030;B01;2;7;0;2;7;21;1;
202300016098;155 652 024;A01;1;7;0;2;1;13;1;
202300016098;155 652 025;B01;2;7;0;2;1;1;1;
202300016099;155 652 023;B01;2;17;0;2;1;1;1;
202300016099;155 652 028;A01;1;7;0;2;2;19;1;
202300016100;155 652 020;A01;2;32;0;2;7;1;1;
202300016100;155 652 022;B01;2;10;0;2;8;11;1;
202300016101;155 652 016;A01;3;7;0;2;3;1;1;
202300016101;155 652 018;B01;3;33;0;2;3;5;1;
202300016102;155 652 015;A01;1;10;0;2;3;1;1;
202300016102;155 652 019;B01;1;7;0;2;3;1;1;
202300016103;155 652 017;B01;2;7;0;2;7;12;2;
202300016103;155 652 021;A01;2;43;0;2;3;3;1;
202300016104;155 652 014;A01;0;10;0;1;1;1;2;
202300016105;155 652 013;A01;1;10;0;1;2;13;1;
202300016106;155 652 010;B01;1;7;0;9;2;1;1;
202300016106;155 652 012;A01;1;1;0;2;1;19;5;
202300016107;155 652 009;A01;3;7;0;1;6;20;1;
202300016108;155 652 006;A01;2;34;0;0;8;3;1;
202300016109;155 652 005;A01;1;7;0;2;6;19;1;
202300016109;155 652 008;B01;2;32;0;2;1;1;1;
202300016110;155 652 007;A01;3;43;8;0;1;26;3;
202300016111;155 652 004;Z01;3;7;0;1;0;1;0;
202300016112;155 651 999;B01;1;7;0;2;4;2;2;
202300016112;155 652 002;A01;1;7;0;2;1;2;2;
202300016113;155 651 997;B01;1;32;0;2;4;1;0;
202300016113;155 652 000;A01;1;34;0;2;4;1;0;
202300016114;155 651 998;A01;3;32;0;2;1;2;1;
202300016114;155 652 003;B01;0;7;0;2;3;1;1;
202300016115;155 651 994;C01;1;7;0;2;3;1;1;
202300016115;155 651 996;A01;1;15;0;2;3;15;1;
202300016115;155 652 001;B01;1;33;0;2;2;11;1;
202300016116;155 651 993;A01;0;7;6;0;3;1;1;
202300016117;155 651 991;A01;2;7;0;2;1;2;1;
202300016117;155 651 995;B01;2;7;0;2;4;2;1;
202300016118;155 651 990;B01;1;7;0;0;6;0;1;
202300016118;155 651 992;A01;1;7;0;2;2;2;1;
202300016119;155 651 989;A01;1;7;8;0;2;14;1;
202300016120;155 651 986;A01;1;32;0;2;1;18;1;
202300016120;155 651 988;B01;2;10;0;2;2;15;1;
202300016121;155 651 984;A01;1;7;0;2;1;1;1;
202300016121;155 651 987;B01;1;7;0;2;4;23;1;
202300016122;155 651 983;A01;1;10;0;2;3;2;1;
202300016122;155 651 985;B01;0;50;0;2;2;1;3;
202300016123;155 651 982;A01;3;7;0;1;4;4;1;
202300016124;155 651 975;A01;2;7;0;1;1;1;1;
202300016125;155 651 977;A01;2;33;0;2;8;3;1;
202300016125;155 651 980;B01;2;7;0;2;7;23;1;
202300016126;155 651 976;A01;2;32;0;2;3;18;1;
202300016126;155 651 979;B01;1;7;0;2;2;20;1;
202300016127;155 651 974;A01;3;7;0;2;1;19;1;
202300016127;155 651 978;C01;3;7;0;2;0;23;1;
202300016127;155 651 981;B01;1;33;0;2;8;1;1;
202300016128;155 651 972;A01;1;33;0;1;3;21;1;
202300016129;155 651 971;A01;1;7;0;1;1;16;1;
202300016130;155 651 969;B01;2;1;0;2;1;1;5;
202300016130;155 651 973;A01;1;7;0;2;8;1;1;
202300016131;155 651 970;A01;2;7;0;1;8;1;2;
202300016132;155 651 962;A01;1;33;0;2;6;18;1;
202300016132;155 651 966;B01;1;32;0;2;2;3;1;
202300016133;155 651 964;A01;1;50;0;1;1;25;3;
202300016134;155 651 963;B01;2;10;0;2;6;23;1;
202300016134;155 651 967;A01;2;2;0;2;1;2;1;
202300016135;155 651 961;A01;2;33;0;2;1;13;1;
202300016135;155 651 965;B01;1;20;0;2;1;23;1;
202300016135;155 651 968;C01;1;10;0;0;3;15;1;
202300016136;155 651 958;A01;2;2;0;0;0;1;1;
202300016137;155 651 957;Z01;1;7;0;1;0;1;0;
202300016138;155 651 955;B01;1;1;0;2;7;1;5;
202300016138;155 651 960;A01;1;7;0;2;3;9;1;
202300016139;155 651 953;B01;3;7;0;2;7;2;1;
202300016139;155 651 956;C01;3;7;0;2;6;2;1;
202300016139;155 651 959;Z01;3;7;0;2;3;10;1;
202300016140;155 651 949;A01;2;1;0;2;6;10;5;
202300016140;155 651 952;B01;1;1;0;2;1;1;5;
202300016141;155 651 951;B01;1;33;0;2;1;1;1;
202300016141;155 651 954;A01;2;7;0;0;7;15;1;
202300016142;155 651 945;A01;0;30;9;0;7;0;1;
202300016143;155 651 947;A01;2;80;0;2;1;1;3;
202300016143;155 651 948;B01;1;30;0;2;1;1;1;
202300016144;155 651 943;B01;2;7;0;2;6;1;1;
202300016144;155 651 946;C01;1;7;0;2;6;23;1;
202300016144;155 651 950;A01;1;7;0;2;1;9;1;
202300016145;155 651 941;B01;2;7;0;2;1;1;1;
202300016145;155 651 944;A01;1;1;0;2;2;19;5;
202300016146;155 651 940;A01;2;7;6;2;1;1;1;
202300016146;155 651 942;B01;1;7;0;2;1;1;1;
202300016147;155 651 938;A01;1;7;8;0;1;1;1;
202300016148;155 651 939;A01;3;31;0;0;8;21;1;
202300016149;155 651 936;B01;3;80;0;2;8;19;3;
202300016149;155 651 937;A01;3;7;0;2;1;1;1;
202300016150;155 651 932;A01;2;7;0;2;1;19;1;
202300016150;155 651 935;B01;1;7;0;2;2;1;1;
202300016151;155 651 930;B01;3;50;0;2;3;19;3;
202300016151;155 651 933;A01;2;7;0;2;3;1;1;
202300016152;155 651 931;A01;3;7;0;2;1;1;1;
202300016152;155 651 934;B01;3;33;0;2;4;1;1;
202300016153;155 651 927;A01;1;33;0;0;7;1;1;
202300016154;155 651 928;B01;2;1;0;2;0;1;5;
202300016154;155 651 929;A01;1;7;0;2;3;15;3;
202300016155;155 651 925;A01;3;43;0;2;6;2;1;
202300016155;155 651 926;B01;3;10;0;2;6;1;1;
202300016156;155 651 921;C01;1;7;0;2;1;1;1;
202300016156;155 651 922;A01;1;7;0;0;0;17;0;
202300016156;155 651 923;B01;2;7;0;2;1;21;1;
202300016157;155 651 919;A01;1;7;0;1;2;1;1;
202300016158;155 651 918;A01;2;7;12;0;3;2;1;
202300016158;155 651 920;B01;2;33;12;0;7;12;1;
202300016159;155 651 917;A01;1;7;0;2;7;15;1;
202300016159;155 651 924;B01;1;7;0;2;1;1;1;
202300016160;155 651 915;A01;1;33;0;0;9;1;1;
202300016161;155 651 913;A01;1;7;0;1;3;1;1;
202300016162;155 651 912;A01;2;33;0;0;1;1;1;
202300016163;155 651 910;A01;3;10;2;0;1;13;1;
202300016164;155 651 909;Y01;1;1;0;2;1;0;5;
202300016164;155 651 911;A01;1;7;0;2;5;24;1;
202300016165;155 651 908;A01;2;1;0;1;1;1;5;
202300016166;155 651 907;A01;2;33;0;0;0;1;1;
202300016167;155 651 904;A01;0;7;0;1;2;2;1;
202300016168;155 651 903;A01;1;30;0;2;1;13;1;
202300016168;155 651 905;B01;1;7;0;2;5;2;2;
202300016169;155 651 901;A01;1;2;0;2;2;17;1;
202300016169;155 651 902;B01;1;21;0;2;5;15;1;
202300016170;155 651 898;A01;2;80;0;2;1;1;3;
202300016170;155 651 899;B01;2;80;0;2;4;20;3;
202300016171;155 651 896;B01;3;7;0;2;4;1;1;
202300016171;155 651 900;A01;3;7;0;2;1;2;1;
202300016172;155 651 906;A01;2;1;14;0;0;23;5;
202300016173;155 651 895;A01;1;10;8;0;4;4;1;
202300016174;155 651 892;A01;1;7;0;2;1;15;1;
202300016174;155 651 894;B01;2;7;0;2;8;26;1;
202300016174;155 651 897;C01;1;7;0;0;1;23;1;
202300016175;155 651 890;A01;3;10;0;2;2;26;1;
202300016175;155 651 893;B01;3;7;0;2;1;16;1;
202300016176;155 651 891;A01;1;7;0;1;2;1;2;
202300016177;155 651 886;A01;2;15;0;2;3;11;0;
202300016177;155 651 888;B01;2;7;0;2;5;2;6;
202300016178;155 651 887;B01;0;50;0;2;1;1;3;
202300016178;155 651 889;A01;2;10;0;2;2;16;1;
202300016179;155 651 884;A01;3;50;0;1;1;25;3;
202300016180;155 651 881;B01;1;7;0;2;3;21;1;
202300016180;155 651 885;A01;1;34;0;0;5;2;1;
202300016181;155 651 880;A01;2;7;0;2;4;2;1;
202300016181;155 651 883;B01;2;7;0;0;1;2;1;
202300016182;155 651 879;B01;0;31;0;2;2;15;1;
202300016182;155 651 882;A01;1;10;0;2;6;15;1;
202300016183;155 651 878;A01;2;50;14;0;1;0;3;
202300016184;155 651 875;A01;2;7;0;2;4;2;1;
202300016184;155 651 876;B01;2;7;0;2;1;2;1;
202300016185;155 651 877;A01;0;7;1;0;2;1;0;
202300016186;155 651 873;A01;2;1;0;2;1;2;5;
202300016186;155 651 874;B01;2;1;0;2;4;15;5;
202300016187;155 651 870;A01;1;7;0;2;4;1;1;
202300016187;155 651 871;B01;1;7;0;2;1;2;1;
202300016188;155 651 868;A01;2;7;0;2;0;15;1;
202300016188;155 651 869;C01;1;7;0;2;0;0;1;
202300016188;155 651 872;B01;1;7;0;2;4;4;1;
202300016189;155 651 865;Z01;1;2;0;1;3;1;3;
202300016190;155 651 866;A01;2;7;8;0;1;1;1;
202300016191;155 651 861;B01;1;17;0;2;4;2;1;
202300016191;155 651 863;A01;1;33;0;2;1;2;1;
202300016192;155 651 860;A01;1;7;0;1;2;17;1;
202300016193;155 651 859;B01;2;7;0;2;5;2;1;
202300016193;155 651 862;A01;2;33;0;2;1;2;1;
202300016194;155 651 854;B01;2;50;0;2;7;19;3;
202300016194;155 651 857;A01;1;7;0;2;1;1;1;
202300016195;155 651 852;A01;1;10;0;2;1;0;1;
202300016195;155 651 856;B01;1;33;0;2;0;0;1;
202300016196;155 651 851;B01;3;1;0;2;8;0;5;
202300016196;155 651 858;A01;3;33;0;9;1;21;1;
202300016197;155 651 849;A01;1;7;0;2;1;1;1;
202300016197;155 651 850;D01;1;7;0;2;4;1;2;
202300016197;155 651 853;B01;1;7;0;2;4;2;1;
202300016197;155 651 855;C01;1;7;0;2;0;2;2;
202300016198;155 651 846;A01;1;30;0;2;1;1;1;
202300016198;155 651 848;B01;2;7;0;0;7;15;1;
202300016199;155 651 842;B01;2;7;0;2;5;0;1;
202300016199;155 651 845;A01;2;31;0;2;6;12;1;
202300016200;155 651 843;A01;1;32;0;2;1;17;1;
202300016200;155 651 847;Z01;1;10;0;2;8;0;1;
202300016201;155 651 841;A01;0;1;0;2;8;1;5;
202300016201;155 651 844;B01;1;10;0;2;1;1;3;
202300016202;155 651 837;A01;3;33;0;2;1;13;1;
202300016202;155 651 840;B01;3;7;0;2;1;1;1;
202300016203;155 651 835;A01;1;1;0;2;1;0;5;
202300016203;155 651 838;B01;2;7;0;2;3;9;1;
202300016204;155 651 831;A01;1;10;0;2;1;2;1;
202300016204;155 651 833;B01;1;10;0;2;1;2;1;
202300016204;155 651 836;C01;1;7;0;2;1;2;1;
202300016204;155 651 839;D01;1;7;0;2;4;2;1;
202300016205;155 651 832;A01;1;50;0;2;2;17;3;
202300016205;155 651 834;B01;1;7;0;2;3;15;0;
202300016206;155 651 828;B01;1;15;0;2;2;0;1;
202300016206;155 651 830;A01;1;33;0;2;1;2;1;
202300016207;155 651 826;A01;2;10;1;2;5;9;1;
202300016207;155 651 829;B01;2;33;1;2;3;23;1;
202300016208;155 651 825;A01;1;7;0;2;1;1;1;
202300016208;155 651 827;B01;1;7;0;2;4;1;3;
202300016209;155 651 824;A01;2;7;2;0;1;1;1;
202300016210;155 651 823;A01;1;7;1;0;2;1;1;
202300016211;155 651 819;A01;2;7;0;2;2;1;1;
202300016211;155 651 821;B01;2;7;0;2;6;1;1;
202300016212;155 651 818;A01;2;7;0;2;2;9;1;
202300016212;155 651 822;B01;2;1;0;2;8;1;5;
202300016213;155 651 817;A01;3;7;0;2;3;9;1;
202300016213;155 651 820;B01;3;33;0;2;1;1;1;
202300016214;155 651 815;A01;1;10;0;2;1;1;1;
202300016214;155 651 816;B01;1;7;0;2;4;1;1;
202300016215;155 651 808;B01;1;7;8;2;6;1;1;
202300016215;155 651 811;A01;1;10;9;2;2;9;1;
202300016216;155 651 809;A01;0;7;9;2;2;1;1;
202300016217;155 651 807;A01;1;7;0;2;9;1;1;
202300016217;155 651 810;B01;1;7;0;2;4;1;1;
202300016217;155 651 813;C01;1;7;0;2;9;1;1;
202300016217;155 651 814;D01;1;31;0;2;1;1;1;
202300016218;155 651 806;A01;3;7;15;0;8;7;1;
202300016219;155 651 805;A01;1;7;0;1;1;1;1;
202300016220;155 651 800;A01;2;7;0;2;1;2;1;
202300016220;155 651 804;B01;2;17;0;2;4;2;1;
202300016221;155 651 799;A01;3;7;0;2;7;26;1;
202300016221;155 651 802;B01;0;7;0;2;1;26;1;
202300016222;155 651 801;B01;3;7;0;2;3;9;1;
202300016222;155 651 803;A01;2;7;0;2;1;1;0;
202300016223;155 651 795;A01;1;7;0;2;2;12;1;
202300016223;155 651 798;B01;1;34;0;2;1;3;1;
202300016224;155 651 792;A01;3;7;0;9;1;15;1;
202300016224;155 651 796;B01;3;32;0;2;2;1;1;
202300016225;155 651 793;B01;3;2;0;2;1;1;1;
202300016225;155 651 797;A01;3;7;0;2;7;1;1;
202300016226;155 651 791;A01;1;10;0;2;3;1;0;
202300016226;155 651 794;B01;1;34;0;2;2;26;0;
202300016227;155 651 789;A01;1;10;0;2;1;0;1;
202300016227;155 651 790;B01;1;7;0;2;4;0;1;
202300016228;155 651 788;A01;1;7;0;1;8;15;1;
202300016229;155 651 784;B01;1;7;0;2;3;1;2;
202300016229;155 651 787;A01;1;7;0;2;1;9;1;
202300016230;155 651 780;B01;1;38;0;2;3;1;1;27
202300016230;155 651 812;A01;2;7;0;2;3;13;1;
202300016231;155 651 779;C01;2;10;0;2;6;1;1;
202300016231;155 651 781;B01;2;10;0;2;6;1;1;
202300016231;155 651 783;A01;2;7;0;2;2;1;2;
202300016232;155 651 778;A01;2;7;0;2;3;15;1;
202300016232;155 651 782;B01;1;34;0;0;1;23;1;
202300016232;155 651 785;D01;1;7;0;2;0;0;1;
202300016232;155 651 786;C01;1;43;0;2;1;0;1;
202300016233;155 651 777;A01;2;7;0;1;1;1;1;
202300016234;155 651 776;A01;2;7;1;0;1;1;1;
202300016235;155 651 774;A01;3;7;13;0;1;1;1;
202300016236;155 651 773;A01;2;7;0;2;7;12;1;
202300016236;155 651 775;B01;2;33;0;2;3;3;1;
202300016237;155 651 772;A01;1;7;0;1;3;9;0;
202300016238;155 651 769;B01;2;50;0;2;8;1;3;
202300016238;155 651 771;Z01;2;7;0;2;2;0;1;
202300016239;155 651 768;A01;2;7;14;0;1;1;1;
202300016240;155 651 766;B01;1;1;0;2;8;9;5;
202300016240;155 651 770;A01;2;7;0;9;1;26;1;
202300016241;155 651 765;A01;2;10;0;2;1;2;1;
202300016241;155 651 767;B01;2;7;0;2;4;1;1;
202300016242;155 651 763;A01;3;7;2;0;1;14;1;
202300016243;155 651 762;B01;2;7;0;2;4;23;1;
202300016243;155 651 764;A01;2;43;0;2;1;1;1;
202300016244;155 651 760;A01;1;7;11;0;1;17;1;
202300016245;155 651 758;A01;1;7;0;2;3;26;1;
202300016245;155 651 759;B01;1;7;0;2;5;26;1;
202300016246;155 651 757;A01;2;10;0;2;1;9;1;
202300016246;155 651 761;B01;2;50;0;2;4;1;3;
202300016247;155 651 756;A01;1;31;0;0;0;20;1;
202300016248;155 651 754;A01;2;50;0;2;7;7;3;
202300016248;155 651 755;B01;1;7;0;2;1;15;1;
202300016249;155 651 751;A01;1;7;0;1;1;21;1;
202300016250;155 651 752;A01;0;7;0;2;1;5;1;
202300016250;155 651 753;B01;0;7;0;2;1;1;0;
202300016251;155 651 750;A01;1;33;0;1;1;17;1;
202300016252;155 651 748;A01;1;7;0;9;3;15;1;
202300016252;155 651 749;B01;2;1;0;2;3;1;5;
202300016253;155 651 746;A01;1;7;13;0;2;13;0;
202300016254;155 651 743;A01;1;7;1;2;1;1;1;
202300016254;155 651 747;B01;1;34;1;2;4;23;1;
202300016255;155 651 742;A01;3;31;0;2;7;17;1;
202300016255;155 651 745;B01;3;7;0;2;8;15;1;
202300016256;155 651 741;B01;1;7;0;0;4;1;1;
202300016256;155 651 744;A01;1;2;0;2;1;1;1;
202300016257;155 651 738;B01;3;7;0;2;4;1;0;
202300016257;155 651 740;A01;3;7;0;2;1;2;0;
202300016258;155 651 736;A01;1;31;12;0;1;13;1;
202300016259;155 651 737;A01;2;7;0;2;3;1;2;
202300016259;155 651 739;B01;1;7;0;2;6;13;1;
202300016260;155 651 735;A01;2;7;0;1;2;1;0;
202300016261;155 651 731;A01;2;7;0;1;2;1;1;
202300016262;155 651 732;A01;1;7;0;2;1;1;1;
202300016262;155 651 734;B01;2;50;0;2;3;15;3;
202300016263;155 651 729;A01;2;37;0;2;1;1;1;1
202300016263;155 651 733;B01;2;7;0;2;4;1;1;
202300016264;155 651 727;A01;1;10;0;2;7;17;1;
202300016264;155 651 730;B01;1;7;0;2;8;15;1;
202300016265;155 651 726;A01;1;7;0;2;1;2;1;
202300016265;155 651 728;B01;1;7;0;2;6;11;1;
202300016266;155 651 725;A01;3;7;0;1;0;26;1;
202300016267;155 651 722;Z01;1;2;0;2;1;0;1;
202300016267;155 651 724;A01;2;2;0;2;1;0;1;
202300016268;155 651 721;A01;2;2;0;6;1;1;1;
202300016269;155 651 720;A01;0;33;0;2;6;2;0;
202300016269;155 651 723;B01;3;33;0;2;0;0;0;
202300016270;155 651 717;A01;3;10;14;0;0;16;1;
202300016271;155 651 715;B01;1;7;0;2;4;2;1;
202300016271;155 651 719;A01;1;7;0;2;4;2;1;
202300016272;155 651 712;A01;1;7;0;2;1;15;1;
202300016272;155 651 714;B01;2;33;0;2;1;1;1;
202300016273;155 651 711;A01;1;2;0;9;1;18;1;
202300016274;155 651 709;A01;1;7;0;2;3;15;1;
202300016274;155 651 713;B01;2;50;0;2;8;16;3;
202300016275;155 651 706;A01;3;7;0;2;6;19;1;
202300016275;155 651 708;B01;3;30;0;2;1;2;1;
202300016276;155 651 702;A01;2;7;0;2;5;0;1;
202300016276;155 651 704;B01;1;33;0;2;8;17;1;
202300016277;155 651 703;A01;1;7;0;0;2;13;1;
202300016277;155 651 705;B01;2;7;4;0;2;21;1;
202300016278;155 651 699;A01;1;50;0;2;4;13;3;
202300016278;155 651 701;B01;1;33;0;2;1;2;1;
202300016279;155 651 698;B01;0;10;0;2;3;15;1;
202300016279;155 651 700;A01;0;2;0;2;2;26;1;
202300016280;155 651 696;A01;1;30;0;0;1;26;1;
202300016281;155 651 695;A01;1;7;2;0;2;2;1;
202300016282;155 651 694;A01;1;7;0;2;3;0;1;
202300016282;155 651 697;B01;1;7;0;2;1;0;1;
202300016283;155 651 691;A01;3;7;0;2;3;15;1;
202300016283;155 651 693;B01;2;32;0;2;3;1;1;
202300016284;155 651 689;A01;1;7;8;0;0;1;1;
202300016285;155 651 687;A01;2;7;0;2;7;15;1;
202300016285;155 651 690;B01;1;33;0;2;1;21;1;
202300016286;155 651 686;A01;2;7;0;2;1;2;1;
202300016286;155 651 688;B01;2;7;0;2;4;2;1;
202300016287;155 651 684;A01;2;3;0;1;3;5;0;
202300016288;155 651 683;A01;2;50;0;0;2;1;3;
202300016289;155 651 681;A01;1;7;0;1;7;1;0;
202300016290;155 651 679;A01;1;31;0;2;8;1;1;
202300016290;155 651 682;Z01;1;7;0;2;2;12;1;