Num_Acc;id_vehicule;num_veh;senc;catv;obs;obsm;choc;manv;motor;occutc
202300016291;155 651 680;A01;3;7;0;2;1;9;1;
202300016291;155 651 685;B01;3;1;0;2;1;1;5;
202300016292;155 651 678;A01;1;7;4;0;2;1;1;
202300016293;155 651 677;A01;2;7;0;1;2;2;0;
202300016294;155 651 675;A01;0;33;6;0;1;0;0;
202300016295;155 651 671;A01;1;1;0;0;1;0;5;
202300016296;155 651 674;B01;1;7;0;0;6;16;1;
202300016296;155 651 676;A01;1;2;0;2;1;1;1;
202300016297;155 651 670;B01;1;7;0;2;0;17;1;
202300016297;155 651 672;A01;1;31;0;2;8;15;1;
202300016298;155 651 669;A01;1;7;0;2;6;15;1;
202300016298;155 651 673;B01;1;33;0;2;1;17;1;
202300016299;155 651 668;A01;2;7;6;0;1;1;1;
202300016300;155 651 664;A01;1;1;0;2;1;9;5;
202300016300;155 651 667;B01;2;7;0;2;3;1;2;
202300016301;155 651 663;B01;1;31;0;0;4;0;1;
202300016301;155 651 666;A01;1;34;0;2;3;2;3;
202300016302;155 651 661;A01;2;7;0;2;1;21;1;
202300016302;155 651 665;B01;1;7;0;2;1;0;1;
202300016303;155 651 662;B01;3;1;0;2;3;19;5;
202300016304;155 651 660;A01;0;7;0;0;9;1;1;
202300016305;155 651 657;A01;1;10;0;0;1;0;1;
202300016306;155 651 658;A01;1;7;0;1;1;1;1;
202300016307;155 651 656;Z01;2;7;0;1;1;0;0;
202300016308;155 651 655;A01;1;37;0;2;2;1;1;1
202300016308;155 651 659;B01;1;7;0;2;3;22;6;
202300016309;155 651 654;A01;3;1;0;0;0;0;5;
202300016310;155 651 652;A01;2;7;7;0;1;14;0;
202300016311;155 651 651;A01;1;7;4;0;1;1;1;
202300016312;155 651 650;A01;1;7;0;0;2;1;2;
202300016312;155 651 653;B01;2;1;0;0;1;2;5;
202300016313;155 651 649;A01;3;7;0;1;1;15;1;
202300016314;155 651 645;B01;1;7;0;2;2;26;1;
202300016314;155 651 648;A01;1;2;0;0;4;1;1;
202300016315;155 651 643;B01;1;30;0;2;5;9;1;
202300016315;155 651 646;A01;1;7;0;2;3;9;2;
202300016316;155 651 644;A01;2;31;0;1;1;1;1;
202300016317;155 651 642;A01;1;7;0;1;1;1;1;
202300016318;155 651 640;A01;1;7;0;1;2;0;0;
202300016319;155 651 637;A01;2;7;8;0;1;13;1;
202300016320;155 651 638;A01;2;7;0;1;2;1;1;
202300016321;155 651 639;A01;3;7;0;0;7;19;1;
202300016321;155 651 641;B01;0;7;0;0;1;19;1;
202300016322;155 651 636;A01;2;30;0;0;1;26;1;
202300016323;155 651 635;A01;1;7;13;0;1;0;1;
202300016324;155 651 634;A01;2;7;6;0;1;1;1;
202300016325;155 651 629;A01;1;7;0;2;2;1;1;
202300016325;155 651 633;B01;2;50;0;2;1;19;3;
202300016326;155 651 631;A01;2;10;0;2;4;4;1;
202300016326;155 651 632;B01;1;33;0;2;1;23;1;
202300016327;155 651 627;A01;0;43;0;0;1;0;1;
202300016328;155 651 628;B01;1;7;0;2;0;0;1;
202300016328;155 651 630;A01;1;7;0;2;1;0;1;
202300016329;155 651 624;A01;3;7;1;0;3;5;3;
202300016330;155 651 622;A01;1;33;0;0;1;1;1;
202300016331;155 651 623;B01;2;17;0;2;1;1;0;
202300016331;155 651 626;A01;1;7;0;2;8;5;0;
202300016332;155 651 620;A01;3;7;16;2;0;0;1;
202300016332;155 651 625;B01;3;1;16;2;0;0;5;
202300016333;155 651 619;A01;2;7;1;2;5;15;1;
202300016333;155 651 621;B01;1;7;0;2;1;1;1;
202300016334;155 651 616;B01;3;7;0;2;2;1;2;
202300016334;155 651 618;A01;3;7;0;2;3;5;2;
202300016335;155 651 614;A01;1;7;0;0;2;10;3;
202300016335;155 651 617;B01;2;34;0;2;1;21;1;
202300016336;155 651 613;A01;1;7;0;1;1;17;2;
202300016337;155 651 611;A01;1;33;0;2;1;12;1;
202300016337;155 651 612;B01;1;7;0;2;3;2;3;
202300016337;155 651 615;C01;2;7;0;0;0;1;1;
202300016338;155 651 607;A01;2;33;0;2;3;17;1;
202300016338;155 651 608;B01;2;7;0;2;6;11;1;
202300016338;155 651 610;C01;2;7;0;2;5;23;1;
202300016339;155 651 606;B01;3;80;0;2;7;1;3;
202300016339;155 651 609;A01;3;7;0;2;3;16;1;
202300016340;155 651 601;A01;2;15;3;2;8;1;1;
202300016340;155 651 605;B01;2;7;0;2;2;14;1;
202300016341;155 651 599;A01;2;7;0;2;3;15;1;
202300016341;155 651 603;B01;2;43;0;2;1;1;1;
202300016342;155 651 598;A01;3;10;0;2;1;13;0;
202300016342;155 651 600;B01;3;7;0;2;1;1;1;
202300016343;155 651 597;A01;0;7;14;2;2;1;1;
202300016344;155 651 594;A01;1;17;0;2;2;12;1;
202300016344;155 651 596;B01;1;7;4;2;6;1;1;
202300016345;155 651 591;A01;2;1;0;2;7;1;5;
202300016345;155 651 595;B01;2;7;0;2;1;9;1;
202300016346;155 651 589;A01;1;10;0;1;5;4;0;
202300016347;155 651 587;A01;1;33;0;2;1;3;3;
202300016347;155 651 590;B01;1;10;0;2;0;0;1;
202300016347;155 651 593;C01;0;10;0;2;0;0;0;
202300016348;155 651 588;A01;1;7;0;2;3;10;1;
202300016348;155 651 592;B01;2;7;0;2;1;1;1;
202300016349;155 651 584;A01;1;7;4;0;4;1;1;
202300016350;155 651 579;B01;2;1;0;2;1;1;5;
202300016350;155 651 583;A01;1;37;0;2;6;1;1;1
202300016351;155 651 582;B01;1;10;0;2;2;16;1;
202300016351;155 651 586;A01;1;1;0;2;0;1;5;
202300016352;155 651 581;A01;1;7;0;2;5;15;1;
202300016352;155 651 585;B01;2;33;0;2;1;1;1;
202300016353;155 651 578;A01;2;13;0;2;3;10;6;
202300016353;155 651 580;B01;1;7;0;2;1;1;6;
202300016354;155 651 577;A01;1;50;0;0;0;2;3;
202300016355;155 651 570;B01;2;7;0;2;8;1;1;
202300016355;155 651 574;A01;1;7;0;2;8;1;1;
202300016356;155 651 572;B01;1;7;0;2;5;23;1;
202300016356;155 651 576;A01;1;43;1;0;1;18;1;
202300016357;155 651 569;A01;1;7;0;1;0;26;1;
202300016358;155 651 571;A01;2;80;0;2;1;5;3;
202300016358;155 651 575;B01;1;7;0;2;3;15;1;
202300016359;155 651 568;A01;2;7;0;2;1;1;0;
202300016359;155 651 573;B01;2;13;0;0;4;1;0;
202300016360;155 651 565;A01;1;34;0;0;1;1;1;
202300016361;155 651 564;A01;2;7;0;2;1;1;1;
202300016361;155 651 567;B01;1;1;0;2;8;19;5;
202300016362;155 651 562;A01;1;30;0;4;8;21;1;
202300016362;155 651 566;B01;3;40;0;2;3;1;3;
202300016363;155 651 563;A01;2;1;0;0;1;14;5;
202300016364;155 651 560;A01;3;50;0;1;1;1;3;
202300016365;155 651 558;B01;2;7;0;2;1;1;1;
202300016365;155 651 561;A01;2;7;0;2;7;19;1;
202300016366;155 651 555;B01;2;33;0;2;3;1;1;
202300016366;155 651 559;A01;1;7;0;2;8;17;1;
202300016367;155 651 554;A01;3;60;0;2;8;19;5;
202300016367;155 651 557;B01;1;7;1;0;1;2;1;
202300016368;155 651 553;A01;2;7;0;2;3;15;2;
202300016368;155 651 556;B01;2;50;0;2;7;17;3;
202300016369;155 651 552;A01;2;10;13;0;1;0;1;
202300016370;155 651 551;A01;0;10;16;0;0;1;1;
202300016371;155 651 548;A01;2;7;0;1;2;1;2;
202300016372;155 651 550;A01;2;7;0;1;1;1;1;
202300016373;155 651 545;B01;3;7;0;2;1;1;1;
202300016373;155 651 547;A01;3;2;0;2;1;5;1;
202300016374;155 651 546;A01;2;10;0;2;1;1;1;
202300016374;155 651 549;B01;2;1;0;2;4;1;5;
202300016375;155 651 544;A01;3;30;0;0;0;0;0;
202300016376;155 651 539;B01;1;1;0;2;8;1;5;
202300016376;155 651 542;A01;2;7;0;2;1;15;1;
202300016377;155 651 538;A01;2;10;6;0;1;16;1;
202300016378;155 651 540;A01;3;10;0;2;1;9;1;
202300016378;155 651 543;B01;3;80;0;2;4;1;3;
202300016379;155 651 535;A01;2;1;1;0;2;1;5;
202300016379;155 651 537;B01;2;1;0;0;8;23;5;
202300016380;155 651 536;B01;2;1;0;2;7;1;5;
202300016380;155 651 541;A01;2;50;0;2;8;1;3;
202300016381;155 651 531;B01;1;32;0;2;1;1;1;
202300016381;155 651 534;A01;2;7;0;2;5;15;1;
202300016382;155 651 530;A01;2;7;0;2;1;1;1;
202300016382;155 651 532;B01;2;7;0;2;3;20;1;
202300016383;155 651 529;A01;1;7;0;2;2;15;6;
202300016383;155 651 533;B01;2;2;0;2;2;13;1;
202300016384;155 651 525;A01;1;32;0;2;1;2;1;
202300016384;155 651 528;B01;1;7;0;0;4;0;1;
202300016385;155 651 526;A01;3;1;0;1;7;1;5;
202300016386;155 651 522;B01;2;7;0;2;3;1;1;
202300016386;155 651 524;A01;1;7;0;2;2;10;1;
202300016387;155 651 521;A01;1;7;0;2;3;5;1;
202300016387;155 651 523;B01;2;17;0;2;3;1;1;
202300016388;155 651 517;A01;1;7;13;0;0;1;1;
202300016389;155 651 515;A01;3;7;0;2;4;2;1;
202300016389;155 651 519;B01;3;1;0;2;1;2;5;
202300016390;155 651 514;A01;2;7;0;2;2;1;2;
202300016390;155 651 518;B01;2;43;0;2;3;1;1;
202300016391;155 651 512;B01;2;31;0;2;1;1;0;
202300016391;155 651 516;A01;3;7;0;2;3;9;1;
202300016392;155 651 513;A01;2;7;0;2;1;1;1;
202300016392;155 651 520;B01;1;7;0;2;2;13;1;
202300016393;155 651 509;A01;1;33;0;2;1;13;1;
202300016393;155 651 510;B01;2;7;0;2;3;1;2;
202300016394;155 651 506;A01;1;7;0;1;5;1;2;
202300016395;155 651 505;B01;1;33;0;2;3;1;1;
202300016395;155 651 508;A01;1;7;0;2;2;12;1;
202300016396;155 651 503;D01;1;7;0;2;4;23;1;
202300016396;155 651 504;A01;1;7;0;2;1;2;1;
202300016396;155 651 507;B01;1;7;0;2;1;2;1;
202300016396;155 651 511;C01;1;7;0;2;4;2;1;
202300016397;155 651 502;A01;1;7;0;1;2;1;1;
202300016398;155 651 500;A01;1;7;2;0;9;1;1;
202300016399;155 651 499;A01;3;33;13;0;9;1;1;
202300016400;155 651 498;A01;3;7;0;0;3;11;1;
202300016400;155 651 501;B01;3;34;0;0;2;1;1;
202300016401;155 651 497;A01;1;33;0;0;2;2;1;
202300016402;155 651 496;A01;1;7;0;1;4;4;1;
202300016403;155 651 494;A01;2;7;8;0;2;21;1;
202300016404;155 651 492;A01;3;7;0;1;1;1;1;
202300016405;155 651 493;A01;1;7;0;2;3;1;1;
202300016405;155 651 495;B01;2;7;0;2;3;13;1;
202300016406;155 651 489;B01;3;7;0;9;3;15;1;
202300016406;155 651 491;A01;3;80;0;2;2;1;3;
202300016407;155 651 488;A01;2;80;0;0;7;1;3;
202300016408;155 651 483;A01;3;7;0;2;1;2;1;
202300016408;155 651 487;B01;3;7;0;2;4;1;1;
202300016409;155 651 481;A01;2;33;0;2;1;1;1;
202300016409;155 651 484;B01;2;7;0;2;5;1;1;
202300016410;155 651 480;A01;1;7;0;2;1;13;0;
202300016410;155 651 485;B01;2;7;0;2;2;1;0;
202300016411;155 651 479;A01;2;7;0;2;3;17;1;
202300016411;155 651 482;B01;1;7;0;2;3;1;1;
202300016412;155 651 477;A01;3;7;17;0;1;21;1;
202300016413;155 651 472;B01;2;7;1;9;1;2;1;
202300016413;155 651 478;A01;2;1;1;2;7;2;5;
202300016414;155 651 473;A01;1;17;0;2;3;2;1;
202300016414;155 651 476;B01;2;10;0;2;1;13;3;
202300016415;155 651 470;A01;2;33;0;0;1;1;1;
202300016416;155 651 469;B01;1;10;0;0;1;2;1;
202300016416;155 651 471;C01;1;3;0;0;6;2;1;
202300016416;155 651 475;A01;1;10;0;0;3;2;1;
202300016417;155 651 468;A01;1;7;0;2;2;15;1;
202300016417;155 651 474;B01;3;0;0;2;1;1;0;
202300016418;155 651 464;B01;3;7;0;0;4;1;1;
202300016418;155 651 466;A01;3;2;0;2;1;1;1;
202300016419;155 651 462;A01;2;31;0;0;0;1;1;
202300016420;155 651 458;A01;2;7;0;2;7;13;1;
202300016420;155 651 460;B01;1;80;0;2;0;0;3;
202300016421;155 651 457;B01;1;7;0;2;4;1;1;
202300016421;155 651 459;A01;1;10;0;2;1;2;1;
202300016422;155 651 455;A01;1;7;0;1;2;1;1;
202300016423;155 651 454;B01;1;7;0;2;2;1;1;
202300016423;155 651 461;A01;1;30;0;2;1;9;1;
202300016424;155 651 450;B01;2;7;0;2;3;1;1;
202300016424;155 651 452;A01;1;7;0;2;3;17;1;
202300016425;155 651 451;A01;1;30;0;2;6;26;0;
202300016425;155 651 453;B01;1;7;0;2;1;0;0;
202300016426;155 651 449;A01;2;7;0;1;1;16;0;
202300016427;155 651 446;A01;2;15;0;2;2;2;1;
202300016427;155 651 448;B01;2;1;0;2;8;2;5;
202300016428;155 651 444;A01;2;7;0;2;1;17;1;
202300016428;155 651 447;B01;2;7;0;2;6;13;1;
202300016429;155 651 442;A01;1;32;0;2;1;17;1;
202300016430;155 651 443;A01;2;7;0;1;2;2;1;
202300016431;155 651 440;A01;2;31;13;0;3;1;1;
202300016432;155 651 437;A01;2;7;3;0;1;21;1;
202300016433;155 651 435;A01;1;33;13;0;7;0;1;
202300016434;155 651 433;A01;2;7;0;2;2;15;1;
202300016434;155 651 439;B01;2;32;0;2;8;1;1;
202300016435;155 651 434;A01;2;7;0;1;2;1;1;
202300016436;155 651 428;A01;2;7;0;1;1;1;2;
202300016437;155 651 426;A01;1;7;0;2;8;13;1;
202300016437;155 651 430;B01;2;1;13;2;8;1;5;
202300016438;155 651 425;A01;1;7;0;1;4;20;1;
202300016439;155 651 424;B01;2;50;11;2;1;1;3;
202300016439;155 651 429;A01;1;30;11;9;1;1;1;
202300016440;155 651 423;A01;1;7;0;2;4;1;1;
202300016440;155 651 427;B01;1;7;0;2;4;1;1;
202300016440;155 651 431;C01;1;7;0;2;1;1;1;
202300016441;155 651 421;A01;2;7;4;0;2;1;1;
202300016442;155 651 419;A01;1;33;0;2;1;1;1;
202300016442;155 651 422;B01;2;7;0;2;1;9;1;
202300016443;155 651 418;A01;2;32;0;1;7;26;1;
202300016444;155 651 417;A01;1;33;0;0;7;1;1;
202300016445;155 651 416;B01;1;7;0;2;3;0;1;
202300016445;155 651 420;A01;3;7;0;2;2;19;1;
202300016446;155 651 411;A01;1;7;2;2;9;17;1;
202300016446;155 651 414;B01;1;15;0;2;2;1;0;
202300016447;155 651 413;B01;1;33;13;2;9;1;1;
202300016447;155 651 415;A01;1;33;13;0;9;1;1;
202300016448;155 651 409;B01;3;32;0;2;1;1;1;
202300016448;155 651 410;A01;3;7;0;2;1;17;2;
202300016449;155 651 405;A01;1;7;0;2;3;13;1;
202300016449;155 651 408;B01;2;7;0;2;3;1;1;
202300016450;155 651 407;A01;1;7;0;2;1;18;1;
202300016450;155 651 412;B01;1;33;0;2;4;1;1;
202300016451;155 651 406;A01;2;1;0;0;0;1;5;
202300016452;155 651 403;A01;3;33;0;0;1;1;1;
202300016453;155 651 402;A01;1;7;0;1;1;15;0;
202300016454;155 651 401;A01;1;7;0;1;2;1;1;
202300016455;155 651 400;B01;2;7;0;2;8;1;1;
202300016455;155 651 404;A01;2;7;0;2;2;12;1;
202300016456;155 651 395;A01;3;2;0;2;1;1;1;
202300016456;155 651 399;B01;3;21;0;2;3;1;1;
202300016457;155 651 396;A01;2;7;3;0;1;1;1;
202300016458;155 651 394;A01;1;7;0;2;3;5;1;
202300016458;155 651 397;B01;2;15;0;2;3;1;1;
202300016459;155 651 393;A01;1;37;0;2;4;0;0;1
202300016459;155 651 398;B01;1;50;0;2;1;0;3;
202300016460;155 651 392;A01;1;7;2;0;1;13;1;
202300016461;155 651 389;A01;2;7;0;2;1;1;1;
202300016461;155 651 391;B01;2;7;0;2;4;1;1;
202300016462;155 651 387;A01;1;33;15;0;1;21;1;
202300016463;155 651 388;A01;2;30;0;2;1;13;3;
202300016463;155 651 390;B01;1;7;0;2;2;1;1;
202300016464;155 651 386;A01;0;7;0;1;3;1;1;
202300016465;155 651 381;A01;1;7;0;2;1;13;0;
202300016465;155 651 385;B01;2;7;8;2;1;1;0;
202300016466;155 651 382;A01;1;30;0;2;1;1;1;
202300016466;155 651 383;B01;2;10;0;2;3;1;1;
202300016467;155 651 380;A01;0;7;0;1;1;25;0;
202300016468;155 651 379;A01;2;7;0;2;1;1;0;
202300016468;155 651 384;B01;2;7;0;2;4;1;0;
202300016469;155 651 378;A01;1;7;0;1;1;1;1;
202300016470;155 651 377;A01;2;7;0;1;2;1;1;
202300016471;155 651 373;A01;3;7;1;0;1;0;1;
202300016472;155 651 370;A01;2;15;0;2;6;1;1;
202300016472;155 651 374;B01;1;7;0;2;3;1;1;
202300016473;155 651 372;A01;1;7;0;2;5;20;1;
202300016473;155 651 376;B01;1;1;0;2;2;18;5;
202300016474;155 651 371;A01;2;7;0;2;1;2;1;
202300016474;155 651 375;B01;2;7;0;2;4;2;1;
202300016475;155 651 367;A01;3;43;9;0;1;1;1;
202300016476;155 651 365;A01;1;7;0;0;3;1;1;
202300016476;155 651 369;B01;2;33;0;0;1;26;1;
202300016477;155 651 364;B01;2;7;0;2;1;1;1;
202300016477;155 651 368;A01;1;7;0;2;1;1;1;
202300016478;155 651 363;A01;2;7;0;2;1;2;1;
202300016478;155 651 366;B01;2;7;0;2;4;2;1;
202300016479;155 651 362;A01;1;7;2;0;1;14;1;
202300016480;155 651 360;A01;2;7;16;0;1;13;1;
202300016481;155 651 361;A01;3;7;0;1;3;1;1;
202300016482;155 651 359;A01;2;7;4;0;1;2;1;
202300016483;155 651 357;A01;2;80;0;0;4;1;3;
202300016483;155 651 358;B01;2;7;0;2;1;1;1;
202300016484;155 651 356;A01;1;7;4;0;2;0;1;
202300016485;155 651 352;A01;1;33;0;2;1;1;1;
202300016486;155 651 354;A01;1;10;0;2;3;15;1;
202300016486;155 651 355;B01;1;7;0;2;3;2;1;
202300016487;155 651 351;A01;2;7;0;2;8;22;1;
202300016487;155 651 353;B01;2;1;1;0;1;2;5;
202300016488;155 651 350;A01;1;7;4;0;3;2;1;
202300016489;155 651 349;A01;1;7;13;0;2;14;1;
202300016490;155 651 346;A01;1;14;0;9;1;13;1;
202300016490;155 651 348;B01;2;1;0;2;1;1;5;
202300016491;155 651 345;B01;1;7;0;0;0;15;2;
202300016491;155 651 347;A01;1;33;0;0;0;1;1;
202300016492;155 651 344;A01;2;7;4;0;1;1;1;
202300016493;155 651 341;A01;2;7;13;0;1;0;1;
202300016494;155 651 340;A01;2;7;4;0;0;1;1;
202300016495;155 651 342;A01;1;2;0;2;5;15;1;
202300016495;155 651 343;B01;2;15;0;2;2;1;1;
202300016496;155 651 335;A01;2;7;0;2;1;2;1;
202300016496;155 651 338;B01;2;10;0;2;4;2;0;
202300016497;155 651 334;A01;2;31;0;2;1;1;0;
202300016497;155 651 337;B01;1;7;0;2;3;1;0;
202300016498;155 651 332;A01;0;33;0;2;1;1;1;
202300016498;155 651 333;B01;0;10;0;2;7;11;1;
202300016498;155 651 336;C01;0;10;0;2;2;1;1;
202300016499;155 651 331;A01;2;7;4;0;2;1;1;
202300016500;155 651 330;A01;1;33;3;0;7;1;1;
202300016501;155 651 329;A01;1;7;0;2;2;15;1;
202300016501;155 651 339;B01;2;31;0;2;1;1;1;
202300016502;155 651 328;A01;1;10;3;0;1;1;1;
202300016503;155 651 325;A01;1;7;0;2;3;13;1;
202300016503;155 651 327;B01;2;7;0;2;3;1;1;
202300016504;155 651 324;A01;2;21;0;0;6;1;1;
202300016504;155 651 326;B01;2;7;8;2;1;2;1;
202300016505;155 651 323;A01;1;1;0;1;1;15;5;
202300016506;155 651 322;A01;1;7;4;0;2;2;1;
202300016507;155 651 321;A01;2;7;2;0;3;1;0;
202300016508;155 651 320;A01;2;33;0;0;0;1;1;
202300016509;155 651 318;A01;2;21;9;0;2;14;1;
202300016510;155 651 315;A01;1;33;0;0;0;1;1;
202300016511;155 651 314;A01;1;7;0;2;3;2;1;
202300016511;155 651 317;B01;2;34;0;2;2;26;1;
202300016512;155 651 313;A01;2;7;0;2;1;1;1;
202300016512;155 651 316;B01;2;7;0;2;3;1;1;
202300016512;155 651 319;C01;2;7;0;2;6;1;1;
202300016513;155 651 311;B01;3;31;0;2;8;19;1;
202300016513;155 651 312;A01;3;7;0;2;1;1;1;
202300016514;155 651 309;A01;1;7;2;0;1;1;0;
202300016515;155 651 308;A01;2;7;0;1;0;0;1;
202300016516;155 651 307;A01;1;7;0;2;4;2;1;
202300016516;155 651 310;B01;1;7;0;2;1;2;1;
202300016517;155 651 304;A01;1;33;0;0;0;1;1;
202300016518;155 651 301;A01;2;7;0;0;4;1;1;
202300016518;155 651 305;B01;2;7;0;2;1;1;1;
202300016518;155 651 306;C01;2;7;0;0;4;1;1;
202300016519;155 651 303;A01;1;7;6;0;1;1;1;
202300016520;155 651 300;B01;3;1;0;2;2;1;5;
202300016520;155 651 302;A01;3;7;0;2;3;16;1;
202300016521;155 651 299;A01;2;33;0;0;0;1;1;
202300016522;155 651 298;A01;1;7;0;1;2;16;1;
202300016523;155 651 294;A01;1;7;4;0;1;1;1;
202300016524;155 651 295;A01;2;33;0;2;1;1;1;
202300016524;155 651 297;B01;2;7;0;2;6;15;1;
202300016525;155 651 292;B01;1;17;0;0;5;1;0;
202300016525;155 651 296;A01;1;30;0;2;7;2;0;
202300016526;155 651 291;A01;2;7;0;2;1;1;1;
202300016526;155 651 293;B01;1;33;0;2;1;1;1;
202300016527;155 651 286;A01;1;7;4;2;3;2;1;
202300016527;155 651 290;B01;1;7;3;2;3;1;1;
202300016528;155 651 287;A01;2;7;0;2;2;15;6;
202300016528;155 651 289;B01;1;33;0;2;1;1;6;
202300016529;155 651 285;A01;1;99;0;0;0;14;6;
202300016530;155 651 284;A01;2;7;5;0;1;1;1;
202300016531;155 651 280;A01;1;38;13;0;2;14;1;2
202300016532;155 651 279;A01;2;7;12;1;3;1;1;
202300016533;155 651 276;B01;1;7;0;2;1;1;1;
202300016533;155 651 277;A01;2;33;0;2;1;13;1;
202300016534;155 651 272;A01;2;10;0;2;3;18;1;
202300016534;155 651 274;B01;2;7;3;2;1;12;1;
202300016534;155 651 278;C01;2;10;3;2;1;1;1;
202300016535;155 651 271;C01;1;7;0;2;1;2;1;
202300016535;155 651 273;B01;1;7;0;2;4;23;1;
202300016535;155 651 275;A01;1;7;0;2;4;23;1;
202300016536;155 651 268;A01;2;7;0;1;2;1;1;
202300016537;155 651 267;A01;1;7;3;0;3;15;1;
202300016537;155 651 270;B01;2;10;0;0;1;1;1;
202300016538;155 651 265;B01;1;10;0;9;1;1;0;
202300016538;155 651 266;A01;1;10;0;1;2;1;0;
202300016538;155 651 269;C01;1;7;0;0;0;23;0;
202300016539;155 651 262;A01;2;7;0;0;3;11;1;
202300016539;155 651 263;B01;2;50;0;2;0;2;3;
202300016540;155 651 261;A01;2;33;0;2;1;13;1;
202300016540;155 651 264;B01;1;7;0;2;3;1;1;
202300016541;155 651 259;B01;2;7;0;2;1;1;1;
202300016541;155 651 260;A01;1;7;0;2;2;18;1;
202300016542;155 651 258;A01;2;10;1;0;5;1;1;
202300016543;155 651 257;A01;1;7;13;0;0;1;0;
202300016544;155 651 255;B01;1;14;0;2;4;2;1;
202300016544;155 651 256;A01;1;33;0;2;1;2;1;
202300016545;155 651 252;A01;1;7;4;2;7;17;1;
202300016545;155 651 254;B01;1;7;0;0;3;1;1;
202300016546;155 651 251;A01;1;7;0;2;3;1;1;
202300016546;155 651 253;B01;2;7;0;2;3;0;1;
202300016547;155 651 250;A01;2;2;13;0;1;14;1;
202300016548;155 651 248;A01;3;10;0;1;4;20;1;
202300016549;155 651 247;A01;2;1;0;0;0;1;5;
202300016550;155 651 246;A01;2;7;0;2;3;13;1;
202300016550;155 651 249;B01;1;7;0;2;1;1;1;
202300016551;155 651 242;A01;1;7;0;2;3;2;1;
202300016551;155 651 244;B01;1;33;0;2;5;23;1;
202300016552;155 651 240;A01;1;7;0;2;1;1;1;
202300016552;155 651 245;B01;1;7;0;2;2;1;1;
202300016553;155 651 238;B01;1;14;0;2;3;1;1;
202300016553;155 651 239;A01;2;33;0;2;3;1;1;
202300016554;155 651 237;A01;0;31;0;0;2;9;1;
202300016555;155 651 236;A01;2;33;0;0;0;1;1;
202300016556;155 651 241;A01;2;7;0;2;1;15;1;
202300016556;155 651 243;B01;1;7;0;2;1;1;1;
202300016557;155 651 234;A01;3;2;0;2;2;2;1;
202300016557;155 651 235;B01;3;7;0;2;3;20;1;
202300016558;155 651 232;A01;1;1;0;1;1;1;5;
202300016559;155 651 233;A01;1;7;0;1;2;1;1;
202300016560;155 651 230;A01;2;10;0;1;4;4;1;
202300016561;155 651 228;B01;1;1;0;2;1;2;5;
202300016561;155 651 231;A01;1;14;0;2;5;2;1;
202300016562;155 651 227;A01;2;10;0;0;1;1;1;
202300016563;155 651 226;A01;1;7;0;2;2;21;1;
202300016563;155 651 229;B01;1;1;0;2;1;9;5;
202300016564;155 651 224;A01;3;7;0;9;1;26;1;
202300016564;155 651 225;B01;3;60;0;2;7;0;5;
202300016565;155 651 222;A01;1;7;15;0;1;13;2;
202300016566;155 651 220;A01;2;33;0;2;1;2;1;
202300016566;155 651 223;B01;2;13;0;0;6;2;1;
202300016567;155 651 217;A01;1;7;0;2;2;1;1;
202300016567;155 651 219;B01;3;50;0;2;8;26;3;
202300016568;155 651 218;A01;1;7;0;2;2;1;1;
202300016568;155 651 221;B01;2;7;0;2;1;1;1;
202300016569;155 651 215;A01;2;2;0;2;1;13;1;
202300016569;155 651 216;B01;1;7;0;2;3;1;1;
202300016570;155 651 214;A01;1;7;0;1;1;16;1;
202300016571;155 651 213;A01;1;33;13;0;0;9;1;
202300016572;155 651 212;A01;1;7;0;1;8;1;0;
202300016573;155 651 211;A01;1;33;6;0;3;0;1;
202300016574;155 651 210;A01;1;10;0;1;2;16;1;
202300016575;155 651 209;A01;1;30;0;0;7;1;3;
202300016576;155 651 208;A01;1;2;12;0;0;0;1;
202300016577;155 651 207;A01;1;7;13;0;9;1;1;
202300016578;155 651 204;A01;3;7;0;2;1;9;1;
202300016578;155 651 205;B01;3;7;8;0;5;1;1;
202300016579;155 651 202;B01;3;32;0;0;1;0;0;
202300016579;155 651 203;A01;3;7;0;0;3;0;0;
202300016580;155 651 201;A01;1;7;2;0;9;14;1;
202300016581;155 651 197;A01;2;7;0;2;1;0;1;
202300016581;155 651 199;B01;1;7;0;2;1;0;1;
202300016582;155 651 196;A01;0;33;0;2;1;17;0;
202300016582;155 651 198;B01;0;7;0;2;3;1;0;
202300016583;155 651 195;A01;2;7;0;2;8;1;1;
202300016583;155 651 200;B01;1;7;0;2;1;1;1;
202300016584;155 651 192;A01;1;7;0;2;2;0;0;
202300016584;155 651 194;B01;2;7;0;2;1;13;0;
202300016585;155 651 190;B01;2;7;16;0;4;15;1;
202300016585;155 651 193;A01;2;10;1;0;1;1;1;
202300016586;155 651 189;A01;1;43;0;2;7;18;1;
202300016586;155 651 191;B01;2;7;0;2;3;15;1;
202300016587;155 651 187;A01;1;1;1;0;1;1;5;
202300016588;155 651 184;A01;3;7;0;2;7;10;1;
202300016588;155 651 185;B01;3;7;0;2;1;1;1;
202300016589;155 651 183;A01;0;7;0;1;1;15;1;
202300016590;155 651 182;C01;2;7;0;9;3;1;0;
202300016590;155 651 186;A01;1;33;0;2;1;1;0;
202300016590;155 651 188;B01;2;7;0;2;5;15;0;
202300016591;155 651 181;A01;2;7;0;1;2;1;0;