Num_Acc;id_vehicule;num_veh;senc;catv;obs;obsm;choc;manv;motor;occutc
202300016860;155 650 694;A01;2;7;0;2;1;16;1;
202300016861;155 650 692;B01;1;7;0;2;3;1;1;
202300016861;155 650 695;A01;2;7;0;2;3;13;1;
202300016862;155 650 688;A01;2;17;0;0;7;1;1;
202300016863;155 650 689;A01;1;1;1;0;9;26;5;
202300016864;155 650 682;A01;2;7;14;2;6;10;1;
202300016864;155 650 685;B01;2;7;0;2;2;1;1;
202300016865;155 650 684;B01;1;33;0;2;1;1;1;
202300016865;155 650 686;A01;1;7;1;2;7;20;1;
202300016866;155 650 683;B01;1;7;0;2;6;1;1;
202300016866;155 650 687;A01;2;33;0;2;2;21;1;
202300016867;155 650 679;A01;3;32;0;2;1;17;1;
202300016867;155 650 680;B01;3;7;0;2;1;1;1;
202300016868;155 650 681;A01;3;7;2;0;2;13;1;
202300016869;155 650 677;A01;2;10;0;1;2;15;3;
202300016870;155 650 675;A01;0;7;0;2;8;10;1;
202300016870;155 650 676;B01;0;34;0;2;1;1;1;
202300016871;155 650 672;A01;1;7;0;2;6;20;1;
202300016871;155 650 674;B01;1;33;0;2;1;17;1;
202300016872;155 650 673;A01;3;7;0;2;2;13;1;
202300016872;155 650 678;B01;3;7;0;2;3;2;1;
202300016873;155 650 670;A01;3;7;0;1;0;1;1;
202300016874;155 650 668;B01;0;34;0;2;8;1;1;
202300016874;155 650 669;A01;3;7;0;2;2;1;1;
202300016875;155 650 663;A01;2;7;0;2;1;2;0;
202300016875;155 650 665;B01;2;33;0;2;4;2;1;
202300016876;155 650 661;B01;1;7;0;2;4;23;1;
202300016876;155 650 664;A01;1;7;0;2;2;2;1;
202300016877;155 650 662;A01;2;7;0;2;2;15;1;
202300016877;155 650 666;B01;1;7;0;2;1;1;1;
202300016878;155 650 658;A01;2;33;0;0;4;1;1;
202300016879;155 650 659;A01;2;7;9;0;1;1;1;
202300016880;155 650 655;A01;1;7;0;2;3;13;1;
202300016880;155 650 657;B01;2;10;0;2;3;1;1;
202300016881;155 650 650;A01;2;10;0;2;4;2;1;
202300016881;155 650 653;B01;2;10;0;2;1;2;1;
202300016881;155 650 654;C01;2;7;0;2;0;0;1;
202300016882;155 650 649;A01;3;2;0;2;1;5;1;
202300016882;155 650 652;B01;3;7;0;2;2;1;1;
202300016883;155 650 651;A01;3;7;1;2;6;4;1;
202300016883;155 650 656;B01;3;7;1;2;1;13;1;
202300016884;155 650 646;B01;1;33;0;2;1;2;1;
202300016884;155 650 647;A01;1;7;0;2;5;2;1;
202300016885;155 650 643;C01;1;7;0;2;4;2;1;
202300016885;155 650 645;A01;1;37;0;2;1;2;1;1
202300016885;155 650 648;B01;1;7;0;2;4;2;1;
202300016886;155 650 641;B01;1;32;0;0;7;2;0;
202300016886;155 650 644;A01;2;7;0;2;2;15;1;
202300016887;155 650 640;A01;0;2;0;2;7;1;1;
202300016887;155 650 642;B01;3;7;0;2;1;26;1;
202300016888;155 650 638;B01;0;15;1;0;4;24;1;
202300016888;155 650 639;A01;0;7;1;0;1;2;1;
202300016889;155 650 637;A01;3;7;6;0;1;20;1;
202300016890;155 650 633;A01;3;7;0;1;1;1;1;
202300016891;155 650 634;A01;1;7;0;1;2;1;1;
202300016892;155 650 632;A01;2;7;4;0;3;1;1;
202300016893;155 650 631;B01;0;7;0;2;4;1;1;
202300016893;155 650 635;C01;3;7;0;2;4;1;1;
202300016893;155 650 636;A01;1;7;0;2;1;1;1;
202300016894;155 650 629;A01;3;7;0;2;3;15;1;
202300016894;155 650 630;B01;3;2;0;2;1;1;1;
202300016895;155 650 627;B01;2;10;0;2;4;2;1;
202300016895;155 650 628;A01;2;7;0;2;1;2;1;
202300016896;155 650 623;A01;2;7;0;2;1;2;1;
202300016896;155 650 624;B01;2;17;0;2;4;2;1;
202300016897;155 650 622;B01;1;7;0;2;4;23;1;
202300016897;155 650 625;A01;1;33;0;2;1;2;1;
202300016898;155 650 620;A01;1;7;3;0;0;1;1;
202300016899;155 650 621;A01;2;33;0;2;1;1;1;
202300016899;155 650 626;B01;1;7;0;2;0;0;1;
202300016900;155 650 619;A01;1;7;8;1;1;1;0;
202300016901;155 650 617;A01;2;7;0;2;5;12;1;
202300016901;155 650 618;B01;2;33;0;2;3;3;1;
202300016902;155 650 613;A01;2;7;0;2;3;13;0;
202300016902;155 650 615;B01;2;33;0;2;1;2;0;
202300016903;155 650 612;A01;1;7;0;2;1;0;1;
202300016903;155 650 614;B01;1;43;0;2;4;0;1;
202300016904;155 650 616;A01;1;7;0;1;3;1;1;
202300016905;155 650 607;B01;1;7;4;2;5;1;1;
202300016905;155 650 610;A01;1;34;4;2;1;1;1;
202300016906;155 650 606;A01;1;33;0;2;1;2;1;
202300016906;155 650 608;B01;1;7;0;0;4;2;1;
202300016907;155 650 603;C01;1;7;0;2;4;1;1;
202300016907;155 650 605;D01;1;7;0;2;4;1;1;
202300016907;155 650 609;A01;1;7;0;2;1;1;1;
202300016907;155 650 611;B01;1;7;0;2;4;1;1;
202300016908;155 650 601;C01;2;7;0;2;1;1;1;
202300016908;155 650 602;B01;2;7;0;0;7;1;1;
202300016908;155 650 604;A01;2;7;0;2;1;26;1;
202300016909;155 650 597;B01;2;33;0;2;4;2;1;
202300016909;155 650 599;A01;2;7;0;2;1;2;1;
202300016910;155 650 596;A01;2;7;0;1;2;2;1;
202300016911;155 650 598;B01;0;7;0;2;3;1;1;
202300016911;155 650 600;A01;0;43;0;2;1;17;1;
202300016912;155 650 593;B01;2;14;0;2;4;1;1;
202300016912;155 650 595;A01;2;33;0;2;6;3;1;
202300016913;155 650 594;A01;1;7;2;0;1;14;1;
202300016914;155 650 589;A01;2;31;0;2;1;2;1;
202300016914;155 650 592;B01;2;7;0;2;4;2;1;
202300016915;155 650 590;A01;2;7;0;1;1;1;1;
202300016916;155 650 588;A01;1;7;0;2;1;2;1;
202300016916;155 650 591;B01;1;7;0;2;4;2;0;
202300016917;155 650 584;B01;3;7;0;2;3;1;1;
202300016917;155 650 586;A01;3;7;0;2;3;1;1;
202300016918;155 650 585;A01;1;7;0;2;3;11;1;
202300016918;155 650 587;B01;1;33;4;2;7;26;1;
202300016919;155 650 582;A01;2;7;8;0;1;1;1;
202300016920;155 650 581;B01;3;33;0;2;1;1;1;
202300016920;155 650 583;A01;3;7;0;2;8;20;1;
202300016921;155 650 580;A01;1;7;0;2;7;26;1;
202300016922;155 650 576;B01;1;50;0;2;1;1;3;
202300016922;155 650 579;A01;1;10;0;2;3;9;1;
202300016923;155 650 577;A01;3;7;0;2;4;1;1;
202300016923;155 650 578;Z01;3;7;0;2;1;2;0;
202300016924;155 650 574;A01;1;7;0;9;3;1;1;
202300016924;155 650 575;B01;1;1;0;2;2;1;5;
202300016925;155 650 572;A01;1;7;0;2;1;2;1;
202300016925;155 650 573;B01;1;7;0;2;4;2;1;
202300016926;155 650 571;A01;3;30;0;1;1;2;0;
202300016927;155 650 568;B01;3;33;0;2;0;0;0;
202300016927;155 650 570;A01;3;7;0;2;8;26;0;
202300016928;155 650 567;A01;1;33;0;1;0;17;1;
202300016929;155 650 565;B01;2;7;0;2;1;1;1;
202300016929;155 650 566;C01;2;7;0;2;1;1;1;
202300016929;155 650 569;A01;3;7;0;2;8;15;1;
202300016930;155 650 564;A01;1;7;0;1;1;1;1;
202300016931;155 650 563;A01;2;7;0;1;1;1;1;
202300016932;155 650 561;A01;2;7;0;2;2;12;1;
202300016932;155 650 562;B01;2;33;0;2;3;3;1;
202300016933;155 650 557;A01;2;17;0;2;2;12;1;
202300016933;155 650 558;B01;2;7;0;2;8;1;1;
202300016934;155 650 559;A01;1;7;0;2;2;12;1;
202300016934;155 650 560;B01;1;7;9;2;6;2;1;
202300016935;155 650 554;A01;2;33;0;2;1;11;3;
202300016935;155 650 555;B01;2;7;0;2;2;1;1;
202300016935;155 650 556;C01;2;7;0;2;4;1;1;
202300016936;155 650 552;A01;3;7;0;2;1;15;1;
202300016936;155 650 553;B01;3;7;0;2;2;1;1;
202300016937;155 650 551;A01;2;10;0;1;1;16;1;
202300016938;155 650 550;A01;3;10;0;0;2;0;1;
202300016939;155 650 548;A01;1;40;0;1;7;1;3;
202300016940;155 650 549;A01;2;50;0;1;1;25;3;
202300016941;155 650 546;A01;1;32;0;1;1;1;1;
202300016942;155 650 545;A01;2;33;14;2;1;13;1;
202300016942;155 650 547;B01;1;7;0;2;1;23;1;
202300016943;155 650 543;A01;0;7;0;0;2;1;1;
202300016944;155 650 542;AB01;3;80;0;2;7;19;3;
202300016944;155 650 544;A01;2;43;0;2;1;1;1;
202300016945;155 650 540;A01;1;7;0;2;3;9;1;
202300016945;155 650 541;B01;1;33;0;2;2;1;1;
202300016946;155 650 539;A01;1;14;0;1;2;1;1;
202300016947;155 650 537;A01;1;1;0;0;1;1;5;
202300016948;155 650 538;A01;3;10;0;1;1;15;0;
202300016949;155 650 536;A01;2;32;0;1;1;15;1;
202300016950;155 650 534;B01;2;10;0;2;1;1;0;
202300016950;155 650 535;A01;3;10;0;2;8;15;0;
202300016951;155 650 531;A01;2;7;0;2;3;9;1;
202300016951;155 650 533;B01;1;50;0;2;1;15;3;
202300016952;155 650 532;A01;3;33;0;1;3;16;1;
202300016953;155 650 527;A01;1;1;0;2;1;15;5;
202300016953;155 650 528;B01;2;7;0;2;2;16;1;
202300016954;155 650 526;A01;1;7;0;1;8;16;1;
202300016955;155 650 524;A01;3;7;0;1;1;20;1;
202300016956;155 650 525;A01;2;1;12;0;2;16;5;
202300016957;155 650 521;B01;2;7;0;2;4;23;0;
202300016957;155 650 522;Z01;2;7;0;2;1;2;0;
202300016958;155 650 520;B01;2;32;0;2;5;17;3;
202300016958;155 650 523;A01;2;7;0;2;1;13;1;
202300016959;155 650 519;A01;3;7;1;0;1;26;1;
202300016960;155 650 518;A01;3;80;0;1;1;1;3;
202300016961;155 650 516;A01;1;7;0;2;1;1;1;
202300016961;155 650 517;B01;2;7;0;2;1;1;1;
202300016962;155 650 515;A01;3;7;4;0;1;1;1;
202300016963;155 650 514;A01;1;50;12;0;0;14;3;
202300016964;155 650 513;A01;1;7;0;1;4;26;1;
202300016965;155 650 511;B01;2;2;0;2;1;1;1;
202300016965;155 650 512;A01;1;7;0;2;5;15;0;
202300016966;155 650 509;C01;2;7;0;0;1;5;1;
202300016966;155 650 510;A01;1;33;0;1;1;17;1;
202300016967;155 650 505;A01;3;10;0;2;1;19;1;
202300016967;155 650 508;B01;3;7;0;2;8;0;1;
202300016968;155 650 506;C01;3;13;0;2;7;0;-1;
202300016968;155 650 507;B01;3;30;0;2;6;0;1;
202300016969;155 650 502;A01;2;7;0;2;8;15;1;
202300016969;155 650 504;B01;2;7;7;2;3;1;1;
202300016970;155 650 503;A01;3;7;1;0;1;11;1;
202300016971;155 650 499;A01;1;7;0;2;3;5;1;
202300016971;155 650 500;B01;2;7;0;2;1;1;1;
202300016972;155 650 498;A01;2;7;0;2;4;0;1;
202300016972;155 650 501;B01;2;7;0;2;1;0;1;
202300016973;155 650 497;A01;1;7;0;1;1;26;1;
202300016974;155 650 495;B01;0;7;0;2;1;1;0;
202300016974;155 650 496;A01;0;10;0;2;2;2;0;
202300016975;155 650 493;Z01;1;7;0;2;2;17;1;
202300016975;155 650 494;B01;1;7;0;2;8;15;1;
202300016976;155 650 491;A01;1;32;0;2;1;5;1;
202300016976;155 650 492;B01;2;37;0;2;3;1;1;1
202300016977;155 650 488;A01;1;7;0;2;3;2;1;
202300016977;155 650 490;B01;1;7;0;2;4;0;1;
202300016978;155 650 487;A01;1;7;0;2;3;15;1;
202300016978;155 650 489;B01;1;60;0;2;1;1;5;
202300016979;155 650 485;B01;0;50;0;2;1;3;3;
202300016979;155 650 486;A01;1;7;0;0;4;9;1;
202300016980;155 650 484;A01;1;7;0;1;1;1;1;
202300016981;155 650 482;B01;1;7;0;2;3;15;1;
202300016981;155 650 483;A01;2;2;0;2;1;5;1;
202300016982;155 650 479;A01;3;7;0;2;3;2;1;
202300016982;155 650 481;B01;3;1;0;2;1;19;5;
202300016983;155 650 475;A01;2;7;0;9;3;15;1;
202300016983;155 650 477;B01;1;1;0;2;1;1;5;
202300016984;155 650 476;A01;3;7;14;1;5;4;1;
202300016985;155 650 473;A01;0;7;0;1;4;20;1;
202300016986;155 650 474;A01;1;7;1;0;2;1;1;
202300016987;155 650 470;A01;1;7;0;2;2;14;-1;
202300016987;155 650 472;B01;1;7;0;2;3;1;-1;
202300016988;155 650 469;A01;3;7;8;0;1;15;1;
202300016989;155 650 468;A01;0;32;0;2;8;15;1;
202300016989;155 650 471;B01;0;7;0;2;2;26;1;
202300016990;155 650 466;Z01;1;7;0;0;6;1;0;
202300016990;155 650 467;A01;2;30;0;2;6;17;1;
202300016991;155 650 465;A01;1;7;0;1;3;1;1;
202300016992;155 650 462;B01;1;7;0;2;3;1;1;
202300016992;155 650 464;A01;1;7;0;2;3;13;1;
202300016993;155 650 463;A01;1;7;0;1;3;15;1;
202300016994;155 650 461;A01;3;7;15;0;9;1;1;
202300016995;155 650 459;A01;3;7;0;1;2;16;1;
202300016996;155 650 458;A01;0;7;0;2;8;15;1;
202300016996;155 650 460;B01;0;33;0;2;1;3;1;
202300016997;155 650 457;A01;3;10;0;1;3;16;1;
202300016998;155 650 456;A01;1;7;1;0;1;0;1;
202300016999;155 650 454;A01;0;10;0;2;1;15;1;
202300016999;155 650 455;B01;0;43;8;0;4;1;1;
202300017000;155 650 452;A01;1;7;0;2;2;15;1;
202300017000;155 650 453;B01;2;7;0;2;3;1;1;
202300017001;155 650 450;A01;1;7;0;2;3;14;1;
202300017001;155 650 451;B01;1;33;0;2;7;1;1;
202300017002;155 650 448;B01;2;15;0;2;8;1;1;
202300017002;155 650 449;A01;2;33;0;2;2;12;1;
202300017003;155 650 444;B01;2;7;0;2;2;1;2;
202300017003;155 650 446;A01;2;43;0;2;1;18;1;
202300017004;155 650 445;B01;3;14;0;2;2;0;4;
202300017004;155 650 447;A01;3;7;16;0;9;6;1;
202300017005;155 650 442;A01;1;32;0;2;1;1;1;
202300017005;155 650 443;B01;1;7;0;2;3;9;1;
202300017006;155 650 439;A01;0;10;0;2;3;1;1;
202300017006;155 650 440;B01;0;1;0;2;1;5;5;
202300017007;155 650 438;A01;3;7;0;2;1;2;1;
202300017007;155 650 441;B01;3;33;0;2;4;0;1;
202300017008;155 650 437;A01;1;7;1;1;2;1;1;
202300017009;155 650 436;A01;1;33;0;0;0;21;1;
202300017010;155 650 434;A01;3;7;0;2;2;15;2;
202300017010;155 650 435;B01;3;33;0;2;1;1;1;
202300017011;155 650 432;A01;2;7;0;2;3;13;1;
202300017011;155 650 433;B01;1;10;0;2;2;21;1;
202300017012;155 650 430;A01;3;7;0;2;3;22;1;
202300017012;155 650 431;B01;3;2;0;2;1;16;1;
202300017013;155 650 429;A01;1;7;0;1;1;1;1;
202300017014;155 650 428;A01;3;36;0;0;9;1;1;
202300017015;155 650 427;A01;2;7;0;1;1;1;1;
202300017016;155 650 426;A01;1;1;0;6;0;0;5;
202300017017;155 650 424;B01;2;7;0;2;6;1;2;
202300017017;155 650 425;A01;1;7;0;2;3;13;1;
202300017018;155 650 423;A01;1;33;1;0;1;21;1;
202300017019;155 650 422;A01;2;33;0;1;1;1;3;
202300017020;155 650 421;A01;2;7;4;0;9;14;1;
202300017021;155 650 419;A01;3;32;0;4;1;1;0;
202300017021;155 650 420;B01;3;40;0;2;1;1;3;
202300017022;155 650 417;A01;1;1;1;1;1;1;5;
202300017023;155 650 416;A01;0;7;0;2;3;2;0;
202300017023;155 650 418;B01;0;2;0;2;1;1;0;
202300017024;155 650 414;A01;1;7;0;2;8;1;1;
202300017024;155 650 415;B01;3;37;0;2;1;1;1;1
202300017025;155 650 413;A01;1;7;0;0;0;0;0;
202300017026;155 650 411;A01;1;7;0;2;7;1;1;
202300017026;155 650 412;B01;1;7;0;2;1;26;1;
202300017027;155 650 409;A01;3;7;8;0;2;14;0;
202300017028;155 650 408;B01;1;7;0;2;7;0;1;
202300017028;155 650 410;A01;2;10;0;2;1;1;1;
202300017029;155 650 406;A01;3;7;0;2;3;15;1;
202300017029;155 650 407;B01;3;7;0;2;1;2;1;
202300017030;155 650 405;A01;2;7;8;0;1;1;1;
202300017031;155 650 404;A01;3;7;0;1;0;19;1;
202300017032;155 650 402;A01;1;7;0;2;3;1;0;
202300017032;155 650 403;B01;1;0;0;2;0;12;0;
202300017033;155 650 400;A01;1;7;0;2;8;15;1;
202300017033;155 650 401;B01;1;33;0;2;1;17;1;
202300017034;155 650 398;B01;1;7;0;2;2;1;1;
202300017034;155 650 399;A01;1;7;0;2;3;15;1;
202300017035;155 650 395;B01;1;7;12;0;1;1;2;
202300017035;155 650 397;A01;2;10;6;2;3;9;1;
202300017036;155 650 396;A01;1;7;16;0;1;14;1;
202300017037;155 650 393;A01;3;7;0;2;1;9;1;
202300017037;155 650 394;B01;3;7;0;2;8;1;1;
202300017038;155 650 390;B01;2;7;0;2;3;1;0;
202300017038;155 650 392;A01;1;7;0;2;3;1;0;
202300017039;155 650 389;A01;1;10;0;2;7;26;1;
202300017039;155 650 391;B01;1;2;0;2;1;2;1;
202300017040;155 650 388;A01;1;33;4;0;3;17;6;
202300017041;155 650 386;A01;2;7;2;0;2;14;1;
202300017042;155 650 385;B01;0;7;0;2;8;0;1;
202300017042;155 650 387;A01;0;7;0;2;1;9;0;
202300017043;155 650 383;B01;3;7;11;2;8;1;1;
202300017043;155 650 384;A01;3;7;0;2;1;1;0;
202300017044;155 650 381;A01;2;21;0;2;2;19;1;
202300017044;155 650 382;B01;1;7;0;2;3;1;1;
202300017045;155 650 379;A01;1;30;0;2;1;17;1;
202300017045;155 650 380;B01;1;7;0;2;6;9;1;
202300017046;155 650 376;A01;0;30;0;0;0;0;1;
202300017046;155 650 377;B01;3;7;0;2;0;0;1;
202300017047;155 650 375;A01;1;33;0;2;8;10;1;
202300017047;155 650 378;B01;1;7;0;2;1;1;1;
202300017048;155 650 372;A01;2;30;0;2;1;2;1;
202300017048;155 650 374;B01;2;7;0;2;4;2;1;
202300017049;155 650 371;A01;3;2;0;2;1;13;1;
202300017049;155 650 373;B01;3;7;0;2;3;1;1;
202300017050;155 650 369;A01;2;7;0;9;1;2;1;
202300017050;155 650 370;B01;2;1;0;2;4;1;5;
202300017051;155 650 366;B01;1;33;0;2;1;1;1;
202300017051;155 650 367;A01;2;7;0;2;1;15;1;
202300017052;155 650 364;A01;2;7;0;2;3;13;1;
202300017052;155 650 365;B01;1;7;0;2;3;1;1;
202300017053;155 650 363;A01;-1;7;15;0;3;1;1;
202300017054;155 650 360;B01;1;33;0;2;1;1;1;
202300017054;155 650 362;A01;3;10;0;2;3;15;1;
202300017055;155 650 358;A01;1;7;0;2;1;13;1;
202300017055;155 650 359;B01;2;7;0;2;1;1;1;
202300017055;155 650 361;C01;1;7;0;2;1;2;1;
202300017056;155 650 354;A01;3;7;0;2;4;23;1;
202300017056;155 650 356;B01;0;7;0;0;1;1;1;
202300017057;155 650 353;B01;2;7;0;2;3;1;1;
202300017057;155 650 355;A01;2;7;0;2;1;1;1;
202300017057;155 650 357;C01;1;7;0;2;7;1;1;
202300017058;155 650 352;A01;1;7;3;0;1;1;1;
202300017059;155 650 350;A01;3;7;0;2;3;1;1;
202300017059;155 650 351;B01;3;1;0;0;1;1;5;
202300017060;155 650 348;B01;2;2;0;2;1;1;1;
202300017060;155 650 349;A01;1;7;0;2;3;15;1;
202300017061;155 650 347;A01;1;7;0;1;5;1;1;
202300017062;155 650 344;B01;2;80;0;2;8;1;3;
202300017062;155 650 346;A01;1;7;0;9;3;17;1;
202300017063;155 650 345;A01;1;2;0;0;7;9;1;
202300017064;155 650 341;B01;2;7;0;2;1;1;1;
202300017064;155 650 343;A01;1;10;0;2;1;13;1;
202300017065;155 650 342;A01;2;7;2;0;3;13;1;
202300017066;155 650 340;A01;2;7;0;1;1;1;1;
202300017067;155 650 339;A01;1;33;0;0;9;1;1;
202300017068;155 650 337;A01;1;7;0;2;3;13;1;
202300017068;155 650 338;B01;2;7;0;2;3;1;1;
202300017069;155 650 335;A01;2;7;0;2;3;19;1;
202300017069;155 650 336;B01;2;7;0;2;2;1;1;
202300017070;155 650 332;A01;3;33;11;0;0;1;1;
202300017070;155 650 333;B01;3;7;0;0;0;9;1;
202300017071;155 650 331;A01;2;7;0;2;1;1;1;
202300017071;155 650 334;B01;1;7;0;2;1;13;1;
202300017072;155 650 329;A01;2;33;3;9;8;0;1;
202300017073;155 650 330;A01;3;10;13;0;1;13;1;
202300017074;155 650 324;A01;3;2;0;2;8;5;1;
202300017074;155 650 327;B01;3;7;0;2;2;1;1;
202300017075;155 650 325;A01;2;7;0;2;1;1;1;
202300017075;155 650 326;B01;2;7;0;2;1;16;1;
202300017075;155 650 328;C01;1;10;0;2;1;1;1;
202300017076;155 650 322;A01;2;7;13;0;1;1;1;
202300017077;155 650 321;A01;1;7;1;0;1;1;1;
202300017077;155 650 323;B01;1;10;0;2;6;23;1;
202300017078;155 650 319;A01;1;7;2;0;3;13;1;
202300017079;155 650 318;B01;1;7;0;2;3;1;1;
202300017079;155 650 320;A01;2;7;0;2;2;1;1;
202300017080;155 650 316;A01;1;7;0;2;1;15;1;
202300017080;155 650 317;B01;2;2;0;0;8;1;1;
202300017081;155 650 315;A01;1;7;17;0;3;1;1;
202300017082;155 650 312;A01;1;7;0;2;1;1;1;
202300017082;155 650 314;B01;2;2;0;0;0;1;1;
202300017083;155 650 311;A01;2;7;0;1;1;1;1;
202300017084;155 650 307;A01;1;7;0;2;1;1;1;
202300017084;155 650 309;B01;2;30;0;2;1;1;1;
202300017085;155 650 306;A01;1;7;0;2;7;15;1;
202300017085;155 650 308;B01;2;7;0;2;1;1;0;
202300017086;155 650 302;A01;1;31;0;6;8;1;1;
202300017087;155 650 301;A01;1;7;2;0;9;1;1;
202300017088;155 650 299;A01;1;7;16;0;9;0;1;
202300017089;155 650 296;A01;2;10;0;2;3;13;1;
202300017089;155 650 297;B01;1;7;0;2;3;1;1;
202300017089;155 650 298;C01;1;10;0;2;8;1;1;
202300017089;155 650 300;D01;1;7;0;2;8;1;1;
202300017090;155 650 295;A01;3;7;0;0;0;1;1;
202300017091;155 650 293;A01;1;2;0;0;0;0;1;
202300017092;155 650 292;B01;2;7;0;0;4;0;1;
202300017092;155 650 294;A01;2;37;0;2;3;2;1;1
202300017093;155 650 290;B01;2;10;0;0;4;24;1;
202300017093;155 650 291;A01;2;10;1;0;2;1;1;
202300017094;155 650 285;C01;1;7;0;2;4;2;1;
202300017094;155 650 288;A01;1;7;0;2;1;1;1;
202300017094;155 650 289;B01;1;7;0;2;1;1;1;
202300017095;155 650 282;A01;2;7;0;2;3;1;1;
202300017095;155 650 283;B01;1;7;0;2;3;3;1;
202300017096;155 650 281;A01;2;7;13;0;1;0;1;
202300017097;155 650 278;A01;1;7;2;0;5;0;1;
202300017098;155 650 277;A01;2;7;0;2;2;2;1;
202300017098;155 650 279;B01;2;7;0;2;3;2;1;
202300017098;155 650 280;C01;2;7;0;2;4;2;1;
202300017099;155 650 276;A01;2;15;4;0;7;9;1;
202300017100;155 650 274;A01;2;2;0;2;1;5;1;
202300017100;155 650 275;B01;1;10;0;2;1;1;1;
202300017101;155 650 272;A01;2;2;0;2;1;1;1;
202300017101;155 650 273;B01;1;10;0;2;2;13;1;
202300017102;155 650 271;A01;3;31;6;0;1;0;1;
202300017103;155 650 269;A01;3;7;0;2;3;19;1;
202300017103;155 650 270;B01;3;2;0;2;1;17;1;
202300017104;155 650 268;A01;1;7;2;0;0;14;1;
202300017105;155 650 267;A01;1;7;0;0;0;1;1;
202300017106;155 650 264;A01;1;7;0;0;4;1;1;
202300017106;155 650 266;B01;1;7;0;2;1;2;1;
202300017107;155 650 263;A01;1;33;0;2;9;1;1;
202300017107;155 650 265;B01;2;37;0;2;3;1;1;35
202300017108;155 650 262;A01;0;2;6;9;1;1;1;
202300017109;155 650 261;A01;2;33;0;0;1;26;1;
202300017110;155 650 258;A01;0;7;15;1;1;2;0;
202300017111;155 650 257;A01;2;7;0;1;4;20;1;
202300017112;155 650 254;A01;2;7;0;2;2;5;1;
202300017112;155 650 256;B01;1;7;0;2;1;1;1;
202300017113;155 650 253;A01;2;2;8;2;2;17;1;
202300017113;155 650 255;B01;2;7;12;2;3;15;1;
202300017114;155 650 250;A01;3;7;0;2;1;19;0;
202300017114;155 650 252;B01;3;7;0;0;3;1;0;
202300017115;155 650 251;A01;1;7;0;0;1;16;1;
202300017116;155 650 248;A01;2;7;0;2;3;13;1;
202300017116;155 650 249;B01;1;7;0;2;3;21;1;
202300017117;155 650 247;A01;1;7;2;0;9;13;1;
202300017118;155 650 245;B01;1;7;0;2;2;15;3;
202300017118;155 650 246;A01;2;33;0;2;1;1;1;
202300017119;155 650 243;A01;1;33;0;2;8;13;0;
202300017119;155 650 244;B01;2;7;0;0;1;1;0;
202300017120;155 650 242;A01;0;36;8;0;2;1;0;
202300017121;155 650 240;A01;1;33;13;0;1;1;1;
202300017121;155 650 241;B01;1;33;13;0;1;1;1;
202300017122;155 650 239;A01;1;7;2;0;8;1;1;
202300017123;155 650 235;B01;1;10;1;0;1;2;1;
202300017123;155 650 238;A01;1;7;0;2;3;23;1;
202300017124;155 650 236;B01;1;2;0;2;1;9;1;
202300017124;155 650 237;A01;1;10;0;0;3;9;1;
202300017125;155 650 233;A01;1;7;0;2;8;15;1;
202300017125;155 650 234;B01;1;33;0;2;1;1;1;
202300017126;155 650 230;A01;1;7;0;2;5;1;0;
202300017126;155 650 231;B01;1;33;0;2;1;3;1;
202300017127;155 650 232;A01;1;2;1;0;1;1;1;
202300017128;155 650 227;A01;1;33;0;0;9;0;1;
202300017129;155 650 226;A01;2;7;0;2;1;2;1;
202300017129;155 650 228;B01;2;7;0;2;4;1;1;
202300017129;155 650 229;C01;2;7;0;2;4;1;1;
202300017130;155 650 223;A01;2;7;0;2;3;1;1;
202300017130;155 650 224;Z01;2;7;0;2;2;0;0;
202300017131;155 650 221;A01;1;7;0;2;6;13;1;
202300017131;155 650 222;B01;1;7;0;2;6;13;1;
202300017131;155 650 225;C01;1;7;0;2;2;1;1;
202300017132;155 650 219;B01;1;7;0;2;4;0;1;
202300017132;155 650 220;Z01;1;7;0;2;1;0;2;
202300017133;155 650 217;A01;1;7;4;0;1;1;1;
202300017134;155 650 215;A01;1;7;0;9;3;2;1;
202300017134;155 650 216;B01;1;7;0;0;5;17;1;
202300017134;155 650 218;C01;1;1;0;0;8;1;5;
202300017135;155 650 213;A01;2;7;0;2;1;15;1;
202300017135;155 650 214;B01;3;30;0;2;8;1;1;
202300017136;155 650 210;B01;1;7;0;2;1;1;0;
202300017136;155 650 211;A01;1;7;0;0;4;0;0;
202300017137;155 650 209;A01;1;7;0;2;2;15;1;
202300017137;155 650 212;B01;1;33;0;2;1;1;1;
202300017138;155 650 207;A01;1;7;0;1;1;1;1;
202300017139;155 650 206;A01;2;7;0;2;6;9;1;
202300017139;155 650 208;B01;2;33;0;2;1;1;1;
202300017140;155 650 205;A01;1;7;1;0;2;1;1;
202300017141;155 650 202;A01;3;16;0;2;5;19;0;
202300017141;155 650 203;B01;3;2;0;2;1;1;1;
202300017142;155 650 201;A01;1;7;0;2;7;1;1;
202300017142;155 650 204;B01;3;30;0;2;1;1;1;
202300017143;155 650 199;A01;2;33;7;0;1;1;1;
202300017144;155 650 198;A01;1;30;0;2;1;1;1;
202300017144;155 650 200;Z01;2;7;0;2;0;0;0;
202300017145;155 650 195;A01;1;1;0;2;1;1;5;
202300017145;155 650 197;B01;1;7;0;0;8;1;1;
202300017146;155 650 194;B01;1;34;0;2;1;17;1;