Num_Acc;id_vehicule;num_veh;senc;catv;obs;obsm;choc;manv;motor;occutc
202300017146;155 650 196;A01;1;7;0;2;3;15;1;
202300017147;155 650 193;A01;1;7;13;0;1;1;1;
202300017148;155 650 190;A01;2;7;0;2;2;13;1;
202300017148;155 650 191;B01;1;7;0;2;1;0;1;
202300017148;155 650 192;C01;1;7;0;2;8;0;1;
202300017149;155 650 188;A01;3;7;0;2;2;1;0;
202300017149;155 650 189;B01;3;1;0;2;6;15;5;
202300017150;155 650 186;A01;1;7;0;2;2;12;1;
202300017150;155 650 187;B01;1;33;0;2;3;1;1;
202300017151;155 650 184;B01;1;10;0;2;3;2;1;
202300017151;155 650 185;A01;1;32;0;0;9;1;1;
202300017152;155 650 182;A01;1;20;0;2;5;1;1;
202300017152;155 650 183;B01;1;33;0;2;3;2;1;
202300017153;155 650 177;A01;0;10;0;2;4;2;1;
202300017153;155 650 179;D01;2;10;0;2;1;2;1;
202300017153;155 650 180;B01;2;7;0;2;4;2;1;
202300017153;155 650 181;C01;2;7;0;2;4;2;1;
202300017154;155 650 174;B01;1;33;0;2;1;21;1;
202300017154;155 650 176;A01;1;10;14;0;4;26;1;
202300017155;155 650 175;A01;2;7;0;9;1;16;1;
202300017155;155 650 178;B01;2;30;0;9;6;1;1;
202300017156;155 650 172;A01;1;33;0;2;1;3;1;
202300017156;155 650 173;B01;1;7;0;2;4;23;1;
202300017157;155 650 168;D01;2;7;0;2;4;2;1;
202300017157;155 650 169;C01;2;7;0;2;1;2;1;
202300017157;155 650 170;A01;2;10;0;2;2;2;1;
202300017157;155 650 171;B01;2;7;0;2;4;2;1;
202300017158;155 650 165;A01;2;15;0;2;7;12;1;
202300017158;155 650 166;B01;2;7;0;2;8;1;1;
202300017158;155 650 167;C01;2;33;0;2;7;1;1;
202300017159;155 650 163;B01;1;1;0;2;7;1;5;
202300017159;155 650 164;A01;2;32;0;2;1;9;1;
202300017160;155 650 162;A01;2;7;0;1;3;9;1;
202300017161;155 650 161;B01;1;30;0;0;0;21;1;
202300017162;155 650 160;A01;1;30;0;1;1;1;3;
202300017163;155 650 158;B01;3;50;0;2;3;1;3;
202300017163;155 650 159;A01;1;33;0;2;2;1;1;
202300017164;155 650 157;A01;2;1;0;0;0;1;5;
202300017165;155 650 156;A01;1;50;0;1;1;5;3;
202300017166;155 650 155;A01;1;7;0;1;1;1;1;
202300017167;155 650 153;A01;1;10;0;2;7;1;0;
202300017167;155 650 154;B01;1;32;0;2;3;13;1;
202300017168;155 650 151;B01;1;7;0;2;4;2;1;
202300017168;155 650 152;A01;1;7;0;2;1;2;1;
202300017169;155 650 150;A01;3;7;0;1;1;20;1;
202300017170;155 650 148;A01;1;7;0;2;2;14;1;
202300017170;155 650 149;B01;1;31;0;0;3;3;1;
202300017171;155 650 146;B01;3;7;0;2;5;16;1;
202300017171;155 650 147;A01;3;14;0;2;3;1;1;
202300017172;155 650 144;B01;3;7;0;2;2;1;1;
202300017172;155 650 145;A01;3;7;0;2;3;11;1;
202300017173;155 650 142;A01;2;7;0;2;3;10;1;
202300017173;155 650 143;B01;2;43;0;2;1;1;1;
202300017174;155 650 140;A01;2;33;0;2;2;15;1;
202300017174;155 650 141;B01;0;7;0;2;8;15;0;
202300017175;155 650 136;A01;1;37;8;2;1;5;6;2
202300017175;155 650 137;B01;2;7;0;2;1;1;1;
202300017175;155 650 138;D01;2;7;0;2;1;1;1;
202300017175;155 650 139;C01;2;7;0;2;1;2;1;
202300017176;155 650 135;A01;0;7;0;1;3;1;0;
202300017177;155 650 133;A01;2;7;9;2;2;16;5;
202300017177;155 650 134;B01;1;1;0;0;0;0;5;
202300017178;155 650 131;B01;1;1;0;2;1;2;5;
202300017178;155 650 132;A01;1;7;0;2;4;23;1;
202300017179;155 650 129;B01;3;14;0;2;2;1;1;
202300017179;155 650 130;A01;3;30;0;2;8;0;3;
202300017180;155 650 127;Z01;1;33;0;9;0;0;0;
202300017180;155 650 128;B01;3;50;0;2;7;15;3;
202300017181;155 650 125;B01;2;43;8;0;1;21;1;
202300017181;155 650 126;A01;2;1;0;0;0;0;5;
202300017182;155 650 123;A01;2;7;0;2;0;1;0;
202300017182;155 650 124;B01;2;2;0;2;7;17;3;
202300017183;155 650 122;A01;1;43;0;1;3;21;1;
202300017184;155 650 120;B01;0;7;0;0;8;24;1;
202300017184;155 650 121;A01;2;7;1;0;2;14;2;
202300017185;155 650 118;A01;2;38;0;2;7;16;1;1
202300017185;155 650 119;B01;1;1;0;2;8;16;5;
202300017186;155 650 116;B01;3;7;0;2;3;1;1;
202300017186;155 650 117;A01;1;7;0;2;1;1;1;
202300017187;155 650 114;A01;2;7;0;2;3;10;1;
202300017187;155 650 115;B01;1;32;0;2;1;17;1;
202300017188;155 650 113;A01;3;33;0;0;8;15;1;
202300017189;155 650 111;A01;1;7;0;2;1;1;1;
202300017189;155 650 112;B01;1;7;0;2;6;1;1;
202300017190;155 650 110;A01;1;7;0;1;3;26;1;
202300017191;155 650 109;A01;2;36;0;0;9;0;1;
202300017192;155 650 108;A01;1;80;0;1;0;26;3;
202300017193;155 650 107;A01;3;10;16;0;9;14;1;
202300017194;155 650 106;A01;2;10;0;1;3;1;1;
202300017195;155 650 104;B01;1;33;0;2;7;17;0;
202300017195;155 650 105;A01;1;7;0;2;8;11;0;
202300017196;155 650 102;A01;3;10;0;0;6;10;1;
202300017196;155 650 103;B01;2;32;0;2;1;1;1;
202300017197;155 650 100;A01;0;2;0;0;1;0;0;
202300017197;155 650 101;B01;0;7;0;0;8;0;0;
202300017198;155 650 098;B01;1;7;0;2;2;1;0;
202300017198;155 650 099;A01;1;7;0;2;4;1;0;
202300017199;155 650 097;A01;1;7;2;0;1;14;1;
202300017200;155 650 096;A01;1;7;0;1;1;1;1;
202300017201;155 650 095;A01;2;7;2;0;9;14;1;
202300017202;155 650 092;B01;2;7;0;2;9;23;0;
202300017202;155 650 093;A01;2;7;0;2;4;23;0;
202300017202;155 650 094;C01;2;10;0;2;1;1;1;
202300017203;155 650 090;A01;1;7;0;2;6;15;1;
202300017203;155 650 091;B01;2;7;0;2;1;1;1;
202300017204;155 650 088;A01;1;7;0;2;1;11;1;
202300017204;155 650 089;B01;2;10;0;2;1;2;1;
202300017205;155 650 087;A01;3;7;0;0;9;14;1;
202300017206;155 650 085;A01;3;7;0;2;3;19;1;
202300017206;155 650 086;B01;1;7;0;2;1;1;1;
202300017207;155 650 083;B01;1;7;0;9;2;2;1;
202300017207;155 650 084;A01;1;1;0;2;4;2;5;
202300017208;155 650 081;B01;2;7;0;2;1;2;1;
202300017208;155 650 082;A01;2;10;0;0;4;11;1;
202300017209;155 650 080;A01;1;2;0;0;6;1;1;
202300017210;155 650 079;A01;3;21;0;0;0;12;1;
202300017211;155 650 078;A01;2;7;13;0;1;14;1;
202300017212;155 650 077;A01;1;7;17;0;2;1;1;
202300017213;155 650 076;A01;0;7;1;0;1;0;1;
202300017214;155 650 075;A01;0;7;0;1;3;26;1;
202300017215;155 650 074;A01;3;7;5;0;2;0;1;
202300017216;155 650 073;A01;3;7;0;1;8;1;3;
202300017217;155 650 072;A01;1;7;16;0;0;1;1;
202300017218;155 650 071;A01;2;7;0;1;5;1;1;
202300017219;155 650 070;A01;1;7;0;0;8;1;1;
202300017220;155 650 067;A01;2;7;0;2;1;15;1;
202300017220;155 650 068;B01;1;7;0;2;1;1;1;
202300017220;155 650 069;C01;2;7;0;2;3;2;1;
202300017221;155 650 065;A01;1;7;0;2;1;13;1;
202300017221;155 650 066;B01;2;7;0;2;1;1;1;
202300017222;155 650 064;A01;3;7;0;1;1;0;1;
202300017223;155 650 062;B01;1;2;0;2;8;1;1;
202300017223;155 650 063;A01;2;7;0;2;3;15;1;
202300017224;155 650 061;A01;2;10;3;0;3;0;1;
202300017225;155 650 058;C01;1;13;0;2;4;1;1;
202300017225;155 650 059;A01;1;7;3;2;1;17;1;
202300017225;155 650 060;B01;1;7;3;2;4;17;1;
202300017226;155 650 057;A01;2;7;0;1;1;1;1;
202300017227;155 650 056;A01;3;37;0;1;1;17;1;1
202300017228;155 650 055;A01;1;7;0;1;3;1;1;
202300017229;155 650 053;A01;2;7;0;2;2;21;1;
202300017229;155 650 054;B01;2;14;0;2;6;15;1;
202300017230;155 650 052;A01;1;34;12;0;1;1;0;
202300017231;155 650 051;A01;1;7;2;0;7;14;1;
202300017232;155 650 050;A01;3;7;6;0;2;1;1;
202300017233;155 650 047;A01;1;7;0;2;2;17;1;
202300017233;155 650 048;B01;2;7;0;2;1;1;1;
202300017233;155 650 049;C01;1;7;0;2;1;1;1;
202300017234;155 650 046;A01;3;7;0;0;0;0;0;
202300017235;155 650 044;B01;3;2;0;2;1;13;1;
202300017235;155 650 045;A01;3;7;0;0;8;21;1;
202300017236;155 650 043;A01;2;7;9;0;1;1;1;
202300017237;155 650 042;A01;1;7;6;0;3;1;1;
202300017238;155 650 039;C01;1;10;0;2;3;1;0;
202300017238;155 650 040;B01;2;33;0;2;1;2;6;
202300017238;155 650 041;A01;2;7;0;0;6;2;0;
202300017239;155 650 037;A01;1;7;0;2;1;1;1;
202300017239;155 650 038;B01;2;7;0;2;1;11;1;
202300017240;155 650 035;A01;1;50;0;2;2;19;3;
202300017240;155 650 036;B01;1;7;0;2;1;1;1;
202300017241;155 650 033;A01;2;1;16;2;8;13;5;
202300017241;155 650 034;B01;2;1;0;2;7;2;5;
202300017242;155 650 032;A01;1;7;13;0;2;26;1;
202300017243;155 650 031;A01;2;10;0;0;1;26;1;
202300017244;155 650 029;B01;1;7;0;2;8;1;1;
202300017244;155 650 030;A01;1;14;0;2;7;12;1;
202300017245;155 650 024;A01;1;7;4;2;1;2;1;
202300017245;155 650 025;B01;1;7;4;2;4;2;1;
202300017245;155 650 026;C01;1;7;4;2;1;2;1;
202300017245;155 650 027;D01;1;7;4;2;1;2;1;
202300017245;155 650 028;E01;1;7;4;2;4;2;1;
202300017246;155 650 020;C01;2;7;0;2;4;1;1;
202300017246;155 650 021;B01;2;7;0;2;4;1;1;
202300017246;155 650 022;A01;2;7;0;2;1;1;1;
202300017246;155 650 023;D01;2;7;0;2;4;1;1;
202300017247;155 650 018;B01;1;7;0;0;4;2;1;
202300017247;155 650 019;A01;1;10;0;2;1;1;1;
202300017248;155 650 016;A01;2;31;0;2;7;0;1;
202300017248;155 650 017;Z01;2;7;0;2;0;0;0;
202300017249;155 650 015;A01;1;7;2;0;1;1;1;
202300017250;155 650 013;B01;1;7;0;2;2;26;1;
202300017250;155 650 014;A01;2;7;0;2;5;17;1;
202300017251;155 650 011;A01;1;7;0;2;1;2;1;
202300017251;155 650 012;B01;1;7;0;2;4;1;1;
202300017252;155 650 009;A01;3;7;0;2;3;1;1;
202300017252;155 650 010;B01;3;1;0;2;3;19;5;
202300017253;155 650 007;B01;2;2;0;2;1;1;1;
202300017253;155 650 008;A01;1;7;0;2;3;15;2;
202300017254;155 650 005;A01;1;80;0;2;1;15;3;
202300017254;155 650 006;B01;1;7;0;2;3;1;1;
202300017255;155 650 003;A01;1;7;0;2;2;2;1;
202300017255;155 650 004;B01;1;33;0;2;4;2;1;
202300017256;155 650 001;B01;3;7;0;2;2;1;1;
202300017256;155 650 002;A01;1;7;0;2;1;2;1;
202300017257;155 649 997;D01;3;7;0;2;6;1;1;
202300017257;155 649 998;C01;3;7;0;2;6;1;1;
202300017257;155 649 999;B01;3;7;0;2;4;1;1;
202300017257;155 650 000;A01;3;7;0;2;1;1;1;
202300017258;155 649 995;A01;0;7;0;2;2;1;1;
202300017258;155 649 996;B01;3;99;0;2;3;1;5;
202300017259;155 649 990;A01;1;7;0;2;1;2;6;
202300017259;155 649 991;B01;1;10;0;2;4;2;1;
202300017260;155 649 989;A01;0;7;0;1;1;1;1;
202300017261;155 649 988;A01;0;37;0;1;5;7;1;1
202300017262;155 649 986;A01;1;7;0;2;6;19;1;
202300017262;155 649 987;Z01;1;7;0;2;6;0;1;
202300017263;155 649 984;A01;1;7;3;2;2;26;1;
202300017263;155 649 985;B01;1;7;0;2;3;26;1;
202300017264;155 649 981;A01;2;7;0;2;1;2;1;
202300017264;155 649 982;B01;2;7;0;2;9;2;1;
202300017264;155 649 983;C01;1;7;0;2;3;26;1;
202300017265;155 649 980;A01;1;37;0;1;2;1;1;1
202300017266;155 649 978;A01;1;10;0;1;5;4;1;
202300017267;155 649 976;A01;1;35;0;2;4;20;3;
202300017267;155 649 977;B01;1;50;0;2;1;1;3;
202300017268;155 649 975;A01;1;7;0;1;3;1;1;
202300017269;155 649 974;A01;3;7;0;1;3;13;1;
202300017270;155 649 972;B01;2;80;0;2;1;1;3;
202300017270;155 649 973;A01;2;7;0;2;2;15;1;
202300017271;155 649 971;A01;3;7;0;1;1;1;1;
202300017272;155 649 970;A01;1;30;0;0;7;21;1;
202300017273;155 649 968;B01;2;7;0;2;3;1;1;
202300017273;155 649 969;A01;1;7;8;2;2;10;1;
202300017274;155 649 967;A01;1;7;0;1;1;1;1;
202300017275;155 649 965;A01;1;10;0;2;1;1;1;
202300017275;155 649 966;B01;1;7;0;2;4;1;1;
202300017276;155 649 964;A01;1;30;1;5;1;9;1;
202300017277;155 649 961;C01;1;7;0;2;4;23;1;
202300017277;155 649 962;B01;1;7;0;2;1;1;1;
202300017277;155 649 963;A01;1;7;0;2;1;1;1;
202300017278;155 649 960;A01;1;37;1;1;3;22;1;1
202300017279;155 649 958;A01;1;7;0;9;2;16;1;
202300017279;155 649 959;B01;1;50;0;2;8;1;3;
202300017280;155 649 956;A01;2;7;0;2;8;15;1;
202300017280;155 649 957;B01;1;32;0;2;1;1;1;
202300017281;155 649 954;B01;1;7;0;2;5;1;1;
202300017281;155 649 955;A01;1;3;0;2;1;2;1;
202300017282;155 649 953;A01;1;7;0;1;1;1;1;
202300017283;155 649 952;A01;1;7;0;1;1;15;1;
202300017284;155 649 950;B01;2;7;0;0;0;0;1;
202300017284;155 649 951;A01;2;7;2;2;2;14;1;
202300017285;155 649 949;A01;2;31;0;1;1;0;1;
202300017286;155 649 947;B01;1;7;0;2;8;15;1;
202300017286;155 649 948;A01;1;33;0;2;7;17;1;
202300017287;155 649 944;C01;2;14;0;2;8;1;1;
202300017287;155 649 945;A01;2;7;0;2;1;1;1;
202300017287;155 649 946;B01;2;7;0;2;6;1;1;
202300017288;155 649 942;A01;2;33;0;2;1;1;1;
202300017288;155 649 943;B01;2;7;0;2;4;1;1;
202300017289;155 649 941;A01;1;7;0;1;2;1;1;
202300017290;155 649 939;B01;3;33;0;2;2;12;1;
202300017290;155 649 940;A01;3;43;0;2;3;18;1;
202300017291;155 649 937;A01;3;7;0;2;2;15;1;
202300017291;155 649 938;B01;3;7;0;2;1;1;1;
202300017292;155 649 936;A01;1;7;0;1;3;1;1;
202300017293;155 649 934;A01;3;7;0;2;3;16;1;
202300017293;155 649 935;B01;3;7;0;2;8;1;1;
202300017294;155 649 932;A01;2;2;0;2;1;17;1;
202300017294;155 649 933;B01;2;7;0;2;3;15;1;
202300017295;155 649 930;B01;3;1;0;2;0;25;5;
202300017295;155 649 931;A01;2;7;0;2;2;1;1;
202300017296;155 649 928;A01;2;7;0;2;3;15;6;
202300017296;155 649 929;B01;2;32;0;2;2;17;1;
202300017297;155 649 926;B01;3;7;0;2;4;2;1;
202300017297;155 649 927;A01;3;7;0;2;1;2;1;
202300017298;155 649 923;B01;3;7;0;2;4;1;1;
202300017298;155 649 924;A01;3;7;0;2;1;1;0;
202300017298;155 649 925;C01;3;7;0;2;4;2;3;
202300017299;155 649 919;A01;2;50;0;2;1;25;3;
202300017299;155 649 920;B01;2;10;0;9;2;2;1;
202300017300;155 649 915;B01;1;7;0;2;4;1;1;
202300017300;155 649 916;A01;1;7;0;2;4;2;1;
202300017300;155 649 917;C01;1;7;0;2;1;2;1;
202300017300;155 649 918;D01;1;7;0;2;1;2;1;
202300017301;155 649 914;A01;1;10;0;1;1;1;3;
202300017302;155 649 913;A01;1;7;9;1;1;1;1;
202300017303;155 649 912;A01;2;7;0;1;2;17;1;
202300017304;155 649 910;A01;3;0;0;2;0;0;0;
202300017304;155 649 911;P01;3;1;0;2;0;0;5;
202300017305;155 649 909;A01;0;10;0;0;7;1;1;
202300017306;155 649 908;A01;1;7;0;1;3;16;1;
202300017307;155 649 906;B01;0;7;0;0;0;1;6;
202300017307;155 649 907;A01;2;50;0;2;4;2;3;
202300017308;155 649 904;B01;1;7;0;2;8;11;1;
202300017308;155 649 905;A01;1;32;0;2;1;3;3;
202300017309;155 649 903;A01;2;7;1;1;2;21;1;
202300017310;155 649 902;A01;1;1;8;0;1;14;5;
202300017311;155 649 900;A01;1;80;0;2;7;12;3;
202300017311;155 649 901;B01;1;2;0;2;1;1;3;
202300017312;155 649 899;A01;1;1;12;0;8;13;5;
202300017313;155 649 897;B01;2;7;0;2;2;1;2;
202300017313;155 649 898;A01;2;10;0;2;6;4;1;
202300017314;155 649 895;A01;3;10;0;2;5;22;1;
202300017314;155 649 896;B01;1;1;0;2;3;1;5;
202300017315;155 649 893;B01;3;1;0;2;1;1;5;
202300017315;155 649 894;A01;1;7;0;2;3;1;1;
202300017316;155 649 891;B01;1;7;0;2;2;1;1;
202300017316;155 649 892;A01;1;50;0;2;1;1;3;
202300017317;155 649 890;A01;1;10;0;1;4;4;1;
202300017318;155 649 889;A01;3;2;0;1;1;1;0;
202300017319;155 649 887;A01;1;7;0;2;2;1;1;
202300017319;155 649 888;Z01;2;32;0;2;7;6;1;
202300017320;155 649 884;C01;1;7;0;2;4;2;0;
202300017320;155 649 885;B01;1;7;0;2;4;2;2;
202300017320;155 649 886;A01;1;7;0;2;1;2;0;
202300017321;155 649 882;B01;2;33;0;2;2;1;1;
202300017321;155 649 883;A01;3;7;0;2;3;9;1;
202300017322;155 649 880;A01;1;7;0;2;3;13;3;
202300017322;155 649 881;B01;2;7;0;2;3;1;1;
202300017323;155 649 878;A01;2;10;0;2;4;1;1;
202300017323;155 649 879;B01;2;1;0;2;4;1;5;
202300017324;155 649 876;A01;1;7;0;2;3;13;1;
202300017324;155 649 877;B01;1;2;1;2;2;0;1;
202300017325;155 649 875;A01;2;7;0;1;7;0;3;
202300017326;155 649 872;A01;2;7;0;2;1;15;1;
202300017326;155 649 873;B01;1;7;8;2;1;1;1;
202300017326;155 649 874;C01;2;7;0;2;6;1;1;
202300017327;155 649 870;A01;1;30;0;2;1;19;1;
202300017327;155 649 871;B01;1;99;0;2;6;1;1;
202300017328;155 649 868;B01;2;7;0;2;1;2;1;
202300017328;155 649 869;A01;2;7;0;2;4;2;1;
202300017329;155 649 867;A01;1;80;0;1;3;0;3;
202300017330;155 649 866;A01;1;37;0;1;2;1;1;1
202300017331;155 649 864;B01;2;7;0;2;1;0;0;
202300017331;155 649 865;A01;3;10;0;2;7;13;0;
202300017332;155 649 862;A01;1;32;0;2;1;1;1;
202300017332;155 649 863;B01;2;7;0;2;3;15;1;
202300017333;155 649 860;A01;3;7;0;2;3;24;1;
202300017333;155 649 861;B01;3;1;1;0;1;1;5;
202300017334;155 649 858;B01;1;7;1;2;1;1;1;
202300017334;155 649 859;A01;1;10;0;2;1;10;1;
202300017335;155 649 857;A01;1;7;15;0;1;15;1;
202300017336;155 649 855;B01;3;7;0;2;3;15;1;
202300017336;155 649 856;A01;3;7;0;2;3;16;1;
202300017337;155 649 854;A01;1;7;0;1;2;9;1;
202300017338;155 649 852;B01;1;15;0;2;3;1;1;
202300017338;155 649 853;A01;2;10;0;2;1;13;1;
202300017339;155 649 851;A01;2;7;0;1;1;1;1;
202300017340;155 649 849;B01;1;1;0;0;4;2;5;
202300017340;155 649 850;A01;1;7;0;9;2;2;1;
202300017341;155 649 847;A01;1;10;0;2;1;2;1;
202300017341;155 649 848;B01;1;15;0;0;6;2;1;
202300017342;155 649 845;A01;1;7;0;0;3;15;1;
202300017342;155 649 846;B01;1;7;0;0;1;1;1;
202300017343;155 649 843;A01;2;7;0;2;4;0;1;
202300017343;155 649 844;B01;1;7;0;2;1;1;1;
202300017344;155 649 842;A01;2;7;2;0;5;0;1;
202300017345;155 649 841;A01;2;7;0;1;3;2;0;
202300017346;155 649 839;A01;1;2;0;2;1;17;0;
202300017346;155 649 840;B01;2;7;0;2;3;9;0;
202300017347;155 649 837;B01;0;7;0;0;4;2;1;
202300017347;155 649 838;A01;0;7;0;2;1;2;1;
202300017348;155 649 835;B01;1;7;0;2;3;1;1;
202300017348;155 649 836;A01;2;7;0;0;7;15;1;
202300017349;155 649 833;A01;2;10;0;2;2;17;1;
202300017349;155 649 834;B01;2;33;0;2;8;15;1;
202300017350;155 649 832;A01;3;33;8;0;1;1;1;
202300017351;155 649 829;B01;1;7;0;2;7;1;1;
202300017351;155 649 830;C01;1;3;0;2;2;1;1;
202300017351;155 649 831;A01;2;7;0;2;2;13;1;
202300017352;155 649 827;B01;1;39;0;2;2;19;3;
202300017352;155 649 828;A01;2;7;0;4;1;26;1;
202300017353;155 649 824;C01;1;7;0;9;1;1;1;
202300017353;155 649 825;B01;2;15;0;2;3;1;1;
202300017353;155 649 826;A01;1;7;0;2;3;13;1;
202300017354;155 649 823;A01;1;10;3;0;1;2;1;
202300017355;155 649 822;A01;1;7;1;0;3;13;3;
202300017356;155 649 820;A01;2;32;0;2;1;17;1;
202300017356;155 649 821;B01;2;7;0;2;6;15;1;
202300017357;155 649 817;A01;1;33;0;0;4;2;0;
202300017357;155 649 818;B01;1;33;0;2;5;2;0;
202300017357;155 649 819;C01;1;33;0;2;3;1;0;
202300017358;155 649 816;A01;2;10;8;0;3;1;1;
202300017359;155 649 814;A01;2;7;0;0;4;1;1;
202300017359;155 649 815;B01;2;32;0;2;1;1;1;
202300017360;155 649 812;A01;3;7;0;2;4;15;1;
202300017360;155 649 813;B01;3;33;0;2;1;1;1;
202300017361;155 649 810;A01;1;10;0;2;3;1;1;
202300017361;155 649 811;B01;1;33;11;2;1;17;1;
202300017362;155 649 808;A01;0;7;0;2;1;1;1;
202300017362;155 649 809;B01;0;7;0;2;1;1;0;
202300017363;155 649 805;A01;2;10;0;1;1;23;1;
202300017364;155 649 804;A01;3;7;0;1;3;0;1;
202300017365;155 649 803;A01;2;31;0;0;7;1;1;
202300017366;155 649 802;A01;3;33;0;0;9;1;1;
202300017367;155 649 800;A01;2;2;0;2;0;1;1;
202300017367;155 649 801;B01;2;21;0;2;3;1;1;
202300017368;155 649 798;B01;1;33;0;2;1;1;1;
202300017368;155 649 799;A01;2;7;0;2;5;15;1;
202300017369;155 649 797;A01;1;2;1;0;1;1;1;
202300017370;155 649 796;A01;1;7;2;0;0;1;2;
202300017371;155 649 795;A01;3;10;0;1;1;16;1;
202300017372;155 649 790;C01;2;7;0;2;1;2;1;
202300017372;155 649 791;A01;2;7;0;2;4;1;1;
202300017372;155 649 792;B01;2;7;0;2;4;2;1;
202300017373;155 649 788;A01;2;7;0;2;8;9;1;
202300017373;155 649 789;B01;2;7;0;2;7;2;1;
202300017374;155 649 786;B01;1;7;4;2;4;2;1;
202300017374;155 649 787;A01;1;31;4;2;1;2;1;
202300017375;155 649 784;B01;2;31;0;2;1;3;1;
202300017375;155 649 785;A01;2;7;0;2;4;11;1;
202300017376;155 649 780;B01;1;10;0;2;4;1;1;
202300017376;155 649 781;C01;1;10;0;2;1;1;1;
202300017376;155 649 782;D01;1;17;0;2;4;2;1;
202300017376;155 649 783;A01;1;14;0;2;1;1;1;
202300017377;155 649 779;A01;1;33;0;0;2;21;1;
202300017378;155 649 776;A01;2;7;0;2;1;2;1;
202300017378;155 649 777;B01;2;7;0;2;4;2;1;
202300017378;155 649 778;C01;2;7;0;2;4;2;1;
202300017379;155 649 773;A01;2;10;0;2;1;2;1;
202300017379;155 649 774;B01;2;7;0;2;4;2;1;
202300017379;155 649 775;C01;2;7;0;2;4;2;1;
202300017380;155 649 771;A01;2;33;0;2;0;0;1;
202300017380;155 649 772;B01;2;7;0;2;0;0;2;
202300017381;155 649 769;A01;1;7;0;2;1;1;1;
202300017381;155 649 770;B01;1;7;0;1;1;1;0;
202300017382;155 649 767;A01;1;7;0;2;3;15;1;
202300017382;155 649 768;B01;3;30;0;2;1;1;1;
202300017383;155 649 764;C01;2;1;0;2;9;17;5;
202300017383;155 649 765;A01;1;38;0;2;8;1;1;1
202300017383;155 649 766;B01;2;7;0;2;3;1;1;
202300017384;155 649 763;A01;1;7;4;0;2;2;1;
202300017385;155 649 762;A01;1;33;9;0;8;0;1;
202300017386;155 649 760;A01;1;7;0;0;4;23;1;
202300017386;155 649 761;B01;1;7;0;2;1;2;1;
202300017387;155 649 758;A01;2;7;0;2;4;2;1;
202300017387;155 649 759;B01;2;7;0;2;1;2;1;
202300017388;155 649 756;A01;2;31;0;2;1;1;0;
202300017388;155 649 757;B01;1;7;0;2;3;19;0;
202300017389;155 649 753;B01;1;7;0;2;3;1;1;
202300017389;155 649 754;A01;2;7;0;2;3;5;1;
202300017389;155 649 755;C01;1;14;0;2;1;1;1;
202300017390;155 649 752;A01;2;7;0;0;3;13;1;
202300017391;155 649 750;A01;1;7;0;0;6;23;1;
202300017391;155 649 751;B01;1;33;0;2;1;1;1;
202300017392;155 649 749;A01;2;33;3;0;8;16;1;
202300017393;155 649 747;A01;2;33;0;2;1;1;3;
202300017393;155 649 748;B01;1;7;0;0;8;15;0;
202300017394;155 649 746;A01;1;7;0;1;2;1;1;
202300017395;155 649 742;C01;2;7;0;2;8;1;1;
202300017395;155 649 743;A01;1;7;0;2;1;1;1;
202300017395;155 649 744;B01;1;3;0;0;4;15;1;
202300017396;155 649 740;A01;1;33;0;2;1;15;1;
202300017396;155 649 741;B01;2;7;0;2;3;1;1;
202300017397;155 649 738;Y01;2;60;0;2;7;19;5;
202300017397;155 649 739;A01;1;7;0;2;1;1;1;
202300017398;155 649 736;A01;1;7;0;2;2;2;1;
202300017398;155 649 737;B01;1;30;0;2;3;2;0;
202300017399;155 649 734;A01;1;30;1;0;1;1;1;
202300017399;155 649 735;B01;1;10;0;0;0;0;1;
202300017400;155 649 732;A01;1;7;0;2;2;19;1;
202300017400;155 649 733;B01;1;2;0;2;8;1;1;
202300017401;155 649 731;A01;1;7;8;0;3;13;1;
202300017402;155 649 730;A01;2;33;0;0;0;0;1;
202300017403;155 649 729;A01;2;7;0;1;0;0;1;
202300017404;155 649 728;A01;2;7;0;1;7;17;1;
202300017405;155 649 727;A01;1;7;0;1;1;16;1;
202300017406;155 649 725;A01;1;7;0;2;1;19;1;
202300017406;155 649 726;B01;0;7;0;2;7;1;1;
202300017407;155 649 723;A01;3;7;0;2;3;1;1;
202300017407;155 649 724;B01;3;7;0;2;3;1;1;
202300017408;155 649 721;A01;1;7;0;2;1;2;1;
202300017408;155 649 722;B01;1;7;0;2;0;2;1;
202300017409;155 649 720;A01;3;7;0;1;3;19;1;
202300017410;155 649 715;A01;1;50;0;0;7;1;3;
202300017411;155 649 714;A01;2;7;0;1;1;1;1;
202300017412;155 649 712;B01;1;10;14;0;1;23;0;
202300017412;155 649 713;A01;1;10;14;0;4;23;0;
202300017413;155 649 711;A01;2;43;14;0;1;0;1;
202300017414;155 649 710;A01;2;10;0;1;2;1;1;
202300017415;155 649 709;A01;0;39;0;1;3;26;3;
202300017416;155 649 707;A01;3;10;0;2;5;1;1;
202300017416;155 649 708;B01;3;7;0;2;0;23;1;
202300017417;155 649 703;B01;2;1;0;0;0;0;5;
202300017417;155 649 704;A01;1;33;0;2;1;26;0;
202300017418;155 649 699;B01;1;7;0;2;3;15;1;
202300017418;155 649 700;A01;1;7;0;2;7;17;1;
202300017419;155 649 698;A01;0;50;0;0;0;14;3;
202300017420;155 649 697;A01;1;7;0;1;1;14;1;
202300017421;155 649 695;A01;2;10;0;2;3;15;1;