Num_Acc;id_vehicule;num_veh;senc;catv;obs;obsm;choc;manv;motor;occutc
202300017421;155 649 696;B01;1;7;0;2;0;0;1;
202300017422;155 649 694;A01;1;7;1;0;0;0;0;
202300017423;155 649 691;C01;3;7;0;2;4;2;1;
202300017423;155 649 692;A01;1;7;0;2;8;18;1;
202300017423;155 649 693;B01;3;7;12;2;7;1;1;
202300017424;155 649 688;C01;1;7;0;2;4;1;1;
202300017424;155 649 689;A01;1;7;0;2;1;1;1;
202300017424;155 649 690;B01;1;7;0;2;4;1;1;
202300017425;155 649 687;A01;1;7;6;0;1;14;1;
202300017426;155 649 685;B01;0;50;0;2;1;1;3;
202300017426;155 649 686;A01;3;7;0;2;7;16;1;
202300017427;155 649 683;A01;0;1;0;2;1;1;5;
202300017427;155 649 684;B01;3;10;0;2;0;9;1;
202300017428;155 649 682;A01;1;7;0;1;2;15;1;
202300017429;155 649 680;B01;3;15;0;2;1;16;1;
202300017429;155 649 681;A01;2;7;0;2;2;1;1;
202300017430;155 649 678;A01;2;3;0;2;2;15;1;
202300017430;155 649 679;B01;1;33;0;2;1;1;1;
202300017431;155 649 676;A01;1;30;0;2;1;17;1;
202300017431;155 649 677;B01;2;7;0;2;1;21;1;
202300017432;155 649 674;B01;2;2;0;2;1;1;1;
202300017432;155 649 675;A01;1;10;0;2;3;15;1;
202300017433;155 649 672;B01;3;10;0;0;4;23;1;
202300017433;155 649 673;A01;1;7;0;2;1;1;1;
202300017434;155 649 671;Z01;3;7;0;1;4;20;1;
202300017435;155 649 669;B01;1;2;0;2;1;1;1;
202300017435;155 649 670;A01;3;7;0;2;3;15;3;
202300017436;155 649 667;A01;2;7;0;2;1;26;0;
202300017436;155 649 668;B01;2;2;0;2;1;1;1;
202300017437;155 649 665;A01;1;7;0;2;5;16;1;
202300017437;155 649 666;B01;1;1;0;2;0;1;5;
202300017438;155 649 664;A01;2;7;0;1;1;1;2;
202300017439;155 649 662;A01;2;7;0;2;1;13;1;
202300017439;155 649 663;B01;1;7;0;2;1;1;1;
202300017440;155 649 660;B01;3;50;0;2;8;0;3;
202300017440;155 649 661;A01;3;7;0;2;2;0;1;
202300017441;155 649 659;A01;0;21;0;1;3;1;1;
202300017442;155 649 658;A01;1;10;0;1;1;9;1;
202300017443;155 649 657;A01;2;7;0;1;1;1;1;
202300017444;155 649 655;A01;2;2;0;2;3;1;1;
202300017444;155 649 656;B01;2;7;0;2;7;20;1;
202300017445;155 649 654;A01;1;10;15;5;0;21;0;
202300017446;155 649 653;A01;3;7;0;1;3;0;1;
202300017447;155 649 650;B01;3;33;0;2;1;1;1;
202300017447;155 649 651;A01;3;7;0;2;8;19;2;
202300017448;155 649 648;A01;1;7;0;2;1;15;1;
202300017448;155 649 649;B01;2;1;0;2;6;1;5;
202300017449;155 649 646;A01;3;7;0;2;2;1;1;
202300017449;155 649 647;B01;3;30;0;2;3;1;1;
202300017450;155 649 644;A01;1;7;0;2;4;2;1;
202300017450;155 649 645;B01;1;7;0;2;1;2;1;
202300017451;155 649 642;A01;1;33;0;2;1;26;1;
202300017451;155 649 643;B01;1;7;0;2;6;12;1;
202300017452;155 649 640;A01;3;7;0;2;1;1;1;
202300017452;155 649 641;B01;3;7;0;2;6;1;1;
202300017453;155 649 638;B01;1;7;0;2;4;2;1;
202300017453;155 649 639;A01;1;7;1;0;1;2;1;
202300017454;155 649 637;A01;1;7;6;0;1;14;1;
202300017455;155 649 635;A01;2;7;0;2;2;2;1;
202300017455;155 649 636;B01;2;7;0;2;4;2;1;
202300017456;155 649 634;A01;1;7;0;1;1;1;1;
202300017457;155 649 632;A01;0;7;0;2;7;15;1;
202300017457;155 649 633;B01;0;7;0;2;1;1;2;
202300017458;155 649 628;A01;2;7;0;0;4;15;1;
202300017458;155 649 629;B01;2;7;0;2;1;2;1;
202300017459;155 649 626;A01;2;1;0;2;1;17;5;
202300017459;155 649 627;B01;2;50;0;2;8;1;3;
202300017460;155 649 625;A01;2;7;0;1;3;1;1;
202300017461;155 649 624;A01;0;7;0;1;3;15;1;
202300017462;155 649 623;A01;1;7;0;1;3;2;1;
202300017463;155 649 619;A01;1;33;0;2;1;2;0;
202300017463;155 649 620;C01;2;7;0;2;1;23;0;
202300017463;155 649 621;D01;2;7;0;2;7;23;0;
202300017463;155 649 622;B01;2;7;0;2;3;17;0;
202300017464;155 649 618;Z01;1;32;0;1;8;0;0;
202300017465;155 649 616;A01;3;7;0;2;3;5;1;
202300017465;155 649 617;B01;3;10;0;2;6;1;1;
202300017466;155 649 614;A01;2;99;0;2;3;16;1;
202300017466;155 649 615;B01;2;10;0;2;2;16;1;
202300017467;155 649 612;A01;1;30;0;2;7;17;1;
202300017467;155 649 613;B01;1;7;0;2;6;15;1;
202300017468;155 649 610;B01;2;50;0;2;1;1;3;
202300017468;155 649 611;A01;2;7;0;2;8;22;2;
202300017469;155 649 609;A01;1;2;9;0;1;14;1;
202300017470;155 649 608;A01;1;37;0;1;2;1;3;1
202300017471;155 649 606;B01;1;7;0;2;8;15;1;
202300017471;155 649 607;A01;1;30;0;2;2;17;1;
202300017472;155 649 605;A01;2;7;0;1;5;4;1;
202300017473;155 649 604;A01;0;7;0;1;1;13;1;
202300017474;155 649 602;A01;2;1;0;2;1;1;5;
202300017474;155 649 603;B01;1;1;0;2;5;15;5;
202300017475;155 649 601;A01;1;34;0;1;2;17;1;
202300017476;155 649 599;A01;2;7;0;2;7;12;1;
202300017476;155 649 600;B01;2;33;0;2;3;2;1;
202300017477;155 649 597;A01;2;7;0;2;1;0;1;
202300017477;155 649 598;B01;2;33;0;2;8;0;1;
202300017478;155 649 595;A01;1;7;0;2;5;14;1;
202300017478;155 649 596;B01;1;33;0;2;1;1;1;
202300017479;155 649 594;A01;0;7;0;1;3;16;0;
202300017480;155 649 592;A01;3;1;0;2;8;9;5;
202300017480;155 649 593;B01;1;31;0;2;1;2;1;
202300017481;155 649 590;A01;3;7;0;2;1;1;1;
202300017481;155 649 591;B01;3;3;0;2;4;1;1;
202300017482;155 649 588;B01;3;7;0;2;2;9;1;
202300017482;155 649 589;A01;3;7;0;2;8;26;1;
202300017483;155 649 586;A01;3;7;0;2;1;1;0;
202300017483;155 649 587;B01;3;7;0;2;3;15;0;
202300017484;155 649 585;A01;2;7;0;1;2;1;1;
202300017485;155 649 583;A01;0;7;0;9;1;1;1;
202300017486;155 649 581;A01;2;10;0;2;4;20;0;
202300017486;155 649 582;B01;2;32;0;2;2;1;0;
202300017487;155 649 579;A01;1;7;0;2;3;2;1;
202300017487;155 649 580;B01;1;33;0;2;2;2;1;
202300017488;155 649 577;B01;2;33;0;2;7;3;1;
202300017488;155 649 578;A01;1;7;0;2;1;15;1;
202300017489;155 649 575;B01;1;50;0;2;7;1;3;
202300017489;155 649 576;A01;1;7;0;2;8;15;1;
202300017490;155 649 573;A01;2;7;0;2;2;1;1;
202300017490;155 649 574;B01;2;10;0;2;3;15;1;
202300017491;155 649 570;A01;1;10;0;2;8;22;0;
202300017491;155 649 571;B01;1;60;0;0;0;0;5;
202300017492;155 649 567;B01;3;7;0;2;1;1;1;
202300017492;155 649 568;A01;3;7;0;2;5;20;1;
202300017493;155 649 566;A01;0;7;6;0;1;2;1;
202300017494;155 649 565;A01;1;30;1;2;8;21;0;
202300017495;155 649 563;A01;1;10;0;2;1;1;1;
202300017495;155 649 564;B01;2;32;0;2;1;15;1;
202300017496;155 649 562;A01;1;42;0;1;1;1;1;
202300017497;155 649 561;A01;2;43;12;0;2;1;1;
202300017498;155 649 559;A01;3;7;0;2;2;15;1;
202300017498;155 649 560;B01;3;7;0;2;8;1;2;
202300017499;155 649 558;A01;2;7;15;0;1;14;1;
202300017500;155 649 557;A01;1;7;2;0;1;14;2;
202300017501;155 649 556;A01;3;7;0;1;4;20;0;
202300017502;155 649 552;A01;3;7;0;2;3;1;1;
202300017502;155 649 553;B01;3;7;0;2;1;5;1;
202300017502;155 649 554;C01;0;7;0;0;2;26;1;
202300017502;155 649 555;D01;0;7;0;0;2;26;1;
202300017503;155 649 550;A01;2;7;0;2;3;13;1;
202300017503;155 649 551;B01;1;7;0;2;3;1;1;
202300017504;155 649 549;A01;1;7;2;0;8;1;1;
202300017505;155 649 547;A01;3;7;0;2;3;1;1;
202300017505;155 649 548;B01;3;36;0;2;2;1;1;
202300017506;155 649 546;A01;2;7;8;0;1;0;1;
202300017507;155 649 545;A01;1;7;3;-1;1;0;1;
202300017508;155 649 544;A01;2;10;15;9;2;26;1;
202300017509;155 649 542;B01;2;7;0;2;8;19;1;
202300017509;155 649 543;A01;2;10;0;2;1;1;1;
202300017510;155 649 541;A01;1;7;13;0;1;1;0;
202300017511;155 649 539;A01;3;2;0;2;2;1;1;
202300017511;155 649 540;B01;1;7;0;2;4;26;1;
202300017512;155 649 538;A01;2;7;6;6;1;1;1;
202300017513;155 649 536;A01;1;2;0;2;1;17;1;
202300017513;155 649 537;B01;2;7;0;2;1;1;3;
202300017514;155 649 533;A01;1;7;0;2;1;13;1;
202300017514;155 649 534;B01;1;7;0;2;1;13;1;
202300017514;155 649 535;C01;2;16;0;2;1;1;1;
202300017515;155 649 532;A01;1;15;13;0;7;1;1;
202300017516;155 649 531;A01;1;7;15;-1;1;1;1;
202300017517;155 649 530;A01;2;7;2;0;0;1;1;
202300017518;155 649 529;A01;1;7;0;1;1;1;1;
202300017519;155 649 527;A01;2;33;0;2;7;3;1;
202300017519;155 649 528;B01;1;7;0;2;8;13;3;
202300017520;155 649 526;A01;1;7;2;0;1;1;1;
202300017521;155 649 523;A01;3;7;0;2;3;1;1;
202300017521;155 649 525;B01;1;2;0;2;7;1;1;
202300017522;155 649 522;B01;1;33;0;2;1;3;1;
202300017522;155 649 524;A01;1;33;0;2;4;1;0;
202300017523;155 649 519;A01;1;7;0;2;2;15;1;
202300017523;155 649 521;B01;2;2;0;2;7;21;1;
202300017524;155 649 517;A01;1;7;0;2;8;11;1;
202300017524;155 649 518;B01;1;7;0;2;7;1;1;
202300017524;155 649 520;C01;1;33;0;2;6;1;1;
202300017525;155 649 514;A01;2;7;0;2;2;16;0;
202300017525;155 649 516;B01;2;31;0;2;6;7;1;
202300017526;155 649 513;B01;2;7;0;2;4;1;2;
202300017526;155 649 515;A01;2;10;0;2;1;2;1;
202300017527;155 649 512;A01;1;7;0;0;-1;26;1;
202300017528;155 649 511;A01;3;21;0;0;7;10;1;
202300017529;155 649 508;A01;2;33;11;0;1;17;1;
202300017530;155 649 507;B01;2;17;0;2;4;1;1;
202300017530;155 649 509;C01;2;17;0;2;1;1;1;
202300017530;155 649 510;A01;2;99;0;2;1;1;1;
202300017531;155 649 504;B01;2;14;3;2;1;2;1;
202300017531;155 649 506;A01;1;7;0;2;1;13;1;
202300017532;155 649 503;A01;2;7;3;2;1;2;1;
202300017532;155 649 505;B01;2;7;0;2;4;2;1;
202300017533;155 649 501;B01;2;1;0;2;4;2;5;
202300017533;155 649 502;A01;2;7;0;9;2;2;0;
202300017534;155 649 499;B01;1;7;0;2;2;12;1;
202300017534;155 649 500;A01;1;33;0;2;3;3;1;
202300017535;155 649 495;A01;2;7;0;2;1;2;1;
202300017535;155 649 497;B01;2;7;0;2;4;1;1;
202300017536;155 649 493;A01;1;31;0;0;1;3;1;
202300017537;155 649 491;A01;2;7;0;2;2;14;1;
202300017538;155 649 490;A01;1;37;0;2;2;1;1;1
202300017538;155 649 492;B01;1;1;0;2;4;1;5;
202300017539;155 649 485;A01;2;33;0;2;1;11;1;
202300017539;155 649 487;B01;2;7;4;2;6;1;1;
202300017539;155 649 489;Z01;2;33;4;2;1;3;0;
202300017540;155 649 486;A01;1;7;14;0;1;2;1;
202300017540;155 649 488;B01;1;10;0;0;4;23;1;
202300017541;155 649 482;B01;2;7;0;2;8;1;1;
202300017541;155 649 484;A01;2;14;0;2;1;12;1;
202300017542;155 649 481;A01;1;7;0;0;4;1;1;
202300017542;155 649 483;B01;1;7;0;2;1;2;1;
202300017543;155 649 477;A01;1;7;0;2;1;5;1;
202300017543;155 649 479;B01;2;7;0;2;1;1;1;
202300017544;155 649 475;D01;1;7;0;2;5;1;1;
202300017544;155 649 476;C01;1;7;0;2;3;1;1;
202300017544;155 649 478;A01;1;7;0;2;3;12;1;
202300017544;155 649 480;B01;1;33;0;2;3;3;1;
202300017545;155 649 474;A01;2;37;0;1;3;24;1;1
202300017546;155 649 472;A01;2;10;0;2;1;1;1;
202300017546;155 649 473;B01;2;7;0;2;4;23;1;
202300017547;155 649 470;B01;1;10;0;2;3;2;1;
202300017547;155 649 471;A01;1;17;0;0;5;2;1;
202300017548;155 649 469;A01;1;7;4;0;2;14;1;
202300017549;155 649 467;A01;2;32;0;1;1;26;1;
202300017550;155 649 465;A01;2;50;0;1;1;1;3;
202300017551;155 649 463;A01;2;2;0;2;1;9;1;
202300017551;155 649 464;B01;2;2;0;2;5;26;1;
202300017552;155 649 462;A01;2;7;4;0;2;17;1;
202300017553;155 649 460;A01;3;13;0;2;7;1;1;
202300017553;155 649 461;B01;3;1;0;2;8;1;5;
202300017554;155 649 458;A01;1;33;0;2;5;16;1;
202300017554;155 649 459;B01;2;13;0;2;3;1;1;
202300017555;155 649 456;B01;1;7;0;2;3;1;4;
202300017555;155 649 457;A01;2;7;0;2;3;13;1;
202300017556;155 649 454;A01;1;7;0;2;3;9;1;
202300017556;155 649 455;B01;1;2;0;2;1;1;1;
202300017557;155 649 451;B01;1;2;0;2;6;1;1;
202300017557;155 649 452;Z01;1;7;0;9;2;12;1;
202300017558;155 649 450;A01;2;7;0;2;1;1;1;
202300017558;155 649 453;B01;1;7;0;2;8;9;1;
202300017559;155 649 447;B01;1;7;0;9;2;1;1;
202300017559;155 649 449;A01;1;50;0;2;8;15;3;
202300017560;155 649 446;A01;3;7;0;0;8;19;1;
202300017560;155 649 448;B01;2;33;0;2;1;1;1;
202300017561;155 649 442;B01;1;7;0;2;2;1;1;
202300017561;155 649 444;C01;1;7;0;2;6;24;1;
202300017561;155 649 445;A01;2;30;0;2;3;19;1;
202300017562;155 649 443;A01;1;33;0;0;9;1;1;
202300017563;155 649 441;A01;2;1;14;0;0;16;5;
202300017564;155 649 437;B01;0;31;0;2;1;1;0;
202300017564;155 649 438;A01;0;7;0;2;2;15;0;
202300017565;155 649 436;A01;1;7;12;0;2;1;1;
202300017566;155 649 439;B01;1;10;0;2;1;1;1;
202300017566;155 649 440;A01;2;7;0;2;1;5;0;
202300017567;155 649 435;A01;1;33;0;9;0;0;1;
202300017568;155 649 434;A01;2;7;8;0;3;1;1;
202300017569;155 649 433;A01;1;33;0;0;0;26;0;
202300017570;155 649 429;A01;1;50;0;2;0;0;3;
202300017570;155 649 430;B01;2;7;0;9;1;1;1;
202300017571;155 649 428;A01;3;7;0;1;2;1;1;
202300017572;155 649 426;B01;1;7;0;2;2;1;1;
202300017572;155 649 427;A01;2;7;0;2;1;1;1;
202300017573;155 649 424;B01;1;37;0;2;2;1;1;1
202300017573;155 649 425;A01;1;7;0;2;5;1;1;
202300017574;155 649 423;A01;1;7;1;0;2;14;1;
202300017575;155 649 422;A01;1;7;0;1;1;1;1;
202300017576;155 649 420;B01;1;43;0;2;2;1;1;
202300017576;155 649 421;A01;1;7;0;2;3;10;1;
202300017577;155 649 419;A01;3;7;14;0;1;6;1;
202300017578;155 649 417;A01;1;33;0;2;1;17;1;
202300017578;155 649 418;B01;1;7;0;2;3;15;1;
202300017579;155 649 415;A01;1;32;0;2;1;18;1;
202300017579;155 649 416;B01;2;7;0;2;2;15;1;
202300017580;155 649 413;B01;2;2;0;2;1;19;1;
202300017580;155 649 414;A01;1;7;0;2;3;1;1;
202300017581;155 649 411;A01;2;7;0;2;1;1;1;
202300017581;155 649 412;B01;3;7;0;2;4;1;1;
202300017582;155 649 409;B01;1;7;0;2;2;1;1;
202300017582;155 649 410;A01;3;7;0;2;7;1;1;
202300017583;155 649 405;C01;2;7;0;2;4;1;1;
202300017583;155 649 406;D01;2;7;0;2;4;1;1;
202300017583;155 649 407;B01;2;7;0;2;4;1;1;
202300017583;155 649 408;A01;2;7;0;2;1;1;1;
202300017584;155 649 404;A01;3;7;0;1;2;17;1;
202300017585;155 649 402;A01;3;7;0;2;3;15;1;
202300017585;155 649 403;B01;3;30;0;2;1;1;1;
202300017586;155 649 400;A01;3;7;0;2;0;1;1;
202300017586;155 649 401;B01;3;1;0;2;2;1;5;
202300017587;155 649 399;A01;2;1;16;0;0;1;5;
202300017588;155 649 398;A01;1;10;8;0;1;2;1;
202300017589;155 649 396;A01;2;7;0;2;6;26;1;
202300017589;155 649 397;B01;2;2;0;2;1;9;1;
202300017590;155 649 394;B01;1;7;1;0;1;1;1;
202300017590;155 649 395;A01;1;7;0;2;4;23;1;
202300017591;155 649 392;A01;1;7;0;2;1;1;1;
202300017591;155 649 393;B01;1;1;0;2;8;0;5;
202300017592;155 649 390;B01;1;30;0;2;8;1;1;
202300017592;155 649 391;A01;1;7;0;2;2;2;1;
202300017593;155 649 388;A01;3;10;0;2;3;1;1;
202300017593;155 649 389;B01;3;1;0;2;2;15;5;
202300017594;155 649 387;A01;1;30;0;0;0;1;0;
202300017595;155 649 386;A01;1;30;0;0;0;15;1;
202300017596;155 649 384;A01;2;10;0;9;2;19;1;
202300017596;155 649 385;B01;1;1;0;2;1;1;5;
202300017597;155 649 383;A01;1;30;1;0;1;13;1;
202300017598;155 649 382;A01;1;7;1;0;3;13;1;
202300017599;155 649 378;A01;3;34;14;0;0;0;0;
202300017599;155 649 379;B01;3;3;0;2;2;1;0;
202300017600;155 649 376;A01;1;7;0;2;2;15;1;
202300017600;155 649 377;B01;2;32;0;2;1;1;1;
202300017601;155 649 374;B01;0;7;0;2;5;15;1;
202300017601;155 649 375;A01;0;50;0;2;1;0;3;
202300017602;155 649 371;C01;3;7;16;0;6;15;0;
202300017602;155 649 372;B01;2;7;0;2;0;0;2;
202300017602;155 649 373;A01;3;7;0;2;9;1;1;
202300017603;155 649 370;A01;2;7;0;0;7;1;1;
202300017604;155 649 368;B01;1;2;0;0;4;23;1;
202300017604;155 649 369;A01;1;7;0;2;1;2;1;
202300017605;155 649 366;A01;2;7;0;2;2;2;1;
202300017605;155 649 367;B01;2;7;0;2;6;2;1;
202300017606;155 649 365;Z01;1;7;0;1;4;4;0;
202300017607;155 649 363;A01;2;7;0;2;2;1;1;
202300017607;155 649 364;B01;1;1;0;2;8;1;5;
202300017608;155 649 361;A01;1;32;0;2;7;1;1;
202300017608;155 649 362;B01;0;1;0;2;1;1;5;
202300017609;155 649 360;A01;3;30;0;0;0;9;3;
202300017610;155 649 358;A01;1;7;0;2;3;9;2;
202300017610;155 649 359;B01;1;31;0;2;7;1;1;
202300017611;155 649 356;B01;2;7;0;2;5;23;1;
202300017611;155 649 357;A01;2;10;0;2;6;1;1;
202300017612;155 649 355;A01;2;1;0;1;1;1;5;
202300017613;155 649 353;A01;2;10;0;2;2;1;1;
202300017613;155 649 354;B01;2;43;0;2;0;1;1;
202300017614;155 649 351;A01;2;7;0;2;3;2;1;
202300017614;155 649 352;B01;2;1;0;2;1;17;5;
202300017615;155 649 350;Z01;2;14;0;1;0;1;1;
202300017616;155 649 348;A01;2;10;0;2;2;14;1;
202300017616;155 649 349;B01;2;7;0;2;6;1;2;
202300017617;155 649 346;A01;2;99;0;2;1;1;1;
202300017617;155 649 347;B01;2;33;0;2;4;23;1;
202300017618;155 649 344;B01;2;7;0;2;1;1;1;
202300017618;155 649 345;A01;2;7;0;2;7;1;1;
202300017619;155 649 342;B01;2;50;0;2;1;1;3;
202300017619;155 649 343;A01;2;7;0;2;2;16;1;
202300017620;155 649 340;B01;3;2;0;2;5;26;1;
202300017620;155 649 341;A01;0;7;0;2;3;26;0;
202300017621;155 649 339;A01;1;60;12;0;1;1;5;
202300017622;155 649 338;A01;2;33;14;0;1;6;1;
202300017623;155 649 337;A01;0;10;0;0;0;0;1;
202300017624;155 649 335;B01;1;7;0;2;5;0;1;
202300017624;155 649 336;A01;2;7;0;2;1;5;3;
202300017625;155 649 333;B01;1;33;12;2;6;9;1;
202300017625;155 649 334;A01;1;33;1;2;1;13;1;
202300017626;155 649 331;B01;3;1;0;9;0;9;5;
202300017626;155 649 332;A01;3;7;0;9;3;9;1;
202300017627;155 649 330;A01;2;7;13;0;7;1;1;
202300017628;155 649 328;B01;3;7;0;2;1;17;1;
202300017628;155 649 329;A01;0;7;0;2;6;15;1;
202300017629;155 649 327;A01;2;7;3;0;2;14;1;
202300017630;155 649 325;A01;3;1;0;2;7;1;5;
202300017630;155 649 326;B01;3;7;0;9;4;26;0;
202300017631;155 649 323;A01;1;7;0;2;1;13;3;
202300017631;155 649 324;B01;2;10;0;2;1;1;0;
202300017632;155 649 321;B01;0;7;0;2;1;1;1;
202300017632;155 649 322;A01;0;7;0;2;8;21;1;
202300017633;155 649 320;A01;1;7;15;9;1;1;1;
202300017634;155 649 319;A01;2;7;0;1;2;16;0;
202300017635;155 649 318;A01;1;7;14;0;1;0;1;
202300017636;155 649 316;B01;2;7;0;2;7;1;1;
202300017636;155 649 317;A01;2;7;0;2;1;1;1;
202300017637;155 649 314;B01;2;7;0;2;2;1;1;
202300017637;155 649 315;A01;1;2;0;2;1;13;1;
202300017638;155 649 312;B01;1;7;0;2;2;15;1;
202300017638;155 649 313;A01;2;7;15;2;1;1;1;
202300017639;155 649 311;A01;2;7;2;0;1;14;1;
202300017640;155 649 310;A01;1;7;0;1;2;1;1;
202300017641;155 649 309;A01;3;7;6;0;2;1;1;
202300017642;155 649 307;B01;1;7;6;2;7;1;1;
202300017642;155 649 308;A01;1;7;6;2;1;1;1;
202300017643;155 649 305;A01;1;3;0;2;7;17;1;
202300017643;155 649 306;B01;1;31;12;0;3;14;1;
202300017644;155 649 304;A01;1;7;4;0;9;2;0;
202300017645;155 649 303;A01;3;7;0;1;2;1;1;
202300017646;155 649 301;A01;2;7;0;2;2;15;1;
202300017646;155 649 302;B01;2;33;0;2;7;1;1;
202300017647;155 649 300;A01;1;7;0;1;1;1;1;
202300017648;155 649 298;A01;2;7;0;2;3;1;1;
202300017648;155 649 299;B01;1;17;0;2;8;1;1;
202300017649;155 649 296;A01;1;7;0;9;2;16;1;
202300017649;155 649 297;B01;2;1;0;2;4;5;5;
202300017650;155 649 294;A01;0;7;0;0;7;10;1;
202300017650;155 649 295;B01;0;33;0;2;1;1;1;
202300017651;155 649 292;B01;1;1;0;2;4;15;5;
202300017651;155 649 293;A01;1;38;0;2;2;2;1;1
202300017652;155 649 290;B01;1;15;0;0;6;1;1;
202300017652;155 649 291;A01;1;7;0;2;1;0;1;
202300017653;155 649 288;A01;1;7;0;2;0;13;1;
202300017653;155 649 289;B01;2;7;0;2;1;1;1;
202300017654;155 649 286;A01;3;7;0;9;3;1;1;
202300017654;155 649 287;B01;0;1;0;2;1;26;5;
202300017655;155 649 284;A01;1;7;0;2;2;19;1;
202300017655;155 649 285;B01;2;7;0;2;2;21;1;
202300017656;155 649 283;A01;1;34;3;0;9;1;1;
202300017657;155 649 281;A01;0;7;0;2;8;10;0;
202300017657;155 649 282;B01;3;31;0;2;1;2;1;
202300017658;155 649 279;A01;2;7;0;2;1;1;0;
202300017658;155 649 280;B01;1;7;0;2;1;1;0;
202300017659;155 649 278;A01;2;7;2;0;8;1;1;
202300017660;155 649 276;A01;2;32;0;0;4;1;1;
202300017660;155 649 277;B01;2;10;0;2;3;9;1;
202300017661;155 649 275;A01;3;7;6;0;3;1;0;
202300017662;155 649 274;A01;0;33;0;6;1;1;1;
202300017663;155 649 267;A01;1;7;3;0;7;14;1;
202300017664;155 649 265;A01;2;7;0;2;5;26;1;
202300017664;155 649 266;B01;2;7;0;2;3;21;1;
202300017665;155 649 264;A01;3;33;0;1;8;0;1;
202300017666;155 649 263;A01;1;10;0;1;7;19;1;
202300017667;155 649 261;A01;1;7;0;2;3;5;1;
202300017667;155 649 262;B01;2;7;0;2;3;1;1;
202300017668;155 649 260;A01;0;30;0;1;1;26;1;
202300017669;155 649 259;A01;1;7;0;1;1;1;1;
202300017670;155 649 257;B01;2;33;0;2;0;11;1;
202300017670;155 649 258;A01;1;10;0;2;1;2;1;
202300017671;155 649 256;A01;1;10;0;1;2;16;6;
202300017672;155 649 253;C01;2;7;0;2;1;23;1;
202300017672;155 649 254;B01;1;31;0;2;1;21;1;
202300017672;155 649 255;A01;2;7;0;2;8;1;0;
202300017673;155 649 251;B01;1;32;0;2;0;1;1;
202300017673;155 649 252;A01;2;7;0;2;0;19;1;
202300017674;155 649 250;A01;1;7;0;1;1;1;1;
202300017675;155 649 248;B01;3;1;0;2;3;1;5;
202300017675;155 649 249;A01;3;7;0;2;3;11;1;
202300017676;155 649 247;A01;1;33;12;0;8;0;1;
202300017677;155 649 244;A01;2;7;0;2;1;18;1;
202300017677;155 649 245;B01;1;7;3;2;7;1;1;
202300017677;155 649 246;C01;1;7;3;2;7;1;1;
202300017678;155 649 242;A01;2;7;0;2;5;15;1;
202300017678;155 649 243;B01;1;33;0;2;1;1;1;
202300017679;155 649 241;A01;1;7;8;1;2;1;1;
202300017680;155 649 239;B01;2;7;0;2;4;2;1;
202300017680;155 649 240;A01;1;10;0;2;1;2;1;
202300017681;155 649 237;A01;3;7;0;2;2;15;1;
202300017681;155 649 238;B01;3;33;0;2;7;1;1;
202300017682;155 649 235;B01;1;7;1;0;1;14;1;
202300017682;155 649 236;A01;1;7;0;2;4;23;1;
202300017683;155 649 234;A01;3;7;2;0;2;26;0;
202300017684;155 649 231;A01;2;30;0;2;8;1;1;
202300017684;155 649 233;Z01;1;7;0;2;0;15;1;
202300017685;155 649 229;Z01;3;0;0;1;4;4;0;
202300017686;155 649 227;A01;1;33;3;0;1;26;1;
202300017687;155 649 224;A01;1;7;0;2;1;1;1;
202300017687;155 649 225;B01;1;7;0;2;4;1;1;
202300017688;155 649 222;A01;3;7;0;2;3;9;1;
202300017688;155 649 223;B01;1;80;0;2;0;0;3;
202300017689;155 649 220;A01;1;7;0;2;5;10;0;
202300017689;155 649 221;B01;2;7;0;2;1;1;1;
202300017690;155 649 219;A01;2;10;0;1;1;1;1;
202300017691;155 649 217;B01;3;7;0;2;2;0;0;
202300017691;155 649 218;A01;3;7;0;2;8;0;0;
202300017692;155 649 214;A01;3;7;0;2;3;11;1;
202300017692;155 649 216;B01;2;7;2;2;0;0;1;
202300017693;155 649 215;A01;1;7;0;0;9;1;1;
202300017694;155 649 212;A01;1;10;0;2;7;1;1;
202300017694;155 649 213;B01;1;7;0;2;0;16;1;
202300017695;155 649 211;A01;1;7;1;0;2;1;1;
202300017696;155 649 207;B01;0;7;0;2;1;15;1;
202300017696;155 649 209;A01;3;7;0;2;2;1;1;
202300017697;155 649 206;A01;1;10;0;2;1;5;1;
202300017697;155 649 208;C01;2;17;0;2;3;1;1;
202300017697;155 649 210;B01;2;7;0;2;1;1;1;
202300017698;155 649 204;B01;2;7;0;2;6;1;1;
202300017698;155 649 205;A01;2;7;0;2;1;11;0;
202300017699;155 649 198;A01;3;7;0;2;1;13;1;
202300017699;155 649 200;B01;3;7;0;2;6;23;1;
202300017699;155 649 202;C01;3;7;0;2;1;23;1;
202300017699;155 649 203;D01;3;7;0;2;1;23;1;
202300017700;155 649 197;A01;1;7;0;2;3;19;1;
202300017700;155 649 199;B01;1;7;0;2;2;1;1;
202300017700;155 649 201;C01;1;10;0;2;1;1;1;
202300017701;155 649 193;A01;3;7;0;2;1;1;1;
202300017701;155 649 195;B01;3;10;0;2;4;1;1;
202300017701;155 649 196;C01;3;7;0;2;4;1;1;
202300017702;155 649 192;B01;2;7;0;2;3;9;1;
202300017702;155 649 194;A01;2;33;8;2;1;16;1;
202300017703;155 649 190;A01;1;7;0;1;1;1;1;