Num_Acc;id_vehicule;num_veh;senc;catv;obs;obsm;choc;manv;motor;occutc
202300017704;155 649 191;A01;2;33;8;0;8;1;1;
202300017705;155 649 188;B01;2;32;0;2;3;1;1;
202300017705;155 649 189;A01;1;7;0;2;2;15;1;
202300017706;155 649 187;B01;2;34;0;1;1;1;1;
202300017707;155 649 185;A01;3;10;0;1;2;19;1;
202300017708;155 649 186;A01;2;7;1;0;0;1;1;
202300017709;155 649 183;A01;2;32;0;1;0;3;1;
202300017710;155 649 182;A01;2;7;0;2;2;2;1;
202300017710;155 649 184;B01;2;7;0;2;6;2;1;
202300017711;155 649 181;A01;1;34;6;0;1;1;1;
202300017712;155 649 173;A01;2;7;1;0;1;1;1;
202300017712;155 649 175;B01;2;7;1;0;4;23;1;
202300017712;155 649 176;C01;2;7;0;0;2;23;1;
202300017713;155 649 174;E01;2;7;0;2;7;1;1;
202300017713;155 649 177;B01;2;31;0;2;2;14;-1;
202300017713;155 649 178;C01;2;10;0;2;3;1;1;
202300017713;155 649 179;D01;2;7;0;2;7;1;1;
202300017713;155 649 180;A01;2;33;0;2;1;3;1;
202300017714;155 649 172;A01;2;7;0;0;1;13;1;
202300017715;155 649 171;A01;0;33;15;0;8;1;1;
202300017716;155 649 166;Z01;2;10;0;2;1;1;0;
202300017716;155 649 168;A01;2;31;0;2;2;1;3;
202300017716;155 649 170;B01;2;10;0;2;3;11;1;
202300017717;155 649 165;A01;2;1;0;2;1;19;5;
202300017717;155 649 167;B01;2;7;0;2;7;1;1;
202300017718;155 649 164;A01;2;7;1;0;1;1;1;
202300017719;155 649 163;A01;1;2;0;1;1;1;1;
202300017720;155 649 161;B01;3;7;0;2;2;1;1;
202300017720;155 649 162;A01;3;7;0;2;3;16;1;
202300017721;155 649 159;A01;1;7;0;1;4;4;0;
202300017722;155 649 157;A01;2;30;0;0;0;0;1;
202300017723;155 649 158;A01;1;7;0;2;1;1;1;
202300017723;155 649 160;B01;1;7;0;2;5;20;1;
202300017724;155 649 155;A01;1;7;1;2;4;2;1;
202300017724;155 649 156;B01;1;33;0;2;4;2;1;
202300017725;155 649 153;A01;2;7;0;1;0;15;1;
202300017726;155 649 154;Z01;1;1;0;1;1;5;5;
202300017727;155 649 151;A01;1;7;0;2;2;26;1;
202300017727;155 649 152;B01;1;7;0;2;4;2;1;
202300017728;155 649 149;A01;2;33;6;0;1;0;1;
202300017729;155 649 148;A01;1;33;16;0;7;20;1;
202300017730;155 649 150;A01;2;10;0;1;4;25;1;
202300017731;155 649 146;A01;2;7;0;2;2;15;1;
202300017731;155 649 147;B01;2;7;0;2;3;2;1;
202300017732;155 649 144;B01;1;80;0;2;3;2;3;
202300017732;155 649 145;A01;1;7;0;2;2;16;2;
202300017733;155 649 143;A01;1;7;0;1;1;15;2;
202300017734;155 649 139;B01;1;31;0;2;1;0;1;
202300017734;155 649 142;A01;1;7;0;2;3;15;1;
202300017735;155 649 140;A01;2;7;0;2;1;1;1;
202300017735;155 649 141;B01;2;1;0;2;8;19;5;
202300017736;155 649 134;B01;2;31;0;2;8;9;1;
202300017736;155 649 137;A01;1;1;0;2;1;1;5;
202300017737;155 649 133;A01;1;7;0;2;1;1;1;
202300017737;155 649 135;B01;1;7;0;2;9;1;1;
202300017737;155 649 136;C01;1;7;0;2;9;1;1;
202300017737;155 649 138;D01;1;7;0;2;4;1;1;
202300017738;155 649 131;A01;1;1;0;2;2;1;5;
202300017738;155 649 132;B01;1;31;0;2;1;9;3;
202300017739;155 649 127;B01;0;7;0;2;2;2;1;
202300017739;155 649 129;A01;0;7;0;2;1;9;1;
202300017740;155 649 125;A01;2;33;0;2;1;1;1;
202300017740;155 649 128;B01;1;7;0;2;5;15;2;
202300017741;155 649 126;A01;1;7;0;2;5;15;1;
202300017741;155 649 130;B01;2;7;0;2;2;1;1;
202300017742;155 649 123;A01;2;7;0;1;3;22;0;
202300017743;155 649 122;A01;3;1;0;9;1;0;5;
202300017743;155 649 124;B01;3;1;0;2;8;0;5;
202300017744;155 649 119;A01;1;17;0;1;1;1;1;
202300017745;155 649 118;A01;2;7;0;2;1;26;1;
202300017745;155 649 120;B01;2;50;0;2;6;13;3;
202300017746;155 649 117;B01;2;7;0;2;3;0;1;
202300017746;155 649 121;A01;1;7;0;2;1;5;1;
202300017747;155 649 116;A01;1;50;6;0;1;1;3;
202300017748;155 649 115;A01;0;10;0;1;4;4;1;
202300017749;155 649 114;A01;1;2;15;0;0;15;1;
202300017750;155 649 113;A01;3;7;11;0;1;2;1;
202300017751;155 649 111;A01;1;34;0;2;1;0;0;
202300017751;155 649 112;B01;1;32;0;2;4;0;1;
202300017752;155 649 110;A01;3;2;8;0;1;0;1;
202300017753;155 649 109;A01;3;30;9;0;1;1;1;
202300017754;155 649 107;A01;3;7;0;2;1;1;1;
202300017754;155 649 108;B01;3;7;0;0;4;0;1;
202300017755;155 649 105;A01;1;7;0;2;1;2;1;
202300017755;155 649 106;B01;1;13;0;0;4;2;1;
202300017756;155 649 104;A01;3;7;1;0;1;2;1;
202300017757;155 649 101;A01;1;7;0;2;2;1;1;
202300017757;155 649 103;B01;1;1;0;0;4;1;5;
202300017758;155 649 099;A01;1;14;0;2;8;15;1;
202300017758;155 649 102;B01;1;37;0;2;3;1;1;5
202300017759;155 649 098;B01;2;2;0;2;4;1;1;
202300017759;155 649 100;A01;2;2;0;2;1;2;1;
202300017760;155 649 095;B01;3;7;0;2;4;4;1;
202300017760;155 649 096;A01;3;30;0;2;1;1;1;
202300017761;155 649 094;A01;2;1;0;2;1;1;5;
202300017761;155 649 097;B01;1;13;0;2;5;15;1;
202300017762;155 649 092;B01;3;7;0;2;2;16;1;
202300017762;155 649 093;A01;3;7;0;2;0;0;1;
202300017763;155 649 090;B01;2;1;0;2;8;1;5;
202300017763;155 649 091;A01;2;7;0;2;5;18;1;
202300017764;155 649 088;A01;1;10;4;2;3;21;0;
202300017765;155 649 087;A01;1;7;0;2;1;1;1;
202300017765;155 649 089;B01;2;7;0;2;1;17;1;
202300017766;155 649 084;A01;3;99;0;0;0;1;1;
202300017767;155 649 083;A01;3;7;0;2;6;0;1;
202300017767;155 649 086;B01;3;32;0;2;2;0;1;
202300017768;155 649 082;A01;2;10;0;2;1;13;1;
202300017768;155 649 085;B01;1;10;0;2;1;1;1;
202300017769;155 649 076;A01;1;7;14;0;2;13;1;
202300017769;155 649 077;B01;1;10;0;2;8;1;1;
202300017769;155 649 080;C01;1;7;0;2;3;1;1;
202300017770;155 649 078;A01;2;7;0;9;2;15;0;
202300017770;155 649 081;B01;1;99;0;2;1;1;0;
202300017771;155 649 075;B01;2;7;0;2;1;1;3;
202300017771;155 649 079;A01;1;7;0;2;1;5;1;
202300017772;155 649 072;A01;2;14;2;0;2;13;1;
202300017773;155 649 071;A01;1;7;0;2;1;26;1;
202300017773;155 649 074;B01;2;33;0;2;2;0;1;
202300017774;155 649 068;A01;2;33;0;0;0;1;1;
202300017775;155 649 066;B01;2;7;0;2;6;1;1;
202300017775;155 649 069;C01;2;7;0;2;4;1;1;
202300017775;155 649 070;D01;2;7;0;2;6;11;1;
202300017775;155 649 073;A01;2;33;0;2;9;3;1;
202300017776;155 649 065;B01;2;32;0;2;1;2;1;
202300017776;155 649 067;A01;2;7;0;2;7;2;1;
202300017777;155 649 064;A01;2;7;13;0;3;13;6;
202300017778;155 649 062;A01;1;33;0;0;8;10;1;
202300017779;155 649 060;A01;2;7;0;2;1;1;2;
202300017779;155 649 063;B01;1;7;0;2;3;1;1;
202300017780;155 649 059;B01;0;7;0;2;6;1;1;
202300017780;155 649 061;A01;0;7;7;2;7;1;1;
202300017781;155 649 056;A01;1;33;0;2;1;1;1;
202300017781;155 649 058;B01;2;7;0;2;3;13;1;
202300017782;155 649 055;A01;1;7;0;9;2;10;1;
202300017782;155 649 057;B01;1;1;0;2;1;19;5;
202300017783;155 649 053;B01;2;7;0;2;3;0;1;
202300017783;155 649 054;A01;1;7;0;2;3;0;1;
202300017784;155 649 049;A01;3;10;0;2;8;19;0;
202300017784;155 649 051;B01;3;7;0;2;1;1;0;
202300017785;155 649 050;B01;2;33;0;2;1;17;1;
202300017785;155 649 052;A01;2;7;0;2;8;15;1;
202300017786;155 649 048;A01;1;33;0;0;7;1;1;
202300017787;155 649 045;A01;0;7;0;1;1;2;1;
202300017788;155 649 044;B01;1;7;0;2;1;2;1;
202300017788;155 649 046;C01;1;7;0;2;7;2;1;
202300017788;155 649 047;A01;2;10;0;2;1;5;1;
202300017789;155 649 043;A01;0;7;0;1;4;4;1;
202300017790;155 649 041;A01;3;31;15;0;1;2;1;
202300017791;155 649 040;A01;1;1;0;0;3;2;5;
202300017791;155 649 042;B01;1;37;0;0;3;2;3;1
202300017792;155 649 035;B01;2;2;0;2;8;1;1;
202300017792;155 649 038;A01;2;7;0;2;7;1;1;
202300017793;155 649 034;B01;1;1;1;2;8;1;5;
202300017793;155 649 037;Z01;1;7;0;9;3;10;0;
202300017794;155 649 036;B01;2;33;0;2;1;2;0;
202300017794;155 649 039;A01;1;7;0;2;1;5;6;
202300017795;155 649 030;B01;1;60;0;2;5;19;5;
202300017795;155 649 032;A01;1;7;0;2;1;1;1;
202300017796;155 649 029;B01;3;7;0;2;2;1;1;
202300017796;155 649 033;A01;3;1;0;2;7;2;5;
202300017797;155 649 027;A01;2;7;0;9;3;9;1;
202300017797;155 649 031;Y01;2;1;0;2;7;1;5;
202300017798;155 649 026;A01;1;1;0;2;1;5;5;
202300017798;155 649 028;B01;1;33;0;2;3;15;1;
202300017799;155 649 024;A01;1;7;0;2;2;17;1;
202300017799;155 649 025;B01;1;7;0;2;3;15;1;
202300017800;155 649 022;B01;3;2;0;2;3;2;1;
202300017800;155 649 023;A01;3;3;0;2;2;2;1;
202300017801;155 649 020;A01;3;7;0;2;3;9;1;
202300017801;155 649 021;B01;3;1;0;2;8;1;5;
202300017802;155 649 019;A01;3;10;0;1;1;15;0;
202300017803;155 649 017;A01;2;1;0;2;1;1;5;
202300017803;155 649 018;B01;1;10;0;2;8;15;0;
202300017804;155 649 013;A01;3;7;0;2;1;26;0;
202300017804;155 649 015;B01;3;7;0;2;4;23;0;
202300017804;155 649 016;C01;3;7;0;9;4;23;0;
202300017805;155 649 010;B01;1;43;0;2;8;11;1;
202300017805;155 649 012;A01;1;43;0;2;7;1;1;
202300017806;155 649 009;A01;1;30;0;2;1;1;1;
202300017806;155 649 011;B01;1;7;0;2;2;9;1;
202300017807;155 649 006;B01;3;33;0;2;8;16;1;
202300017807;155 649 008;A01;3;7;0;2;2;1;1;
202300017808;155 649 004;A01;1;7;0;2;1;2;1;
202300017808;155 649 005;B01;1;7;0;2;1;2;1;
202300017808;155 649 007;C01;1;7;0;2;4;23;1;
202300017809;155 649 002;A01;1;7;0;2;8;15;1;
202300017809;155 649 003;B01;1;33;0;2;1;17;1;
202300017810;155 649 000;B01;2;17;0;2;4;0;1;
202300017810;155 649 001;A01;2;7;0;2;1;0;1;
202300017811;155 648 999;A01;1;10;17;0;9;14;1;
202300017812;155 648 995;C01;2;7;0;2;4;2;0;
202300017812;155 648 997;A01;2;7;0;2;1;2;2;
202300017812;155 648 998;B01;2;7;0;2;4;2;1;
202300017813;155 648 994;A01;1;20;0;9;1;26;1;
202300017813;155 648 996;B01;2;1;0;2;1;1;5;
202300017814;155 648 992;A01;2;7;0;6;2;21;1;
202300017815;155 648 991;B01;2;33;0;2;7;3;1;
202300017815;155 648 993;A01;2;7;0;2;6;11;1;
202300017816;155 648 988;B01;2;80;0;2;3;0;2;
202300017816;155 648 989;A01;2;10;0;2;5;17;1;
202300017817;155 648 987;A01;1;7;0;1;1;1;1;
202300017818;155 648 985;A01;1;7;0;2;4;1;1;
202300017818;155 648 986;B01;1;7;0;2;4;1;1;
202300017819;155 648 983;A01;1;10;0;2;1;13;1;
202300017819;155 648 984;B01;2;7;0;2;1;1;1;
202300017820;155 648 981;B01;2;10;0;2;8;19;1;
202300017820;155 648 982;A01;1;37;0;2;1;1;1;1
202300017821;155 648 980;A01;3;33;0;0;8;14;1;
202300017822;155 648 978;A01;2;33;12;0;0;0;1;
202300017823;155 648 977;A01;2;1;0;2;1;2;5;
202300017823;155 648 979;B01;2;7;0;2;4;1;1;
202300017824;155 648 974;A01;2;33;0;2;1;2;1;
202300017824;155 648 976;B01;2;7;0;0;6;23;1;
202300017825;155 648 973;B01;2;7;0;0;0;0;1;
202300017825;155 648 975;A01;1;7;0;0;0;0;1;
202300017826;155 648 972;A01;0;2;0;0;0;0;1;
202300017827;155 648 968;C01;2;7;0;2;4;2;1;
202300017827;155 648 970;A01;2;7;0;2;1;2;1;
202300017827;155 648 971;B01;2;7;0;2;4;2;2;
202300017828;155 648 967;A01;2;99;0;2;1;13;1;
202300017828;155 648 969;B01;1;7;0;2;3;1;1;
202300017829;155 648 965;A01;1;34;0;2;7;21;1;
202300017829;155 648 966;B01;2;7;0;2;5;20;1;
202300017830;155 648 962;B01;1;14;0;2;1;15;1;
202300017830;155 648 964;A01;2;1;0;2;7;1;5;
202300017831;155 648 960;A01;1;7;0;2;3;23;1;
202300017831;155 648 961;B01;1;33;1;0;2;3;1;
202300017831;155 648 963;C01;3;7;0;2;0;9;1;
202300017832;155 648 959;A01;3;7;2;0;1;14;0;
202300017833;155 648 957;A01;2;7;0;1;3;1;1;
202300017834;155 648 956;A01;3;1;0;2;1;7;5;
202300017834;155 648 958;B01;3;37;0;9;1;17;1;1
202300017835;155 648 953;A01;1;7;0;2;2;16;1;
202300017835;155 648 954;B01;1;33;0;2;8;0;1;
202300017836;155 648 950;B01;2;7;0;2;2;1;1;
202300017836;155 648 952;A01;1;2;0;2;8;15;1;
202300017837;155 648 949;A01;2;7;0;2;3;11;1;
202300017837;155 648 951;B01;2;7;0;2;2;1;1;
202300017838;155 648 948;A01;3;7;8;0;1;1;1;
202300017839;155 648 945;A01;3;7;0;2;2;9;1;
202300017839;155 648 946;B01;1;7;0;2;1;1;1;
202300017840;155 648 943;A01;2;7;2;2;4;0;1;
202300017840;155 648 944;C01;2;7;0;2;4;2;1;
202300017840;155 648 947;B01;2;7;2;2;1;2;1;
202300017841;155 648 941;B01;1;7;0;0;4;1;1;
202300017841;155 648 942;A01;1;10;0;2;1;1;1;
202300017842;155 648 939;A01;1;2;0;0;6;21;2;
202300017842;155 648 940;B01;1;7;0;9;6;15;1;
202300017843;155 648 937;A01;2;17;0;0;6;9;1;
202300017843;155 648 938;B01;2;17;0;2;1;1;1;
202300017844;155 648 935;A01;2;7;0;2;7;16;1;
202300017844;155 648 936;B01;2;33;0;2;1;1;1;
202300017845;155 648 934;A01;1;7;0;1;1;1;1;
202300017846;155 648 930;A01;1;7;0;2;1;1;1;
202300017846;155 648 932;B01;2;1;0;2;8;9;5;
202300017847;155 648 931;B01;2;31;0;0;3;3;1;
202300017847;155 648 933;A01;2;7;0;0;5;3;2;
202300017848;155 648 928;A01;1;2;8;0;2;1;0;
202300017849;155 648 929;A01;2;30;8;0;1;1;1;
202300017850;155 648 925;A01;1;14;15;0;1;1;1;
202300017850;155 648 927;B01;2;17;0;2;7;21;1;
202300017851;155 648 922;A01;2;7;0;2;3;16;0;
202300017851;155 648 923;B01;1;31;0;2;3;17;1;
202300017852;155 648 920;A01;2;3;0;0;8;0;-1;
202300017853;155 648 919;B01;0;7;0;2;1;19;1;
202300017853;155 648 921;A01;3;30;0;2;1;19;1;
202300017854;155 648 917;B01;1;15;0;2;7;17;1;
202300017854;155 648 918;A01;1;2;0;2;8;15;1;
202300017855;155 648 916;A01;1;7;6;0;1;1;1;
202300017856;155 648 914;A01;1;7;0;2;2;15;1;
202300017856;155 648 915;B01;2;7;0;2;3;1;1;
202300017857;155 648 911;A01;1;7;8;0;1;1;1;
202300017858;155 648 912;B01;0;7;0;2;7;1;1;
202300017858;155 648 913;A01;0;7;0;2;1;9;1;
202300017859;155 648 910;A01;2;2;12;0;2;16;1;
202300017860;155 648 908;A01;1;10;0;2;1;15;1;
202300017860;155 648 909;B01;2;31;0;2;1;1;1;
202300017861;155 648 905;B01;3;7;0;2;1;1;1;
202300017861;155 648 907;A01;3;7;0;2;7;9;1;
202300017862;155 648 904;A01;1;10;0;2;2;14;1;
202300017862;155 648 906;B01;1;15;0;0;8;1;1;
202300017863;155 648 901;B01;1;32;0;2;3;1;1;
202300017863;155 648 903;A01;1;7;0;2;1;9;1;
202300017864;155 648 899;A01;2;7;0;0;7;23;1;
202300017864;155 648 900;B01;2;7;0;0;6;12;1;
202300017864;155 648 902;C01;2;33;0;2;2;3;1;
202300017865;155 648 897;A01;3;7;0;1;3;1;1;
202300017866;155 648 896;B01;1;7;0;1;4;1;1;
202300017866;155 648 898;A01;1;7;0;2;2;2;1;
202300017867;155 648 895;A01;2;7;10;0;1;1;1;
202300017868;155 648 892;A01;1;7;0;2;8;22;1;
202300017868;155 648 894;B01;1;1;0;2;1;1;5;
202300017869;155 648 889;A01;1;7;0;2;7;19;1;
202300017869;155 648 890;B01;1;2;0;2;1;1;1;
202300017870;155 648 886;A01;1;7;13;0;2;26;1;
202300017871;155 648 884;A01;2;7;2;0;1;0;1;
202300017872;155 648 882;A01;3;7;0;1;1;1;0;
202300017873;155 648 883;C01;2;7;0;2;4;1;1;
202300017873;155 648 885;D01;2;7;0;2;5;1;1;
202300017873;155 648 887;A01;2;7;0;2;1;2;1;
202300017873;155 648 888;B01;2;7;0;2;4;1;1;
202300017874;155 648 880;A01;1;33;0;2;1;6;1;
202300017874;155 648 881;B01;2;7;0;2;8;19;1;
202300017875;155 648 877;B01;3;7;0;2;8;0;1;
202300017875;155 648 879;A01;3;33;0;2;0;1;1;
202300017876;155 648 875;B01;1;33;0;2;6;17;1;
202300017876;155 648 876;A01;0;2;0;0;1;10;1;
202300017877;155 648 872;A01;1;7;0;2;1;5;1;
202300017877;155 648 873;B01;2;7;0;2;1;1;1;
202300017877;155 648 874;C01;2;7;0;2;1;1;1;
202300017878;155 648 870;A01;3;7;4;0;8;14;1;
202300017879;155 648 869;A01;3;7;0;2;2;1;1;
202300017879;155 648 871;B01;3;31;0;2;8;1;1;
202300017880;155 648 866;A01;2;2;0;9;8;0;1;
202300017880;155 648 867;B01;1;7;0;0;0;0;1;
202300017881;155 648 862;A01;3;7;0;0;7;15;1;
202300017881;155 648 863;B01;3;7;7;0;1;1;1;
202300017882;155 648 864;A01;1;10;0;2;1;2;1;
202300017882;155 648 865;B01;1;7;0;2;9;2;1;
202300017882;155 648 868;C01;1;7;14;0;4;23;1;
202300017883;155 648 861;A01;3;50;0;0;0;25;3;
202300017884;155 648 859;A01;2;30;0;0;3;1;1;
202300017884;155 648 860;B01;1;10;0;2;5;15;1;
202300017885;155 648 858;A01;0;2;0;0;3;1;1;
202300017886;155 648 856;A01;2;7;0;2;3;13;1;
202300017886;155 648 857;B01;1;31;0;2;0;0;1;
202300017887;155 648 854;A01;0;32;0;2;8;26;3;
202300017887;155 648 855;B01;1;7;0;2;7;1;1;
202300017888;155 648 852;A01;2;1;0;2;4;1;5;
202300017888;155 648 853;Z01;2;7;0;2;1;1;0;
202300017889;155 648 849;A01;1;7;0;2;1;2;1;
202300017889;155 648 850;B01;1;7;0;2;4;23;1;
202300017889;155 648 851;C01;2;7;0;2;3;1;1;
202300017890;155 648 846;A01;2;43;0;0;7;0;1;
202300017891;155 648 845;A01;1;21;0;2;6;15;1;
202300017891;155 648 847;B01;1;33;0;2;1;17;1;
202300017892;155 648 843;A01;1;7;0;2;1;2;1;
202300017892;155 648 844;B01;1;33;0;2;4;2;1;
202300017893;155 648 842;A01;2;7;2;0;2;1;1;
202300017894;155 648 840;A01;1;7;2;0;8;0;0;
202300017895;155 648 839;A01;3;10;0;2;0;9;1;
202300017895;155 648 841;B01;3;1;0;2;5;1;5;
202300017896;155 648 836;A01;2;7;0;0;1;14;1;
202300017897;155 648 835;A01;1;7;0;2;9;13;1;
202300017897;155 648 837;B01;1;7;0;2;1;1;2;
202300017898;155 648 834;A01;3;7;0;2;2;5;1;
202300017898;155 648 838;B01;3;7;0;2;1;16;1;
202300017899;155 648 830;A01;2;33;0;2;1;1;1;
202300017899;155 648 832;B01;1;7;0;2;3;15;1;
202300017900;155 648 828;A01;2;7;0;2;1;1;0;
202300017900;155 648 829;B01;2;7;14;2;4;23;0;
202300017900;155 648 831;C01;2;7;0;0;4;23;0;
202300017901;155 648 827;A01;1;30;0;2;5;21;1;
202300017901;155 648 833;B01;1;7;0;2;5;0;1;
202300017902;155 648 825;B01;3;50;0;0;4;1;3;
202300017902;155 648 826;A01;1;7;0;2;1;1;1;
202300017903;155 648 823;A01;1;10;0;2;4;1;1;
202300017903;155 648 824;B01;1;10;0;2;1;2;1;
202300017904;155 648 822;A01;1;7;0;1;7;1;1;
202300017905;155 648 820;A01;3;7;0;9;3;16;1;
202300017905;155 648 821;B01;3;1;0;2;4;2;5;
202300017906;155 648 819;A01;1;33;0;2;1;26;1;
202300017907;155 648 817;A01;0;32;2;0;2;0;1;
202300017908;155 648 815;A01;2;7;0;2;2;2;6;
202300017908;155 648 818;B01;2;7;0;9;4;1;6;
202300017909;155 648 813;A01;2;7;0;2;1;26;1;
202300017909;155 648 814;B01;1;10;0;2;1;0;1;
202300017910;155 648 812;A01;2;7;6;2;8;9;1;
202300017910;155 648 816;B01;2;14;0;2;2;1;1;
202300017911;155 648 809;A01;1;21;16;0;9;26;1;
202300017912;155 648 808;A01;2;33;0;2;1;2;1;
202300017912;155 648 810;B01;3;7;0;2;4;23;1;
202300017913;155 648 806;A01;1;7;0;2;1;15;1;
202300017913;155 648 811;B01;2;2;0;2;1;1;1;
202300017914;155 648 805;B01;1;33;0;2;3;3;1;
202300017914;155 648 807;A01;1;7;0;2;2;12;1;
202300017915;155 648 804;A01;1;1;0;1;1;1;5;
202300017916;155 648 801;A01;2;1;0;1;0;1;5;
202300017917;155 648 800;A01;2;15;0;2;1;2;1;
202300017917;155 648 802;B01;2;7;0;2;4;2;1;
202300017917;155 648 803;C01;2;7;0;0;4;26;1;
202300017918;155 648 799;Z01;1;7;0;2;1;1;1;
202300017919;155 648 795;A01;2;7;0;2;1;1;1;
202300017919;155 648 798;B01;2;15;0;2;4;1;0;
202300017920;155 648 796;A01;2;1;0;2;7;1;5;
202300017920;155 648 797;B01;1;10;0;2;1;1;1;
202300017921;155 648 794;A01;1;30;12;0;1;14;1;
202300017922;155 648 793;A01;1;1;0;0;8;21;5;
202300017923;155 648 792;A01;2;7;4;0;1;26;1;
202300017924;155 648 787;A01;1;7;0;2;1;15;3;
202300017924;155 648 791;B01;2;32;0;2;8;1;1;
202300017925;155 648 786;B01;1;2;0;2;1;1;1;
202300017925;155 648 788;A01;1;7;0;2;6;10;1;
202300017926;155 648 785;B01;1;7;0;2;3;2;1;
202300017926;155 648 789;C01;1;7;0;2;5;0;1;
202300017926;155 648 790;A01;1;43;0;2;3;3;1;
202300017927;155 648 784;A01;2;7;0;1;2;1;3;
202300017928;155 648 781;A01;2;33;0;2;1;3;1;
202300017928;155 648 782;B01;2;7;0;2;4;1;1;
202300017929;155 648 779;A01;1;33;12;0;1;14;1;
202300017930;155 648 780;A01;2;7;0;2;3;1;1;
202300017930;155 648 783;B01;2;7;0;2;5;23;1;
202300017931;155 648 777;A01;1;7;0;2;1;0;1;
202300017931;155 648 778;B01;1;7;0;2;4;0;1;
202300017932;155 648 775;A01;3;33;0;2;4;15;1;
202300017932;155 648 776;B01;3;7;0;2;1;1;1;
202300017933;155 648 774;A01;1;33;16;0;3;2;1;
202300017934;155 648 771;A01;1;50;12;0;1;1;3;
202300017935;155 648 769;A01;2;33;0;2;1;3;1;
202300017935;155 648 770;B01;2;7;0;2;6;11;1;
202300017936;155 648 767;A01;2;7;0;0;4;1;0;
202300017936;155 648 768;B01;2;1;0;2;4;2;5;
202300017937;155 648 772;A01;2;7;0;2;6;10;1;
202300017937;155 648 773;B01;2;2;0;2;1;1;3;
202300017938;155 648 764;A01;1;33;0;2;1;3;1;
202300017938;155 648 765;B01;1;7;0;2;7;16;1;
202300017938;155 648 766;C01;1;7;0;2;4;1;1;
202300017939;155 648 762;A01;3;7;0;2;1;26;0;
202300017939;155 648 763;B01;3;7;0;2;7;26;3;
202300017940;155 648 759;A01;2;7;0;2;1;2;1;
202300017940;155 648 760;B01;2;7;0;2;4;2;1;
202300017941;155 648 761;A01;2;50;1;0;1;5;3;
202300017942;155 648 757;A01;0;7;0;2;2;15;1;
202300017942;155 648 758;B01;0;2;0;2;3;1;1;
202300017943;155 648 756;A01;1;10;0;1;2;1;1;
202300017944;155 648 755;A01;2;80;0;0;0;21;3;
202300017945;155 648 753;A01;2;7;0;0;0;9;1;
202300017945;155 648 754;B01;2;7;0;2;6;1;1;
202300017946;155 648 749;A01;2;7;0;9;4;4;1;
202300017946;155 648 751;B01;3;60;0;2;8;0;5;
202300017947;155 648 750;B01;2;7;0;2;6;1;1;
202300017947;155 648 752;A01;1;7;0;2;1;15;1;
202300017948;155 648 747;A01;1;32;0;2;1;1;1;
202300017948;155 648 748;B01;1;7;0;2;4;1;1;
202300017949;155 648 743;A01;3;7;0;2;2;15;1;
202300017949;155 648 745;B01;3;33;0;2;1;1;1;
202300017950;155 648 744;A01;1;7;0;2;7;15;1;
202300017950;155 648 746;B01;1;15;0;2;1;1;1;
202300017951;155 648 742;A01;3;7;6;0;2;16;1;
202300017952;155 648 739;A01;1;7;0;0;4;16;1;
202300017952;155 648 741;B01;1;10;0;2;1;2;1;
202300017953;155 648 738;B01;2;10;0;0;6;15;6;
202300017953;155 648 740;A01;2;33;0;2;1;15;0;
202300017954;155 648 732;A01;2;33;0;0;4;1;1;
202300017954;155 648 736;B01;2;7;0;0;1;2;1;
202300017955;155 648 731;A01;0;7;1;0;1;26;1;
202300017955;155 648 734;B01;3;7;1;0;4;0;1;
202300017955;155 648 735;C01;3;7;1;2;4;0;1;
202300017955;155 648 737;D01;3;10;1;2;4;0;1;
202300017956;155 648 729;A01;0;7;0;1;4;4;1;
202300017957;155 648 730;A01;1;7;0;2;1;1;0;
202300017957;155 648 733;B01;1;7;0;2;6;15;0;
202300017958;155 648 727;A01;2;7;0;2;7;16;1;
202300017958;155 648 728;B01;2;50;0;2;1;1;3;
202300017959;155 648 725;A01;1;15;0;0;7;12;1;
202300017959;155 648 726;B01;1;7;0;0;8;1;1;
202300017960;155 648 724;A01;2;34;1;0;0;2;1;
202300017961;155 648 721;A01;2;33;0;0;0;17;1;
202300017962;155 648 722;A01;2;7;0;2;1;2;1;
202300017962;155 648 723;B01;2;33;0;2;4;2;1;
202300017963;155 648 717;B01;3;33;0;2;9;1;1;
202300017963;155 648 720;A01;3;17;0;2;8;13;1;
202300017964;155 648 714;A01;1;7;0;2;5;19;1;
202300017964;155 648 718;B01;2;7;0;2;3;1;1;
202300017965;155 648 715;A01;0;7;0;2;1;1;0;
202300017965;155 648 719;B01;0;7;0;2;1;5;0;
202300017966;155 648 713;B01;1;7;0;2;4;1;1;
202300017966;155 648 716;A01;1;7;0;2;1;1;1;
202300017967;155 648 712;A01;1;7;0;1;3;1;1;
202300017968;155 648 704;A01;1;7;0;2;1;2;1;
202300017968;155 648 708;B01;1;7;0;2;4;2;1;
202300017968;155 648 711;C01;1;7;0;2;4;2;1;
202300017969;155 648 707;B01;2;80;0;2;8;25;3;
202300017969;155 648 710;A01;1;10;16;2;0;20;1;
202300017970;155 648 705;A01;3;7;9;0;2;0;1;
202300017971;155 648 703;A01;2;7;0;2;1;13;1;
202300017971;155 648 706;B01;1;7;0;2;1;21;1;
202300017971;155 648 709;C01;1;7;0;2;6;1;1;
202300017972;155 648 699;A01;1;33;0;2;2;17;0;