Num_Acc;id_vehicule;num_veh;senc;catv;obs;obsm;choc;manv;motor;occutc
202300017972;155 648 702;B01;1;7;0;2;6;15;0;
202300017973;155 648 698;A01;1;34;0;2;1;1;1;
202300017973;155 648 701;B01;2;7;0;2;6;1;1;
202300017974;155 648 696;A01;2;7;0;2;1;17;1;
202300017974;155 648 700;B01;1;7;0;2;1;1;1;
202300017975;155 648 695;B01;1;15;0;2;3;21;1;
202300017975;155 648 697;A01;2;7;8;0;1;13;1;
202300017976;155 648 691;A01;1;10;0;0;0;20;1;
202300017976;155 648 694;B01;1;1;1;0;0;21;5;
202300017977;155 648 689;A01;3;7;0;1;3;1;1;
202300017978;155 648 687;A01;3;2;0;2;1;15;1;
202300017978;155 648 690;B01;3;7;0;2;3;1;1;
202300017979;155 648 692;A01;1;32;0;2;7;1;1;
202300017979;155 648 693;B01;2;7;0;2;7;15;1;
202300017980;155 648 686;B01;1;7;0;2;5;23;1;
202300017980;155 648 688;A01;1;30;0;2;1;1;1;
202300017981;155 648 683;A01;3;33;0;2;1;19;1;
202300017981;155 648 685;B01;3;7;0;0;6;19;1;
202300017982;155 648 682;A01;3;36;9;0;1;0;1;
202300017983;155 648 677;A01;1;7;0;2;7;15;1;
202300017983;155 648 681;B01;2;33;0;2;1;1;1;
202300017984;155 648 678;A01;2;7;0;2;1;15;0;
202300017984;155 648 680;B01;1;33;0;2;7;17;6;
202300017985;155 648 676;A01;3;15;0;1;0;0;0;
202300017986;155 648 675;A01;2;7;1;2;2;1;1;
202300017986;155 648 679;B01;1;10;1;2;8;1;1;
202300017987;155 648 673;A01;1;7;13;0;2;1;1;
202300017988;155 648 672;A01;2;7;0;2;1;26;1;
202300017988;155 648 674;B01;2;34;0;2;3;1;1;
202300017989;155 648 668;A01;1;7;0;2;1;19;1;
202300017989;155 648 669;B01;1;7;0;2;2;1;1;
202300017990;155 648 667;B01;1;7;0;2;4;23;1;
202300017990;155 648 671;A01;1;50;0;2;1;23;3;
202300017991;155 648 664;Z01;1;10;0;9;0;0;0;
202300017991;155 648 666;A01;1;1;0;2;0;2;5;
202300017992;155 648 663;A01;1;7;0;2;2;2;1;
202300017992;155 648 665;B01;1;14;14;0;6;23;1;
202300017992;155 648 670;C01;2;7;0;2;1;2;1;
202300017993;155 648 659;A01;0;7;0;2;5;26;1;
202300017993;155 648 661;B01;3;7;0;2;6;26;1;
202300017994;155 648 657;A01;1;7;0;2;1;15;1;
202300017994;155 648 660;B01;1;7;0;2;2;1;1;
202300017995;155 648 658;A01;1;7;16;2;2;1;1;
202300017995;155 648 662;B01;1;7;0;2;1;16;1;
202300017996;155 648 656;A01;3;33;0;0;0;1;1;
202300017997;155 648 653;A01;2;7;13;0;3;1;1;
202300017998;155 648 655;A01;1;7;0;1;1;15;1;
202300017999;155 648 652;A01;2;7;0;2;3;10;1;
202300017999;155 648 654;B01;2;33;0;2;7;1;1;
202300018000;155 648 651;A01;3;7;0;1;1;1;1;
202300018001;155 648 650;A01;0;36;0;5;1;0;0;
202300018002;155 648 647;B01;1;33;0;2;1;1;1;
202300018002;155 648 649;A01;1;7;0;2;5;15;1;
202300018003;155 648 645;A01;3;7;0;2;1;2;1;
202300018003;155 648 648;B01;3;7;0;2;4;2;1;
202300018004;155 648 640;A01;1;7;0;2;3;17;1;
202300018004;155 648 643;B01;1;7;0;2;1;17;1;
202300018004;155 648 644;C01;1;21;0;2;6;1;1;
202300018005;155 648 639;A01;3;7;0;2;3;26;1;
202300018005;155 648 641;B01;0;31;0;2;2;1;1;
202300018006;155 648 638;A01;1;30;1;0;2;1;1;
202300018007;155 648 637;B01;2;7;0;2;8;0;1;
202300018007;155 648 642;C01;2;7;0;2;8;0;1;
202300018007;155 648 646;A01;1;7;0;2;8;13;1;
202300018008;155 648 635;A01;1;7;2;0;2;14;1;
202300018009;155 648 634;A01;2;7;0;2;3;15;1;
202300018009;155 648 636;B01;2;2;0;2;7;2;1;
202300018010;155 648 631;A01;1;7;0;1;2;0;1;
202300018011;155 648 632;A01;3;7;0;2;2;20;1;
202300018011;155 648 633;B01;3;33;0;2;8;18;1;
202300018012;155 648 630;A01;1;7;7;0;1;21;1;
202300018013;155 648 629;A01;1;7;0;1;1;1;0;
202300018014;155 648 623;A01;2;7;0;9;2;1;1;
202300018014;155 648 626;B01;2;80;0;2;4;1;3;
202300018015;155 648 625;A01;1;1;0;2;7;1;5;
202300018015;155 648 627;B01;1;7;0;2;8;9;1;
202300018016;155 648 621;C01;0;1;0;0;0;0;5;
202300018016;155 648 624;B01;0;7;0;0;0;0;5;
202300018016;155 648 628;A01;0;10;0;2;1;9;1;
202300018017;155 648 619;B01;1;7;0;2;1;2;1;
202300018017;155 648 620;C01;1;10;0;2;1;2;1;
202300018017;155 648 622;A01;1;10;0;0;0;0;0;
202300018018;155 648 614;A01;1;7;0;2;2;15;1;
202300018018;155 648 617;B01;2;33;0;2;1;1;1;
202300018019;155 648 612;B01;2;31;0;2;1;1;1;
202300018019;155 648 616;A01;1;7;0;0;0;0;1;
202300018020;155 648 613;A01;1;7;0;1;1;26;1;
202300018021;155 648 615;A01;2;7;0;2;3;1;1;
202300018021;155 648 618;B01;2;30;0;2;8;2;1;
202300018022;155 648 611;A01;1;33;17;0;1;1;1;
202300018023;155 648 610;A01;1;2;0;0;8;1;1;
202300018024;155 648 608;A01;1;7;13;0;2;2;1;
202300018025;155 648 606;A01;2;7;0;1;2;9;1;
202300018026;155 648 607;A01;2;10;0;2;2;2;1;
202300018026;155 648 609;B01;1;1;0;2;4;1;5;
202300018027;155 648 604;A01;1;13;0;2;2;13;1;
202300018027;155 648 605;B01;2;7;0;2;1;1;3;
202300018028;155 648 601;A01;2;34;0;2;1;17;0;
202300018028;155 648 603;B01;2;10;0;2;8;15;1;
202300018029;155 648 600;A01;2;2;0;2;7;1;1;
202300018029;155 648 602;B01;1;10;0;2;1;1;1;
202300018030;155 648 599;A01;1;7;0;1;2;17;1;
202300018031;155 648 598;A01;1;7;0;1;3;1;6;
202300018032;155 648 597;A01;1;10;3;0;1;2;1;
202300018033;155 648 596;A01;0;7;5;0;1;1;1;
202300018034;155 648 595;A01;2;33;3;0;8;1;0;
202300018035;155 648 592;A01;3;7;2;0;3;1;1;
202300018036;155 648 591;A01;2;7;0;9;3;9;1;
202300018036;155 648 593;B01;2;1;0;2;3;1;5;
202300018037;155 648 590;A01;1;7;0;2;1;17;1;
202300018037;155 648 594;B01;1;10;0;0;4;1;1;
202300018038;155 648 586;B01;2;50;0;2;3;1;3;
202300018038;155 648 589;A01;2;7;0;2;2;1;1;
202300018039;155 648 584;A01;1;7;0;2;3;15;1;
202300018039;155 648 587;B01;1;33;0;2;1;17;1;
202300018040;155 648 582;A01;3;7;0;9;5;26;1;
202300018040;155 648 583;B01;2;1;0;2;1;1;5;
202300018041;155 648 579;A01;3;7;6;0;1;26;0;
202300018042;155 648 578;A01;1;1;0;2;1;1;5;
202300018042;155 648 580;B01;2;7;0;2;5;1;1;
202300018043;155 648 577;B01;2;7;0;2;7;1;1;
202300018043;155 648 581;A01;2;7;0;2;1;9;1;
202300018044;155 648 573;A01;3;13;0;2;2;12;1;
202300018044;155 648 575;B01;3;7;0;2;8;1;1;
202300018045;155 648 570;A01;1;37;0;1;1;19;0;1
202300018046;155 648 569;B01;1;32;0;2;4;2;1;
202300018046;155 648 572;C01;1;7;0;2;4;2;1;
202300018046;155 648 574;A01;1;7;0;2;1;2;1;
202300018047;155 648 571;A01;1;7;0;2;1;0;1;
202300018047;155 648 576;B01;2;7;0;2;1;13;1;
202300018048;155 648 566;A01;2;7;14;0;1;13;1;
202300018049;155 648 565;A01;1;33;0;0;9;1;1;
202300018050;155 648 562;A01;1;10;0;2;5;15;0;
202300018050;155 648 563;B01;2;2;0;2;1;1;0;
202300018051;155 648 558;B01;2;2;0;9;1;17;1;
202300018051;155 648 561;A01;1;37;0;9;3;1;0;1
202300018052;155 648 557;A01;3;7;0;2;3;9;1;
202300018052;155 648 559;B01;3;43;0;2;1;26;1;
202300018053;155 648 556;A01;2;7;0;2;2;21;1;
202300018053;155 648 560;B01;2;1;0;2;6;1;5;
202300018054;155 648 550;A01;2;7;0;9;1;1;1;
202300018054;155 648 554;B01;3;50;0;2;7;0;3;
202300018055;155 648 548;B01;1;1;0;2;1;1;5;
202300018055;155 648 552;A01;1;10;0;2;8;13;1;
202300018056;155 648 549;A01;1;7;0;2;6;15;1;
202300018056;155 648 553;B01;2;34;0;2;1;1;1;
202300018057;155 648 547;A01;1;10;0;0;4;21;1;
202300018057;155 648 551;B01;1;2;0;2;9;21;1;
202300018057;155 648 555;C01;1;7;0;2;1;2;1;
202300018058;155 648 544;A01;3;7;2;0;1;1;1;
202300018059;155 648 543;B01;2;10;0;2;6;2;1;
202300018059;155 648 546;A01;2;33;0;2;2;2;1;
202300018060;155 648 542;B01;3;7;0;2;4;1;1;
202300018060;155 648 545;A01;3;7;0;2;1;1;1;
202300018061;155 648 541;A01;2;7;0;1;2;1;1;
202300018062;155 648 540;A01;2;7;0;0;0;1;1;
202300018063;155 648 536;B01;1;10;0;2;1;1;0;
202300018063;155 648 538;A01;2;7;0;2;1;1;1;
202300018064;155 648 534;A01;2;7;13;0;9;14;1;
202300018065;155 648 535;B01;1;10;0;0;1;1;1;
202300018065;155 648 539;A01;1;7;0;0;7;19;3;
202300018066;155 648 533;A01;3;50;0;2;1;26;3;
202300018066;155 648 537;B01;3;7;0;2;0;0;0;
202300018067;155 648 530;A01;3;2;13;0;0;1;1;
202300018068;155 648 528;B01;1;30;0;2;1;1;3;
202300018068;155 648 531;A01;2;7;0;2;3;5;1;
202300018069;155 648 526;A01;2;7;0;2;3;10;1;
202300018069;155 648 529;B01;2;31;0;2;2;1;0;
202300018070;155 648 527;B01;3;0;0;2;3;0;0;
202300018070;155 648 532;A01;3;7;0;2;3;1;1;
202300018071;155 648 525;A01;1;2;0;0;8;1;1;
202300018072;155 648 524;A01;3;7;0;1;1;1;1;
202300018073;155 648 523;A01;3;7;0;1;1;1;1;
202300018074;155 648 521;A01;2;7;13;0;3;1;1;
202300018075;155 648 520;B01;2;7;0;2;4;2;1;
202300018075;155 648 522;A01;2;7;0;2;1;1;1;
202300018076;155 648 516;A01;1;7;6;0;1;14;1;
202300018077;155 648 513;B01;3;1;0;2;0;0;5;
202300018077;155 648 518;A01;3;7;0;2;3;16;1;
202300018078;155 648 514;A01;2;7;1;2;3;1;1;
202300018078;155 648 517;B01;2;7;0;2;2;1;1;
202300018078;155 648 519;C01;2;80;1;2;7;1;3;
202300018079;155 648 512;B01;2;7;0;2;3;1;6;
202300018079;155 648 515;A01;1;7;0;2;3;13;6;
202300018080;155 648 511;A01;1;33;13;0;7;1;1;
202300018081;155 648 508;A01;2;7;2;0;1;14;1;
202300018082;155 648 507;A01;1;7;2;0;8;14;1;
202300018083;155 648 506;A01;2;34;0;2;1;18;1;
202300018083;155 648 509;B01;1;7;0;2;2;15;1;
202300018084;155 648 505;A01;2;7;0;2;2;1;2;
202300018084;155 648 510;B01;2;7;0;2;3;1;1;
202300018085;155 648 502;A01;2;7;0;0;4;23;1;
202300018085;155 648 503;B01;2;2;0;0;1;1;1;
202300018086;155 648 499;A01;1;2;5;0;7;14;6;
202300018087;155 648 496;B01;2;33;0;2;1;17;1;
202300018087;155 648 501;A01;2;10;0;2;8;15;1;
202300018088;155 648 498;B01;2;1;0;2;1;1;5;
202300018088;155 648 500;A01;1;1;0;2;1;15;5;
202300018089;155 648 497;A01;1;21;13;0;0;1;1;
202300018090;155 648 492;B01;2;1;1;0;0;0;5;
202300018090;155 648 494;A01;2;10;0;2;8;22;1;
202300018091;155 648 491;A01;2;7;0;0;6;23;1;
202300018091;155 648 495;B01;2;99;0;2;1;1;3;
202300018092;155 648 487;A01;1;15;3;0;3;0;1;
202300018093;155 648 486;A01;3;7;0;1;7;1;1;
202300018094;155 648 489;A01;2;7;0;2;1;2;1;
202300018094;155 648 490;B01;2;7;0;2;4;2;1;
202300018095;155 648 485;A01;3;33;0;2;1;1;1;
202300018095;155 648 488;B01;3;33;0;2;1;1;1;
202300018096;155 648 484;A01;1;32;13;0;0;1;1;
202300018097;155 648 483;A01;1;7;0;1;4;20;1;
202300018098;155 648 482;A01;1;33;7;0;1;1;1;
202300018099;155 648 479;B01;1;1;0;2;3;1;5;
202300018099;155 648 481;A01;2;7;0;2;7;15;1;
202300018100;155 648 473;B01;2;7;1;0;4;23;0;
202300018100;155 648 476;C01;2;10;0;0;4;23;0;
202300018100;155 648 478;D01;2;7;0;0;6;23;0;
202300018100;155 648 480;A01;2;17;11;2;1;1;6;
202300018101;155 648 475;B01;1;30;0;2;4;2;1;
202300018101;155 648 477;A01;1;7;0;2;1;2;1;
202300018102;155 648 471;A01;2;3;2;0;3;1;1;
202300018103;155 648 469;A01;2;50;0;2;3;1;3;
202300018103;155 648 472;B01;2;30;0;2;1;1;1;
202300018104;155 648 468;A01;2;7;6;0;1;17;1;
202300018105;155 648 467;A01;2;1;0;2;1;19;5;
202300018105;155 648 470;B01;3;7;0;2;3;1;1;
202300018106;155 648 466;A01;3;3;6;0;1;14;1;
202300018107;155 648 463;A01;0;33;0;2;1;0;0;
202300018107;155 648 465;B01;0;7;0;2;6;0;0;
202300018108;155 648 462;A01;1;30;12;0;8;1;1;
202300018109;155 648 461;A01;1;10;0;2;1;1;1;
202300018109;155 648 464;B01;1;50;0;2;3;1;3;
202300018110;155 648 459;A01;1;15;8;0;7;0;1;
202300018111;155 648 455;A01;2;7;0;2;1;1;1;
202300018111;155 648 458;B01;2;7;0;2;4;1;1;
202300018112;155 648 457;A01;2;7;0;0;8;1;0;
202300018112;155 648 460;B01;2;7;0;2;1;15;0;
202300018113;155 648 454;A01;2;2;0;1;2;2;3;
202300018114;155 648 453;A01;1;10;0;2;2;14;1;
202300018114;155 648 456;B01;1;17;0;0;6;1;1;
202300018115;155 648 452;A01;1;7;13;0;3;13;1;
202300018116;155 648 449;A01;2;10;0;1;4;20;1;
202300018117;155 648 448;B01;1;31;0;2;1;0;1;
202300018117;155 648 451;A01;1;7;0;2;7;15;0;
202300018118;155 648 447;A01;2;7;0;2;2;0;0;
202300018118;155 648 450;B01;1;15;0;0;5;1;1;
202300018119;155 648 445;B01;1;1;1;0;1;1;5;
202300018119;155 648 446;A01;1;7;1;9;3;24;0;
202300018120;155 648 443;A01;1;10;0;1;3;1;3;
202300018121;155 648 442;A01;2;10;0;1;1;26;1;
202300018122;155 648 441;A01;3;33;0;2;7;1;1;
202300018122;155 648 444;B01;1;7;0;2;0;0;1;
202300018123;155 648 438;B01;1;7;0;9;3;1;1;
202300018123;155 648 440;A01;0;1;0;2;4;5;5;
202300018124;155 648 436;B01;2;1;0;0;7;0;5;
202300018124;155 648 439;A01;2;7;0;2;3;9;1;
202300018125;155 648 435;A01;1;30;8;0;1;14;1;
202300018126;155 648 437;A01;1;7;0;1;3;15;1;
202300018127;155 648 433;A01;0;7;2;0;2;21;1;
202300018128;155 648 431;A01;3;7;0;2;1;1;1;
202300018128;155 648 432;B01;3;7;0;2;4;1;1;
202300018129;155 648 429;A01;1;7;0;2;1;13;0;
202300018129;155 648 434;B01;2;7;0;2;1;1;0;
202300018130;155 648 427;A01;2;50;0;2;2;1;3;
202300018130;155 648 430;B01;2;7;0;2;1;1;6;
202300018131;155 648 426;A01;1;33;0;0;0;21;1;
202300018131;155 648 428;B01;1;17;0;0;0;26;1;
202300018132;155 648 425;A01;3;2;0;0;8;14;1;
202300018133;155 648 424;A01;1;7;0;1;1;1;1;
202300018134;155 648 421;A01;1;1;0;2;6;19;5;
202300018134;155 648 423;B01;1;32;0;2;3;1;1;
202300018135;155 648 419;B01;1;10;13;2;3;1;1;
202300018135;155 648 422;A01;1;7;8;2;1;1;0;
202300018136;155 648 417;A01;1;50;0;2;7;1;3;
202300018136;155 648 420;B01;2;7;0;2;1;15;2;
202300018137;155 648 416;A01;3;50;0;1;1;2;3;
202300018138;155 648 415;B01;1;7;0;2;1;1;1;
202300018138;155 648 418;A01;1;7;0;2;2;19;1;
202300018139;155 648 414;A01;2;33;6;0;1;1;1;
202300018140;155 648 413;A01;3;50;0;0;0;0;3;
202300018141;155 648 407;B01;2;33;0;2;7;1;0;
202300018141;155 648 410;A01;0;7;0;2;3;16;1;
202300018142;155 648 409;A01;1;10;0;2;1;1;1;
202300018142;155 648 412;B01;2;1;0;2;7;19;5;
202300018143;155 648 406;A01;3;7;0;9;7;1;1;
202300018143;155 648 411;B01;3;1;0;2;8;1;5;
202300018144;155 648 405;A01;1;2;0;2;3;13;1;
202300018144;155 648 408;B01;2;10;0;2;8;1;1;
202300018145;155 648 399;A01;1;7;0;2;7;13;1;
202300018145;155 648 403;B01;1;33;0;2;8;1;1;
202300018146;155 648 402;A01;1;7;6;0;1;1;1;
202300018147;155 648 400;A01;2;7;0;2;1;2;1;
202300018147;155 648 404;B01;2;7;0;2;4;2;1;
202300018148;155 648 398;B01;0;2;0;2;0;0;0;
202300018148;155 648 401;A01;0;7;0;2;7;15;1;
202300018149;155 648 396;A01;1;33;0;6;1;1;1;
202300018150;155 648 393;B01;3;1;0;2;7;15;5;
202300018150;155 648 397;A01;3;7;0;9;1;19;0;
202300018151;155 648 392;B01;0;30;-1;2;-1;0;-1;
202300018151;155 648 395;A01;2;60;0;2;0;1;5;
202300018152;155 648 394;A01;2;31;0;1;1;1;1;
202300018153;155 648 390;A01;2;7;0;2;1;5;1;
202300018153;155 648 391;B01;1;10;0;2;3;1;1;
202300018154;155 648 388;A01;3;10;0;9;0;26;0;
202300018155;155 648 386;A01;3;2;0;2;8;19;1;
202300018155;155 648 389;B01;2;7;0;2;1;1;1;
202300018156;155 648 385;A01;1;7;0;2;3;2;1;
202300018156;155 648 387;B01;1;1;0;2;7;2;5;
202300018157;155 648 384;A01;2;7;6;0;9;1;1;
202300018158;155 648 382;A01;2;33;5;0;1;1;1;
202300018159;155 648 381;B01;2;7;0;2;1;1;1;
202300018159;155 648 383;A01;1;3;0;2;2;15;1;
202300018160;155 648 378;A01;2;7;0;2;3;19;3;
202300018160;155 648 380;B01;1;7;0;2;1;13;1;
202300018161;155 648 377;B01;2;7;0;2;3;17;1;
202300018161;155 648 379;A01;1;7;0;2;3;6;1;
202300018162;155 648 376;A01;3;50;0;1;0;1;3;
202300018163;155 648 372;B01;1;2;0;2;3;13;1;
202300018163;155 648 373;A01;2;7;0;2;3;17;1;
202300018164;155 648 371;A01;1;7;0;2;1;1;1;
202300018164;155 648 374;B01;1;7;0;2;4;23;1;
202300018165;155 648 368;A01;2;7;2;0;1;1;1;
202300018166;155 648 366;A01;3;2;13;0;1;1;1;
202300018167;155 648 367;B01;0;1;0;2;1;1;5;
202300018167;155 648 369;A01;0;7;0;2;7;22;1;
202300018168;155 648 365;A01;0;7;8;0;7;13;1;
202300018169;155 648 363;A01;2;7;9;0;1;1;1;
202300018170;155 648 361;A01;0;50;0;1;2;21;3;
202300018171;155 648 359;A01;2;33;15;0;8;1;1;
202300018172;155 648 357;A01;2;7;0;2;6;1;1;
202300018172;155 648 360;B01;1;7;0;2;3;1;1;
202300018173;155 648 356;A01;1;7;0;2;1;1;1;
202300018173;155 648 358;B01;1;33;0;2;4;15;1;
202300018174;155 648 354;A01;2;50;0;0;2;17;3;
202300018174;155 648 355;Z01;2;10;1;0;8;22;0;
202300018175;155 648 352;A01;2;33;12;0;0;1;0;
202300018176;155 648 350;A01;1;7;0;2;1;1;1;
202300018176;155 648 353;B01;1;7;0;2;4;0;1;
202300018177;155 648 349;A01;1;33;0;2;3;1;1;
202300018177;155 648 351;B01;1;7;0;2;5;12;1;
202300018178;155 648 347;B01;2;1;0;2;7;17;5;
202300018178;155 648 348;A01;2;10;0;2;3;15;0;
202300018179;155 648 342;A01;3;30;0;2;1;19;1;
202300018179;155 648 345;B01;3;7;0;2;7;26;1;
202300018180;155 648 344;A01;2;16;1;0;2;1;1;
202300018180;155 648 346;B01;2;7;4;0;4;1;1;
202300018181;155 648 338;A01;1;7;0;2;1;2;1;
202300018181;155 648 341;B01;1;7;0;2;5;2;1;
202300018181;155 648 343;C01;1;7;0;2;6;2;1;
202300018182;155 648 339;A01;1;7;0;2;8;13;1;
202300018182;155 648 340;B01;1;2;0;2;7;3;1;
202300018183;155 648 336;A01;2;7;0;2;4;23;1;
202300018183;155 648 337;B01;2;1;0;2;1;1;5;
202300018184;155 648 333;A01;1;7;1;-1;1;26;1;
202300018185;155 648 332;A01;1;15;0;2;2;12;1;
202300018185;155 648 335;B01;1;7;0;2;6;1;1;
202300018186;155 648 330;A01;2;7;0;2;1;11;1;
202300018186;155 648 334;B01;2;7;0;0;4;1;1;
202300018187;155 648 329;A01;1;33;0;2;1;2;1;
202300018187;155 648 331;B01;1;13;0;0;6;2;1;
202300018188;155 648 328;A01;1;7;0;1;1;1;0;
202300018189;155 648 327;A01;2;7;6;0;3;2;1;
202300018190;155 648 326;A01;2;10;3;0;3;1;1;
202300018191;155 648 324;A01;2;10;13;0;9;0;1;
202300018192;155 648 323;A01;1;7;0;1;0;0;0;
202300018193;155 648 325;A01;2;1;6;0;1;1;5;
202300018194;155 648 322;A01;2;7;13;0;1;2;1;
202300018195;155 648 318;A01;1;7;0;2;8;11;1;
202300018195;155 648 321;B01;1;7;0;2;2;1;1;
202300018196;155 648 319;A01;1;33;0;2;7;7;1;
202300018196;155 648 320;B01;1;7;0;2;3;15;1;
202300018197;155 648 314;A01;2;10;0;2;0;0;1;
202300018197;155 648 317;B01;2;1;0;2;1;1;5;
202300018198;155 648 315;A01;1;15;0;2;3;2;1;
202300018198;155 648 316;B01;1;7;0;0;4;2;1;
202300018199;155 648 310;A01;2;7;0;1;2;21;1;
202300018200;155 648 311;A01;1;7;13;0;9;1;1;
202300018201;155 648 309;B01;2;34;0;2;1;1;1;
202300018201;155 648 313;A01;2;7;0;2;8;10;1;
202300018202;155 648 308;B01;2;7;0;2;1;1;1;
202300018202;155 648 312;A01;2;7;0;2;7;1;1;
202300018203;155 648 307;A01;1;7;1;1;7;0;1;
202300018204;155 648 304;B01;1;7;0;2;0;1;0;
202300018204;155 648 306;A01;1;7;0;2;3;1;0;
202300018205;155 648 303;A01;3;30;0;0;8;26;1;
202300018206;155 648 300;A01;2;33;13;2;1;0;1;
202300018206;155 648 302;B01;1;7;0;2;8;1;1;
202300018207;155 648 297;A01;1;10;0;2;0;0;0;
202300018207;155 648 299;B01;2;7;0;2;0;0;1;
202300018207;155 648 301;D01;2;7;0;2;0;0;3;
202300018207;155 648 305;C01;1;7;0;2;0;0;1;
202300018208;155 648 298;A01;1;10;0;1;3;15;1;
202300018209;155 648 295;A01;1;7;0;2;1;2;1;
202300018209;155 648 296;B01;1;7;0;9;4;23;1;
202300018210;155 648 292;A01;1;1;0;1;9;1;5;
202300018211;155 648 291;A01;1;37;0;2;1;1;0;1
202300018211;155 648 293;B01;1;31;0;2;0;0;0;
202300018212;155 648 288;A01;1;7;0;2;3;13;3;
202300018212;155 648 290;B01;2;7;0;2;3;1;3;
202300018213;155 648 286;A01;1;7;0;1;2;15;1;
202300018214;155 648 287;A01;2;33;0;9;1;2;1;
202300018214;155 648 289;B01;2;1;0;0;8;2;5;
202300018215;155 648 285;A01;2;7;0;1;1;16;1;
202300018216;155 648 283;B01;3;7;0;2;1;24;1;
202300018216;155 648 284;A01;3;7;1;0;1;5;1;
202300018217;155 648 281;A01;2;7;1;0;1;1;1;
202300018218;155 648 280;A01;1;1;0;2;1;2;5;
202300018218;155 648 282;B01;1;7;1;2;5;2;1;
202300018219;155 648 278;A01;3;7;0;9;2;15;1;
202300018219;155 648 279;B01;3;1;0;2;0;0;5;
202300018220;155 648 277;A01;1;7;0;1;0;1;0;
202300018221;155 648 276;A01;2;7;2;0;1;1;1;
202300018222;155 648 272;A01;3;7;0;9;6;1;1;
202300018222;155 648 275;B01;3;50;0;2;2;2;3;
202300018223;155 648 270;B01;1;7;0;2;1;1;1;
202300018223;155 648 273;A01;1;10;0;2;3;13;1;
202300018224;155 648 269;A01;2;34;0;2;3;17;1;
202300018224;155 648 271;B01;2;7;0;2;5;1;1;
202300018225;155 648 265;B01;3;7;0;2;2;1;1;
202300018225;155 648 268;A01;3;7;0;2;1;1;1;
202300018226;155 648 263;A01;1;30;0;0;8;1;1;
202300018227;155 648 261;B01;1;7;0;2;4;2;1;
202300018227;155 648 262;A01;1;7;0;2;1;2;1;
202300018227;155 648 266;C01;1;7;0;2;4;2;1;
202300018228;155 648 257;A01;2;10;0;9;2;16;1;
202300018228;155 648 259;B01;1;1;0;2;1;1;5;
202300018229;155 648 255;B01;2;7;0;2;3;15;1;
202300018229;155 648 260;A01;2;30;0;2;3;1;1;
202300018230;155 648 253;A01;2;33;0;2;1;3;1;
202300018230;155 648 256;B01;2;7;0;2;8;17;0;
202300018230;155 648 258;C01;2;7;0;2;4;1;1;
202300018231;155 648 251;B01;2;7;9;2;8;16;1;
202300018231;155 648 254;A01;1;7;0;0;3;23;1;
202300018232;155 648 250;A01;1;7;1;0;2;2;1;
202300018233;155 648 247;A01;1;7;0;2;7;15;1;
202300018233;155 648 249;B01;2;31;0;2;1;0;1;
202300018234;155 648 248;B01;1;1;0;2;7;26;5;
202300018234;155 648 252;A01;1;7;0;2;3;0;1;
202300018235;155 648 244;B01;1;80;0;2;4;2;3;
202300018235;155 648 246;A01;0;7;0;2;4;1;1;
202300018236;155 648 242;B01;2;50;0;2;4;1;3;
202300018236;155 648 245;A01;2;7;0;2;1;1;1;
202300018237;155 648 243;A01;2;10;13;0;9;13;1;
202300018238;155 648 239;A01;2;34;0;2;7;0;1;
202300018238;155 648 240;B01;2;7;0;2;8;15;1;
202300018239;155 648 238;A01;2;7;0;2;3;13;1;
202300018239;155 648 241;B01;1;7;0;2;3;1;1;
202300018240;155 648 236;A01;1;10;0;1;2;1;3;
202300018241;155 648 235;A01;2;42;0;2;2;3;1;
202300018241;155 648 237;B01;2;7;0;2;6;11;1;
202300018242;155 648 231;A01;0;7;0;2;3;15;1;
202300018242;155 648 234;B01;0;1;0;2;0;0;5;
202300018243;155 648 232;A01;3;16;13;0;7;1;1;
202300018244;155 648 230;A01;2;31;0;2;1;17;1;
202300018244;155 648 233;B01;2;7;0;2;3;15;1;
202300018245;155 648 228;A01;1;33;15;0;7;1;1;
202300018246;155 648 227;A01;1;30;0;0;2;1;1;
202300018247;155 648 226;A01;0;7;1;2;1;1;2;
202300018247;155 648 229;B01;0;7;1;2;8;1;1;
202300018248;155 648 225;A01;1;7;6;0;2;14;1;
202300018249;155 648 223;B01;1;33;0;2;3;1;1;
202300018249;155 648 224;A01;1;7;0;2;2;0;1;
202300018250;155 648 222;A01;-1;7;8;0;2;1;0;
202300018251;155 648 221;A01;1;33;12;0;7;2;1;
202300018252;155 648 219;A01;1;7;0;2;7;17;1;
202300018252;155 648 220;B01;1;1;0;2;8;1;5;
202300018253;155 648 218;A01;1;7;0;1;1;1;1;
202300018254;155 648 213;C01;3;7;0;2;4;0;0;
202300018254;155 648 215;B01;3;7;0;2;4;2;1;
202300018254;155 648 217;A01;3;7;0;2;1;2;1;
202300018255;155 648 211;A01;3;7;0;1;3;1;1;
202300018256;155 648 209;A01;3;10;1;0;2;21;1;
202300018256;155 648 210;B01;3;7;0;2;6;23;1;
202300018257;155 648 208;A01;3;7;0;1;1;1;1;
202300018258;155 648 205;A01;1;2;2;0;2;1;1;
202300018259;155 648 204;A01;1;7;14;2;1;16;1;
202300018259;155 648 207;B01;1;10;0;2;7;15;1;
202300018260;155 648 203;A01;3;7;0;2;3;1;1;
202300018260;155 648 206;B01;3;50;0;2;7;1;3;
202300018261;155 648 199;A01;1;7;0;2;2;1;1;