Num_Acc;id_vehicule;num_veh;senc;catv;obs;obsm;choc;manv;motor;occutc
202300018261;155 648 200;Y01;1;1;0;2;4;25;5;
202300018262;155 648 198;B01;1;60;0;0;0;0;5;
202300018262;155 648 201;A01;1;3;0;9;2;0;0;
202300018263;155 648 197;A01;3;1;0;2;1;1;5;
202300018264;155 648 195;A01;1;7;0;0;0;1;1;
202300018265;155 648 194;B01;2;7;0;2;5;1;1;
202300018265;155 648 196;A01;2;33;0;2;3;18;1;
202300018266;155 648 193;A01;2;1;0;0;0;16;5;
202300018267;155 648 191;A01;2;7;3;0;1;1;1;
202300018268;155 648 189;A01;0;7;0;2;5;13;1;
202300018268;155 648 192;B01;3;7;0;2;1;1;1;
202300018269;155 648 188;A01;2;60;0;2;2;19;5;
202300018269;155 648 190;B01;1;7;0;9;5;1;1;
202300018270;155 648 187;A01;1;7;0;2;8;1;1;
202300018271;155 648 185;A01;3;7;0;0;9;1;1;
202300018272;155 648 184;A01;1;7;0;1;2;1;1;
202300018273;155 648 179;A01;2;1;0;2;1;25;5;
202300018273;155 648 181;B01;0;7;0;2;2;26;3;
202300018274;155 648 177;A01;2;7;0;2;4;2;1;
202300018274;155 648 182;B01;2;7;0;2;1;2;1;
202300018275;155 648 178;A01;2;7;0;2;5;12;1;
202300018275;155 648 180;B01;2;33;0;2;0;0;1;
202300018276;155 648 175;A01;2;7;4;0;8;2;1;
202300018277;155 648 174;A01;2;7;2;0;0;0;1;
202300018278;155 648 173;A01;1;30;0;2;5;1;1;
202300018278;155 648 176;B01;1;30;0;2;1;1;1;
202300018279;155 648 170;A01;2;7;0;2;5;15;1;
202300018279;155 648 171;B01;1;2;0;2;1;1;1;
202300018280;155 648 167;B01;2;7;0;0;6;23;2;
202300018280;155 648 169;A01;2;7;1;0;7;0;1;
202300018280;155 648 172;C01;2;7;1;0;2;0;1;
202300018281;155 648 166;A01;2;7;0;2;4;23;1;
202300018281;155 648 168;B01;2;7;0;2;1;1;1;
202300018282;155 648 162;A01;1;50;0;0;0;1;3;
202300018283;155 648 161;B01;3;7;0;2;4;1;1;
202300018283;155 648 164;A01;3;7;0;2;1;1;1;
202300018283;155 648 165;C01;3;7;0;2;4;1;1;
202300018284;155 648 160;A01;2;7;0;2;1;11;1;
202300018284;155 648 163;B01;2;10;0;2;4;1;1;
202300018285;155 648 158;A01;1;7;0;1;1;1;1;
202300018286;155 648 157;A01;1;7;0;2;1;1;1;
202300018286;155 648 159;B01;2;7;0;2;2;17;1;
202300018287;155 648 155;A01;1;7;0;2;1;2;1;
202300018287;155 648 156;B01;1;7;0;2;4;2;1;
202300018288;155 648 154;A01;3;7;0;1;1;2;1;
202300018289;155 648 150;A01;3;7;8;0;1;1;1;
202300018290;155 648 151;A01;2;33;0;2;1;2;1;
202300018290;155 648 153;B01;2;7;0;2;6;15;1;
202300018291;155 648 149;A01;2;7;0;2;1;1;1;
202300018291;155 648 152;B01;2;15;0;2;4;1;1;
202300018292;155 648 146;A01;1;7;0;2;1;15;1;
202300018292;155 648 148;B01;2;33;0;2;1;1;1;
202300018293;155 648 145;A01;2;7;4;0;1;1;1;
202300018294;155 648 144;A01;1;7;0;2;3;9;1;
202300018294;155 648 147;B01;1;7;0;2;1;1;1;
202300018295;155 648 142;A01;2;7;3;0;9;1;1;
202300018296;155 648 141;A01;1;10;0;2;1;2;1;
202300018296;155 648 143;B01;1;7;0;2;4;1;1;
202300018297;155 648 140;A01;0;7;0;1;2;1;0;
202300018298;155 648 138;A01;1;10;0;1;1;11;1;
202300018299;155 648 137;A01;2;7;0;2;1;0;1;
202300018299;155 648 139;B01;2;7;0;2;4;2;1;
202300018300;155 648 135;A01;2;7;0;2;1;1;1;
202300018300;155 648 136;B01;2;1;0;2;7;19;5;
202300018301;155 648 132;B01;3;39;0;2;3;1;3;
202300018301;155 648 134;A01;0;7;0;4;6;23;1;
202300018302;155 648 131;B01;1;31;0;2;5;0;1;
202300018302;155 648 133;A01;1;7;0;2;3;0;1;
202300018303;155 648 127;A01;1;33;0;2;3;21;1;
202300018303;155 648 129;B01;1;7;0;2;5;2;1;
202300018304;155 648 125;A01;2;33;0;0;8;1;1;
202300018305;155 648 126;A01;1;7;0;2;1;2;1;
202300018305;155 648 128;B01;1;10;0;2;4;1;1;
202300018306;155 648 122;A01;2;2;0;1;1;17;1;
202300018307;155 648 120;B01;3;7;0;2;5;1;1;
202300018307;155 648 124;A01;1;7;0;2;1;9;1;
202300018308;155 648 117;A01;2;33;7;0;1;1;1;
202300018309;155 648 115;A01;2;7;0;2;1;1;1;
202300018309;155 648 116;B01;2;7;0;2;4;1;1;
202300018309;155 648 118;C01;2;7;0;2;4;1;1;
202300018309;155 648 119;D01;2;7;0;2;4;1;2;
202300018309;155 648 121;E01;2;7;0;2;4;1;1;
202300018309;155 648 123;F01;2;7;0;2;4;1;1;
202300018310;155 648 111;A01;0;2;0;0;0;16;1;
202300018310;155 648 114;B01;0;0;0;0;3;0;0;
202300018311;155 648 108;A01;1;7;6;2;3;15;1;
202300018311;155 648 110;B01;1;1;6;2;1;1;5;
202300018312;155 648 107;B01;2;7;0;2;1;21;2;
202300018312;155 648 109;A01;1;7;0;2;1;21;1;
202300018313;155 648 106;A01;1;7;13;0;2;26;1;
202300018314;155 648 105;A01;2;33;13;0;0;1;1;
202300018315;155 648 103;A01;3;33;0;9;1;1;1;
202300018315;155 648 104;B01;3;50;0;2;2;6;3;
202300018316;155 648 102;A01;1;7;16;0;8;0;1;
202300018317;155 648 099;A01;1;7;0;1;5;16;2;
202300018318;155 648 098;B01;1;33;0;2;0;0;1;
202300018318;155 648 101;A01;3;7;0;2;2;19;0;
202300018319;155 648 097;A01;1;7;0;2;1;13;0;
202300018319;155 648 100;B01;2;10;0;2;1;1;1;
202300018320;155 648 094;A01;1;7;6;0;3;1;1;
202300018321;155 648 092;A01;3;2;12;0;1;13;6;
202300018322;155 648 091;A01;2;7;0;2;1;2;1;
202300018322;155 648 095;B01;2;7;0;2;6;23;3;
202300018323;155 648 090;A01;1;7;0;2;3;19;1;
202300018323;155 648 093;B01;1;7;0;2;1;1;1;
202300018324;155 648 088;A01;2;2;0;0;7;1;1;
202300018325;155 648 086;A01;2;7;0;2;7;1;1;
202300018325;155 648 089;B01;2;50;0;2;8;1;3;
202300018326;155 648 085;A01;2;33;0;2;2;18;1;
202300018326;155 648 087;B01;1;7;0;2;2;19;1;
202300018327;155 648 082;B01;0;1;0;1;0;1;6;
202300018328;155 648 081;A01;1;7;0;2;3;15;1;
202300018328;155 648 083;B01;1;31;0;2;1;17;1;
202300018329;155 648 080;B01;2;7;0;2;5;1;1;
202300018329;155 648 084;A01;3;1;0;2;1;1;5;
202300018330;155 648 079;A01;1;7;0;1;6;15;1;
202300018331;155 648 077;A01;1;7;0;1;1;1;1;
202300018332;155 648 076;A01;3;7;0;2;7;15;1;
202300018332;155 648 078;B01;3;7;0;2;1;1;1;
202300018333;155 648 073;A01;1;7;0;2;7;16;1;
202300018333;155 648 075;B01;1;32;0;2;8;18;1;
202300018334;155 648 072;B01;0;50;0;2;1;5;3;
202300018334;155 648 074;A01;0;7;0;9;1;1;0;
202300018335;155 648 071;A01;1;7;0;1;8;16;1;
202300018336;155 648 070;A01;1;39;0;1;2;1;3;
202300018337;155 648 067;A01;1;7;0;2;1;5;1;
202300018337;155 648 069;B01;2;21;0;2;3;1;1;
202300018338;155 648 065;B01;2;33;0;2;1;5;1;
202300018338;155 648 066;A01;1;7;0;2;6;20;1;
202300018339;155 648 064;A01;1;7;0;2;6;9;1;
202300018339;155 648 068;B01;1;33;0;2;1;15;1;
202300018340;155 648 061;A01;2;33;0;2;8;7;1;
202300018340;155 648 063;B01;2;7;0;2;1;26;1;
202300018341;155 648 060;B01;2;32;0;2;6;1;1;
202300018341;155 648 062;A01;1;7;0;2;1;1;1;
202300018342;155 648 059;A01;3;14;0;1;0;15;0;
202300018343;155 648 054;A01;3;7;0;2;3;20;1;
202300018343;155 648 058;B01;3;33;0;2;7;1;1;
202300018344;155 648 056;A01;2;50;0;2;1;26;3;
202300018344;155 648 057;B01;1;7;0;2;1;1;1;
202300018345;155 648 053;A01;3;33;0;2;1;13;1;
202300018345;155 648 055;B01;3;7;0;2;0;1;1;
202300018346;155 648 050;A01;1;7;0;2;3;20;1;
202300018346;155 648 052;B01;1;33;0;2;1;1;1;
202300018347;155 648 049;A01;2;7;15;2;6;24;1;
202300018347;155 648 051;B01;2;38;1;0;2;14;1;1
202300018348;155 648 046;A01;2;50;0;2;1;25;3;
202300018348;155 648 048;B01;2;7;0;2;3;1;1;
202300018349;155 648 043;A01;2;33;0;2;1;1;1;
202300018349;155 648 044;B01;1;7;0;2;3;9;1;
202300018350;155 648 040;A01;2;7;0;2;3;10;1;
202300018350;155 648 042;B01;2;1;0;2;7;1;5;
202300018351;155 648 039;B01;2;37;0;2;8;1;1;1
202300018351;155 648 041;A01;2;50;0;2;1;1;3;
202300018352;155 648 037;A01;0;2;12;0;1;1;1;
202300018353;155 648 035;A01;2;7;14;0;1;1;1;
202300018354;155 648 036;A01;3;7;0;0;3;16;1;
202300018354;155 648 038;B01;1;7;0;0;2;1;1;
202300018355;155 648 034;A01;0;7;0;1;1;1;1;
202300018356;155 648 030;A01;1;2;0;2;1;1;1;
202300018356;155 648 032;B01;1;7;0;2;4;15;1;
202300018357;155 648 028;B01;2;32;0;2;1;3;1;
202300018357;155 648 029;A01;1;7;0;2;2;15;1;
202300018358;155 648 026;A01;2;7;0;1;3;1;1;
202300018359;155 648 025;B01;1;7;0;0;6;1;1;
202300018359;155 648 027;A01;1;7;0;2;1;2;1;
202300018360;155 648 023;A01;2;7;0;2;2;2;1;
202300018360;155 648 024;B01;2;7;0;2;6;1;1;
202300018361;155 648 021;A01;2;37;0;1;1;16;1;1
202300018362;155 648 020;B01;1;15;0;0;6;2;1;
202300018362;155 648 022;A01;1;36;0;2;2;2;1;
202300018363;155 648 018;A01;1;7;9;0;2;21;1;
202300018364;155 648 016;A01;0;10;0;2;2;17;1;
202300018364;155 648 019;B01;0;50;0;2;4;2;3;
202300018365;155 648 014;A01;2;7;6;0;1;1;1;
202300018366;155 648 009;A01;1;17;0;2;1;2;1;
202300018366;155 648 011;B01;1;7;0;0;5;2;1;
202300018366;155 648 012;C01;1;7;0;0;4;2;1;
202300018366;155 648 015;D01;1;7;0;0;4;2;1;
202300018366;155 648 017;E01;1;7;0;0;5;1;1;
202300018367;155 648 010;A01;3;7;0;2;1;2;1;
202300018367;155 648 013;B01;3;7;0;2;4;2;1;
202300018368;155 648 007;B01;2;2;0;2;4;15;1;
202300018368;155 648 008;A01;1;7;0;2;1;16;1;
202300018369;155 648 006;A01;1;7;3;0;1;14;1;
202300018370;155 648 005;A01;2;7;0;1;3;1;0;
202300018371;155 648 003;A01;1;7;2;0;1;11;1;
202300018372;155 648 002;A01;3;1;0;0;4;1;5;
202300018372;155 648 004;B01;3;7;0;2;1;1;0;
202300018373;155 648 001;A01;1;7;0;1;1;1;1;
202300018374;155 648 000;A01;3;7;13;0;7;1;1;
202300018375;155 647 997;A01;1;15;0;2;3;1;1;
202300018375;155 647 998;B01;2;7;0;2;3;1;1;
202300018376;155 647 996;A01;3;7;0;2;2;2;1;
202300018376;155 647 999;B01;0;33;0;2;6;2;1;
202300018377;155 647 994;B01;3;2;0;2;8;15;1;
202300018377;155 647 995;A01;3;7;0;2;1;1;1;
202300018378;155 647 993;A01;2;7;0;1;2;2;2;
202300018379;155 647 991;B01;1;1;0;2;1;1;5;
202300018379;155 647 992;A01;1;10;0;2;2;15;1;
202300018380;155 647 989;A01;3;7;0;1;1;1;1;
202300018381;155 647 988;A01;2;7;0;1;3;1;1;
202300018382;155 647 986;B01;1;37;0;2;2;1;1;5
202300018382;155 647 990;A01;2;7;0;2;3;16;1;
202300018383;155 647 985;B01;2;37;0;2;3;1;1;1
202300018383;155 647 987;A01;1;7;0;2;3;13;1;
202300018384;155 647 983;A01;2;7;2;2;8;13;1;
202300018384;155 647 984;B01;2;7;0;2;7;1;6;
202300018385;155 647 981;A01;1;7;0;1;2;1;1;
202300018386;155 647 982;A01;1;7;2;0;1;2;1;
202300018387;155 647 980;A01;0;1;14;0;0;1;5;
202300018388;155 647 976;A01;1;7;0;2;5;16;1;
202300018388;155 647 979;B01;2;1;0;2;5;1;5;
202300018389;155 647 977;B01;0;50;0;9;8;15;3;
202300018389;155 647 978;A01;0;7;0;9;2;1;1;
202300018390;155 647 974;A01;0;7;3;2;1;1;1;
202300018390;155 647 975;B01;0;7;3;2;4;23;1;
202300018391;155 647 972;A01;1;7;0;1;1;1;1;
202300018392;155 647 971;A01;1;33;0;2;2;17;1;
202300018392;155 647 973;B01;2;10;0;2;3;9;1;
202300018393;155 647 966;A01;3;7;0;2;3;2;1;
202300018393;155 647 968;B01;3;7;0;2;3;2;1;
202300018394;155 647 965;A01;3;7;0;2;3;9;1;
202300018394;155 647 970;B01;3;7;0;2;2;1;1;
202300018395;155 647 967;A01;1;7;0;2;1;17;1;
202300018395;155 647 969;B01;1;1;0;2;8;15;5;
202300018396;155 647 962;A01;1;21;0;2;3;13;1;
202300018396;155 647 964;B01;2;33;0;2;1;1;1;
202300018397;155 647 960;A01;0;7;0;2;1;19;1;
202300018397;155 647 963;B01;3;7;0;2;6;23;1;
202300018398;155 647 959;A01;1;15;0;2;0;16;1;
202300018398;155 647 961;B01;2;1;0;2;1;1;5;
202300018399;155 647 956;B01;1;7;0;2;8;2;1;
202300018399;155 647 958;A01;1;33;0;2;7;17;1;
202300018400;155 647 955;A01;2;7;0;2;2;15;1;
202300018400;155 647 957;B01;1;1;0;2;1;1;5;
202300018401;155 647 953;A01;3;3;0;9;1;16;3;
202300018401;155 647 954;B01;3;1;0;2;7;1;5;
202300018402;155 647 950;A01;2;7;0;2;3;13;1;
202300018402;155 647 952;B01;1;7;0;2;3;1;1;
202300018403;155 647 948;B01;1;31;0;2;1;1;6;
202300018403;155 647 951;A01;2;7;0;2;5;15;1;
202300018404;155 647 947;A01;2;7;0;2;2;15;1;
202300018404;155 647 949;B01;1;1;0;2;1;1;5;
202300018405;155 647 946;A01;1;7;4;0;1;1;1;
202300018406;155 647 944;A01;1;7;0;2;2;15;2;
202300018406;155 647 945;B01;2;33;0;2;3;1;1;
202300018407;155 647 943;A01;2;30;0;1;1;16;1;
202300018408;155 647 942;A01;3;7;0;1;2;1;0;
202300018409;155 647 941;A01;1;7;0;0;1;1;1;
202300018410;155 647 939;A01;2;7;9;0;1;15;1;
202300018411;155 647 937;C01;2;7;0;2;6;2;1;
202300018411;155 647 938;A01;2;7;0;2;1;1;1;
202300018411;155 647 940;B01;2;7;0;2;1;2;1;
202300018412;155 647 936;A01;0;31;15;0;1;15;1;
202300018413;155 647 935;A01;1;7;0;1;3;1;1;
202300018414;155 647 931;A01;1;33;0;2;1;2;1;
202300018414;155 647 934;B01;1;1;0;2;4;11;5;
202300018415;155 647 929;B01;2;7;0;2;7;12;1;
202300018415;155 647 933;A01;2;7;0;2;3;1;1;
202300018416;155 647 930;B01;0;50;0;2;1;1;3;
202300018416;155 647 932;A01;1;7;0;2;2;15;1;
202300018417;155 647 927;A01;2;7;0;1;2;1;1;
202300018418;155 647 925;A01;2;7;0;2;8;13;1;
202300018418;155 647 928;B01;2;15;0;2;2;1;1;
202300018419;155 647 923;C01;1;7;0;2;1;1;1;
202300018419;155 647 924;B01;1;7;0;2;1;1;1;
202300018419;155 647 926;A01;1;7;0;2;4;23;1;
202300018420;155 647 920;B01;1;50;0;2;1;25;3;
202300018420;155 647 922;A01;1;7;0;2;2;9;1;
202300018421;155 647 918;A01;1;7;0;2;5;12;0;
202300018421;155 647 921;B01;1;33;0;2;1;1;1;
202300018422;155 647 917;A01;3;7;0;2;1;16;1;
202300018422;155 647 919;B01;3;1;0;2;3;1;5;
202300018423;155 647 915;A01;2;7;0;2;1;2;1;
202300018423;155 647 916;B01;2;7;0;2;4;2;1;
202300018424;155 647 913;A01;2;7;0;1;1;1;1;
202300018425;155 647 908;B01;3;1;0;2;1;19;5;
202300018425;155 647 911;A01;3;7;0;9;3;19;1;
202300018426;155 647 906;D01;1;7;4;2;8;2;1;
202300018426;155 647 907;E01;1;7;4;2;6;0;3;
202300018426;155 647 910;A01;1;17;4;2;1;2;1;
202300018426;155 647 912;B01;1;7;4;2;9;2;1;
202300018426;155 647 914;C01;1;7;4;2;4;2;1;
202300018427;155 647 905;B01;1;1;0;2;3;1;5;
202300018427;155 647 909;A01;1;7;0;2;2;16;1;
202300018428;155 647 902;A01;1;7;5;2;5;1;1;
202300018428;155 647 904;B01;2;10;0;2;3;1;1;
202300018429;155 647 900;A01;2;33;0;2;1;3;1;
202300018429;155 647 903;B01;2;7;0;2;5;1;1;
202300018430;155 647 899;B01;1;31;0;2;8;23;1;
202300018430;155 647 901;A01;1;37;0;2;2;15;1;1
202300018431;155 647 897;A01;3;7;0;0;1;1;0;
202300018432;155 647 894;A01;2;7;0;2;1;1;1;
202300018432;155 647 896;B01;2;7;0;2;0;0;1;
202300018432;155 647 898;C01;2;7;0;2;0;0;1;
202300018433;155 647 891;A01;2;7;0;2;1;2;0;
202300018433;155 647 893;B01;2;7;0;2;0;0;1;
202300018434;155 647 888;A01;2;10;0;2;3;11;1;
202300018434;155 647 890;B01;2;42;0;2;2;26;1;
202300018435;155 647 887;A01;1;7;2;0;8;14;1;
202300018436;155 647 886;A01;2;7;0;2;3;0;1;
202300018436;155 647 889;B01;2;7;0;2;2;1;1;
202300018437;155 647 880;B01;1;7;0;2;4;2;1;
202300018437;155 647 883;A01;1;7;0;2;1;2;1;
202300018438;155 647 882;A01;3;50;0;2;7;15;3;
202300018438;155 647 885;B01;3;7;0;2;1;1;1;
202300018439;155 647 881;A01;1;7;4;2;1;1;1;
202300018439;155 647 884;B01;1;7;4;2;5;1;1;
202300018440;155 647 878;A01;2;7;13;0;1;17;1;
202300018441;155 647 879;A01;2;33;1;0;1;19;1;
202300018442;155 647 875;A01;2;10;0;2;3;2;1;
202300018442;155 647 876;B01;2;7;0;2;4;2;1;
202300018442;155 647 877;C01;2;7;0;2;6;2;1;
202300018443;155 647 872;A01;3;50;0;2;1;25;3;
202300018443;155 647 873;B01;3;7;0;2;7;16;1;
202300018444;155 647 871;B01;1;50;0;2;1;9;3;
202300018444;155 647 874;A01;1;21;0;2;6;9;4;
202300018445;155 647 870;A01;2;7;7;0;2;14;1;
202300018446;155 647 869;Z01;2;10;0;0;0;0;1;
202300018447;155 647 867;A01;3;7;0;1;4;20;1;
202300018448;155 647 866;A01;1;7;4;0;2;1;1;
202300018449;155 647 863;A01;0;10;1;0;6;20;1;
202300018449;155 647 865;B01;3;10;0;2;2;2;1;
202300018450;155 647 862;A01;1;7;0;2;3;21;1;
202300018450;155 647 864;B01;2;34;0;2;3;1;1;
202300018451;155 647 860;B01;1;7;0;2;1;1;1;
202300018451;155 647 861;A01;1;7;0;2;4;1;1;
202300018452;155 647 856;B01;3;7;0;2;7;1;1;
202300018452;155 647 859;A01;3;10;0;2;3;1;0;
202300018453;155 647 857;A01;2;80;0;2;4;11;3;
202300018453;155 647 858;B01;2;31;0;2;7;13;3;
202300018454;155 647 855;A01;3;7;0;1;3;1;2;
202300018455;155 647 852;A01;1;7;0;1;1;16;1;
202300018456;155 647 853;B01;2;33;0;2;1;1;1;
202300018456;155 647 854;A01;2;7;0;2;6;15;1;
202300018457;155 647 850;B01;2;50;0;2;8;2;3;
202300018457;155 647 851;A01;2;15;0;2;7;2;1;
202300018458;155 647 847;A01;3;10;0;2;3;24;1;
202300018458;155 647 849;B01;1;50;1;2;1;1;3;
202300018459;155 647 846;A01;3;1;0;2;1;19;5;
202300018459;155 647 848;B01;3;7;0;9;5;0;1;
202300018460;155 647 845;A01;2;40;0;1;7;1;3;
202300018461;155 647 844;A01;1;7;0;1;1;1;1;
202300018462;155 647 841;B01;2;1;0;2;7;1;5;
202300018462;155 647 843;A01;3;7;0;2;3;16;2;
202300018463;155 647 840;A01;1;2;0;2;1;13;3;
202300018463;155 647 842;B01;1;10;0;2;5;1;1;
202300018464;155 647 839;A01;2;7;0;0;7;15;1;
202300018465;155 647 838;A01;1;7;0;1;1;9;1;
202300018466;155 647 837;A01;1;10;0;1;2;16;1;
202300018467;155 647 834;A01;3;7;0;2;1;19;1;
202300018467;155 647 836;B01;0;7;0;2;1;0;1;
202300018468;155 647 833;A01;3;7;0;0;0;0;1;
202300018468;155 647 835;B01;3;50;0;0;0;0;3;
202300018469;155 647 830;A01;2;1;0;0;1;1;5;
202300018470;155 647 831;A01;2;7;0;2;5;22;1;
202300018470;155 647 832;B01;1;1;0;2;1;18;5;
202300018471;155 647 828;A01;1;7;1;0;2;1;1;
202300018472;155 647 827;A01;2;7;0;0;4;0;1;
202300018472;155 647 829;B01;1;10;0;2;1;26;1;
202300018473;155 647 824;A01;2;7;0;2;3;10;1;
202300018473;155 647 825;B01;2;32;0;2;2;17;1;
202300018474;155 647 821;B01;3;32;0;0;1;1;1;
202300018474;155 647 823;A01;3;7;0;2;3;9;1;
202300018475;155 647 822;A01;1;7;0;1;1;1;1;
202300018476;155 647 817;A01;3;80;0;2;2;9;3;
202300018476;155 647 820;B01;3;7;0;2;1;1;1;
202300018477;155 647 818;B01;1;1;0;2;2;14;5;
202300018477;155 647 819;A01;1;10;0;2;3;1;1;
202300018478;155 647 815;A01;1;7;0;1;2;16;1;
202300018479;155 647 813;A01;1;7;0;1;1;1;1;
202300018480;155 647 811;A01;2;7;0;1;2;1;1;
202300018481;155 647 809;A01;2;7;3;2;8;11;1;
202300018481;155 647 812;B01;2;7;0;2;2;0;1;
202300018482;155 647 808;A01;1;7;6;0;1;26;1;
202300018483;155 647 804;B01;3;10;0;2;6;9;1;
202300018483;155 647 807;A01;3;33;0;2;1;17;1;
202300018484;155 647 803;Z01;1;32;0;2;0;17;0;
202300018484;155 647 805;A01;1;7;2;2;6;15;1;
202300018485;155 647 802;A01;1;1;0;2;4;19;5;
202300018485;155 647 806;B01;1;33;0;2;1;1;1;
202300018486;155 647 799;A01;1;7;0;0;9;26;1;
202300018487;155 647 798;A01;2;7;0;2;8;1;1;
202300018487;155 647 801;B01;1;7;0;2;1;1;1;
202300018488;155 647 796;B01;3;37;0;2;1;1;1;1
202300018488;155 647 800;A01;3;7;0;2;3;19;1;
202300018489;155 647 797;A01;2;1;0;0;1;21;5;
202300018490;155 647 793;A01;2;33;5;0;1;16;1;
202300018491;155 647 791;A01;3;7;14;0;8;26;1;
202300018491;155 647 795;B01;3;7;0;2;8;23;1;
202300018492;155 647 790;A01;1;1;0;2;3;9;5;
202300018492;155 647 792;B01;2;33;0;2;3;1;1;
202300018493;155 647 789;A01;3;10;0;2;3;9;1;
202300018493;155 647 794;B01;3;50;0;2;1;9;3;
202300018494;155 647 786;B01;2;30;0;2;1;1;1;
202300018494;155 647 788;A01;2;7;0;2;8;10;1;
202300018495;155 647 785;A01;3;7;0;2;1;1;1;
202300018495;155 647 787;B01;3;1;0;2;1;1;5;
202300018496;155 647 784;A01;1;7;0;1;1;1;3;
202300018497;155 647 781;A01;1;43;0;1;1;2;1;
202300018498;155 647 782;A01;2;7;0;2;2;15;1;
202300018498;155 647 783;B01;1;7;0;2;1;1;1;
202300018499;155 647 779;A01;3;7;0;1;1;1;1;
202300018500;155 647 778;B01;0;50;0;0;0;19;3;
202300018500;155 647 780;A01;0;7;8;0;1;21;1;
202300018501;155 647 775;A01;0;2;0;0;0;1;1;
202300018502;155 647 773;A01;1;31;0;2;7;1;1;
202300018502;155 647 777;B01;1;7;0;2;3;1;2;
202300018503;155 647 772;B01;1;7;0;2;1;1;1;
202300018503;155 647 774;A01;2;7;9;2;5;15;1;
202300018504;155 647 771;B01;2;2;0;2;7;0;1;
202300018504;155 647 776;A01;1;7;0;2;2;15;1;
202300018505;155 647 770;A01;1;30;14;0;1;1;1;
202300018506;155 647 768;B01;2;7;0;0;6;11;1;
202300018506;155 647 769;A01;0;30;0;2;0;3;1;
202300018507;155 647 767;A01;1;41;0;1;1;16;1;
202300018508;155 647 764;A01;1;7;0;2;2;17;1;
202300018508;155 647 766;B01;1;2;0;2;6;1;1;
202300018509;155 647 763;A01;1;7;0;2;0;1;1;
202300018509;155 647 765;B01;1;32;0;2;0;0;1;
202300018510;155 647 759;A01;2;7;0;1;3;1;1;
202300018511;155 647 762;A01;1;7;0;1;8;1;1;
202300018512;155 647 760;Z01;1;7;0;1;1;15;1;
202300018513;155 647 758;A01;1;7;0;2;3;22;1;
202300018513;155 647 761;B01;1;1;1;0;1;1;5;
202300018514;155 647 756;Z01;2;7;0;2;1;2;1;
202300018514;155 647 757;B01;2;7;0;2;4;2;1;
202300018515;155 647 755;A01;2;1;0;0;0;1;5;
202300018516;155 647 752;B01;1;7;0;2;5;1;0;
202300018516;155 647 754;A01;1;7;0;2;3;1;0;
202300018517;155 647 750;A01;3;7;0;2;1;1;1;
202300018517;155 647 753;B01;3;7;0;2;4;1;1;
202300018518;155 647 749;A01;1;7;1;0;2;0;1;
202300018519;155 647 748;B01;3;1;0;2;7;1;5;
202300018519;155 647 751;A01;1;7;0;2;3;9;1;
202300018520;155 647 743;A01;1;7;0;1;1;2;0;
202300018521;155 647 741;A01;2;7;0;2;6;15;1;
202300018521;155 647 747;B01;1;2;0;2;1;1;1;
202300018522;155 647 740;A01;2;7;0;2;3;10;1;
202300018522;155 647 744;B01;2;32;0;2;1;2;1;
202300018523;155 647 739;B01;2;7;0;2;8;11;1;
202300018523;155 647 746;A01;2;7;8;2;7;1;1;
202300018524;155 647 738;B01;1;32;0;2;9;21;1;
202300018524;155 647 742;C01;1;7;0;2;4;21;2;
202300018524;155 647 745;A01;1;15;0;2;4;1;1;
202300018525;155 647 734;A01;3;37;0;2;0;1;2;4
202300018526;155 647 736;A01;2;2;0;0;7;16;3;
202300018527;155 647 735;A01;1;7;0;1;1;1;1;
202300018528;155 647 733;B01;2;33;0;2;3;1;1;
202300018528;155 647 737;A01;2;7;0;2;2;14;1;
202300018529;155 647 731;A01;3;7;2;0;1;14;1;
202300018530;155 647 727;A01;1;7;0;2;7;12;2;
202300018530;155 647 732;B01;1;33;0;2;8;1;1;
202300018531;155 647 728;A01;1;33;0;1;1;3;1;
202300018532;155 647 726;A01;1;7;0;2;2;16;1;
202300018532;155 647 730;B01;1;50;0;2;1;18;3;
202300018533;155 647 723;B01;1;13;12;0;8;24;1;
202300018533;155 647 725;A01;1;50;1;0;1;21;3;
202300018533;155 647 729;C01;1;7;0;2;2;1;1;
202300018534;155 647 722;B01;2;33;0;2;8;1;0;
202300018534;155 647 724;A01;1;7;0;2;2;15;0;
202300018535;155 647 718;A01;1;31;8;0;1;1;1;
202300018536;155 647 720;Z01;1;7;0;1;1;26;0;
202300018537;155 647 719;A01;1;7;0;2;2;12;1;
202300018537;155 647 721;B01;1;33;0;2;0;0;1;
202300018538;155 647 716;A01;0;34;0;1;1;0;0;
202300018539;155 647 715;A01;1;31;6;0;1;13;1;
202300018540;155 647 714;A01;3;33;0;2;3;1;1;
202300018540;155 647 717;B01;3;7;0;2;3;15;1;
202300018541;155 647 711;A01;1;7;0;2;1;5;1;
202300018541;155 647 713;B01;2;7;0;2;1;1;1;
202300018542;155 647 709;A01;1;7;0;1;1;16;1;
202300018543;155 647 708;A01;1;7;0;2;1;0;2;
202300018543;155 647 712;B01;1;43;0;2;8;0;1;
202300018544;155 647 706;A01;1;10;0;2;2;12;1;
202300018544;155 647 710;B01;1;7;0;2;3;1;0;
202300018545;155 647 704;B01;1;33;0;2;1;1;0;
202300018545;155 647 707;A01;1;7;0;2;3;10;1;
202300018546;155 647 703;A01;1;7;6;0;1;14;1;