Num_Acc;id_vehicule;num_veh;senc;catv;obs;obsm;choc;manv;motor;occutc
202300018547;155 647 702;B01;3;7;0;2;1;9;1;
202300018547;155 647 705;A01;3;43;0;2;1;1;1;
202300018548;155 647 701;A01;2;7;0;1;1;16;1;
202300018549;155 647 696;A01;2;30;0;2;1;2;1;
202300018549;155 647 699;B01;2;7;0;2;4;1;1;
202300018550;155 647 698;A01;1;7;0;2;1;2;1;
202300018550;155 647 700;B01;1;10;0;2;4;2;1;
202300018551;155 647 694;A01;1;50;0;1;1;1;3;
202300018552;155 647 691;A01;1;7;0;2;1;5;1;
202300018552;155 647 693;B01;2;7;0;2;1;1;3;
202300018553;155 647 689;B01;1;7;0;2;2;1;1;
202300018553;155 647 695;A01;1;7;0;2;1;1;1;
202300018553;155 647 697;C01;1;7;8;0;8;1;1;
202300018554;155 647 688;A01;2;33;0;2;1;9;1;
202300018554;155 647 692;B01;1;7;0;2;3;9;1;
202300018555;155 647 686;A01;2;33;0;2;2;3;1;
202300018555;155 647 690;B01;2;10;0;2;6;11;1;
202300018556;155 647 685;A01;0;34;0;2;1;1;1;
202300018556;155 647 687;B01;3;7;1;0;5;15;1;
202300018557;155 647 680;A01;1;34;0;2;3;13;1;
202300018557;155 647 683;B01;2;32;0;2;3;1;1;
202300018558;155 647 679;A01;2;33;0;2;3;3;0;
202300018558;155 647 681;B01;2;7;0;2;7;12;1;
202300018559;155 647 673;A01;2;7;0;2;1;9;1;
202300018559;155 647 677;B01;2;7;0;2;7;1;1;
202300018560;155 647 676;A01;1;7;0;2;1;15;1;
202300018560;155 647 678;B01;2;7;0;2;8;1;1;
202300018561;155 647 675;A01;2;7;4;0;1;1;1;
202300018562;155 647 668;B01;0;50;0;2;3;1;3;
202300018562;155 647 670;A01;0;7;0;2;0;1;0;
202300018563;155 647 666;A01;2;34;0;2;1;17;0;
202300018564;155 647 664;B01;3;7;0;2;8;1;1;
202300018564;155 647 667;A01;3;7;0;1;1;1;1;
202300018565;155 647 663;A01;1;7;4;0;3;1;1;
202300018566;155 647 662;A01;1;7;0;1;2;1;1;
202300018567;155 647 661;C01;1;7;13;2;3;1;1;
202300018567;155 647 665;A01;1;7;13;2;1;14;1;
202300018567;155 647 669;B01;1;7;13;2;4;1;1;
202300018568;155 647 660;A01;2;10;0;1;2;2;1;
202300018569;155 647 658;A01;1;7;0;1;2;1;0;
202300018570;155 647 656;B01;3;1;0;2;1;0;5;
202300018570;155 647 659;A01;2;7;0;2;3;0;1;
202300018571;155 647 655;A01;2;7;12;2;1;2;2;
202300018571;155 647 657;B01;2;14;12;9;5;2;1;
202300018572;155 647 652;B01;2;7;0;2;4;11;6;
202300018572;155 647 654;A01;2;43;0;2;1;3;1;
202300018573;155 647 650;A01;1;7;0;2;3;15;1;
202300018573;155 647 653;B01;1;32;0;2;2;1;3;
202300018574;155 647 648;A01;0;7;0;2;1;1;0;
202300018574;155 647 651;B01;3;7;0;0;0;0;0;
202300018575;155 647 649;A01;1;7;0;1;1;1;0;
202300018576;155 647 644;A01;1;7;17;0;2;1;1;
202300018577;155 647 646;B01;3;50;0;2;1;1;3;
202300018577;155 647 647;A01;3;7;0;2;2;15;1;
202300018578;155 647 641;A01;1;33;0;0;0;3;1;
202300018578;155 647 645;B01;1;10;0;0;0;1;1;
202300018579;155 647 640;A01;2;7;0;2;2;19;1;
202300018579;155 647 643;B01;3;1;0;2;1;19;5;
202300018580;155 647 639;A01;1;7;0;2;1;1;1;
202300018580;155 647 642;B01;1;2;0;0;4;1;1;
202300018581;155 647 636;B01;1;10;13;2;1;1;1;
202300018581;155 647 637;A01;2;10;0;2;8;1;1;
202300018582;155 647 631;A01;0;7;0;0;4;23;1;
202300018582;155 647 634;B01;3;10;0;2;1;2;1;
202300018582;155 647 638;C01;3;43;0;2;8;18;1;
202300018583;155 647 632;A01;1;7;0;2;1;1;1;
202300018583;155 647 635;B01;1;10;0;2;4;1;1;
202300018584;155 647 627;B01;3;50;0;0;0;0;3;
202300018584;155 647 630;A01;1;7;0;2;3;1;1;
202300018585;155 647 626;A01;3;7;0;2;3;15;1;
202300018585;155 647 629;B01;3;7;0;2;3;1;0;
202300018586;155 647 628;A01;1;33;13;0;9;1;1;
202300018587;155 647 624;A01;1;38;0;1;2;1;1;1
202300018588;155 647 623;A01;3;7;0;2;3;13;1;
202300018588;155 647 625;B01;3;7;0;2;3;1;1;
202300018589;155 647 620;Z01;1;1;0;1;1;1;5;
202300018590;155 647 621;A01;0;1;9;0;1;1;5;
202300018591;155 647 617;A01;0;7;0;2;1;2;1;
202300018591;155 647 622;B01;0;32;0;2;1;2;1;
202300018592;155 647 616;B01;2;7;0;2;4;13;1;
202300018592;155 647 619;A01;2;7;0;2;1;1;1;
202300018593;155 647 613;Z01;1;32;0;1;8;1;1;
202300018594;155 647 615;A01;2;2;0;2;1;17;1;
202300018594;155 647 618;B01;1;3;0;2;1;15;1;
202300018595;155 647 614;A01;1;7;1;0;1;1;1;
202300018596;155 647 610;A01;1;34;0;1;2;2;1;
202300018597;155 647 607;B01;2;31;0;2;1;1;0;
202300018597;155 647 611;A01;2;7;0;2;5;16;1;
202300018598;155 647 609;A01;0;7;1;0;1;26;1;
202300018599;155 647 606;A01;1;7;1;0;7;13;1;
202300018599;155 647 612;B01;3;10;0;2;7;23;1;
202300018600;155 647 605;B01;3;1;0;2;0;1;5;
202300018600;155 647 608;Z01;3;7;0;2;1;1;0;
202300018601;155 647 603;B01;1;7;0;2;4;1;1;
202300018601;155 647 604;A01;1;33;0;2;1;1;1;
202300018602;155 647 602;A01;1;7;2;0;3;1;1;
202300018603;155 647 599;A01;2;33;0;2;3;18;1;
202300018603;155 647 601;B01;2;7;0;2;2;16;1;
202300018604;155 647 595;A01;3;7;0;2;1;15;1;
202300018604;155 647 598;B01;3;30;0;2;1;1;0;
202300018605;155 647 597;A01;0;37;0;2;2;16;1;1
202300018605;155 647 600;B01;1;50;0;2;1;1;3;
202300018606;155 647 594;A01;3;7;0;1;3;15;1;
202300018607;155 647 593;A01;3;1;0;2;8;1;5;
202300018607;155 647 596;B01;2;7;0;9;8;1;1;
202300018608;155 647 592;A01;2;30;0;1;1;21;3;
202300018609;155 647 590;A01;2;50;0;2;1;1;3;
202300018609;155 647 591;Z01;1;7;0;9;1;15;1;
202300018610;155 647 588;A01;2;7;0;1;1;1;1;
202300018611;155 647 584;A01;1;7;1;0;2;14;1;
202300018612;155 647 583;A01;2;31;0;2;8;1;1;
202300018612;155 647 587;B01;2;10;0;2;7;16;1;
202300018613;155 647 585;A01;1;1;0;2;1;15;5;
202300018613;155 647 589;B01;1;7;0;2;1;15;0;
202300018614;155 647 582;A01;1;7;0;2;7;0;1;
202300018614;155 647 586;B01;1;7;0;2;1;1;1;
202300018615;155 647 579;A01;1;7;0;1;1;5;1;
202300018616;155 647 578;A01;0;33;0;2;1;2;1;
202300018616;155 647 581;B01;0;7;0;2;4;23;1;
202300018617;155 647 577;B01;2;7;0;2;3;0;1;
202300018617;155 647 580;A01;1;33;0;2;1;0;1;
202300018618;155 647 574;A01;1;33;0;2;1;3;1;
202300018618;155 647 576;B01;1;7;0;2;1;12;1;
202300018619;155 647 573;A01;1;32;0;2;2;17;1;
202300018619;155 647 575;B01;1;7;0;2;3;10;1;
202300018620;155 647 569;A01;1;7;0;2;1;1;1;
202300018620;155 647 571;B01;1;7;0;2;4;16;1;
202300018621;155 647 564;A01;1;7;0;2;1;2;1;
202300018621;155 647 568;B01;1;7;0;2;1;1;1;
202300018621;155 647 572;C01;1;7;0;2;4;2;1;
202300018622;155 647 562;A01;1;7;7;2;2;19;1;
202300018622;155 647 566;C01;2;15;0;2;1;1;1;
202300018622;155 647 570;B01;2;15;0;2;1;1;1;
202300018623;155 647 563;A01;2;7;0;2;1;2;1;
202300018623;155 647 567;B01;2;7;0;2;4;1;1;
202300018624;155 647 559;A01;1;7;0;2;1;0;1;
202300018624;155 647 561;B01;2;7;0;0;0;0;0;
202300018625;155 647 560;A01;2;7;0;2;1;15;1;
202300018625;155 647 565;B01;1;1;0;2;1;1;5;
202300018626;155 647 557;A01;0;7;0;1;2;1;1;
202300018627;155 647 555;A01;1;37;0;1;5;4;1;1
202300018628;155 647 556;A01;3;31;0;2;7;5;1;
202300018628;155 647 558;B01;3;7;0;2;1;1;1;
202300018629;155 647 554;A01;1;7;0;1;3;1;1;
202300018630;155 647 552;A01;3;7;2;0;2;0;1;
202300018631;155 647 551;A01;0;7;0;2;3;15;1;
202300018631;155 647 553;B01;0;33;0;2;2;1;1;
202300018632;155 647 550;A01;2;10;0;1;1;1;1;
202300018633;155 647 546;A01;3;7;0;2;1;1;1;
202300018633;155 647 549;B01;3;7;0;2;4;1;1;
202300018634;155 647 547;A01;2;10;2;0;1;0;1;
202300018635;155 647 548;A01;1;31;0;1;0;1;1;
202300018636;155 647 545;A01;3;7;0;1;0;2;1;
202300018637;155 647 539;A01;2;7;8;0;2;15;1;
202300018638;155 647 537;A01;3;7;0;2;8;1;1;
202300018638;155 647 541;B01;3;30;0;2;7;1;1;
202300018639;155 647 538;A01;1;7;0;2;2;16;2;
202300018639;155 647 542;B01;1;1;0;2;1;1;5;
202300018640;155 647 536;A01;1;7;0;2;1;15;1;
202300018640;155 647 543;B01;2;33;0;2;1;1;1;
202300018641;155 647 534;A01;1;7;0;2;1;1;1;
202300018641;155 647 535;C01;1;7;0;2;4;1;1;
202300018641;155 647 540;D01;1;7;0;2;4;1;1;
202300018641;155 647 544;B01;1;7;0;2;4;1;1;
202300018642;155 647 527;A01;1;7;0;2;3;13;1;
202300018642;155 647 531;B01;2;7;0;2;1;1;1;
202300018643;155 647 533;A01;3;1;0;0;0;1;5;
202300018644;155 647 526;C01;1;7;0;2;6;23;1;
202300018644;155 647 528;A01;1;10;0;2;1;2;1;
202300018644;155 647 529;D01;1;7;0;2;4;23;1;
202300018644;155 647 530;B01;1;7;0;2;4;2;1;
202300018645;155 647 523;B01;1;33;0;2;1;1;1;
202300018645;155 647 532;A01;2;32;0;2;8;15;1;
202300018646;155 647 524;A01;1;7;0;0;0;1;1;
202300018647;155 647 521;A01;2;7;0;2;3;1;2;
202300018647;155 647 525;B01;1;7;0;2;3;1;1;
202300018648;155 647 522;A01;2;30;1;0;3;13;3;
202300018649;155 647 515;A01;3;33;0;1;1;21;1;
202300018650;155 647 517;A01;2;7;0;1;3;18;1;
202300018651;155 647 516;B01;0;33;0;2;1;1;1;
202300018651;155 647 520;A01;0;30;0;2;7;1;1;
202300018652;155 647 512;A01;3;7;0;2;5;15;2;
202300018652;155 647 518;B01;3;7;0;2;3;1;1;
202300018653;155 647 506;A01;1;10;0;2;1;2;1;
202300018653;155 647 508;B01;1;10;0;2;6;0;1;
202300018654;155 647 504;A01;2;7;17;0;2;1;1;
202300018655;155 647 503;A01;2;7;0;2;3;15;1;
202300018655;155 647 505;B01;2;33;0;2;2;17;1;
202300018656;155 647 507;A01;2;7;0;2;3;8;1;
202300018656;155 647 511;B01;0;60;0;2;8;19;5;
202300018657;155 647 501;A01;1;7;0;1;1;1;1;
202300018658;155 647 500;A01;1;7;0;2;1;1;1;
202300018658;155 647 502;B01;1;7;0;2;4;23;1;
202300018659;155 647 496;B01;1;15;0;2;3;1;1;
202300018659;155 647 497;A01;2;7;0;2;3;13;1;
202300018660;155 647 498;A01;1;7;0;2;3;13;0;
202300018660;155 647 499;B01;2;7;10;2;8;1;0;
202300018661;155 647 495;A01;3;7;1;1;1;20;1;
202300018662;155 647 492;A01;3;7;0;2;2;1;1;
202300018662;155 647 494;B01;3;60;0;2;1;19;5;
202300018663;155 647 493;A01;2;7;0;1;1;1;1;
202300018664;155 647 490;A01;2;7;0;2;6;15;1;
202300018664;155 647 491;B01;2;43;0;2;2;3;1;
202300018665;155 647 488;B01;1;7;0;2;4;1;1;
202300018665;155 647 489;A01;1;7;0;2;1;1;1;
202300018666;155 647 487;A01;1;7;6;0;1;1;2;
202300018667;155 647 483;A01;2;7;12;0;4;2;1;
202300018667;155 647 485;B01;2;7;0;2;2;2;1;
202300018668;155 647 484;B01;3;43;0;2;5;1;1;
202300018668;155 647 486;A01;3;7;1;0;2;1;1;
202300018669;155 647 481;A01;1;7;0;1;2;1;1;
202300018670;155 647 479;A01;1;7;0;1;2;15;1;
202300018671;155 647 480;A01;2;7;0;2;5;17;1;
202300018671;155 647 482;B01;2;37;0;2;2;1;1;1
202300018672;155 647 476;A01;2;7;0;2;1;2;1;
202300018672;155 647 478;B01;2;2;0;2;4;15;1;
202300018673;155 647 477;A01;3;33;2;0;1;1;1;
202300018674;155 647 474;B01;1;2;0;2;0;1;1;
202300018674;155 647 475;A01;2;7;0;2;0;15;1;
202300018675;155 647 472;A01;3;7;8;0;1;13;1;
202300018676;155 647 471;A01;1;10;13;0;1;1;1;
202300018677;155 647 470;A01;2;7;0;2;4;20;1;
202300018677;155 647 473;B01;2;2;0;2;1;1;1;
202300018678;155 647 465;A01;3;7;0;2;1;14;1;
202300018678;155 647 469;B01;3;7;0;2;3;23;1;
202300018679;155 647 466;B01;2;7;0;2;1;1;1;
202300018679;155 647 468;A01;2;7;0;0;6;0;1;
202300018680;155 647 467;A01;1;7;0;0;1;1;1;
202300018681;155 647 462;A01;2;1;0;0;0;0;5;
202300018682;155 647 461;B01;2;7;0;2;1;5;0;
202300018682;155 647 463;A01;2;33;13;2;1;1;1;
202300018683;155 647 460;B01;2;33;0;2;4;9;0;
202300018683;155 647 464;A01;2;7;0;2;3;9;0;
202300018684;155 647 459;A01;1;7;13;0;1;19;1;
202300018685;155 647 456;A01;2;7;1;0;1;2;1;
202300018685;155 647 458;B01;2;15;0;0;4;23;1;
202300018686;155 647 457;A01;0;7;0;1;1;1;1;
202300018687;155 647 455;Z01;2;7;0;1;1;1;1;
202300018688;155 647 453;A01;1;7;13;0;8;19;6;
202300018689;155 647 454;A01;2;50;0;1;1;1;3;
202300018690;155 647 452;A01;3;7;0;1;1;1;1;
202300018691;155 647 447;C01;1;10;0;2;1;2;1;
202300018691;155 647 449;A01;1;7;0;2;4;1;1;
202300018691;155 647 451;B01;1;7;0;2;1;2;1;
202300018692;155 647 448;A01;3;10;0;2;3;15;1;
202300018692;155 647 450;B01;3;37;0;2;2;1;1;1
202300018693;155 647 446;A01;2;7;0;0;9;1;1;
202300018694;155 647 443;A01;1;7;0;1;2;1;6;
202300018695;155 647 442;A01;2;10;0;2;4;2;1;
202300018695;155 647 445;B01;2;33;0;2;1;2;1;
202300018696;155 647 441;A01;1;50;0;2;1;1;3;
202300018696;155 647 444;B01;2;7;0;2;5;15;2;
202300018697;155 647 438;A01;3;7;0;1;1;1;1;
202300018698;155 647 434;A01;1;7;0;2;7;9;1;
202300018698;155 647 436;B01;1;1;0;2;3;1;5;
202300018699;155 647 432;F01;2;7;0;2;7;23;1;
202300018699;155 647 433;E01;2;7;0;2;6;23;1;
202300018699;155 647 435;D01;2;7;0;2;5;23;1;
202300018699;155 647 437;C01;2;15;0;2;3;23;1;
202300018699;155 647 439;B01;2;7;0;2;5;23;1;
202300018699;155 647 440;A01;2;10;0;2;3;21;1;
202300018700;155 647 427;B01;2;10;0;2;2;0;1;
202300018700;155 647 429;A01;2;33;0;2;2;1;1;
202300018701;155 647 426;A01;1;30;0;2;1;15;1;
202300018701;155 647 428;B01;1;7;0;2;6;1;1;
202300018702;155 647 430;B01;2;10;0;2;5;15;1;
202300018702;155 647 431;A01;1;41;0;2;2;1;1;
202300018703;155 647 425;A01;1;7;1;0;3;13;1;
202300018704;155 647 422;B01;2;1;0;2;7;1;5;
202300018704;155 647 424;A01;3;7;0;2;3;9;1;
202300018705;155 647 418;B01;3;1;0;2;4;1;5;
202300018705;155 647 420;C01;3;7;0;2;4;2;1;
202300018705;155 647 423;A01;3;7;0;9;0;0;1;
202300018706;155 647 419;B01;2;7;4;2;4;2;1;
202300018706;155 647 421;A01;2;7;0;2;1;2;1;
202300018707;155 647 416;A01;3;7;0;2;2;19;1;
202300018707;155 647 417;B01;3;1;0;9;3;19;5;
202300018708;155 647 414;B01;2;7;0;2;4;2;1;
202300018708;155 647 415;Z01;2;7;0;2;1;26;0;
202300018709;155 647 412;A01;2;7;12;1;1;1;1;
202300018710;155 647 407;B01;1;7;0;2;4;2;1;
202300018710;155 647 410;A01;1;10;0;2;1;2;1;
202300018710;155 647 411;D01;1;7;0;2;4;2;1;
202300018710;155 647 413;C01;1;10;0;2;4;2;1;
202300018711;155 647 406;A01;1;1;0;2;8;13;5;
202300018711;155 647 409;B01;1;7;0;2;7;17;1;
202300018712;155 647 405;A01;2;32;0;2;1;18;1;
202300018712;155 647 408;B01;1;7;0;2;2;15;1;
202300018713;155 647 404;A01;2;36;0;0;0;1;1;
202300018714;155 647 403;A01;1;7;2;0;1;0;1;
202300018715;155 647 400;A01;2;7;0;2;5;13;1;
202300018715;155 647 402;B01;2;33;0;2;1;3;1;
202300018716;155 647 401;A01;3;10;0;1;7;4;1;
202300018717;155 647 392;G01;2;7;0;2;2;1;1;
202300018717;155 647 393;E01;2;7;0;2;1;2;1;
202300018717;155 647 394;D01;2;7;0;2;4;2;1;
202300018717;155 647 396;C01;2;7;0;2;2;1;1;
202300018717;155 647 397;B01;2;15;0;2;3;1;1;
202300018717;155 647 398;F01;2;7;0;2;2;1;1;
202300018717;155 647 399;A01;2;7;0;2;1;2;1;
202300018718;155 647 391;B01;2;7;0;2;1;1;0;
202300018718;155 647 395;A01;2;7;0;2;1;16;0;
202300018719;155 647 388;B01;2;32;0;2;1;1;1;
202300018719;155 647 389;A01;2;7;0;2;5;12;1;
202300018720;155 647 390;A01;2;10;2;0;1;0;0;
202300018721;155 647 386;A01;2;1;0;2;1;21;5;
202300018721;155 647 387;B01;2;7;0;2;6;23;1;
202300018722;155 647 384;B01;1;13;0;2;4;2;1;
202300018722;155 647 385;A01;1;7;0;2;1;2;1;
202300018723;155 647 381;B01;2;33;0;2;4;2;1;
202300018723;155 647 382;A01;2;7;0;2;1;1;1;
202300018724;155 647 380;B01;1;31;0;2;1;2;1;
202300018724;155 647 383;A01;1;20;0;2;3;15;1;
202300018725;155 647 378;A01;2;7;4;0;4;2;1;
202300018726;155 647 376;A01;1;7;0;2;8;1;1;
202300018726;155 647 379;B01;1;30;0;2;1;1;1;
202300018727;155 647 374;B01;2;17;0;2;4;0;1;
202300018727;155 647 377;A01;2;37;0;2;1;2;3;1
202300018728;155 647 373;B01;1;1;0;2;0;21;5;
202300018728;155 647 375;A01;1;7;0;2;0;20;1;
202300018729;155 647 369;B01;1;7;0;2;4;1;1;
202300018729;155 647 371;A01;1;7;0;2;1;2;1;
202300018730;155 647 370;A01;1;50;0;2;1;2;3;
202300018730;155 647 372;B01;1;7;0;2;6;1;2;
202300018731;155 647 368;A01;1;1;0;1;0;1;5;
202300018732;155 647 365;A01;2;7;0;2;3;11;1;
202300018732;155 647 366;B01;2;7;0;2;7;1;1;
202300018732;155 647 367;C01;2;7;0;2;5;1;1;
202300018733;155 647 361;B01;2;7;0;2;1;1;1;
202300018733;155 647 363;A01;2;7;0;0;4;1;1;
202300018734;155 647 362;A01;1;7;0;1;1;26;1;
202300018735;155 647 360;A01;2;7;0;2;5;1;1;
202300018735;155 647 364;B01;1;7;0;2;2;9;1;
202300018736;155 647 358;A01;1;10;0;2;4;2;1;
202300018736;155 647 359;B01;1;7;0;2;4;23;1;
202300018737;155 647 354;A01;1;7;0;2;4;23;0;
202300018737;155 647 356;B01;1;7;0;2;1;2;0;
202300018738;155 647 353;B01;2;13;0;2;1;1;1;
202300018738;155 647 355;A01;2;7;0;2;4;9;3;
202300018739;155 647 350;B01;0;7;0;2;6;1;1;
202300018739;155 647 352;C01;0;7;0;2;4;1;1;
202300018739;155 647 357;A01;0;10;0;2;2;9;1;
202300018740;155 647 348;A01;2;7;0;2;1;2;1;
202300018740;155 647 349;B01;2;7;0;2;9;2;1;
202300018740;155 647 351;C01;2;7;0;2;4;2;1;
202300018741;155 647 345;A01;2;33;0;0;7;1;1;
202300018742;155 647 344;A01;2;7;0;1;3;15;1;
202300018743;155 647 341;A01;2;7;0;2;8;14;1;
202300018743;155 647 342;B01;2;1;14;2;1;16;5;
202300018744;155 647 340;A01;2;7;0;1;2;15;0;
202300018745;155 647 338;B01;2;2;0;2;0;0;0;
202300018745;155 647 339;A01;1;7;0;2;3;1;1;
202300018746;155 647 337;A01;1;7;0;2;1;2;1;
202300018746;155 647 343;B01;1;80;0;2;4;15;3;
202300018747;155 647 336;A01;2;7;0;1;7;15;0;
202300018748;155 647 333;A01;1;10;0;2;1;2;1;
202300018748;155 647 334;B01;1;10;0;2;4;2;1;
202300018748;155 647 335;C01;1;10;0;2;6;23;1;
202300018749;155 647 329;A01;3;10;0;1;3;15;1;
202300018750;155 647 330;A01;3;10;0;2;7;16;1;
202300018750;155 647 332;B01;3;1;0;2;8;1;5;
202300018751;155 647 325;A01;3;7;0;2;1;5;1;
202300018751;155 647 327;B01;3;50;0;2;8;19;3;
202300018752;155 647 323;B01;3;7;0;2;6;16;1;
202300018752;155 647 326;A01;3;1;0;2;1;0;5;
202300018753;155 647 321;A01;1;10;0;2;2;2;1;
202300018753;155 647 322;B01;1;7;0;0;6;23;3;
202300018754;155 647 319;A01;1;7;3;0;7;1;1;
202300018755;155 647 320;B01;1;7;0;2;3;2;0;
202300018755;155 647 324;A01;1;7;0;2;2;15;0;
202300018756;155 647 317;A01;1;7;0;2;1;1;1;
202300018756;155 647 318;B01;2;7;0;2;2;15;1;
202300018757;155 647 314;A01;1;50;0;0;1;1;3;
202300018758;155 647 316;A01;1;7;0;1;1;19;1;
202300018759;155 647 313;B01;3;33;3;2;1;1;1;
202300018759;155 647 315;A01;3;10;0;2;1;10;1;
202300018760;155 647 312;A01;3;10;0;2;1;1;0;
202300018761;155 647 310;B01;0;2;0;2;4;1;1;
202300018761;155 647 311;A01;0;7;0;2;2;2;1;
202300018762;155 647 308;A01;3;7;8;0;6;0;0;
202300018763;155 647 307;B01;1;2;0;2;1;1;1;
202300018763;155 647 309;A01;2;7;0;2;3;15;1;
202300018764;155 647 306;A01;2;7;0;1;2;1;1;
202300018765;155 647 303;B01;2;7;0;2;4;16;1;
202300018765;155 647 305;A01;2;7;0;2;1;0;0;
202300018766;155 647 301;A01;0;30;0;2;7;26;1;
202300018766;155 647 304;B01;0;7;0;2;8;15;1;
202300018767;155 647 299;A01;1;7;0;2;1;1;1;
202300018767;155 647 302;B01;1;7;0;2;1;1;1;
202300018768;155 647 298;A01;1;7;0;2;3;15;1;
202300018768;155 647 300;B01;1;31;0;2;2;1;1;
202300018769;155 647 297;A01;1;7;0;2;9;1;1;
202300018770;155 647 296;A01;1;7;0;1;3;1;1;
202300018771;155 647 292;A01;1;7;0;1;3;1;1;
202300018772;155 647 291;A01;1;7;0;2;1;15;1;
202300018772;155 647 293;B01;2;7;0;2;3;1;1;
202300018773;155 647 294;B01;1;38;0;2;1;1;1;1
202300018773;155 647 295;A01;1;7;0;2;1;1;1;
202300018774;155 647 290;Z01;1;7;0;1;1;1;0;
202300018775;155 647 288;B01;2;7;0;2;4;23;1;
202300018775;155 647 289;A01;2;7;0;2;1;2;1;
202300018776;155 647 286;Z01;1;10;0;1;1;0;0;
202300018777;155 647 285;A01;1;7;0;2;1;9;1;
202300018777;155 647 287;B01;2;2;0;2;1;1;1;
202300018778;155 647 281;B01;1;7;0;2;4;0;1;
202300018778;155 647 282;A01;1;7;0;2;1;26;1;
202300018779;155 647 280;A01;1;33;11;0;1;17;1;
202300018780;155 647 283;A01;1;7;0;2;8;11;1;
202300018780;155 647 284;B01;1;30;0;2;2;17;1;
202300018781;155 647 276;A01;1;7;0;2;3;15;1;
202300018781;155 647 279;B01;2;33;0;2;7;1;1;
202300018782;155 647 275;A01;1;7;0;9;3;13;1;
202300018782;155 647 277;B01;2;31;0;0;8;1;1;
202300018783;155 647 273;A01;1;7;13;0;7;14;1;
202300018784;155 647 272;A01;1;7;9;0;2;1;1;
202300018785;155 647 270;A01;1;7;0;2;0;17;0;
202300018785;155 647 271;B01;1;2;0;2;3;1;3;
202300018786;155 647 268;A01;1;10;0;2;1;15;1;
202300018786;155 647 269;B01;1;2;0;2;7;15;3;
202300018787;155 647 265;B01;0;7;0;2;7;1;1;
202300018787;155 647 266;A01;0;50;0;2;7;19;3;
202300018788;155 647 262;A01;1;7;0;2;7;17;1;
202300018788;155 647 264;B01;1;1;0;2;8;2;5;
202300018789;155 647 260;A01;1;1;0;2;8;5;5;
202300018789;155 647 261;B01;1;1;0;2;0;1;5;
202300018790;155 647 255;A01;3;7;0;2;1;1;1;
202300018790;155 647 258;B01;3;50;0;2;4;1;3;
202300018791;155 647 253;A01;1;7;0;2;1;2;1;
202300018791;155 647 257;B01;1;7;0;2;4;2;1;
202300018791;155 647 259;C01;1;7;0;2;4;2;1;
202300018792;155 647 251;A01;2;7;15;0;3;10;1;
202300018793;155 647 249;B01;2;7;0;2;3;0;1;
202300018793;155 647 250;A01;2;14;0;2;2;12;1;
202300018793;155 647 252;C01;2;7;0;2;1;1;1;
202300018794;155 647 246;A01;1;33;0;0;8;1;1;
202300018795;155 647 248;A01;3;7;8;0;1;14;0;
202300018796;155 647 243;B01;1;7;3;2;6;15;1;
202300018796;155 647 245;C01;2;7;0;2;1;1;1;
202300018796;155 647 247;A01;1;10;0;2;2;17;1;
202300018797;155 647 240;D01;1;7;0;2;1;1;1;
202300018797;155 647 241;C01;1;7;0;2;5;1;1;
202300018797;155 647 242;B01;1;7;0;2;6;1;1;
202300018797;155 647 244;A01;2;7;0;2;1;5;1;
202300018798;155 647 238;A01;2;7;0;1;1;9;1;
202300018799;155 647 237;A01;0;32;0;0;0;0;1;
202300018800;155 647 236;A01;1;7;0;2;1;1;1;
202300018800;155 647 239;B01;3;7;0;2;8;1;1;
202300018801;155 647 234;Z01;3;33;13;0;0;0;1;
202300018802;155 647 233;A01;1;7;1;0;3;13;1;
202300018803;155 647 230;A01;2;7;2;2;3;13;1;
202300018803;155 647 231;B01;1;7;0;2;3;1;1;
202300018804;155 647 227;A01;2;7;0;2;8;9;1;
202300018804;155 647 229;B01;2;33;0;2;1;1;1;
202300018805;155 647 228;A01;3;7;0;2;1;2;1;
202300018805;155 647 232;B01;3;7;0;2;1;26;1;
202300018805;155 647 235;C01;3;7;0;0;4;2;2;
202300018806;155 647 225;B01;1;7;0;2;8;1;1;
202300018806;155 647 226;A01;2;7;0;2;1;15;1;
202300018807;155 647 222;A01;3;10;0;2;1;9;1;
202300018807;155 647 224;B01;0;33;0;2;1;1;1;
202300018808;155 647 220;A01;2;3;0;2;1;1;1;
202300018808;155 647 221;B01;1;7;0;2;1;1;1;
202300018809;155 647 215;B01;3;0;0;2;0;0;0;
202300018809;155 647 218;A01;3;7;0;2;4;16;0;
202300018810;155 647 219;B01;1;10;0;2;7;2;4;
202300018810;155 647 223;A01;1;10;0;2;9;2;1;
202300018811;155 647 216;B01;1;7;0;2;4;2;1;
202300018811;155 647 217;A01;2;7;0;2;1;2;1;
202300018812;155 647 210;A01;3;7;0;2;1;26;1;
202300018812;155 647 213;B01;2;7;0;2;7;2;1;
202300018813;155 647 212;A01;3;30;12;0;0;21;1;
202300018813;155 647 214;Z01;3;7;0;2;0;0;0;
202300018814;155 647 207;A01;3;7;0;1;2;16;1;
202300018815;155 647 209;A01;1;7;0;2;2;17;1;
202300018815;155 647 211;B01;1;30;0;2;3;15;1;
202300018816;155 647 206;B01;0;1;0;0;4;2;5;
202300018816;155 647 208;A01;0;7;0;0;2;2;1;
202300018817;155 647 205;A01;1;7;8;0;2;1;0;
202300018818;155 647 203;Z01;2;13;0;1;7;1;0;
202300018819;155 647 202;B01;3;14;0;2;1;1;0;