Num_Acc;id_vehicule;num_veh;senc;catv;obs;obsm;choc;manv;motor;occutc
202300018819;155 647 204;A01;3;7;0;2;8;26;1;
202300018820;155 647 198;A01;1;7;14;0;1;1;1;
202300018820;155 647 200;B01;1;7;0;0;0;0;1;
202300018820;155 647 201;C01;1;7;0;2;4;1;1;
202300018821;155 647 197;A01;1;7;0;0;3;13;1;
202300018822;155 647 194;A01;3;31;1;0;1;1;1;
202300018822;155 647 195;B01;3;7;0;2;4;23;1;
202300018823;155 647 196;B01;0;33;0;2;1;1;1;
202300018823;155 647 199;A01;0;7;0;2;7;15;1;
202300018824;155 647 192;A01;1;7;0;1;3;15;1;
202300018825;155 647 191;A01;1;7;0;2;3;15;1;
202300018825;155 647 193;B01;2;7;0;2;3;1;1;
202300018826;155 647 188;A01;2;7;0;2;8;22;1;
202300018826;155 647 189;B01;2;1;1;0;1;1;5;
202300018827;155 647 186;A01;1;33;0;2;9;0;1;
202300018827;155 647 190;B01;2;7;0;2;6;1;1;
202300018828;155 647 187;A01;3;7;0;1;2;15;1;
202300018829;155 647 184;B01;2;7;0;2;2;1;1;
202300018829;155 647 185;A01;2;33;0;2;3;11;1;
202300018830;155 647 183;A01;1;7;8;0;1;1;1;
202300018831;155 647 180;A01;1;33;0;2;1;2;1;
202300018831;155 647 181;B01;1;7;0;2;4;2;1;
202300018832;155 647 179;A01;1;33;0;5;1;1;1;
202300018833;155 647 177;A01;1;10;0;2;5;11;6;
202300018833;155 647 182;B01;1;50;0;2;1;13;3;
202300018834;155 647 178;A01;2;33;0;0;0;14;1;
202300018835;155 647 176;A01;2;7;0;1;1;1;1;
202300018836;155 647 174;Z01;1;32;0;2;1;1;0;
202300018836;155 647 175;A01;1;80;0;2;7;15;3;
202300018837;155 647 171;B01;1;10;0;2;5;1;1;
202300018837;155 647 173;A01;1;33;0;2;3;3;1;
202300018838;155 647 169;A01;1;7;0;2;1;1;6;
202300018838;155 647 172;B01;2;14;0;2;3;23;1;
202300018839;155 647 168;B01;3;50;0;2;1;5;3;
202300018839;155 647 170;A01;3;7;0;9;2;1;1;
202300018840;155 647 166;Z01;3;32;0;1;1;25;1;
202300018841;155 647 165;A01;1;7;0;2;1;2;1;
202300018841;155 647 167;B01;1;7;0;2;4;2;1;
202300018842;155 647 162;A01;1;7;9;1;1;1;1;
202300018843;155 647 164;A01;2;30;0;0;0;1;3;
202300018844;155 647 160;Z01;2;50;0;2;0;2;3;
202300018844;155 647 161;A01;2;50;0;2;4;2;3;
202300018845;155 647 157;A01;3;7;0;2;5;16;1;
202300018845;155 647 159;B01;3;50;0;2;1;1;3;
202300018846;155 647 158;B01;1;38;0;2;0;0;0;1
202300018846;155 647 163;A01;2;7;0;1;0;0;0;
202300018847;155 647 156;A01;1;30;0;0;7;21;3;
202300018848;155 647 151;A01;2;7;0;2;4;1;1;
202300018848;155 647 154;Z01;2;15;0;2;1;1;0;
202300018849;155 647 153;A01;1;43;0;2;1;1;1;
202300018849;155 647 155;B01;2;7;0;2;1;1;2;
202300018850;155 647 150;A01;3;14;0;2;1;2;1;
202300018850;155 647 152;B01;3;7;0;2;4;23;1;
202300018851;155 647 147;A01;1;50;0;1;1;1;3;
202300018852;155 647 145;B01;2;32;0;2;1;1;1;
202300018852;155 647 149;A01;2;7;0;2;3;15;1;
202300018853;155 647 144;A01;1;7;0;2;1;3;1;
202300018853;155 647 146;B01;1;10;0;2;4;23;1;
202300018853;155 647 148;C01;1;7;0;2;3;24;1;
202300018854;155 647 140;A01;3;7;0;2;9;2;2;
202300018854;155 647 142;C01;3;7;0;2;9;2;1;
202300018854;155 647 143;B01;3;7;0;2;4;2;1;
202300018855;155 647 139;A01;2;50;0;2;8;1;3;
202300018855;155 647 141;Z01;1;7;0;2;1;16;1;
202300018856;155 647 135;A01;3;10;0;2;6;15;1;
202300018856;155 647 138;B01;0;33;0;2;1;1;1;
202300018857;155 647 134;A01;2;7;0;2;2;15;1;
202300018857;155 647 137;B01;1;32;0;2;2;1;0;
202300018858;155 647 133;A01;3;7;0;2;3;22;3;
202300018858;155 647 136;B01;3;80;0;2;1;1;3;
202300018859;155 647 131;A01;2;7;0;2;1;2;1;
202300018859;155 647 132;B01;2;60;0;2;7;1;5;
202300018860;155 647 127;A01;2;32;0;0;8;1;3;
202300018861;155 647 129;A01;2;7;0;1;1;15;1;
202300018862;155 647 128;A01;1;33;0;2;4;18;1;
202300018862;155 647 130;B01;1;50;0;2;4;14;3;
202300018863;155 647 126;A01;3;31;0;0;0;21;1;
202300018864;155 647 124;Y01;3;1;0;9;0;23;5;
202300018865;155 647 123;A01;3;33;0;2;1;5;1;
202300018865;155 647 125;B01;3;7;0;2;1;1;1;
202300018866;155 647 120;A01;2;80;0;2;8;19;3;
202300018866;155 647 122;Z01;2;41;0;2;1;1;0;
202300018867;155 647 119;A01;2;50;0;2;1;5;3;
202300018867;155 647 121;B01;1;7;0;9;2;16;1;
202300018868;155 647 117;A01;1;32;0;2;7;1;1;
202300018868;155 647 118;B01;1;7;0;2;8;23;1;
202300018869;155 647 115;A01;2;37;0;1;2;1;1;1
202300018870;155 647 116;A01;1;7;9;1;2;1;1;
202300018871;155 647 111;A01;2;37;0;2;2;17;1;1
202300018871;155 647 114;B01;2;7;0;2;6;23;2;
202300018872;155 647 110;A01;1;80;0;2;2;1;3;
202300018872;155 647 113;Z01;1;7;0;2;8;22;0;
202300018873;155 647 109;B01;1;50;1;0;8;11;3;
202300018873;155 647 112;A01;1;7;1;0;5;1;1;
202300018874;155 647 104;B01;1;7;0;2;7;17;1;
202300018874;155 647 107;A01;1;1;14;0;8;21;5;
202300018875;155 647 106;A01;2;1;0;1;2;1;5;
202300018876;155 647 105;A01;3;80;8;2;8;19;3;
202300018876;155 647 108;B01;3;33;0;2;1;1;1;
202300018877;155 647 102;A01;3;7;0;1;3;7;2;
202300018878;155 647 101;A01;2;7;0;2;8;1;1;
202300018878;155 647 103;B01;1;30;0;2;1;1;1;
202300018879;155 647 100;A01;1;37;0;0;0;20;3;2
202300018880;155 647 097;A01;2;7;0;1;2;1;1;
202300018881;155 647 096;A01;0;7;0;2;8;1;0;
202300018881;155 647 099;B01;0;30;0;2;7;1;0;
202300018882;155 647 095;A01;2;1;0;2;2;19;5;
202300018882;155 647 098;B01;1;31;0;2;3;1;1;
202300018883;155 647 094;A01;2;7;0;1;1;1;0;
202300018884;155 647 090;A01;1;7;0;2;1;15;1;
202300018884;155 647 093;B01;1;1;0;2;1;1;5;
202300018885;155 647 088;A01;3;10;0;2;1;2;1;
202300018885;155 647 091;B01;3;14;0;0;4;23;1;
202300018886;155 647 089;Z01;2;7;0;2;3;11;1;
202300018886;155 647 092;A01;2;43;0;2;7;1;1;
202300018887;155 647 087;A01;3;60;0;0;0;2;5;
202300018888;155 647 084;B01;1;14;0;2;8;2;1;
202300018888;155 647 085;A01;1;33;0;2;7;13;1;
202300018889;155 647 083;A01;1;10;0;2;6;15;1;
202300018889;155 647 086;B01;2;33;0;2;1;1;1;
202300018890;155 647 081;A01;3;10;0;1;1;19;1;
202300018891;155 647 080;A01;3;33;0;2;7;17;1;
202300018891;155 647 082;B01;3;7;0;2;3;0;1;
202300018892;155 647 078;A01;1;7;0;1;1;15;1;
202300018893;155 647 076;A01;1;33;1;1;1;1;1;
202300018894;155 647 077;B01;2;7;0;2;2;15;1;
202300018894;155 647 079;A01;3;31;0;2;3;1;1;
202300018895;155 647 074;A01;1;7;8;0;1;1;1;
202300018896;155 647 071;A01;2;7;0;2;1;15;3;
202300018896;155 647 072;B01;1;60;0;2;0;0;5;
202300018897;155 647 073;A01;1;10;0;2;1;2;1;
202300018897;155 647 075;B01;1;7;0;2;4;1;1;
202300018898;155 647 067;A01;1;7;0;2;4;23;1;
202300018898;155 647 069;B01;1;7;0;2;1;1;1;
202300018899;155 647 068;B01;1;7;0;2;1;0;0;
202300018899;155 647 070;A01;1;43;0;2;4;23;1;
202300018900;155 647 065;B01;1;50;0;2;1;1;3;
202300018900;155 647 066;A01;1;7;0;9;2;1;1;
202300018901;155 647 062;A01;1;10;0;2;7;15;1;
202300018901;155 647 063;B01;1;31;0;2;1;1;1;
202300018902;155 647 060;A01;2;43;0;2;7;1;1;
202300018902;155 647 061;B01;1;7;0;2;3;15;1;
202300018903;155 647 058;A01;1;7;0;1;3;9;1;
202300018904;155 647 057;A01;1;60;0;0;0;0;5;
202300018905;155 647 059;B01;3;31;0;2;8;1;1;
202300018905;155 647 064;A01;3;7;0;2;7;16;1;
202300018906;155 647 055;B01;1;50;1;9;1;2;3;
202300018906;155 647 056;A01;1;7;0;2;2;22;1;
202300018907;155 647 050;A01;1;7;0;2;1;2;0;
202300018907;155 647 052;B01;1;2;0;0;4;2;0;
202300018908;155 647 051;A01;2;7;0;0;4;23;1;
202300018908;155 647 053;B01;2;7;0;2;4;23;1;
202300018908;155 647 054;C01;2;10;0;2;1;1;1;
202300018909;155 647 048;A01;2;31;0;2;2;2;1;
202300018909;155 647 049;B01;2;7;0;2;6;13;1;
202300018910;155 647 047;A01;3;2;12;0;1;2;1;
202300018911;155 647 043;A01;1;7;0;0;0;1;1;
202300018912;155 647 042;A01;0;1;0;2;4;0;5;
202300018912;155 647 044;B01;0;7;0;2;1;0;0;
202300018913;155 647 040;A01;2;7;0;2;1;13;1;
202300018913;155 647 041;B01;1;7;0;2;3;1;1;
202300018914;155 647 038;A01;2;7;13;0;1;1;1;
202300018915;155 647 039;A01;2;33;0;1;0;1;1;
202300018916;155 647 036;A01;2;7;0;2;3;1;1;
202300018916;155 647 037;B01;1;7;0;2;3;1;1;
202300018917;155 647 034;B01;2;50;0;2;1;5;3;
202300018917;155 647 035;A01;1;32;0;2;0;9;1;
202300018918;155 647 032;B01;1;14;0;2;3;0;1;
202300018918;155 647 033;A01;2;7;0;2;3;0;1;
202300018919;155 647 028;A01;1;7;0;0;1;15;1;
202300018919;155 647 030;B01;2;2;0;2;1;17;1;
202300018920;155 647 029;A01;0;30;0;2;8;1;1;
202300018920;155 647 031;B01;1;7;0;2;0;12;1;
202300018921;155 647 027;A01;1;7;7;0;1;15;1;
202300018922;155 647 025;A01;1;7;0;2;4;2;1;
202300018922;155 647 026;B01;1;10;0;2;8;1;1;
202300018923;155 647 021;A01;2;33;0;2;1;2;1;
202300018923;155 647 022;B01;2;7;0;0;6;2;1;
202300018924;155 647 023;A01;1;7;0;2;1;1;1;
202300018924;155 647 024;B01;1;37;0;2;6;1;1;1
202300018925;155 647 019;B01;2;14;0;2;1;1;1;
202300018925;155 647 020;A01;2;7;4;0;9;13;1;
202300018926;155 647 014;A01;2;2;0;2;8;13;1;
202300018926;155 647 015;B01;1;7;0;2;8;1;1;
202300018926;155 647 017;C01;1;7;0;2;8;1;1;
202300018927;155 647 013;A01;3;1;0;2;0;13;5;
202300018928;155 647 012;A01;0;7;2;0;1;14;0;
202300018929;155 647 011;A01;1;7;0;1;1;1;1;
202300018930;155 647 007;A01;1;32;14;0;8;1;1;
202300018931;155 647 006;A01;0;33;0;0;0;1;0;
202300018932;155 647 004;A01;1;7;13;0;0;0;1;
202300018933;155 647 002;A01;2;7;0;2;1;2;1;
202300018933;155 647 003;B01;2;7;0;2;4;23;1;
202300018933;155 647 005;C01;2;7;0;0;4;23;1;
202300018934;155 647 001;A01;1;7;0;9;5;1;1;
202300018935;155 646 998;B01;1;7;0;2;2;19;1;
202300018935;155 647 000;A01;2;33;0;2;8;15;1;
202300018936;155 646 999;A01;2;36;0;0;0;0;1;
202300018937;155 646 996;B01;3;1;0;2;8;19;5;
202300018937;155 646 997;A01;1;17;0;2;2;21;1;
202300018938;155 646 993;A01;2;7;0;2;3;9;1;
202300018938;155 646 995;B01;1;2;0;0;7;1;1;
202300018939;155 646 991;A01;1;7;0;2;3;3;1;
202300018939;155 646 992;B01;2;13;0;2;3;1;1;
202300018940;155 646 994;A01;2;7;0;0;0;1;1;
202300018941;155 646 989;A01;1;7;0;2;1;2;1;
202300018941;155 646 990;B01;1;7;0;2;4;2;1;
202300018942;155 646 987;A01;1;7;8;0;5;2;1;
202300018943;155 646 988;A01;1;7;6;0;0;0;1;
202300018944;155 646 986;A01;2;7;13;0;2;21;1;
202300018945;155 646 985;A01;1;7;2;0;1;1;1;
202300018946;155 646 982;B01;2;7;0;2;6;1;1;
202300018946;155 646 984;A01;2;7;0;2;2;17;1;
202300018947;155 646 981;A01;2;7;0;2;0;0;1;
202300018947;155 646 983;B01;2;7;3;2;0;1;1;
202300018948;155 646 978;A01;1;10;0;2;6;4;1;
202300018948;155 646 980;B01;2;33;0;2;2;13;1;
202300018949;155 646 977;A01;1;7;8;2;2;19;1;
202300018949;155 646 979;B01;1;20;0;2;3;1;1;
202300018950;155 646 975;A01;1;7;0;2;3;1;1;
202300018950;155 646 976;B01;2;7;0;2;3;1;1;
202300018951;155 646 974;A01;1;7;0;1;1;1;1;
202300018952;155 646 973;A01;3;7;0;0;7;1;1;
202300018953;155 646 971;A01;3;1;0;0;0;1;5;
202300018953;155 646 972;B01;3;1;0;2;0;1;5;
202300018954;155 646 970;A01;3;7;0;1;2;15;1;
202300018955;155 646 969;A01;1;7;2;0;2;1;1;
202300018956;155 646 968;A01;1;7;0;1;2;1;1;
202300018957;155 646 966;A01;1;7;0;2;3;10;1;
202300018957;155 646 967;B01;2;33;0;2;1;1;1;
202300018958;155 646 964;A01;1;10;8;0;8;13;1;
202300018959;155 646 962;A01;2;2;0;2;3;11;1;
202300018959;155 646 965;B01;2;7;0;2;7;17;1;
202300018960;155 646 961;A01;1;7;0;2;1;1;1;
202300018960;155 646 963;B01;2;7;0;2;1;1;1;
202300018961;155 646 960;A01;1;7;13;0;1;1;1;
202300018962;155 646 959;A01;1;33;0;0;0;1;1;
202300018963;155 646 957;A01;2;10;0;6;1;11;1;
202300018964;155 646 958;A01;1;7;3;0;1;2;1;
202300018965;155 646 956;A01;1;7;2;0;1;1;0;
202300018966;155 646 952;A01;3;60;0;2;1;0;5;
202300018966;155 646 954;B01;3;10;0;2;2;0;1;
202300018967;155 646 950;A01;2;7;3;0;1;1;1;
202300018968;155 646 949;B01;2;7;0;2;7;0;1;
202300018968;155 646 951;C01;2;7;0;2;9;1;1;
202300018968;155 646 953;D01;2;7;14;0;0;1;1;
202300018968;155 646 955;A01;1;7;0;2;9;5;1;
202300018969;155 646 948;A01;1;7;6;0;1;21;1;
202300018970;155 646 944;A01;2;2;0;2;1;1;1;
202300018970;155 646 947;B01;1;7;0;2;1;15;1;
202300018971;155 646 942;A01;2;7;0;2;2;1;1;
202300018971;155 646 945;B01;2;2;0;2;1;1;1;
202300018972;155 646 941;C01;2;7;14;0;1;1;1;
202300018972;155 646 943;A01;2;7;4;0;4;23;1;
202300018972;155 646 946;B01;2;10;14;0;1;1;1;
202300018973;155 646 940;A01;1;7;0;0;3;1;1;
202300018974;155 646 939;A01;1;2;12;0;9;6;1;
202300018975;155 646 938;A01;0;7;2;0;4;1;1;
202300018976;155 646 936;B01;2;7;0;2;3;1;1;
202300018976;155 646 937;A01;1;30;0;2;7;1;1;
202300018977;155 646 934;A01;2;7;0;0;1;11;1;
202300018977;155 646 935;B01;1;7;0;2;1;23;1;
202300018978;155 646 930;A01;2;33;0;2;1;17;1;
202300018978;155 646 933;B01;1;7;0;2;8;1;1;
202300018979;155 646 929;A01;1;7;13;0;1;14;1;
202300018980;155 646 928;C01;1;7;0;2;1;26;0;
202300018980;155 646 931;A01;2;7;0;2;1;6;1;
202300018980;155 646 932;B01;2;7;0;2;6;2;0;
202300018981;155 646 922;B01;1;10;0;2;3;17;1;
202300018981;155 646 926;A01;1;7;0;2;2;2;0;
202300018982;155 646 924;A01;2;7;0;2;3;1;1;
202300018982;155 646 927;B01;1;7;0;2;2;9;1;
202300018983;155 646 921;A01;1;33;8;0;1;21;1;
202300018984;155 646 923;A01;1;10;1;0;2;2;1;
202300018984;155 646 925;B01;1;30;0;0;4;23;1;
202300018985;155 646 919;B01;2;7;0;2;3;1;1;
202300018985;155 646 920;A01;1;33;0;2;1;17;1;
202300018986;155 646 917;A01;3;7;0;2;1;13;1;
202300018986;155 646 918;B01;3;14;0;2;1;1;1;
202300018987;155 646 916;A01;1;7;3;0;0;1;1;
202300018988;155 646 912;A01;1;32;0;2;3;1;1;
202300018988;155 646 914;B01;1;7;0;2;2;9;1;
202300018989;155 646 910;A01;1;7;0;2;1;1;0;
202300018989;155 646 913;B01;2;7;0;2;3;1;0;
202300018990;155 646 911;A01;3;2;0;0;4;15;1;
202300018990;155 646 915;B01;3;7;0;2;3;9;1;
202300018991;155 646 906;A01;1;7;0;2;3;15;1;
202300018991;155 646 908;B01;2;7;0;2;2;21;1;
202300018992;155 646 904;A01;2;7;0;2;1;1;0;
202300018992;155 646 905;B01;1;7;0;2;4;26;0;
202300018992;155 646 907;C01;1;7;0;2;1;1;0;
202300018993;155 646 899;B01;2;1;0;0;4;2;5;
202300018993;155 646 900;A01;2;33;0;9;1;0;1;
202300018993;155 646 902;C01;2;17;14;0;1;1;1;
202300018994;155 646 901;A01;1;7;0;2;1;1;1;
202300018994;155 646 903;B01;2;7;0;0;1;1;1;
202300018995;155 646 898;A01;1;7;16;0;3;1;1;
202300018996;155 646 897;A01;0;2;0;0;0;1;1;
202300018997;155 646 896;A01;1;7;0;1;1;1;1;
202300018998;155 646 893;B01;2;15;0;2;2;12;1;
202300018998;155 646 894;A01;2;7;0;2;4;1;1;
202300018999;155 646 890;A01;2;7;0;2;3;17;1;
202300018999;155 646 892;B01;1;7;0;2;3;21;1;
202300019000;155 646 889;A01;2;7;4;0;2;1;1;
202300019001;155 646 888;A01;2;7;13;0;1;14;1;
202300019002;155 646 884;A01;2;10;12;2;1;1;1;
202300019002;155 646 887;B01;2;7;12;2;4;1;1;
202300019003;155 646 882;A01;3;7;0;2;3;13;1;
202300019003;155 646 885;B01;3;37;0;2;3;1;1;1
202300019004;155 646 883;A01;2;7;0;2;7;9;1;
202300019004;155 646 886;B01;2;7;0;2;1;1;1;
202300019005;155 646 880;B01;1;7;0;2;6;2;1;
202300019005;155 646 881;A01;1;7;0;2;1;1;1;
202300019006;155 646 876;B01;2;7;0;2;4;2;1;
202300019006;155 646 878;A01;2;7;0;2;1;2;1;
202300019006;155 646 879;C01;2;7;4;0;4;1;1;
202300019007;155 646 873;C01;2;10;0;2;4;2;1;
202300019007;155 646 874;B01;2;10;4;2;4;2;2;
202300019007;155 646 877;A01;1;10;0;2;1;1;1;
202300019008;155 646 872;A01;2;7;0;0;9;1;1;
202300019009;155 646 875;A01;2;7;0;1;3;15;1;
202300019010;155 646 870;B01;1;14;0;2;1;1;-1;
202300019010;155 646 871;A01;1;7;4;0;4;1;1;
202300019011;155 646 868;B01;2;10;0;2;6;2;1;
202300019011;155 646 869;A01;2;33;3;2;1;2;1;
202300019012;155 646 866;A01;1;32;0;2;2;3;1;
202300019012;155 646 867;B01;1;10;0;2;6;11;1;
202300019013;155 646 864;B01;1;7;10;0;6;23;1;
202300019013;155 646 865;A01;1;15;1;0;2;2;1;
202300019014;155 646 862;A01;3;7;6;0;4;1;1;
202300019015;155 646 860;A01;1;7;0;2;1;1;1;
202300019015;155 646 861;C01;1;10;0;2;4;1;1;
202300019015;155 646 863;B01;1;7;0;2;4;1;2;
202300019016;155 646 856;A01;1;7;0;2;7;15;1;
202300019016;155 646 859;B01;2;33;0;2;1;17;1;
202300019017;155 646 855;B01;2;33;0;2;7;3;1;
202300019017;155 646 857;A01;2;10;0;2;3;13;1;
202300019018;155 646 854;A01;3;7;0;2;1;19;1;
202300019018;155 646 858;B01;3;7;0;2;1;1;1;
202300019019;155 646 852;A01;2;7;0;2;3;13;1;
202300019019;155 646 853;B01;1;33;0;2;3;1;1;
202300019020;155 646 851;A01;0;7;0;1;1;15;1;
202300019021;155 646 850;A01;2;10;13;0;2;1;1;
202300019022;155 646 848;A01;3;7;0;1;3;19;1;
202300019023;155 646 847;A01;2;7;0;0;8;19;1;
202300019023;155 646 849;B01;1;7;0;0;1;1;1;
202300019024;155 646 845;A01;0;10;0;1;4;4;1;
202300019025;155 646 844;B01;2;7;0;2;4;23;1;
202300019025;155 646 846;A01;2;7;0;2;1;2;1;
202300019026;155 646 842;A01;1;7;0;2;2;16;0;
202300019026;155 646 843;B01;2;32;0;2;7;1;0;
202300019027;155 646 840;B01;2;15;0;2;3;1;1;
202300019027;155 646 841;A01;1;7;0;2;1;11;1;
202300019028;155 646 839;A01;1;7;0;2;3;17;1;
202300019029;155 646 837;A01;2;7;0;2;4;13;1;
202300019029;155 646 838;B01;1;7;0;2;1;1;1;
202300019030;155 646 835;B01;1;33;0;2;1;1;1;
202300019030;155 646 836;A01;1;7;0;2;4;1;1;
202300019031;155 646 834;A01;1;7;13;0;3;0;1;
202300019032;155 646 831;A01;2;33;0;2;3;13;1;
202300019032;155 646 832;B01;1;7;0;2;3;1;1;
202300019033;155 646 830;B01;1;7;0;2;4;2;1;
202300019033;155 646 833;A01;1;7;0;2;1;2;1;
202300019034;155 646 827;A01;1;1;0;0;8;21;5;
202300019035;155 646 829;A01;0;7;0;1;2;1;1;
202300019036;155 646 826;A01;1;7;0;2;5;15;1;
202300019036;155 646 828;B01;2;2;0;2;1;1;1;
202300019037;155 646 824;A01;1;21;0;2;1;1;1;
202300019037;155 646 825;B01;2;2;0;2;1;1;1;
202300019038;155 646 823;A01;1;7;14;1;1;1;1;
202300019039;155 646 820;A01;1;2;0;2;1;2;1;
202300019039;155 646 821;B01;1;7;0;0;4;2;1;
202300019040;155 646 817;A01;1;7;0;2;8;1;1;
202300019040;155 646 819;B01;1;50;0;2;1;1;3;
202300019041;155 646 816;A01;1;33;13;0;1;1;1;
202300019042;155 646 814;A01;3;7;0;2;8;11;1;
202300019042;155 646 815;B01;-1;7;0;2;7;1;1;
202300019043;155 646 813;A01;1;7;13;0;9;1;1;
202300019044;155 646 811;A01;2;2;0;2;3;13;1;
202300019044;155 646 812;B01;1;10;0;2;8;1;1;
202300019045;155 646 806;B01;3;7;0;2;3;1;1;
202300019045;155 646 808;A01;3;10;0;2;1;13;1;
202300019046;155 646 805;A01;3;7;0;2;1;1;1;
202300019046;155 646 809;B01;3;7;0;0;8;19;1;
202300019047;155 646 803;A01;3;10;14;0;1;15;1;
202300019048;155 646 804;C01;1;7;0;2;3;12;1;
202300019048;155 646 807;A01;2;7;0;2;7;6;1;
202300019048;155 646 810;B01;1;7;0;2;1;1;1;
202300019049;155 646 801;A01;1;33;0;2;2;17;1;
202300019049;155 646 802;B01;1;13;0;2;6;17;0;
202300019050;155 646 799;A01;1;2;15;0;4;23;2;
202300019050;155 646 800;B01;1;10;0;2;1;2;1;
202300019051;155 646 797;A01;1;33;0;6;1;1;1;
202300019052;155 646 795;A01;3;7;0;1;0;1;1;
202300019053;155 646 790;A01;2;1;0;2;8;15;5;
202300019053;155 646 793;B01;1;7;0;2;1;1;1;
202300019054;155 646 791;A01;2;7;2;0;1;13;1;
202300019055;155 646 789;A01;1;7;0;2;1;3;1;
202300019055;155 646 792;B01;1;7;0;0;6;1;1;
202300019055;155 646 794;C01;1;7;0;2;5;1;1;
202300019055;155 646 796;D01;1;7;0;2;5;1;1;
202300019055;155 646 798;E01;1;7;0;2;7;1;1;
202300019056;155 646 785;B01;0;7;0;2;8;1;1;
202300019056;155 646 788;A01;1;7;0;2;1;9;1;
202300019057;155 646 784;B01;1;33;0;2;1;1;1;
202300019057;155 646 786;A01;1;7;0;2;5;19;1;
202300019058;155 646 783;A01;2;33;0;0;8;1;1;
202300019059;155 646 782;A01;3;2;0;0;8;1;1;
202300019060;155 646 780;A01;3;10;0;1;1;1;1;
202300019061;155 646 778;A01;1;7;0;0;3;2;0;
202300019061;155 646 779;B01;1;1;0;0;2;2;5;
202300019062;155 646 774;A01;0;7;0;2;1;9;1;
202300019062;155 646 777;B01;3;2;0;2;8;9;1;
202300019063;155 646 776;B01;2;7;0;2;4;2;0;
202300019063;155 646 781;A01;2;7;0;2;1;2;1;
202300019064;155 646 773;A01;2;7;0;2;8;15;1;
202300019064;155 646 775;B01;2;43;0;2;1;3;1;
202300019065;155 646 769;A01;3;7;0;2;3;15;1;
202300019065;155 646 772;B01;1;33;0;2;1;1;1;
202300019066;155 646 767;B01;2;7;0;2;1;0;1;
202300019066;155 646 770;A01;2;7;0;2;4;0;1;
202300019067;155 646 764;A01;1;7;0;2;1;1;1;
202300019067;155 646 766;B01;1;32;0;2;4;1;1;
202300019068;155 646 761;Z01;2;7;0;2;0;11;1;
202300019068;155 646 762;A01;2;7;0;2;5;1;1;
202300019068;155 646 765;B01;2;10;0;2;3;1;1;
202300019069;155 646 759;A01;2;32;0;0;0;17;1;
202300019069;155 646 760;B01;1;7;0;9;1;15;1;
202300019070;155 646 756;A01;2;7;0;2;8;1;1;
202300019070;155 646 757;Z01;2;15;0;0;0;12;0;
202300019071;155 646 758;A01;1;17;0;1;1;1;1;
202300019071;155 646 763;B01;1;7;0;1;1;1;1;
202300019071;155 646 768;C01;1;33;0;1;8;1;1;
202300019071;155 646 771;D01;1;7;0;1;1;0;1;
202300019072;155 646 751;B01;1;17;0;2;0;1;1;
202300019072;155 646 753;A01;1;7;0;2;9;12;1;
202300019073;155 646 750;A01;3;7;0;1;1;0;2;
202300019074;155 646 747;B01;2;7;0;0;0;1;1;
202300019074;155 646 749;A01;2;31;0;0;0;1;1;
202300019075;155 646 745;B01;1;33;0;2;1;3;1;
202300019075;155 646 748;A01;2;7;0;2;3;15;1;
202300019076;155 646 743;A01;2;7;0;2;6;1;1;
202300019076;155 646 744;C01;1;7;0;2;1;1;1;
202300019076;155 646 746;B01;2;7;0;2;3;1;1;
202300019077;155 646 741;A01;1;17;0;2;1;2;1;
202300019077;155 646 742;B01;1;17;0;2;4;2;1;
202300019078;155 646 739;A01;0;7;0;1;3;1;2;
202300019079;155 646 736;A01;1;1;0;0;0;1;5;
202300019080;155 646 735;A01;1;10;0;2;7;0;1;
202300019080;155 646 737;B01;1;33;0;2;8;0;1;
202300019080;155 646 738;C01;1;10;0;2;8;0;1;
202300019081;155 646 734;A01;2;10;0;2;3;13;1;
202300019081;155 646 740;B01;1;33;0;2;1;1;1;
202300019082;155 646 732;A01;1;7;4;0;1;21;1;
202300019083;155 646 730;B01;1;7;0;2;4;23;1;
202300019083;155 646 731;A01;1;7;0;2;1;1;1;
202300019083;155 646 733;C01;1;7;0;2;4;23;2;
202300019084;155 646 726;A01;1;7;0;1;3;1;1;
202300019085;155 646 725;C01;2;7;0;2;4;1;1;
202300019085;155 646 727;A01;2;33;0;2;3;3;1;
202300019085;155 646 729;B01;2;7;0;2;2;12;2;
202300019086;155 646 728;A01;3;7;0;1;1;0;1;
202300019087;155 646 722;B01;1;1;0;2;1;1;5;
202300019087;155 646 724;A01;1;7;0;9;7;15;1;
202300019088;155 646 720;A01;2;7;0;2;1;2;1;
202300019088;155 646 721;B01;2;7;0;2;4;2;1;
202300019088;155 646 723;C01;2;10;0;2;4;2;1;
202300019089;155 646 718;B01;1;7;0;2;8;15;1;
202300019089;155 646 719;A01;1;30;0;2;1;17;1;
202300019090;155 646 712;A01;1;33;0;2;1;3;1;
202300019090;155 646 715;C01;1;7;0;2;6;1;1;
202300019090;155 646 717;B01;1;10;0;2;5;1;1;
202300019091;155 646 711;A01;2;7;0;2;2;15;1;
202300019091;155 646 713;B01;1;7;0;2;1;1;1;
202300019092;155 646 714;A01;1;33;6;2;7;17;1;
202300019092;155 646 716;B01;1;10;0;2;8;1;1;
202300019093;155 646 707;A01;1;7;0;2;4;21;1;
202300019093;155 646 709;B01;1;10;0;2;1;1;3;
202300019093;155 646 710;C01;1;7;0;2;1;1;1;
202300019094;155 646 706;Z01;1;7;0;2;1;2;1;