Num_Acc;id_vehicule;num_veh;senc;catv;obs;obsm;choc;manv;motor;occutc
202300019654;155 645 702;A01;1;7;13;0;3;13;1;
202300019655;155 645 701;A01;1;2;6;0;1;1;1;
202300019656;155 645 697;A01;1;2;0;2;1;9;1;
202300019656;155 645 699;B01;2;7;0;2;8;15;1;
202300019657;155 645 698;A01;1;7;0;2;1;13;1;
202300019657;155 645 700;B01;2;15;0;2;1;1;1;
202300019658;155 645 695;A01;2;1;0;2;1;1;5;
202300019658;155 645 696;B01;2;7;0;2;4;23;1;
202300019659;155 645 693;A01;1;10;0;2;8;14;1;
202300019659;155 645 694;B01;1;15;0;0;6;1;1;
202300019660;155 645 692;A01;1;2;11;0;1;6;1;
202300019661;155 645 691;A01;0;7;12;0;7;1;1;
202300019662;155 645 688;B01;3;33;0;2;1;17;1;
202300019662;155 645 690;A01;0;7;0;2;3;15;0;
202300019663;155 645 687;B01;2;31;0;2;7;3;1;
202300019663;155 645 689;A01;3;7;0;2;3;9;1;
202300019664;155 645 686;A01;2;33;0;0;8;15;0;
202300019665;155 645 684;A01;1;7;0;2;7;9;1;
202300019665;155 645 685;B01;1;7;0;2;1;1;1;
202300019666;155 645 683;A01;0;33;0;0;0;1;1;
202300019667;155 645 681;B01;1;33;0;2;4;1;1;
202300019667;155 645 682;A01;1;7;0;2;1;1;1;
202300019668;155 645 680;A01;3;33;13;0;0;1;1;
202300019669;155 645 677;A01;3;7;0;2;3;13;3;
202300019669;155 645 679;B01;3;7;0;2;6;1;6;
202300019670;155 645 676;A01;1;7;0;2;3;15;1;
202300019670;155 645 678;B01;2;2;0;2;1;1;1;
202300019671;155 645 674;B01;2;7;0;2;4;2;1;
202300019671;155 645 675;A01;2;10;0;2;1;2;1;
202300019672;155 645 673;A01;1;33;0;6;1;1;1;
202300019673;155 645 670;B01;3;7;0;2;3;1;1;
202300019673;155 645 672;A01;3;7;0;2;3;1;1;
202300019674;155 645 669;A01;1;7;0;2;2;2;1;
202300019674;155 645 671;B01;1;2;0;2;4;2;1;
202300019675;155 645 667;B01;3;2;0;2;1;1;1;
202300019675;155 645 668;A01;3;7;0;2;3;17;1;
202300019676;155 645 665;A01;3;7;0;2;3;15;1;
202300019676;155 645 666;B01;3;33;0;2;8;19;1;
202300019677;155 645 663;A01;2;33;1;0;8;17;1;
202300019678;155 645 661;A01;2;1;6;0;1;0;5;
202300019679;155 645 659;C01;1;7;0;2;6;1;1;
202300019679;155 645 660;B01;1;7;0;2;4;2;1;
202300019679;155 645 662;A01;1;7;0;2;1;1;1;
202300019679;155 645 664;D01;2;7;0;2;1;1;1;
202300019680;155 645 658;A01;1;1;6;0;0;21;5;
202300019681;155 645 657;A01;2;7;0;1;3;15;3;
202300019682;155 645 653;B01;1;10;0;2;4;2;1;
202300019682;155 645 654;A01;1;7;0;2;1;2;1;
202300019683;155 645 655;B01;2;1;0;2;1;23;5;
202300019683;155 645 656;A01;1;7;1;0;2;15;1;
202300019684;155 645 652;A01;1;7;15;0;3;13;1;
202300019685;155 645 650;A01;3;7;0;1;2;1;1;
202300019686;155 645 649;A01;1;7;0;2;1;2;2;
202300019686;155 645 651;B01;1;7;0;2;6;2;1;
202300019687;155 645 644;C01;1;7;0;2;5;2;1;
202300019687;155 645 646;A01;1;33;0;2;8;11;1;
202300019687;155 645 647;B01;1;31;0;2;7;2;1;
202300019688;155 645 643;A01;1;7;7;2;0;1;1;
202300019688;155 645 645;B01;1;1;0;2;4;1;5;
202300019688;155 645 648;C01;1;1;0;2;4;1;5;
202300019689;155 645 639;A01;1;33;0;2;1;17;1;
202300019689;155 645 641;B01;1;7;0;0;6;17;1;
202300019690;155 645 640;B01;1;33;0;2;7;1;1;
202300019690;155 645 642;A01;1;7;0;2;8;11;1;
202300019691;155 645 638;A01;1;33;13;0;2;1;1;
202300019692;155 645 636;A01;1;33;0;2;1;3;1;
202300019692;155 645 637;B01;1;7;0;2;6;11;1;
202300019693;155 645 634;A01;1;7;0;2;2;1;1;
202300019693;155 645 635;B01;2;2;0;2;1;1;1;
202300019694;155 645 630;A01;1;33;0;1;1;1;1;
202300019695;155 645 631;A01;1;7;0;2;1;9;1;
202300019695;155 645 632;B01;1;1;0;2;7;16;5;
202300019696;155 645 627;A01;2;7;0;2;1;1;1;
202300019696;155 645 629;B01;1;1;0;2;7;1;5;
202300019697;155 645 626;A01;1;2;0;2;2;17;1;
202300019697;155 645 628;B01;2;7;0;2;8;15;1;
202300019698;155 645 624;A01;1;34;0;1;1;1;1;
202300019699;155 645 621;A01;2;7;0;2;1;1;1;
202300019699;155 645 622;B01;2;10;0;2;1;1;1;
202300019699;155 645 623;C01;2;7;0;2;4;1;1;
202300019699;155 645 625;D01;1;7;0;2;4;0;1;
202300019700;155 645 618;A01;1;30;0;2;4;2;3;
202300019700;155 645 620;Z01;1;7;0;2;0;2;0;
202300019701;155 645 617;A01;1;7;0;2;5;23;1;
202300019701;155 645 619;Z01;1;7;0;2;1;2;1;
202300019702;155 645 615;A01;1;7;0;2;2;22;1;
202300019702;155 645 616;B01;1;31;1;0;1;1;3;
202300019703;155 645 612;A01;2;7;0;2;2;12;1;
202300019703;155 645 614;B01;2;7;0;2;6;1;1;
202300019704;155 645 611;A01;1;1;0;2;8;19;5;
202300019704;155 645 613;B01;1;7;0;2;1;2;3;
202300019705;155 645 609;A01;1;15;0;2;2;12;1;
202300019705;155 645 610;B01;1;7;0;2;6;1;1;
202300019706;155 645 608;A01;1;50;12;0;1;13;3;
202300019707;155 645 606;B01;1;7;0;2;1;1;1;
202300019707;155 645 607;A01;1;10;0;2;3;10;1;
202300019708;155 645 604;A01;1;7;0;2;2;15;1;
202300019708;155 645 605;B01;1;32;0;2;3;1;1;
202300019709;155 645 603;A01;1;7;4;0;1;2;1;
202300019710;155 645 600;B01;3;33;0;2;5;1;1;
202300019710;155 645 602;A01;3;7;0;2;3;10;1;
202300019711;155 645 599;B01;2;33;0;2;1;3;1;
202300019711;155 645 601;A01;2;7;0;2;6;11;1;
202300019712;155 645 596;A01;2;1;0;2;1;1;5;
202300019712;155 645 598;B01;2;7;0;2;4;23;3;
202300019713;155 645 597;A01;1;31;0;9;1;1;1;
202300019714;155 645 592;A01;1;7;0;2;2;2;1;
202300019714;155 645 593;B01;1;10;0;2;4;2;1;
202300019715;155 645 591;A01;1;10;14;0;4;2;1;
202300019715;155 645 594;B01;1;34;14;0;4;2;1;
202300019715;155 645 595;C01;1;10;3;0;1;2;1;
202300019716;155 645 590;A01;1;7;4;0;2;0;1;
202300019717;155 645 589;A01;1;30;8;0;1;1;1;
202300019718;155 645 587;A01;2;34;4;2;3;3;1;
202300019718;155 645 588;B01;2;7;4;2;2;12;1;
202300019719;155 645 586;A01;1;7;1;0;6;14;1;
202300019720;155 645 584;A01;1;30;0;2;8;25;1;
202300019720;155 645 585;B01;1;1;0;2;7;25;5;
202300019721;155 645 580;A01;1;7;0;2;1;2;3;
202300019721;155 645 581;B01;1;7;0;2;4;2;1;
202300019721;155 645 582;C01;1;33;0;2;4;1;1;
202300019721;155 645 583;D01;1;7;0;2;4;2;1;
202300019722;155 645 579;A01;1;7;0;1;0;0;0;
202300019723;155 645 578;A01;1;31;0;1;1;2;1;
202300019724;155 645 576;A01;0;32;8;0;2;2;1;
202300019725;155 645 575;A01;2;10;0;2;1;0;1;
202300019725;155 645 577;B01;2;7;0;2;4;0;1;
202300019726;155 645 574;A01;0;10;0;1;4;26;1;
202300019727;155 645 573;A01;2;7;3;0;1;0;1;
202300019728;155 645 570;A01;1;7;0;2;1;2;2;
202300019728;155 645 572;B01;1;15;0;2;4;0;0;
202300019729;155 645 571;A01;1;7;2;0;1;1;0;
202300019730;155 645 566;A01;2;7;7;0;1;19;0;
202300019730;155 645 568;B01;1;7;7;0;8;1;1;
202300019731;155 645 562;B01;2;21;0;2;1;1;1;
202300019731;155 645 563;A01;1;7;0;2;1;13;1;
202300019732;155 645 561;A01;1;10;0;2;1;1;1;
202300019732;155 645 564;B01;1;10;0;2;4;2;1;
202300019732;155 645 565;E01;1;7;0;2;4;1;1;
202300019732;155 645 567;D01;1;7;0;2;4;1;1;
202300019732;155 645 569;C01;1;7;0;2;4;2;1;
202300019733;155 645 560;A01;2;7;0;1;3;1;1;
202300019734;155 645 558;A01;1;10;0;2;7;12;1;
202300019734;155 645 559;B01;1;33;0;2;8;3;1;
202300019735;155 645 557;A01;1;7;2;0;2;1;1;
202300019736;155 645 554;A01;1;7;13;0;1;13;1;
202300019737;155 645 555;A01;1;7;0;2;1;2;1;
202300019737;155 645 556;B01;1;7;0;2;4;2;1;
202300019738;155 645 553;A01;1;7;13;0;2;14;1;
202300019739;155 645 551;B01;1;14;0;2;1;1;1;
202300019739;155 645 552;A01;1;7;0;2;8;11;1;
202300019740;155 645 549;A01;1;7;2;0;1;1;1;
202300019740;155 645 550;B01;2;33;0;2;8;19;1;
202300019741;155 645 547;A01;2;14;0;2;1;2;1;
202300019741;155 645 548;B01;2;7;0;2;4;2;1;
202300019742;155 645 545;B01;2;7;0;2;1;1;1;
202300019742;155 645 546;A01;1;10;0;2;1;13;1;
202300019743;155 645 542;A01;1;7;0;2;2;17;1;
202300019743;155 645 544;B01;1;7;0;2;6;1;1;
202300019744;155 645 543;A01;2;7;4;0;1;0;1;
202300019745;155 645 541;A01;1;7;2;0;8;1;1;
202300019746;155 645 539;A01;1;7;0;2;1;2;1;
202300019746;155 645 540;B01;1;7;0;2;4;0;1;
202300019747;155 645 538;A01;1;7;8;0;1;14;1;
202300019748;155 645 534;B01;1;30;0;2;4;1;1;
202300019748;155 645 536;A01;1;7;0;2;1;1;1;
202300019749;155 645 532;A01;2;15;0;2;7;12;1;
202300019749;155 645 533;C01;2;15;0;2;4;1;1;
202300019749;155 645 535;D01;2;15;0;2;1;1;1;
202300019749;155 645 537;B01;2;10;0;2;8;1;1;
202300019750;155 645 530;A01;1;15;0;2;4;2;1;
202300019750;155 645 531;B01;1;7;0;2;1;2;1;
202300019751;155 645 528;A01;1;10;0;2;6;1;1;
202300019751;155 645 529;B01;1;33;0;2;2;21;1;
202300019752;155 645 526;B01;3;7;0;2;8;0;0;
202300019752;155 645 527;A01;3;7;0;2;2;1;6;
202300019753;155 645 525;A01;1;7;17;0;1;14;-1;
202300019754;155 645 524;A01;0;7;0;1;3;20;1;
202300019755;155 645 523;A01;1;7;0;1;3;1;1;
202300019756;155 645 520;B01;3;2;0;2;1;15;1;
202300019756;155 645 522;A01;3;7;0;2;2;1;1;
202300019757;155 645 519;A01;2;7;12;2;1;1;1;
202300019757;155 645 521;B01;1;7;0;2;1;1;1;
202300019758;155 645 517;B01;2;7;8;2;8;1;1;
202300019758;155 645 518;A01;3;7;0;2;3;15;1;
202300019759;155 645 516;A01;2;7;0;0;7;1;1;
202300019760;155 645 515;A01;0;7;0;1;1;1;1;
202300019761;155 645 513;B01;2;33;8;2;0;1;1;
202300019761;155 645 514;A01;1;7;0;2;3;1;1;
202300019762;155 645 510;A01;1;2;0;1;1;1;1;
202300019763;155 645 509;A01;1;33;0;0;0;1;1;
202300019764;155 645 511;A01;2;7;0;2;2;1;1;
202300019764;155 645 512;B01;3;7;0;2;1;9;1;
202300019765;155 645 505;A01;1;7;2;0;9;1;1;
202300019766;155 645 506;B01;1;1;0;2;1;1;5;
202300019766;155 645 507;A01;1;10;0;2;2;16;1;
202300019767;155 645 504;A01;1;7;13;0;1;17;1;
202300019768;155 645 503;A01;2;33;0;0;8;1;1;
202300019769;155 645 500;A01;1;7;13;0;1;1;1;
202300019770;155 645 501;B01;1;50;0;2;1;1;3;
202300019770;155 645 502;A01;2;10;0;2;3;15;1;
202300019771;155 645 499;A01;1;7;3;0;9;2;1;
202300019772;155 645 497;A01;1;7;3;0;1;21;1;
202300019773;155 645 496;A01;2;10;0;2;3;15;1;
202300019773;155 645 498;B01;0;30;0;2;1;1;1;
202300019774;155 645 495;A01;3;14;0;1;3;15;1;
202300019775;155 645 490;B01;1;7;0;9;1;2;1;
202300019775;155 645 492;C01;2;10;0;9;4;2;1;
202300019775;155 645 494;A01;2;7;0;9;1;2;1;
202300019776;155 645 491;A01;1;33;0;2;1;17;1;
202300019776;155 645 493;B01;1;30;0;2;1;1;1;
202300019777;155 645 488;A01;1;7;0;0;0;1;1;
202300019778;155 645 489;A01;2;7;8;0;3;13;1;
202300019779;155 645 487;A01;2;7;6;0;2;0;1;
202300019780;155 645 485;A01;1;33;13;0;3;17;0;
202300019781;155 645 484;B01;1;30;0;2;1;1;1;
202300019781;155 645 486;A01;2;1;0;0;1;1;5;
202300019782;155 645 481;A01;2;2;0;2;1;13;1;
202300019782;155 645 483;B01;1;7;0;2;3;1;1;
202300019783;155 645 480;A01;2;13;0;2;1;1;0;
202300019783;155 645 482;B01;1;33;0;2;8;1;0;
202300019784;155 645 478;A01;2;7;0;2;1;5;0;
202300019784;155 645 479;B01;1;7;0;2;1;1;0;
202300019785;155 645 475;A01;1;7;0;0;0;22;1;
202300019785;155 645 476;B01;1;80;0;0;0;21;3;
202300019786;155 645 474;A01;1;7;0;2;1;1;1;
202300019786;155 645 477;B01;1;31;0;2;4;1;1;
202300019787;155 645 472;A01;1;7;8;0;1;0;1;
202300019788;155 645 471;A01;1;7;0;2;0;0;1;
202300019788;155 645 473;B01;2;7;0;2;0;0;2;
202300019789;155 645 470;A01;1;7;12;0;1;15;1;
202300019790;155 645 469;A01;3;7;0;1;5;4;1;
202300019791;155 645 468;Z01;2;7;12;1;3;5;1;
202300019792;155 645 465;B01;3;7;0;2;7;12;1;
202300019792;155 645 467;A01;3;7;0;2;8;1;1;
202300019793;155 645 461;B01;1;7;0;2;3;1;1;
202300019793;155 645 463;A01;1;1;0;2;7;19;5;
202300019794;155 645 460;B01;1;7;0;2;7;1;1;
202300019794;155 645 462;A01;1;7;0;2;3;9;1;
202300019795;155 645 457;A01;2;30;0;2;1;1;1;
202300019795;155 645 459;B01;3;7;0;2;3;1;1;
202300019796;155 645 456;A01;1;7;0;2;3;15;1;
202300019796;155 645 458;B01;1;7;0;2;2;1;1;
202300019797;155 645 454;A01;1;7;13;0;9;1;1;
202300019798;155 645 453;B01;2;33;0;2;1;1;1;
202300019798;155 645 455;A01;1;7;0;2;2;15;1;
202300019799;155 645 452;A01;2;2;8;0;8;26;1;
202300019800;155 645 450;B01;1;33;0;2;4;1;1;
202300019800;155 645 451;A01;1;7;0;2;1;1;1;
202300019801;155 645 446;A01;2;7;0;2;7;1;1;
202300019801;155 645 447;B01;2;30;0;2;8;1;1;
202300019802;155 645 445;A01;0;1;0;1;1;1;5;
202300019803;155 645 441;A01;3;1;0;2;1;1;5;
202300019803;155 645 443;B01;3;7;0;2;7;1;1;
202300019804;155 645 442;A01;3;7;0;2;1;19;1;
202300019804;155 645 444;B01;3;7;0;2;3;19;0;
202300019805;155 645 438;A01;3;50;0;2;0;15;3;
202300019805;155 645 440;B01;3;7;0;2;8;16;1;
202300019806;155 645 439;A01;3;0;0;1;0;26;0;
202300019807;155 645 436;A01;2;33;4;0;8;1;1;
202300019808;155 645 435;A01;3;7;0;2;1;16;1;
202300019808;155 645 437;B01;3;1;0;2;1;2;5;
202300019809;155 645 432;A01;1;7;0;2;3;13;1;
202300019809;155 645 434;B01;2;10;0;2;3;1;1;
202300019810;155 645 431;A01;3;7;0;2;8;15;1;
202300019810;155 645 433;B01;3;33;0;2;1;5;1;
202300019811;155 645 428;A01;3;33;0;2;7;17;1;
202300019811;155 645 430;B01;3;7;0;2;6;15;1;
202300019812;155 645 426;C01;1;7;0;2;1;23;1;
202300019812;155 645 427;A01;1;7;0;2;1;15;1;
202300019812;155 645 429;B01;2;1;0;2;1;1;5;
202300019813;155 645 424;A01;2;33;0;2;1;17;1;
202300019813;155 645 425;B01;2;7;0;2;8;10;1;
202300019814;155 645 423;A01;1;7;0;1;2;1;1;
202300019815;155 645 421;A01;1;30;12;0;0;1;1;
202300019816;155 645 420;A01;1;7;0;2;3;15;1;
202300019816;155 645 422;B01;2;33;0;2;1;1;1;
202300019817;155 645 418;B01;0;7;0;2;4;4;1;
202300019817;155 645 419;A01;0;32;0;2;9;1;1;
202300019818;155 645 416;A01;3;10;0;1;3;0;1;
202300019819;155 645 415;A01;1;7;0;2;2;12;1;
202300019819;155 645 417;B01;1;33;0;2;8;1;1;
202300019820;155 645 412;A01;1;33;0;2;1;0;1;
202300019820;155 645 413;B01;2;10;0;2;5;2;1;
202300019821;155 645 411;B01;3;7;0;2;6;1;1;
202300019821;155 645 414;A01;3;7;0;2;1;1;1;
202300019822;155 645 408;B01;3;42;0;9;1;1;1;
202300019822;155 645 410;A01;3;31;0;2;1;7;1;
202300019823;155 645 407;A01;2;7;0;2;3;13;1;
202300019823;155 645 409;B01;1;1;0;2;1;1;5;
202300019824;155 645 406;A01;1;2;14;0;1;26;1;
202300019825;155 645 404;A01;3;7;0;2;6;9;0;
202300019825;155 645 405;B01;3;33;0;2;2;1;1;
202300019826;155 645 402;B01;1;33;0;2;1;1;1;
202300019826;155 645 403;A01;1;7;0;2;5;10;1;
202300019827;155 645 401;A01;3;2;0;0;2;5;1;
202300019828;155 645 400;A01;1;33;6;0;3;13;1;
202300019829;155 645 397;B01;1;50;0;2;1;1;3;
202300019829;155 645 399;A01;1;7;0;2;2;1;1;
202300019830;155 645 396;B01;2;2;0;2;1;1;1;
202300019830;155 645 398;A01;1;7;0;2;2;15;1;
202300019831;155 645 395;A01;1;7;0;1;3;16;1;
202300019832;155 645 393;A01;1;33;0;2;8;3;1;
202300019832;155 645 394;Z01;1;7;0;2;7;12;0;
202300019833;155 645 392;A01;2;7;1;0;1;15;1;
202300019834;155 645 388;B01;2;7;0;2;1;1;1;
202300019834;155 645 390;A01;1;2;0;2;7;1;1;
202300019835;155 645 387;A01;2;7;0;2;1;2;1;
202300019835;155 645 389;B01;2;7;0;2;4;2;1;
202300019835;155 645 391;C01;2;7;0;2;4;2;1;
202300019836;155 645 384;A01;2;1;0;2;1;13;5;
202300019836;155 645 386;B01;1;80;0;2;1;1;3;
202300019837;155 645 383;A01;1;33;1;2;0;0;1;
202300019837;155 645 385;B01;3;7;0;2;1;0;1;
202300019838;155 645 381;A01;2;10;0;2;8;22;1;
202300019838;155 645 382;B01;2;1;0;2;1;1;5;
202300019839;155 645 378;A01;2;2;0;2;7;1;1;
202300019839;155 645 379;Z01;2;7;0;2;0;15;0;
202300019840;155 645 377;A01;2;50;0;2;1;9;3;
202300019840;155 645 380;B01;1;7;0;0;2;15;1;
202300019841;155 645 375;A01;1;50;0;1;1;1;3;
202300019842;155 645 376;F01;1;33;0;1;1;1;1;
202300019843;155 645 374;A01;3;2;0;0;1;16;1;
202300019844;155 645 372;A01;3;7;0;2;6;4;1;
202300019844;155 645 373;B01;3;33;0;2;1;1;1;
202300019845;155 645 370;A01;3;31;0;2;0;0;3;
202300019845;155 645 371;B01;3;7;0;2;0;0;1;
202300019846;155 645 368;A01;1;1;0;2;1;7;5;
202300019846;155 645 369;B01;1;10;0;2;4;23;3;
202300019847;155 645 365;A01;1;7;0;2;0;15;1;
202300019847;155 645 367;B01;1;31;0;2;0;15;1;
202300019848;155 645 363;A01;1;30;1;0;1;26;1;
202300019849;155 645 364;A01;1;80;0;2;7;1;3;
202300019849;155 645 366;B01;1;2;0;2;2;16;1;
202300019850;155 645 361;A01;1;7;0;2;1;2;1;
202300019850;155 645 362;B01;1;15;0;2;4;1;1;
202300019851;155 645 357;B01;0;32;0;2;1;1;1;
202300019851;155 645 358;A01;0;7;0;2;3;17;1;
202300019852;155 645 355;B01;1;1;0;2;1;1;5;
202300019852;155 645 356;A01;2;10;0;2;3;9;1;
202300019853;155 645 353;A01;2;10;0;2;1;1;1;
202300019853;155 645 354;B01;2;10;3;0;6;23;1;
202300019854;155 645 351;B01;3;7;0;2;1;1;1;
202300019854;155 645 352;A01;3;7;0;2;1;5;3;
202300019855;155 645 348;B01;2;10;0;2;3;1;1;
202300019855;155 645 350;A01;2;1;0;2;1;1;5;
202300019856;155 645 347;A01;1;7;0;2;3;1;1;
202300019856;155 645 349;B01;2;10;0;2;0;1;0;
202300019857;155 645 346;A01;1;50;13;0;1;1;3;
202300019858;155 645 344;A01;3;7;0;2;1;21;1;
202300019858;155 645 345;B01;1;1;0;2;7;1;5;
202300019859;155 645 342;A01;1;7;0;2;3;15;0;
202300019859;155 645 343;B01;1;34;0;2;2;17;0;
202300019860;155 645 340;A01;1;7;0;2;3;17;1;
202300019860;155 645 341;B01;2;33;0;2;8;15;1;
202300019861;155 645 339;A01;1;33;0;1;1;1;1;
202300019862;155 645 337;A01;3;7;6;0;1;14;1;
202300019863;155 645 336;B01;3;7;0;2;8;1;1;
202300019863;155 645 338;A01;3;7;0;2;1;1;1;
202300019864;155 645 334;A01;1;7;0;2;3;21;1;
202300019864;155 645 335;B01;1;1;0;2;1;1;5;
202300019865;155 645 332;A01;2;7;1;0;2;1;2;
202300019866;155 645 331;A01;1;10;0;2;3;1;1;
202300019866;155 645 333;B01;3;50;0;2;7;19;3;
202300019867;155 645 330;A01;0;7;13;0;1;1;1;
202300019868;155 645 328;A01;2;7;1;0;3;1;1;
202300019869;155 645 324;B01;3;31;0;2;2;2;0;
202300019869;155 645 326;A01;3;7;0;2;3;15;0;
202300019870;155 645 325;A01;2;7;0;2;9;21;0;
202300019871;155 645 320;A01;1;7;0;2;0;0;0;
202300019871;155 645 321;B01;1;7;0;0;4;23;0;
202300019871;155 645 323;C01;1;7;0;0;4;23;1;
202300019872;155 645 319;B01;1;7;1;2;2;16;1;
202300019872;155 645 322;A01;1;33;1;2;1;3;1;
202300019873;155 645 316;A01;0;34;0;2;1;2;1;
202300019873;155 645 318;B01;1;34;0;2;0;0;1;
202300019874;155 645 315;A01;1;7;0;2;3;9;1;
202300019874;155 645 317;B01;1;50;0;2;1;9;3;
202300019875;155 645 311;A01;3;10;0;2;2;15;1;
202300019875;155 645 313;B01;3;33;0;2;1;2;1;
202300019876;155 645 310;A01;1;17;0;2;1;1;1;
202300019876;155 645 312;B01;1;10;0;2;1;1;1;
202300019876;155 645 314;C01;1;7;0;2;0;0;1;
202300019877;155 645 307;A01;2;7;0;2;3;15;1;
202300019877;155 645 309;B01;2;33;0;2;1;17;1;
202300019878;155 645 306;A01;1;7;0;2;1;15;1;
202300019878;155 645 308;B01;2;50;0;2;0;0;3;
202300019879;155 645 303;A01;2;7;0;2;5;12;1;
202300019879;155 645 305;B01;2;10;0;2;1;1;1;
202300019880;155 645 302;A01;2;33;0;2;1;3;1;
202300019880;155 645 304;B01;2;10;0;2;5;2;1;
202300019881;155 645 299;A01;3;30;0;2;1;1;1;
202300019881;155 645 301;B01;2;7;0;2;1;1;1;
202300019882;155 645 298;B01;2;7;0;2;4;12;1;
202300019882;155 645 300;A01;2;33;0;2;1;3;1;
202300019883;155 645 296;A01;1;7;0;0;5;2;1;
202300019883;155 645 297;B01;1;33;0;2;3;2;1;
202300019884;155 645 293;A01;2;7;14;0;3;15;1;
202300019884;155 645 295;B01;1;33;14;0;8;1;1;
202300019885;155 645 294;A01;1;33;0;1;1;17;1;
202300019886;155 645 291;A01;1;7;0;2;1;2;1;
202300019886;155 645 292;B01;1;7;0;2;4;23;1;
202300019887;155 645 289;B01;1;7;0;2;1;1;1;
202300019887;155 645 290;A01;1;7;0;2;1;5;1;
202300019888;155 645 287;B01;1;34;0;2;8;1;0;
202300019888;155 645 288;A01;1;7;0;2;1;1;0;
202300019889;155 645 284;B01;1;31;0;2;4;2;1;
202300019889;155 645 285;A01;1;7;0;2;1;2;1;
202300019890;155 645 283;B01;2;33;0;2;1;1;1;
202300019890;155 645 286;A01;2;33;0;2;7;14;1;
202300019891;155 645 281;A01;1;10;0;2;8;22;1;
202300019891;155 645 282;B01;1;80;1;0;1;1;3;
202300019892;155 645 278;A01;3;10;0;2;1;1;1;
202300019892;155 645 279;B01;3;33;0;2;8;9;1;
202300019893;155 645 280;A01;1;7;3;0;3;1;1;
202300019894;155 645 276;A01;1;1;0;1;1;5;5;
202300019895;155 645 275;A01;2;10;0;2;0;1;3;
202300019895;155 645 277;B01;1;31;0;2;0;1;1;
202300019896;155 645 274;A01;2;33;0;0;2;1;1;
202300019897;155 645 272;A01;1;14;0;0;0;23;6;
202300019897;155 645 273;B01;1;1;0;0;0;17;5;
202300019898;155 645 271;A01;1;31;12;0;2;0;1;
202300019899;155 645 270;Z01;1;2;0;1;1;1;0;
202300019900;155 645 269;Z01;2;10;0;1;4;4;3;
202300019901;155 645 265;B01;2;33;0;2;1;3;1;
202300019901;155 645 267;A01;2;7;0;2;3;10;1;
202300019902;155 645 268;A01;1;7;2;0;8;0;6;
202300019903;155 645 264;A01;1;7;0;2;7;1;2;
202300019903;155 645 266;B01;1;32;0;2;8;18;1;
202300019904;155 645 262;B01;1;80;0;2;1;1;3;
202300019904;155 645 263;A01;1;10;0;2;5;14;1;
202300019905;155 645 259;A01;2;7;0;2;2;15;1;
202300019905;155 645 261;B01;1;7;0;2;3;1;1;
202300019906;155 645 258;A01;1;7;0;2;1;5;1;
202300019906;155 645 260;B01;2;7;0;2;1;1;1;
202300019907;155 645 253;A01;3;7;0;2;1;1;1;
202300019907;155 645 256;B01;3;7;0;2;8;1;1;
202300019908;155 645 255;A01;2;43;0;2;1;15;1;
202300019908;155 645 257;B01;1;7;0;2;3;15;1;
202300019909;155 645 249;B01;1;7;0;2;2;1;1;
202300019909;155 645 251;A01;1;50;0;2;3;3;3;
202300019910;155 645 248;A01;2;7;0;2;1;1;1;
202300019910;155 645 252;B01;2;7;0;2;4;1;1;
202300019910;155 645 254;C01;2;7;0;2;1;1;2;
202300019911;155 645 247;A01;2;7;0;2;3;1;1;
202300019911;155 645 250;B01;1;50;0;2;1;15;3;
202300019912;155 645 243;B01;3;33;0;2;1;1;0;
202300019912;155 645 246;A01;1;7;0;2;8;15;0;
202300019913;155 645 241;A01;2;10;0;9;2;22;1;
202300019913;155 645 245;B01;2;1;0;2;1;26;5;
202300019914;155 645 242;B01;1;50;0;2;1;1;3;
202300019914;155 645 244;A01;1;7;0;2;3;15;1;
202300019915;155 645 239;A01;0;43;0;2;1;17;1;
202300019915;155 645 240;B01;3;7;0;2;3;13;3;
202300019916;155 645 238;A01;2;0;9;0;1;1;0;
202300019917;155 645 237;A01;1;10;0;1;7;1;1;
202300019918;155 645 236;A01;2;30;0;1;1;1;3;
202300019919;155 645 233;B01;1;32;0;0;0;0;3;
202300019919;155 645 234;A01;2;7;8;9;0;13;1;
202300019920;155 645 230;A01;3;7;0;2;3;19;0;
202300019920;155 645 232;B01;3;32;0;2;1;1;0;
202300019921;155 645 231;B01;1;1;0;2;6;1;5;
202300019921;155 645 235;A01;2;7;0;2;1;15;1;
202300019922;155 645 228;A01;2;1;0;0;1;1;5;
202300019923;155 645 229;A01;1;7;2;0;2;1;1;
202300019924;155 645 226;A01;2;2;0;2;5;1;1;
202300019924;155 645 227;B01;2;7;0;2;5;15;1;
202300019925;155 645 225;A01;1;33;7;0;0;1;1;
202300019926;155 645 221;A01;1;7;0;2;1;19;1;
202300019926;155 645 224;B01;1;7;0;2;3;1;1;
202300019927;155 645 222;A01;2;7;0;1;1;15;3;
202300019928;155 645 220;A01;2;10;0;0;3;1;1;
202300019928;155 645 223;B01;1;17;0;9;3;1;1;
202300019929;155 645 217;A01;1;32;0;1;1;1;1;
202300019930;155 645 216;A01;1;10;0;2;3;13;1;
202300019930;155 645 219;B01;2;10;0;2;3;1;1;
202300019931;155 645 215;A01;2;31;0;2;1;1;1;
202300019931;155 645 218;B01;3;7;0;2;6;19;1;
202300019932;155 645 214;A01;2;7;6;0;1;26;1;