Num_Acc;id_vehicule;num_veh;senc;catv;obs;obsm;choc;manv;motor;occutc
202300019933;155 645 213;A01;0;33;0;0;9;15;1;
202300019934;155 645 211;A01;1;2;0;2;1;1;1;
202300019934;155 645 212;B01;1;7;0;2;4;23;1;
202300019935;155 645 206;A01;2;10;0;2;1;2;1;
202300019935;155 645 210;B01;2;17;0;0;4;2;1;
202300019936;155 645 208;A01;2;7;0;0;5;15;1;
202300019936;155 645 209;B01;2;33;0;2;1;2;1;
202300019937;155 645 207;A01;2;1;0;1;3;1;5;
202300019938;155 645 205;A01;2;7;4;0;1;1;1;
202300019939;155 645 203;A01;2;1;0;1;1;7;5;
202300019940;155 645 202;A01;3;7;0;2;3;16;1;
202300019940;155 645 204;B01;1;33;0;2;1;1;1;
202300019941;155 645 197;A01;1;33;0;2;1;23;1;
202300019941;155 645 200;B01;3;33;0;0;4;23;1;
202300019942;155 645 198;A01;2;1;0;2;1;1;5;
202300019942;155 645 201;B01;2;1;0;0;0;18;5;
202300019943;155 645 196;A01;1;7;0;2;1;1;1;
202300019943;155 645 199;B01;1;7;0;2;3;1;1;
202300019944;155 645 195;A01;1;33;13;0;1;0;1;
202300019945;155 645 194;A01;1;1;0;0;1;21;5;
202300019946;155 645 193;A01;2;2;0;1;1;1;1;
202300019947;155 645 190;A01;2;33;0;2;1;21;1;
202300019947;155 645 191;B01;2;7;0;0;6;2;1;
202300019947;155 645 192;C01;1;7;0;9;1;1;1;
202300019948;155 645 189;A01;1;1;8;0;1;21;5;
202300019949;155 645 186;A01;2;7;0;2;1;2;1;
202300019949;155 645 188;B01;2;7;0;2;4;1;1;
202300019950;155 645 185;A01;3;7;10;2;6;21;1;
202300019950;155 645 187;B01;3;31;0;2;3;1;1;
202300019951;155 645 184;A01;1;32;0;1;1;1;1;
202300019952;155 645 181;A01;1;34;0;2;2;17;1;
202300019952;155 645 183;B01;1;10;0;2;8;15;1;
202300019953;155 645 180;A01;2;7;0;2;3;15;1;
202300019953;155 645 182;B01;2;1;0;2;7;1;5;
202300019954;155 645 179;A01;3;7;0;1;3;1;1;
202300019955;155 645 177;A01;1;33;0;2;6;13;1;
202300019955;155 645 178;B01;2;7;0;2;3;1;1;
202300019956;155 645 176;Z01;1;13;0;1;0;1;0;
202300019957;155 645 174;A01;1;33;5;0;2;1;1;
202300019958;155 645 173;A01;2;7;0;2;1;1;1;
202300019958;155 645 175;B01;2;10;0;2;4;0;1;
202300019959;155 645 170;B01;3;7;0;2;1;1;2;
202300019959;155 645 172;A01;3;1;0;2;7;1;5;
202300019960;155 645 168;A01;2;50;0;2;1;0;3;
202300019960;155 645 171;B01;1;7;0;2;1;1;1;
202300019961;155 645 167;A01;2;7;0;2;2;15;1;
202300019961;155 645 169;B01;1;33;0;2;1;1;1;
202300019962;155 645 165;A01;1;7;0;1;2;1;1;
202300019963;155 645 164;A01;2;7;0;2;3;15;1;
202300019963;155 645 166;B01;2;32;0;2;1;17;1;
202300019964;155 645 162;B01;0;7;0;2;4;2;0;
202300019964;155 645 163;A01;0;7;0;2;1;0;0;
202300019965;155 645 158;B01;2;7;0;2;1;1;1;
202300019965;155 645 160;A01;1;7;3;2;1;13;1;
202300019965;155 645 161;C01;2;7;0;2;3;21;1;
202300019966;155 645 156;A01;1;7;0;2;2;22;3;
202300019966;155 645 159;B01;2;1;0;2;2;1;5;
202300019967;155 645 155;A01;1;10;0;2;3;15;0;
202300019967;155 645 157;B01;1;31;0;2;1;17;0;
202300019968;155 645 152;A01;2;7;0;2;3;10;0;
202300019968;155 645 154;B01;2;33;0;0;1;17;1;
202300019969;155 645 151;A01;1;7;0;1;1;1;6;
202300019970;155 645 150;A01;2;33;0;2;3;16;1;
202300019970;155 645 153;Z01;2;7;0;2;0;1;1;
202300019971;155 645 148;B01;2;7;0;2;4;1;1;
202300019971;155 645 149;A01;2;33;0;2;1;1;1;
202300019972;155 645 146;A01;1;40;0;2;1;1;3;
202300019972;155 645 147;B01;0;50;0;4;3;19;3;
202300019973;155 645 145;A01;2;1;0;1;1;1;5;
202300019974;155 645 142;A01;2;7;0;2;1;15;1;
202300019974;155 645 144;B01;1;7;8;2;1;1;1;
202300019975;155 645 141;B01;2;10;0;2;1;2;1;
202300019975;155 645 143;A01;2;7;0;2;4;2;1;
202300019976;155 645 138;A01;2;10;13;0;1;0;1;
202300019977;155 645 139;A01;1;10;0;2;1;1;1;
202300019977;155 645 140;B01;1;7;0;2;4;1;1;
202300019978;155 645 137;A01;3;10;0;1;4;4;0;
202300019979;155 645 133;A01;3;32;0;2;8;2;1;
202300019979;155 645 135;B01;3;7;0;2;4;2;0;
202300019980;155 645 132;A01;2;7;0;2;1;1;1;
202300019980;155 645 136;B01;2;7;7;0;8;19;1;
202300019981;155 645 131;A01;1;30;0;2;1;1;1;
202300019981;155 645 134;B01;1;7;0;2;8;1;1;
202300019982;155 645 130;A01;1;1;0;0;1;21;5;
202300019983;155 645 127;A01;1;7;0;2;2;17;1;
202300019983;155 645 129;B01;1;1;0;2;8;1;5;
202300019984;155 645 126;A01;2;34;0;2;2;16;0;
202300019984;155 645 128;B01;2;7;0;9;6;16;0;
202300019985;155 645 125;A01;1;10;0;1;2;1;1;
202300019986;155 645 121;B01;2;43;0;2;2;1;1;
202300019986;155 645 123;A01;3;31;0;2;8;15;1;
202300019987;155 645 120;A01;3;7;0;2;1;1;1;
202300019987;155 645 124;B01;3;7;0;2;1;15;1;
202300019988;155 645 119;A01;2;10;0;2;3;2;1;
202300019988;155 645 122;B01;2;34;0;2;4;23;1;
202300019989;155 645 116;A01;1;7;0;1;1;0;0;
202300019990;155 645 114;A01;2;32;0;2;7;1;1;
202300019990;155 645 117;B01;2;10;0;2;8;20;1;
202300019991;155 645 113;A01;1;7;0;2;3;15;1;
202300019991;155 645 115;B01;1;7;0;2;3;1;1;
202300019991;155 645 118;C01;2;33;0;2;1;1;1;
202300019992;155 645 106;A01;1;33;3;2;9;1;1;
202300019992;155 645 109;B01;2;7;0;0;3;1;1;
202300019993;155 645 108;A01;1;33;1;0;2;19;0;
202300019993;155 645 110;C01;1;7;9;0;2;19;0;
202300019993;155 645 112;B01;1;7;14;0;0;0;0;
202300019994;155 645 107;A01;1;10;0;2;5;16;1;
202300019994;155 645 111;B01;1;50;0;2;1;1;3;
202300019995;155 645 102;A01;1;7;0;2;3;17;1;
202300019995;155 645 104;B01;2;1;0;2;1;1;5;
202300019996;155 645 101;A01;1;7;0;2;3;1;1;
202300019996;155 645 105;B01;2;7;0;2;3;1;1;
202300019997;155 645 100;B01;1;7;0;2;6;1;2;
202300019997;155 645 103;A01;1;32;0;2;1;1;1;
202300019998;155 645 099;A01;2;31;6;0;3;1;1;
202300019999;155 645 097;Y01;3;99;0;2;7;19;0;
202300019999;155 645 098;A01;3;1;0;1;1;1;5;
202300020000;155 645 094;A01;1;7;0;0;5;0;0;
202300020000;155 645 095;B01;1;33;0;2;1;1;1;
202300020001;155 645 093;B01;1;1;0;2;1;19;5;
202300020001;155 645 096;A01;2;10;0;2;7;16;1;
202300020002;155 645 092;A01;1;31;0;1;1;3;0;
202300020003;155 645 090;A01;1;1;0;2;3;9;5;
202300020003;155 645 091;B01;1;7;0;2;2;1;1;
202300020004;155 645 087;A01;2;7;13;0;0;0;1;
202300020005;155 645 088;A01;2;10;0;1;3;15;1;
202300020006;155 645 086;A01;3;30;0;2;1;1;1;
202300020006;155 645 089;B01;3;7;0;2;1;15;1;
202300020007;155 645 084;A01;0;7;0;1;1;1;0;
202300020008;155 645 083;A01;1;2;0;2;8;15;0;
202300020008;155 645 085;B01;1;7;0;2;7;17;0;
202300020009;155 645 080;A01;2;33;0;6;1;1;1;
202300020010;155 645 079;A01;3;37;1;0;2;2;4;1
202300020010;155 645 081;B01;3;7;0;2;5;2;2;
202300020011;155 645 077;A01;2;33;0;0;0;1;1;
202300020012;155 645 078;B01;1;2;0;2;0;0;1;
202300020012;155 645 082;A01;1;7;0;2;1;1;1;
202300020013;155 645 074;A01;1;7;0;0;9;0;1;
202300020014;155 645 075;A01;2;33;0;2;1;3;1;
202300020014;155 645 076;B01;2;1;0;2;4;12;5;
202300020015;155 645 072;A01;0;10;0;2;1;15;1;
202300020015;155 645 073;B01;0;50;0;2;1;1;3;
202300020016;155 645 069;A01;2;7;3;2;1;1;1;
202300020016;155 645 071;B01;2;7;0;0;4;1;1;
202300020017;155 645 068;A01;1;34;0;2;1;1;1;
202300020017;155 645 070;B01;1;7;0;2;4;15;1;
202300020018;155 645 066;B01;3;7;1;0;3;1;3;
202300020018;155 645 067;A01;3;7;0;2;1;0;1;
202300020019;155 645 061;A01;3;7;0;2;1;1;1;
202300020019;155 645 064;B01;3;7;0;2;8;1;1;
202300020020;155 645 063;A01;1;15;0;2;1;2;1;
202300020020;155 645 065;B01;1;7;0;0;4;1;1;
202300020021;155 645 062;A01;2;10;0;1;1;16;1;
202300020022;155 645 056;B01;1;7;3;0;4;23;1;
202300020022;155 645 059;A01;1;17;0;2;1;1;1;
202300020023;155 645 057;A01;1;7;0;2;3;15;1;
202300020023;155 645 060;B01;2;33;0;2;8;1;1;
202300020024;155 645 055;B01;2;1;0;2;1;1;5;
202300020024;155 645 058;A01;1;7;0;9;1;9;1;
202300020025;155 645 052;A01;1;33;0;2;1;1;1;
202300020025;155 645 053;B01;1;7;0;2;4;26;1;
202300020026;155 645 051;A01;1;10;0;2;1;1;1;
202300020026;155 645 054;B01;2;7;0;2;1;16;1;
202300020027;155 645 046;A01;1;7;0;2;6;23;1;
202300020027;155 645 048;C01;1;7;0;2;3;1;1;
202300020027;155 645 050;B01;1;32;0;2;1;17;1;
202300020028;155 645 044;A01;3;7;0;2;8;1;0;
202300020028;155 645 049;B01;2;10;0;2;1;19;1;
202300020029;155 645 045;A01;0;7;0;2;0;0;0;
202300020029;155 645 047;B01;1;50;0;2;0;0;3;
202300020030;155 645 040;A01;1;7;0;2;2;1;1;
202300020030;155 645 043;B01;1;7;0;2;3;9;1;
202300020031;155 645 038;A01;2;7;0;2;3;13;1;
202300020031;155 645 042;B01;1;7;0;2;3;1;1;
202300020032;155 645 036;B01;2;7;0;2;1;1;1;
202300020032;155 645 039;C01;1;10;0;2;1;0;1;
202300020032;155 645 041;A01;2;7;0;2;1;1;1;
202300020033;155 645 035;B01;1;1;0;0;4;11;5;
202300020033;155 645 037;A01;1;7;0;2;2;9;1;
202300020034;155 645 033;A01;2;33;0;0;6;21;1;
202300020034;155 645 034;B01;2;7;0;2;3;15;1;
202300020035;155 645 030;A01;1;7;0;2;3;2;1;
202300020035;155 645 032;B01;1;7;6;2;5;15;1;
202300020036;155 645 029;A01;2;7;0;2;1;2;1;
202300020036;155 645 031;B01;1;50;0;2;8;19;3;
202300020037;155 645 028;A01;2;31;0;0;7;19;1;
202300020038;155 645 026;A01;2;7;0;2;3;9;1;
202300020038;155 645 027;B01;1;2;0;2;1;6;1;
202300020039;155 645 025;A01;1;7;0;1;1;1;1;
202300020040;155 645 022;B01;2;7;0;2;5;17;1;
202300020040;155 645 024;A01;2;33;0;2;1;18;1;
202300020041;155 645 021;B01;1;7;0;2;3;15;1;
202300020041;155 645 023;A01;2;33;0;2;1;17;1;
202300020042;155 645 020;A01;2;7;0;0;1;0;1;
202300020043;155 645 015;A01;2;10;4;2;3;11;1;
202300020043;155 645 018;B01;1;2;0;2;1;1;3;
202300020044;155 645 013;A01;1;33;0;2;9;26;1;
202300020044;155 645 014;B01;2;99;0;2;3;1;1;
202300020045;155 645 012;A01;3;7;0;1;1;23;1;
202300020046;155 645 010;B01;2;15;0;2;1;2;1;
202300020046;155 645 011;A01;2;10;0;0;4;19;1;
202300020047;155 645 007;A01;1;32;0;2;1;13;1;
202300020047;155 645 008;B01;2;10;0;2;3;1;1;
202300020048;155 645 005;B01;1;10;0;2;2;1;1;
202300020048;155 645 006;A01;2;7;0;2;3;15;1;
202300020049;155 645 009;A01;1;2;0;0;0;1;1;
202300020050;155 645 003;A01;2;33;4;0;1;0;1;
202300020051;155 645 002;A01;2;10;0;1;3;15;1;
202300020052;155 645 001;A01;1;10;0;2;3;13;1;
202300020052;155 645 004;B01;2;13;0;2;3;1;1;
202300020053;155 644 998;A01;1;15;0;2;2;2;0;
202300020053;155 645 000;B01;1;1;0;2;3;2;5;
202300020054;155 644 997;B01;2;30;0;2;5;1;0;
202300020054;155 644 999;A01;1;7;0;2;3;15;1;
202300020055;155 644 995;A01;1;10;0;2;1;1;1;
202300020055;155 644 996;B01;1;7;0;0;4;1;1;
202300020056;155 644 991;A01;1;7;0;2;3;1;1;
202300020056;155 644 994;B01;2;10;0;2;3;13;1;
202300020057;155 644 990;A01;1;7;0;2;2;25;2;
202300020057;155 644 993;B01;0;2;0;2;0;0;0;
202300020058;155 644 989;A01;1;7;0;2;1;15;1;
202300020058;155 644 992;B01;2;7;0;2;1;1;1;
202300020059;155 644 984;A01;2;7;0;2;3;15;1;
202300020059;155 644 988;B01;1;33;0;2;7;21;1;
202300020060;155 644 985;A01;1;7;1;2;2;1;0;
202300020060;155 644 987;B01;2;33;1;2;1;5;0;
202300020061;155 644 983;A01;2;7;0;2;1;17;1;
202300020061;155 644 986;B01;2;7;0;0;8;15;1;
202300020062;155 644 982;A01;1;7;0;1;1;1;1;
202300020063;155 644 980;B01;3;1;0;2;8;16;5;
202300020063;155 644 981;A01;0;7;0;0;0;0;3;
202300020064;155 644 977;A01;0;7;0;9;2;1;1;
202300020064;155 644 979;B01;0;1;0;2;4;1;5;
202300020065;155 644 976;C01;1;7;1;1;4;23;1;
202300020065;155 644 978;A01;1;14;1;0;2;1;1;
202300020066;155 644 975;A01;2;7;0;1;1;1;0;
202300020067;155 644 974;A01;1;7;13;0;0;1;1;
202300020068;155 644 973;A01;1;7;1;0;1;13;1;
202300020069;155 644 970;A01;3;30;0;2;8;16;1;
202300020069;155 644 972;B01;3;7;0;2;1;0;1;
202300020070;155 644 969;B01;2;7;0;2;1;1;1;
202300020070;155 644 971;A01;3;7;0;2;8;1;1;
202300020071;155 644 966;A01;1;33;0;2;1;17;1;
202300020072;155 644 965;A01;2;7;0;2;1;2;1;
202300020072;155 644 967;B01;2;7;0;2;4;2;1;
202300020072;155 644 968;C01;2;7;0;2;4;2;1;
202300020073;155 644 963;B01;1;7;0;2;1;1;1;
202300020073;155 644 964;A01;2;7;0;2;1;9;1;
202300020074;155 644 960;A01;1;7;0;2;3;11;1;
202300020074;155 644 961;B01;1;7;0;2;5;12;1;
202300020075;155 644 959;A01;3;7;0;2;2;15;1;
202300020075;155 644 962;B01;3;30;0;2;1;1;1;
202300020076;155 644 955;A01;3;30;0;2;1;1;2;
202300020076;155 644 958;B01;3;7;0;2;3;15;1;
202300020077;155 644 954;A01;1;7;3;2;2;18;1;
202300020077;155 644 957;B01;1;7;3;2;5;1;1;
202300020078;155 644 953;B01;1;7;0;2;3;19;1;
202300020078;155 644 956;A01;1;30;0;2;2;19;1;
202300020079;155 644 949;B01;1;7;0;2;8;13;1;
202300020079;155 644 952;A01;2;7;0;2;8;13;1;
202300020080;155 644 947;A01;2;7;0;2;7;12;1;
202300020080;155 644 950;B01;2;33;0;2;8;3;1;
202300020080;155 644 951;C01;2;10;0;2;7;1;1;
202300020081;155 644 946;A01;1;30;0;2;2;17;1;
202300020081;155 644 948;B01;1;7;0;2;3;1;1;
202300020082;155 644 940;C01;1;7;0;2;4;1;1;
202300020082;155 644 942;A01;1;7;0;2;1;1;1;
202300020082;155 644 944;B01;1;7;0;2;4;1;1;
202300020083;155 644 939;A01;1;2;0;2;1;17;1;
202300020083;155 644 943;B01;2;7;0;2;3;1;1;
202300020084;155 644 938;A01;1;7;0;2;3;13;1;
202300020084;155 644 941;B01;2;7;0;2;3;1;1;
202300020085;155 644 935;A01;2;33;0;2;1;18;1;
202300020085;155 644 936;B01;2;7;0;2;1;1;1;
202300020086;155 644 934;A01;1;7;0;1;1;16;1;
202300020087;155 644 932;A01;3;7;2;0;1;1;0;
202300020088;155 644 931;A01;1;33;12;2;1;1;1;
202300020088;155 644 933;B01;2;10;0;2;2;1;1;
202300020089;155 644 930;A01;0;7;0;1;0;26;1;
202300020090;155 644 926;A01;1;7;0;2;3;13;1;
202300020090;155 644 928;B01;2;7;6;2;3;1;1;
202300020091;155 644 923;A01;2;7;0;1;1;1;1;
202300020092;155 644 922;A01;2;2;0;2;3;15;1;
202300020092;155 644 924;B01;1;7;0;2;2;1;1;
202300020093;155 644 920;A01;3;7;0;2;0;9;0;
202300020094;155 644 919;A01;1;2;0;2;1;2;0;
202300020094;155 644 921;B01;1;7;0;2;4;2;0;
202300020095;155 644 916;A01;2;7;6;2;2;17;1;
202300020095;155 644 918;B01;1;7;0;2;2;1;1;
202300020096;155 644 914;A01;0;3;0;2;1;26;1;
202300020096;155 644 917;B01;0;3;0;2;1;26;1;
202300020097;155 644 913;A01;2;7;13;2;7;12;1;
202300020097;155 644 915;B01;2;7;0;2;5;1;1;
202300020098;155 644 911;A01;1;7;0;1;1;16;3;
202300020099;155 644 909;A01;1;7;0;2;1;15;2;
202300020099;155 644 912;B01;2;7;0;2;1;1;1;
202300020100;155 644 908;A01;1;7;0;2;1;0;1;
202300020100;155 644 910;B01;2;7;0;2;1;0;1;
202300020101;155 644 907;A01;2;50;0;1;1;1;3;
202300020102;155 644 905;A01;1;7;7;9;0;0;1;
202300020103;155 644 901;B01;2;7;0;2;7;1;1;
202300020103;155 644 903;A01;2;7;9;2;1;1;1;
202300020104;155 644 900;B01;1;7;0;2;9;21;1;
202300020104;155 644 904;C01;2;7;0;0;8;1;1;
202300020104;155 644 906;A01;2;7;0;2;1;19;1;
202300020105;155 644 899;B01;2;7;0;9;1;1;1;
202300020105;155 644 902;A01;1;1;0;2;1;1;5;
202300020106;155 644 897;A01;1;7;0;2;4;2;1;
202300020106;155 644 898;B01;1;7;0;0;4;2;1;
202300020107;155 644 895;A01;1;7;0;0;0;9;1;
202300020108;155 644 894;A01;1;7;0;2;1;13;1;
202300020108;155 644 896;B01;2;38;0;2;1;1;1;2
202300020109;155 644 893;A01;1;7;0;1;2;26;1;
202300020110;155 644 892;A01;3;2;0;0;0;21;1;
202300020111;155 644 890;A01;2;7;0;2;3;15;1;
202300020111;155 644 891;B01;1;30;0;2;6;1;1;
202300020112;155 644 889;A01;1;7;13;0;2;1;1;
202300020113;155 644 888;A01;1;7;2;2;1;14;1;
202300020114;155 644 885;A01;2;7;0;0;5;15;1;
202300020114;155 644 887;B01;1;33;0;2;2;1;1;
202300020115;155 644 883;A01;1;7;0;2;3;15;1;
202300020115;155 644 886;B01;2;7;0;2;6;1;1;
202300020116;155 644 881;A01;3;2;0;0;1;0;1;
202300020117;155 644 877;B01;3;7;0;2;3;15;1;
202300020117;155 644 880;A01;2;7;0;2;1;1;1;
202300020118;155 644 876;A01;1;7;13;0;3;13;1;
202300020119;155 644 874;A01;2;7;0;1;3;1;1;
202300020120;155 644 873;A01;2;7;0;0;2;1;1;
202300020121;155 644 872;B01;1;7;0;2;3;1;1;
202300020121;155 644 875;A01;1;34;0;2;1;1;1;
202300020122;155 644 871;A01;2;7;0;1;3;0;1;
202300020123;155 644 869;B01;1;7;0;2;3;1;1;
202300020123;155 644 870;A01;2;2;0;2;3;1;1;
202300020124;155 644 868;A01;2;10;0;1;1;26;1;
202300020125;155 644 866;A01;1;7;0;2;3;17;0;
202300020125;155 644 867;B01;2;7;0;2;6;1;0;
202300020126;155 644 863;A01;3;33;0;2;1;13;0;
202300020126;155 644 864;B01;3;33;0;2;1;2;0;
202300020127;155 644 865;A01;2;17;0;1;2;15;1;
202300020128;155 644 862;A01;3;7;6;9;3;1;1;
202300020129;155 644 860;B01;3;7;0;2;6;19;0;
202300020129;155 644 861;A01;0;7;0;2;1;15;1;
202300020130;155 644 854;A01;3;7;0;2;9;1;1;
202300020130;155 644 857;B01;3;7;0;2;4;1;1;
202300020131;155 644 855;B01;1;7;0;2;3;23;1;
202300020131;155 644 858;C01;2;21;0;2;3;1;1;
202300020131;155 644 859;A01;1;7;0;2;1;17;1;
202300020132;155 644 856;A01;1;7;1;0;3;1;0;
202300020133;155 644 852;A01;1;7;2;0;1;1;1;
202300020134;155 644 851;B01;1;33;0;2;5;16;1;
202300020134;155 644 853;A01;1;7;0;2;1;1;1;
202300020135;155 644 850;A01;1;7;0;1;3;1;1;
202300020136;155 644 849;A01;2;7;13;0;9;1;1;
202300020137;155 644 846;B01;2;34;0;2;2;1;1;
202300020137;155 644 848;A01;2;7;0;2;3;10;1;
202300020138;155 644 843;A01;3;7;0;2;3;21;1;
202300020138;155 644 845;B01;3;2;0;2;1;13;1;
202300020139;155 644 844;A01;1;31;0;0;8;1;1;
202300020140;155 644 841;A01;2;7;15;1;2;14;1;
202300020141;155 644 839;A01;3;2;0;0;1;5;1;
202300020141;155 644 842;B01;3;21;0;2;1;1;1;
202300020142;155 644 837;A01;1;7;9;0;1;1;1;
202300020143;155 644 838;A01;1;7;0;2;1;1;1;
202300020143;155 644 840;B01;1;7;0;2;4;2;1;
202300020144;155 644 836;A01;2;7;13;0;2;1;1;
202300020145;155 644 832;A01;0;7;0;2;2;1;1;
202300020145;155 644 834;B01;0;7;0;2;0;0;0;
202300020146;155 644 833;A01;2;7;0;2;1;15;1;
202300020146;155 644 835;B01;1;2;0;2;7;17;1;
202300020147;155 644 830;A01;2;7;0;2;3;15;0;
202300020147;155 644 831;B01;1;33;0;2;1;1;1;
202300020148;155 644 828;A01;2;7;0;0;9;1;1;
202300020149;155 644 827;A01;1;7;0;2;2;15;1;
202300020149;155 644 829;B01;2;33;0;2;1;1;1;
202300020150;155 644 825;B01;1;2;0;2;1;1;1;
202300020150;155 644 826;A01;1;7;0;0;0;15;1;
202300020151;155 644 823;B01;3;30;0;2;1;1;1;
202300020151;155 644 824;A01;3;7;0;2;2;15;1;
202300020152;155 644 822;A01;1;7;0;1;2;1;1;
202300020153;155 644 818;A01;1;7;0;2;3;10;1;
202300020153;155 644 820;B01;1;32;0;2;1;1;1;
202300020154;155 644 819;A01;2;7;0;2;1;1;1;
202300020154;155 644 821;B01;2;7;0;2;1;1;1;
202300020155;155 644 813;B01;0;13;0;2;8;1;1;
202300020155;155 644 815;A01;0;7;0;2;3;13;1;
202300020156;155 644 814;A01;2;7;0;2;2;19;2;
202300020156;155 644 817;B01;1;7;0;2;3;1;1;
202300020157;155 644 812;A01;1;7;0;2;3;15;1;
202300020157;155 644 816;B01;1;32;0;2;1;15;1;
202300020158;155 644 808;A01;0;7;0;0;4;1;1;
202300020158;155 644 811;B01;0;7;0;2;1;2;1;
202300020159;155 644 807;A01;3;30;0;2;1;17;1;
202300020159;155 644 810;B01;3;7;0;2;8;15;1;
202300020160;155 644 806;A01;1;1;0;2;8;15;5;
202300020160;155 644 809;B01;1;7;0;0;2;17;0;
202300020161;155 644 805;A01;1;15;4;0;1;1;1;
202300020162;155 644 803;A01;1;7;0;2;1;2;1;
202300020162;155 644 804;B01;1;43;0;2;4;23;1;
202300020163;155 644 800;A01;1;33;0;2;1;2;1;
202300020163;155 644 802;B01;1;10;0;0;4;2;1;
202300020164;155 644 799;A01;1;7;0;2;1;1;1;
202300020164;155 644 801;B01;2;7;0;2;1;17;1;
202300020165;155 644 798;A01;3;7;4;0;3;15;0;
202300020166;155 644 797;A01;2;7;0;1;3;2;1;
202300020167;155 644 794;A01;1;7;0;0;3;5;0;
202300020167;155 644 795;B01;2;7;0;0;3;1;0;
202300020168;155 644 793;B01;1;33;0;2;2;21;1;
202300020168;155 644 796;A01;3;7;0;2;6;9;1;
202300020169;155 644 791;A01;2;2;0;2;1;13;1;
202300020169;155 644 792;B01;1;38;0;2;3;0;1;1
202300020170;155 644 790;A01;2;7;13;0;3;1;1;
202300020171;155 644 789;A01;2;7;0;1;1;1;1;
202300020172;155 644 786;A01;2;3;0;2;1;2;1;
202300020172;155 644 788;B01;2;7;0;2;4;23;1;
202300020173;155 644 784;A01;1;17;0;0;4;2;1;
202300020173;155 644 787;B01;1;7;0;2;1;12;1;
202300020174;155 644 783;A01;1;10;0;2;3;1;1;
202300020174;155 644 785;B01;2;7;0;2;3;1;1;
202300020175;155 644 781;A01;2;2;0;2;1;2;1;
202300020175;155 644 782;B01;2;7;0;2;0;0;1;
202300020176;155 644 779;A01;1;7;0;1;1;16;1;
202300020177;155 644 776;A01;1;10;0;2;2;1;1;
202300020177;155 644 778;B01;1;1;0;2;6;2;5;
202300020178;155 644 777;A01;2;7;0;2;1;2;0;
202300020178;155 644 780;B01;2;31;0;0;4;23;1;
202300020179;155 644 772;A01;1;7;0;2;1;1;0;
202300020179;155 644 774;B01;2;7;0;2;2;15;1;
202300020180;155 644 770;A01;1;7;0;2;1;13;1;
202300020180;155 644 771;B01;2;7;0;2;1;1;1;
202300020181;155 644 769;A01;2;7;2;0;1;13;1;
202300020182;155 644 768;A01;1;31;12;0;1;1;1;
202300020183;155 644 764;A01;1;7;4;2;1;2;1;
202300020183;155 644 766;B01;1;7;0;0;6;2;2;
202300020184;155 644 763;A01;3;13;0;2;1;15;1;
202300020184;155 644 767;B01;3;7;0;2;7;1;1;
202300020185;155 644 762;A01;2;7;0;2;2;15;3;
202300020185;155 644 765;B01;2;32;0;2;1;1;1;
202300020186;155 644 761;A01;1;7;2;0;7;0;1;
202300020187;155 644 758;A01;1;7;0;2;1;1;1;
202300020187;155 644 760;B01;2;37;0;2;1;1;1;1
202300020188;155 644 757;A01;1;7;0;2;1;1;1;
202300020188;155 644 759;B01;1;3;0;0;4;23;1;
202300020189;155 644 755;A01;2;7;0;2;1;13;2;
202300020189;155 644 756;B01;1;33;0;2;1;1;1;
202300020190;155 644 750;A01;1;7;0;2;3;0;1;
202300020190;155 644 753;B01;2;7;0;2;1;0;1;
202300020191;155 644 752;B01;2;31;0;2;1;1;1;
202300020191;155 644 754;A01;1;7;0;2;1;19;1;
202300020192;155 644 751;A01;0;7;2;0;1;1;0;
202300020193;155 644 749;A01;3;7;0;0;9;1;1;
202300020194;155 644 745;A01;2;7;0;2;2;11;1;
202300020194;155 644 747;B01;2;7;0;2;6;1;1;
202300020195;155 644 746;B01;0;33;0;2;3;1;1;
202300020195;155 644 748;A01;0;7;0;2;3;13;1;
202300020196;155 644 742;A01;1;31;0;2;3;20;1;
202300020196;155 644 744;B01;2;1;0;2;1;1;5;
202300020197;155 644 740;A01;2;7;0;0;5;15;1;
202300020197;155 644 741;B01;1;33;0;2;1;1;1;
202300020198;155 644 738;A01;1;7;0;1;1;1;1;
202300020199;155 644 737;B01;2;43;0;2;8;1;1;
202300020199;155 644 739;A01;2;7;0;2;2;15;1;
202300020200;155 644 736;A01;2;7;3;0;3;2;1;
202300020201;155 644 734;A01;2;7;0;1;3;1;1;
202300020202;155 644 733;A01;2;7;0;2;6;9;1;
202300020202;155 644 735;B01;2;2;0;2;2;1;3;
202300020203;155 644 732;A01;1;7;9;0;1;13;1;
202300020204;155 644 728;B01;1;33;8;2;8;1;1;
202300020204;155 644 731;A01;1;7;0;2;3;19;1;
202300020205;155 644 727;A01;1;7;0;2;3;1;1;
202300020205;155 644 730;B01;2;13;0;2;2;1;1;
202300020206;155 644 726;A01;2;7;0;2;8;9;1;
202300020206;155 644 729;B01;1;7;0;2;1;1;1;
202300020207;155 644 723;A01;1;7;0;2;3;11;1;
202300020207;155 644 724;B01;1;33;0;2;7;2;1;
202300020208;155 644 722;A01;3;7;0;2;5;9;1;
202300020208;155 644 725;B01;2;43;0;2;1;1;1;
202300020209;155 644 720;A01;2;7;0;2;5;15;1;
202300020209;155 644 721;B01;1;33;0;2;1;1;1;
202300020210;155 644 718;A01;1;33;2;0;0;0;0;
202300020211;155 644 717;A01;2;7;0;2;3;1;2;