Num_Acc;id_vehicule;num_veh;senc;catv;obs;obsm;choc;manv;motor;occutc
202300020211;155 644 719;B01;2;31;0;2;2;1;1;
202300020212;155 644 711;A01;2;7;0;2;4;24;1;
202300020212;155 644 714;B01;2;7;0;2;1;2;1;
202300020212;155 644 715;C01;2;7;0;2;3;2;1;
202300020213;155 644 710;A01;2;7;0;2;5;1;1;
202300020213;155 644 713;B01;1;30;0;2;1;1;1;
202300020214;155 644 709;A01;1;7;0;2;3;6;1;
202300020214;155 644 712;B01;2;7;0;0;5;1;1;
202300020214;155 644 716;C01;2;7;0;2;1;1;1;
202300020215;155 644 706;A01;1;31;8;0;1;13;1;
202300020216;155 644 707;A01;2;7;0;0;9;1;1;
202300020217;155 644 705;B01;1;37;0;2;2;13;1;1
202300020217;155 644 708;A01;1;1;0;2;3;13;5;
202300020218;155 644 703;B01;2;15;0;2;3;1;1;
202300020218;155 644 704;A01;1;7;0;2;1;5;1;
202300020219;155 644 700;B01;2;50;12;2;1;1;3;
202300020219;155 644 702;A01;1;37;0;2;8;1;6;1
202300020220;155 644 699;A01;3;7;0;1;1;15;0;
202300020221;155 644 698;A01;2;10;0;2;4;4;1;
202300020221;155 644 701;B01;2;33;0;2;1;1;1;
202300020222;155 644 697;A01;1;7;2;0;1;1;0;
202300020223;155 644 693;A01;2;37;8;0;1;13;1;1
202300020224;155 644 692;B01;0;1;0;2;7;1;5;
202300020224;155 644 696;A01;0;7;0;9;1;9;0;
202300020225;155 644 694;A01;1;7;0;2;0;0;1;
202300020225;155 644 695;B01;1;33;0;2;0;0;1;
202300020226;155 644 688;B01;3;50;0;2;1;2;3;
202300020226;155 644 689;X01;0;7;0;2;4;0;0;
202300020227;155 644 687;A01;1;10;0;2;1;1;1;
202300020227;155 644 690;B01;1;10;3;2;7;1;1;
202300020228;155 644 685;A01;1;7;0;2;5;1;1;
202300020228;155 644 686;B01;1;33;0;2;1;21;1;
202300020229;155 644 684;A01;2;33;0;1;1;9;1;
202300020230;155 644 681;A01;1;7;0;2;1;13;1;
202300020230;155 644 683;B01;2;7;0;2;1;1;1;
202300020231;155 644 680;A01;1;33;0;0;1;0;1;
202300020231;155 644 682;B01;1;33;0;0;1;0;1;
202300020232;155 644 679;A01;2;7;1;1;2;1;1;
202300020233;155 644 678;A01;1;7;8;0;1;1;1;
202300020234;155 644 676;A01;1;33;0;2;7;21;1;
202300020234;155 644 677;B01;2;7;0;2;1;20;1;
202300020235;155 644 674;A01;1;33;0;0;8;1;1;
202300020236;155 644 673;A01;3;10;0;2;3;15;1;
202300020236;155 644 675;B01;3;34;0;2;2;17;1;
202300020237;155 644 672;A01;2;7;0;1;0;13;1;
202300020238;155 644 670;A01;2;7;0;1;1;1;1;
202300020239;155 644 668;A01;1;30;0;2;0;0;0;
202300020239;155 644 671;B01;1;7;0;2;3;9;0;
202300020240;155 644 667;B01;1;7;0;2;8;1;1;
202300020240;155 644 669;A01;1;10;0;2;2;12;1;
202300020241;155 644 665;A01;3;7;0;2;3;13;1;
202300020241;155 644 666;B01;3;33;0;2;1;0;1;
202300020242;155 644 664;A01;1;7;0;1;1;1;1;
202300020243;155 644 662;A01;2;7;14;0;1;1;1;
202300020244;155 644 659;A01;3;30;0;2;8;1;1;
202300020244;155 644 661;X01;3;7;0;2;2;16;1;
202300020245;155 644 655;B01;2;10;0;2;8;11;1;
202300020245;155 644 657;C01;2;7;0;2;4;1;1;
202300020245;155 644 658;A01;2;33;0;2;2;3;1;
202300020246;155 644 653;B01;2;7;0;2;4;23;1;
202300020246;155 644 656;A01;2;10;0;2;1;1;1;
202300020247;155 644 652;A01;3;34;0;2;1;3;1;
202300020247;155 644 654;B01;3;7;0;2;6;1;1;
202300020248;155 644 650;A01;2;7;0;2;1;2;1;
202300020248;155 644 651;B01;2;10;0;2;4;2;1;
202300020249;155 644 648;A01;2;7;0;2;1;1;1;
202300020249;155 644 649;B01;2;10;0;2;4;1;1;
202300020250;155 644 645;A01;1;30;0;2;1;0;1;
202300020250;155 644 647;B01;1;30;0;2;0;0;1;
202300020251;155 644 644;B01;1;7;0;2;4;1;1;
202300020251;155 644 646;A01;1;7;0;2;1;2;1;
202300020252;155 644 641;A01;2;31;4;2;7;2;1;
202300020253;155 644 640;A01;3;7;0;1;1;1;1;
202300020254;155 644 639;A01;2;13;0;2;1;1;1;
202300020254;155 644 642;B01;2;7;0;2;4;1;1;
202300020254;155 644 643;C01;2;7;0;2;6;1;1;
202300020255;155 644 633;A01;1;33;0;2;0;3;1;
202300020255;155 644 634;B01;1;7;0;2;0;12;1;
202300020256;155 644 632;C01;2;7;0;2;4;0;1;
202300020256;155 644 636;A01;2;7;0;2;1;2;1;
202300020256;155 644 637;B01;2;10;0;2;4;2;1;
202300020257;155 644 630;A01;2;7;13;2;1;13;1;
202300020257;155 644 631;B01;1;15;0;2;3;21;1;
202300020258;155 644 627;A01;2;33;0;2;1;1;1;
202300020258;155 644 629;B01;2;7;0;2;5;1;1;
202300020259;155 644 626;A01;1;7;0;2;7;11;1;
202300020259;155 644 628;B01;1;7;0;2;8;2;1;
202300020260;155 644 624;B01;2;15;0;0;6;2;1;
202300020260;155 644 625;A01;2;10;0;2;1;2;1;
202300020261;155 644 618;C01;1;7;0;2;4;2;1;
202300020261;155 644 620;A01;1;10;0;2;1;2;1;
202300020261;155 644 622;B01;1;10;0;2;4;2;1;
202300020262;155 644 617;A01;2;10;0;2;1;2;1;
202300020262;155 644 619;B01;2;7;0;2;4;23;1;
202300020262;155 644 623;C01;2;10;0;2;4;2;1;
202300020263;155 644 616;A01;1;7;3;2;1;2;1;
202300020263;155 644 621;B01;1;7;3;2;4;2;1;
202300020264;155 644 614;Z01;1;7;0;2;1;2;1;
202300020264;155 644 615;B01;1;7;0;2;4;2;1;
202300020265;155 644 609;A01;1;7;0;2;1;1;1;
202300020265;155 644 612;B01;1;7;0;2;5;1;0;
202300020265;155 644 613;C01;1;7;0;2;2;1;1;
202300020266;155 644 607;A01;2;33;0;2;3;3;1;
202300020266;155 644 610;B01;2;7;0;2;5;2;1;
202300020266;155 644 611;C01;2;15;0;2;3;2;1;
202300020267;155 644 606;A01;1;7;0;2;4;26;0;
202300020267;155 644 608;B01;1;7;0;2;1;2;1;
202300020268;155 644 603;A01;1;7;13;9;2;1;1;
202300020269;155 644 601;A01;2;33;0;2;8;3;1;
202300020269;155 644 604;B01;2;7;0;2;7;12;1;
202300020270;155 644 602;A01;1;34;0;2;3;3;1;
202300020270;155 644 605;B01;1;10;0;2;7;11;1;
202300020271;155 644 597;A01;2;7;0;9;8;9;0;
202300020271;155 644 600;B01;2;1;0;2;7;1;5;
202300020272;155 644 596;A01;2;7;0;2;4;2;3;
202300020272;155 644 599;B01;2;7;0;2;1;2;1;
202300020273;155 644 594;A01;1;7;0;2;1;12;1;
202300020273;155 644 595;B01;1;7;0;2;4;1;1;
202300020273;155 644 598;C01;1;7;0;2;6;1;1;
202300020274;155 644 592;A01;2;2;0;2;1;2;1;
202300020274;155 644 593;B01;2;7;0;2;5;0;1;
202300020275;155 644 588;A01;2;7;3;0;0;0;0;
202300020275;155 644 590;B01;2;99;0;0;5;2;0;
202300020275;155 644 591;C01;2;7;14;0;1;2;0;
202300020276;155 644 586;B01;2;17;4;2;2;1;1;
202300020276;155 644 589;A01;2;7;4;2;6;11;1;
202300020277;155 644 585;A01;3;2;0;2;1;2;1;
202300020277;155 644 587;B01;1;7;0;2;4;2;1;
202300020278;155 644 584;A01;1;7;13;0;3;26;1;
202300020279;155 644 580;C01;2;7;0;2;1;2;1;
202300020279;155 644 582;B01;2;7;0;2;1;2;1;
202300020279;155 644 583;A01;2;7;0;0;4;15;1;
202300020280;155 644 581;A01;2;99;4;0;0;14;1;
202300020281;155 644 579;A01;2;7;0;1;3;16;0;
202300020282;155 644 574;B01;2;50;0;2;1;1;3;
202300020282;155 644 578;A01;1;7;0;2;3;1;1;
202300020283;155 644 575;A01;2;7;0;2;3;0;1;
202300020283;155 644 577;Z01;2;7;0;2;2;0;0;
202300020284;155 644 572;A01;1;99;3;0;2;1;1;
202300020285;155 644 573;B01;3;7;0;0;7;15;1;
202300020285;155 644 576;A01;3;2;0;2;1;21;1;
202300020286;155 644 570;A01;2;7;0;2;4;21;1;
202300020286;155 644 571;B01;2;7;0;2;1;0;1;
202300020287;155 644 568;A01;1;7;0;2;1;2;1;
202300020288;155 644 564;A01;1;10;0;2;1;2;1;
202300020288;155 644 565;B01;1;7;0;2;4;0;1;
202300020289;155 644 563;A01;1;7;3;0;0;1;1;
202300020290;155 644 561;B01;3;7;0;2;1;2;1;
202300020290;155 644 562;A01;3;7;0;2;4;23;1;
202300020291;155 644 560;A01;1;7;8;0;1;2;1;
202300020292;155 644 558;A01;3;34;0;2;1;1;1;
202300020292;155 644 559;B01;3;7;0;2;7;1;1;
202300020293;155 644 556;B01;2;7;0;2;3;15;1;
202300020293;155 644 557;A01;1;34;0;2;3;1;1;
202300020294;155 644 552;B01;2;7;0;2;2;1;1;
202300020294;155 644 553;A01;2;7;0;2;6;20;1;
202300020295;155 644 551;B01;1;32;0;2;2;2;1;
202300020295;155 644 554;A01;1;10;0;2;6;4;0;
202300020296;155 644 549;A01;1;7;0;2;3;15;1;
202300020296;155 644 550;B01;1;33;0;2;2;1;1;
202300020297;155 644 547;B01;2;7;0;2;1;1;1;
202300020297;155 644 548;A01;1;7;0;2;5;15;1;
202300020298;155 644 546;A01;3;7;0;1;1;2;0;
202300020299;155 644 545;A01;1;37;1;1;1;1;2;1
202300020300;155 644 543;A01;3;14;2;0;1;1;1;
202300020301;155 644 540;B01;1;30;0;2;7;1;-1;
202300020301;155 644 542;A01;2;30;0;2;1;10;-1;
202300020302;155 644 537;A01;1;7;0;2;3;26;1;
202300020302;155 644 539;B01;1;7;0;2;1;1;1;
202300020302;155 644 541;C01;1;7;0;2;4;1;1;
202300020303;155 644 536;B01;1;7;0;2;1;2;1;
202300020303;155 644 538;A01;2;7;0;2;1;5;1;
202300020304;155 644 534;A01;1;3;0;2;1;9;1;
202300020304;155 644 535;B01;2;7;0;2;1;0;1;
202300020305;155 644 532;A01;2;7;2;0;1;0;1;
202300020306;155 644 533;A01;1;30;0;1;1;26;0;
202300020307;155 644 530;A01;2;7;6;0;1;1;0;
202300020308;155 644 529;A01;1;30;0;2;1;1;1;
202300020308;155 644 531;B01;1;7;0;2;5;1;1;
202300020309;155 644 528;A01;3;10;0;1;2;1;1;
202300020310;155 644 526;A01;1;7;0;2;2;1;0;
202300020310;155 644 527;B01;1;7;0;2;1;1;0;
202300020311;155 644 523;B01;1;7;1;0;3;24;-1;
202300020311;155 644 525;A01;1;7;1;0;2;14;1;
202300020312;155 644 524;A01;1;7;14;0;1;1;3;
202300020313;155 644 522;A01;1;7;0;0;2;1;1;
202300020314;155 644 519;A01;2;33;4;0;3;0;1;
202300020315;155 644 518;B01;1;7;0;0;4;23;1;
202300020315;155 644 521;A01;1;10;0;2;1;1;1;
202300020316;155 644 517;B01;1;7;6;2;1;1;1;
202300020316;155 644 520;A01;1;7;0;2;3;1;1;
202300020317;155 644 514;A01;1;7;0;2;3;1;1;
202300020317;155 644 515;Z01;2;20;0;2;7;17;1;
202300020318;155 644 513;B01;1;7;0;2;5;1;1;
202300020318;155 644 516;A01;1;10;0;2;3;10;1;
202300020319;155 644 512;A01;2;7;0;1;3;15;1;
202300020320;155 644 511;A01;2;10;0;1;3;1;1;
202300020321;155 644 509;A01;2;2;0;2;1;13;0;
202300020321;155 644 510;B01;1;14;0;2;8;1;0;
202300020322;155 644 506;A01;1;10;0;2;1;1;1;
202300020322;155 644 507;B01;2;7;0;2;1;15;1;
202300020323;155 644 505;A01;3;7;0;2;3;21;1;
202300020323;155 644 508;B01;3;7;0;2;2;1;3;
202300020324;155 644 503;A01;1;7;0;2;3;1;0;
202300020324;155 644 504;B01;2;7;0;2;3;13;0;
202300020325;155 644 501;B01;1;7;0;2;0;15;1;
202300020325;155 644 502;A01;1;33;0;2;1;15;1;
202300020326;155 644 498;A01;0;30;0;2;1;26;1;
202300020326;155 644 500;B01;3;7;0;2;5;26;1;
202300020327;155 644 497;A01;2;7;0;2;2;15;1;
202300020327;155 644 499;B01;2;32;0;2;1;1;1;
202300020328;155 644 493;A01;3;7;0;2;3;16;1;
202300020328;155 644 496;B01;3;1;0;2;1;1;5;
202300020329;155 644 491;A01;1;7;0;2;8;9;0;
202300020329;155 644 494;C01;1;15;0;2;3;1;0;
202300020329;155 644 495;B01;2;37;0;2;2;1;0;16
202300020330;155 644 492;A01;1;7;0;1;2;16;1;
202300020331;155 644 488;A01;1;7;16;0;0;1;1;
202300020332;155 644 489;B01;1;32;0;2;1;1;1;
202300020332;155 644 490;A01;2;7;0;2;2;15;1;
202300020333;155 644 487;A01;3;7;0;1;2;1;6;
202300020334;155 644 486;A01;1;2;0;0;0;0;0;
202300020335;155 644 484;A01;1;7;0;1;2;26;1;
202300020336;155 644 483;B01;1;7;0;2;3;24;3;
202300020336;155 644 485;A01;2;10;1;0;3;13;1;
202300020337;155 644 478;A01;1;7;2;0;1;1;1;
202300020338;155 644 479;B01;1;7;0;2;4;1;1;
202300020338;155 644 481;C01;1;7;0;2;4;1;1;
202300020338;155 644 482;A01;1;7;0;2;1;1;1;
202300020339;155 644 477;B01;1;7;0;2;7;1;2;
202300020339;155 644 480;A01;2;7;0;2;3;1;1;
202300020340;155 644 473;A01;1;7;0;2;6;11;1;
202300020340;155 644 475;B01;1;33;0;2;2;1;1;
202300020341;155 644 474;A01;2;10;0;2;1;15;1;
202300020341;155 644 476;B01;1;2;0;2;3;1;1;
202300020342;155 644 471;A01;3;7;0;2;3;14;1;
202300020342;155 644 472;B01;3;50;0;2;5;14;3;
202300020343;155 644 468;A01;2;7;0;2;1;2;1;
202300020343;155 644 470;B01;2;33;0;2;4;2;1;
202300020344;155 644 466;A01;2;7;0;1;1;1;1;
202300020345;155 644 467;B01;1;2;0;2;5;1;1;
202300020345;155 644 469;A01;2;7;0;2;2;9;1;
202300020346;155 644 464;A01;2;10;0;1;1;26;1;
202300020347;155 644 465;A01;3;50;0;0;0;1;3;
202300020348;155 644 463;A01;2;7;6;0;1;13;1;
202300020349;155 644 461;A01;2;2;1;0;2;13;1;
202300020350;155 644 459;A01;3;7;0;2;1;1;1;
202300020350;155 644 462;B01;2;10;0;2;8;1;1;
202300020351;155 644 458;B01;2;7;0;2;1;1;1;
202300020351;155 644 460;A01;1;7;0;2;1;15;1;
202300020352;155 644 455;B01;1;1;1;0;1;1;5;
202300020352;155 644 457;A01;1;7;0;2;8;22;1;
202300020353;155 644 453;A01;2;7;0;2;3;13;1;
202300020353;155 644 456;B01;1;10;0;2;3;1;1;
202300020354;155 644 452;B01;2;7;0;2;3;1;0;
202300020354;155 644 454;A01;1;7;0;2;3;5;2;
202300020355;155 644 450;B01;3;1;0;2;1;1;5;
202300020355;155 644 451;A01;3;7;0;2;3;13;1;
202300020356;155 644 449;A01;1;14;0;1;5;4;1;
202300020357;155 644 448;A01;3;7;0;9;7;14;1;
202300020358;155 644 446;B01;2;1;0;2;2;1;5;
202300020358;155 644 447;A01;1;7;0;2;1;1;1;
202300020359;155 644 443;A01;1;30;0;2;1;17;1;
202300020359;155 644 445;B01;1;7;0;2;3;15;1;
202300020360;155 644 442;B01;1;7;8;2;2;1;0;
202300020360;155 644 444;A01;1;7;0;2;1;1;0;
202300020361;155 644 440;A01;2;34;0;2;7;17;1;
202300020361;155 644 441;B01;0;7;0;0;0;10;1;
202300020362;155 644 437;A01;3;7;0;2;0;0;1;
202300020362;155 644 439;B01;3;50;0;2;0;1;3;
202300020363;155 644 435;A01;2;7;0;2;1;1;1;
202300020363;155 644 438;B01;1;7;0;2;1;5;1;
202300020364;155 644 433;A01;3;7;0;0;1;15;1;
202300020364;155 644 436;B01;1;31;0;2;8;1;1;
202300020365;155 644 431;A01;1;7;0;1;3;1;1;
202300020366;155 644 432;B01;3;31;0;2;1;1;1;
202300020366;155 644 434;A01;3;7;0;2;2;15;6;
202300020367;155 644 430;A01;1;36;8;0;3;25;1;
202300020368;155 644 427;A01;1;50;0;1;1;1;3;
202300020369;155 644 426;B01;1;31;0;2;1;1;1;
202300020369;155 644 428;A01;3;7;0;2;2;15;1;
202300020370;155 644 425;A01;2;20;0;2;1;17;1;
202300020370;155 644 429;B01;2;7;15;2;8;15;1;
202300020371;155 644 423;A01;0;7;0;1;1;1;1;
202300020372;155 644 422;A01;1;7;2;2;1;2;1;
202300020372;155 644 424;B01;3;7;0;2;4;2;1;
202300020373;155 644 418;A01;2;7;0;1;1;1;1;
202300020374;155 644 417;B01;2;33;0;2;8;2;1;
202300020374;155 644 419;A01;2;7;0;2;1;15;1;
202300020375;155 644 416;A01;3;10;0;2;3;1;1;
202300020375;155 644 420;B01;3;33;0;2;1;1;1;
202300020376;155 644 413;A01;1;2;0;2;0;1;1;
202300020376;155 644 415;B01;1;7;0;2;0;16;1;
202300020377;155 644 411;A01;3;7;0;2;3;19;1;
202300020377;155 644 414;B01;3;32;0;2;1;3;1;
202300020378;155 644 405;A01;3;7;0;2;2;1;1;
202300020378;155 644 408;B01;2;50;0;2;1;1;3;
202300020379;155 644 406;A01;3;10;0;1;1;15;0;
202300020380;155 644 407;B01;1;7;0;2;8;26;0;
202300020380;155 644 409;A01;2;32;0;2;1;1;1;
202300020381;155 644 403;B01;1;2;0;0;3;1;0;
202300020381;155 644 404;A01;1;7;0;2;2;17;1;
202300020382;155 644 401;A01;3;7;0;1;4;4;1;
202300020383;155 644 400;A01;2;7;2;0;1;13;1;
202300020384;155 644 399;B01;1;7;0;2;1;1;1;
202300020384;155 644 402;A01;3;7;0;2;1;19;1;
202300020385;155 644 398;A01;3;50;0;1;1;1;3;
202300020386;155 644 397;A01;1;7;2;0;9;1;1;
202300020387;155 644 396;A01;3;10;6;0;2;0;0;
202300020388;155 644 394;A01;3;33;15;0;1;26;1;
202300020389;155 644 393;A01;1;33;0;2;2;17;1;
202300020389;155 644 395;B01;1;7;0;2;3;15;1;
202300020390;155 644 391;A01;2;7;0;2;2;2;0;
202300020390;155 644 392;B01;0;1;0;2;8;26;5;
202300020391;155 644 390;A01;1;7;0;0;9;0;1;
202300020392;155 644 389;A01;0;7;0;1;0;2;0;
202300020393;155 644 387;A01;1;7;2;0;3;1;1;
202300020394;155 644 386;B01;1;33;0;2;1;1;1;
202300020394;155 644 388;A01;2;10;0;2;3;15;1;
202300020395;155 644 384;B01;0;7;0;2;3;1;1;
202300020395;155 644 385;A01;0;50;0;2;1;19;3;
202300020396;155 644 383;A01;3;7;0;1;3;15;1;
202300020397;155 644 380;B01;2;10;0;2;8;15;1;
202300020397;155 644 382;A01;2;10;0;2;2;17;1;
202300020398;155 644 378;B01;1;7;0;2;2;21;1;
202300020398;155 644 379;A01;1;36;0;2;3;25;1;
202300020399;155 644 377;A01;3;13;0;2;1;1;0;
202300020399;155 644 381;B01;3;7;0;2;1;15;2;
202300020400;155 644 376;A01;2;7;13;0;2;14;1;
202300020401;155 644 375;A01;2;7;2;0;1;13;1;
202300020402;155 644 373;A01;1;7;2;0;3;0;1;
202300020403;155 644 372;B01;3;60;0;2;8;25;5;
202300020403;155 644 374;A01;3;7;0;1;1;1;1;
202300020404;155 644 370;A01;1;7;6;0;1;1;1;
202300020405;155 644 369;A01;2;7;0;2;1;11;1;
202300020405;155 644 371;B01;1;14;0;2;1;1;1;
202300020406;155 644 366;B01;2;7;0;2;2;1;1;
202300020406;155 644 368;A01;2;50;0;2;8;10;3;
202300020407;155 644 364;A01;2;7;0;0;2;13;1;
202300020407;155 644 367;B01;1;7;0;2;2;14;1;
202300020408;155 644 365;A01;2;7;13;0;9;14;1;
202300020409;155 644 362;B01;0;1;0;4;0;0;5;
202300020409;155 644 363;A01;0;40;0;2;1;26;0;
202300020410;155 644 361;A01;3;7;0;1;3;13;0;
202300020411;155 644 360;A01;3;7;0;1;2;1;4;
202300020412;155 644 359;A01;1;7;0;1;3;1;2;
202300020413;155 644 357;A01;2;7;13;0;2;1;1;
202300020414;155 644 355;B01;1;7;0;2;9;1;1;
202300020414;155 644 356;A01;1;7;0;2;1;1;1;
202300020414;155 644 358;C01;1;7;0;2;4;1;1;
202300020415;155 644 354;A01;1;1;2;0;0;1;5;
202300020416;155 644 353;A01;2;33;12;0;1;1;1;
202300020417;155 644 352;A01;0;2;16;0;0;0;1;
202300020418;155 644 351;A01;1;38;17;0;1;14;1;4
202300020419;155 644 344;B01;0;7;0;2;1;2;0;
202300020419;155 644 347;C01;0;7;0;2;1;1;0;
202300020419;155 644 350;A01;0;7;0;2;3;26;1;
202300020420;155 644 343;C01;1;7;0;2;1;17;1;
202300020420;155 644 346;D01;1;10;0;2;1;17;1;
202300020420;155 644 348;A01;1;7;0;2;0;12;1;
202300020420;155 644 349;B01;1;7;0;2;1;17;1;
202300020421;155 644 342;A01;1;7;0;2;1;23;1;
202300020421;155 644 345;B01;1;7;0;2;6;26;1;
202300020422;155 644 339;A01;1;80;0;2;1;19;3;
202300020422;155 644 340;B01;1;7;0;2;3;16;3;
202300020423;155 644 338;A01;1;7;0;2;2;0;1;
202300020423;155 644 341;B01;1;7;0;0;6;0;1;
202300020424;155 644 333;B01;1;1;0;2;4;2;5;
202300020424;155 644 334;A01;1;10;0;2;2;2;1;
202300020425;155 644 332;B01;1;7;0;2;4;2;1;
202300020425;155 644 335;A01;1;7;0;2;1;2;1;
202300020426;155 644 331;A01;1;2;0;0;0;1;1;
202300020427;155 644 328;A01;1;17;0;2;1;2;1;
202300020427;155 644 330;B01;1;21;0;0;4;2;1;
202300020428;155 644 326;A01;1;30;0;2;4;1;1;
202300020428;155 644 329;B01;1;7;0;2;2;1;1;
202300020429;155 644 325;A01;1;33;0;2;1;13;1;
202300020429;155 644 327;B01;1;7;0;2;3;15;1;
202300020430;155 644 323;A01;3;99;0;1;3;26;6;
202300020431;155 644 322;B01;1;1;0;2;1;1;5;
202300020431;155 644 324;A01;1;1;14;2;1;1;5;
202300020432;155 644 319;A01;2;33;0;0;7;16;1;
202300020433;155 644 318;Z01;1;7;0;2;0;0;1;
202300020433;155 644 320;B01;1;7;0;2;4;1;1;
202300020434;155 644 317;A01;2;7;0;2;3;13;1;
202300020434;155 644 321;B01;1;10;0;2;8;1;1;
202300020435;155 644 315;A01;3;30;12;0;1;1;1;
202300020436;155 644 313;A01;1;7;0;2;1;13;1;
202300020436;155 644 316;B01;2;7;0;2;1;1;1;
202300020437;155 644 312;B01;2;7;12;2;1;1;1;
202300020437;155 644 314;A01;1;7;12;2;1;13;1;
202300020438;155 644 310;C01;2;7;0;2;4;1;1;
202300020438;155 644 311;B01;2;7;14;2;1;1;1;
202300020439;155 644 309;A01;3;21;0;1;5;4;1;
202300020440;155 644 308;A01;2;7;2;0;3;1;1;
202300020441;155 644 305;A01;1;7;0;2;3;15;1;
202300020441;155 644 307;B01;1;30;0;2;1;1;1;
202300020442;155 644 306;A01;2;80;0;0;1;1;3;
202300020443;155 644 304;A01;3;7;1;0;2;14;1;
202300020444;155 644 302;A01;1;7;0;1;1;26;1;
202300020445;155 644 298;A01;2;7;0;2;2;17;2;
202300020445;155 644 300;B01;2;7;6;0;5;11;1;
202300020446;155 644 299;C01;2;33;0;2;1;1;1;
202300020446;155 644 301;B01;1;10;0;2;4;23;1;
202300020446;155 644 303;A01;1;7;0;2;1;1;1;
202300020447;155 644 295;A01;2;2;13;0;7;1;1;
202300020448;155 644 296;A01;2;7;0;2;1;2;1;
202300020448;155 644 297;B01;2;7;0;2;4;1;1;
202300020449;155 644 293;A01;1;3;0;1;1;1;1;
202300020450;155 644 294;A01;1;7;6;0;1;1;1;
202300020451;155 644 291;A01;3;7;0;2;1;2;1;
202300020451;155 644 292;B01;3;7;0;2;4;2;1;
202300020452;155 644 284;C01;2;10;0;2;1;1;0;
202300020452;155 644 286;B01;1;7;0;2;1;1;0;
202300020452;155 644 287;A01;2;15;0;2;1;13;0;
202300020453;155 644 283;A01;1;3;0;2;3;5;1;
202300020453;155 644 285;B01;2;7;0;2;3;1;1;
202300020454;155 644 282;A01;2;33;0;0;9;9;1;
202300020455;155 644 279;B01;1;7;0;2;4;2;1;
202300020455;155 644 281;A01;1;10;0;2;1;2;1;
202300020456;155 644 277;B01;2;10;0;2;5;23;1;
202300020456;155 644 278;A01;2;14;1;1;2;13;1;
202300020456;155 644 280;C01;1;7;0;2;1;1;1;
202300020457;155 644 276;A01;1;7;0;1;1;1;1;
202300020458;155 644 275;A01;1;33;0;9;0;1;1;
202300020459;155 644 273;A01;1;10;7;0;1;2;1;
202300020460;155 644 272;B01;3;3;0;2;4;1;1;
202300020460;155 644 274;A01;3;0;0;2;1;0;0;
202300020461;155 644 271;A01;1;7;0;1;2;2;1;
202300020462;155 644 270;A01;2;33;1;0;3;1;1;
202300020463;155 644 267;A01;2;7;0;2;2;1;1;
202300020463;155 644 269;B01;2;1;0;2;4;15;5;
202300020464;155 644 266;B01;1;7;15;2;4;1;1;
202300020464;155 644 268;A01;1;7;0;2;1;2;1;
202300020465;155 644 264;A01;3;10;15;0;1;1;1;
202300020466;155 644 263;A01;3;50;0;2;2;1;3;
202300020466;155 644 265;B01;3;7;14;2;2;9;1;
202300020467;155 644 261;B01;1;7;0;2;3;2;0;
202300020467;155 644 262;A01;2;7;0;2;3;2;0;
202300020468;155 644 260;A01;1;7;0;1;2;1;1;
202300020469;155 644 256;B01;2;31;0;2;3;1;1;
202300020469;155 644 259;A01;1;7;0;2;2;10;1;
202300020470;155 644 254;A01;1;38;0;2;7;16;1;1
202300020470;155 644 257;B01;1;50;0;2;3;1;3;
202300020471;155 644 253;B01;1;50;0;2;6;1;3;
202300020471;155 644 255;A01;1;7;0;2;2;17;1;
202300020472;155 644 251;C01;3;7;0;2;1;26;0;
202300020472;155 644 252;B01;0;80;0;2;1;25;3;
202300020473;155 644 249;A01;3;7;0;2;3;16;1;
202300020473;155 644 250;B01;3;2;0;2;1;15;1;
202300020474;155 644 248;A01;3;7;0;1;1;26;0;
202300020475;155 644 246;A01;2;7;0;2;4;2;1;
202300020475;155 644 247;B01;2;7;0;2;1;2;1;
202300020476;155 644 245;A01;3;1;0;0;0;23;5;
202300020477;155 644 243;A01;1;7;13;0;2;1;1;
202300020478;155 644 242;A01;3;7;0;2;2;0;2;
202300020478;155 644 244;B01;3;1;0;2;0;0;5;
202300020479;155 644 241;A01;3;7;0;1;2;1;1;
202300020480;155 644 237;B01;1;15;0;2;2;1;1;
202300020480;155 644 238;A01;1;7;4;2;9;9;1;
202300020480;155 644 240;C01;1;15;0;2;2;1;1;
202300020481;155 644 239;A01;2;7;0;1;1;0;0;
202300020482;155 644 232;A01;1;10;0;2;2;16;1;
202300020482;155 644 235;B01;0;50;0;2;0;0;3;
202300020483;155 644 230;A01;1;7;0;2;1;2;1;
202300020483;155 644 231;D01;1;7;0;2;4;2;1;
202300020483;155 644 233;C01;1;7;0;2;4;2;1;
202300020483;155 644 236;B01;1;7;0;2;4;1;1;
202300020484;155 644 234;A01;3;80;0;1;1;1;3;
202300020485;155 644 227;B01;1;7;0;2;4;2;1;
202300020485;155 644 228;A01;1;10;0;2;1;2;1;
202300020486;155 644 226;A01;2;7;0;2;0;1;1;
202300020486;155 644 229;B01;1;30;0;2;0;1;1;
202300020487;155 644 223;A01;2;7;0;1;2;1;1;
202300020488;155 644 222;B01;1;10;0;2;6;1;1;
202300020488;155 644 224;C01;1;10;0;2;5;0;1;
202300020488;155 644 225;A01;1;10;0;2;1;1;1;
202300020489;155 644 221;A01;3;7;0;1;2;1;1;
202300020490;155 644 218;B01;2;7;0;0;5;23;1;