Num_Acc;id_vehicule;num_veh;senc;catv;obs;obsm;choc;manv;motor;occutc
202300020490;155 644 220;A01;2;33;14;2;1;1;1;
202300020491;155 644 215;A01;2;7;3;0;1;26;1;
202300020492;155 644 216;A01;1;7;0;9;3;18;1;
202300020492;155 644 217;B01;1;1;0;2;2;2;5;
202300020493;155 644 214;A01;3;7;0;2;1;2;1;
202300020493;155 644 219;B01;3;10;0;2;4;2;1;
202300020494;155 644 213;A01;2;7;3;0;1;14;2;
202300020495;155 644 212;A01;1;7;0;1;7;17;1;
202300020496;155 644 209;B01;1;7;0;2;4;2;1;
202300020496;155 644 211;A01;1;7;0;2;1;26;1;
202300020497;155 644 210;A01;0;7;0;1;8;16;1;
202300020498;155 644 207;A01;1;7;1;-1;1;1;1;
202300020498;155 644 208;B01;1;14;0;2;4;24;1;
202300020499;155 644 202;A01;3;30;0;0;0;0;1;
202300020499;155 644 205;B01;0;7;0;2;4;2;1;
202300020500;155 644 203;A01;1;10;0;2;3;2;1;
202300020500;155 644 206;B01;1;7;0;0;6;1;1;
202300020501;155 644 200;Z01;1;15;0;2;1;2;1;
202300020501;155 644 201;C01;1;7;0;2;4;2;1;
202300020501;155 644 204;B01;1;7;0;2;1;2;1;
202300020502;155 644 198;A01;3;33;0;1;1;26;1;
202300020503;155 644 196;B01;2;17;0;2;4;1;1;
202300020503;155 644 197;A01;2;7;0;2;1;12;1;
202300020504;155 644 199;A01;1;7;0;1;1;1;1;
202300020505;155 644 193;A01;1;17;0;2;2;12;1;
202300020505;155 644 195;B01;1;7;0;2;8;2;1;
202300020506;155 644 194;A01;3;7;0;1;1;20;1;
202300020507;155 644 189;B01;2;1;0;2;1;5;5;
202300020507;155 644 192;A01;3;7;0;2;1;26;1;
202300020508;155 644 188;A01;2;17;4;2;1;1;1;
202300020508;155 644 191;B01;2;7;0;2;4;2;1;
202300020509;155 644 187;B01;2;1;0;2;8;21;5;
202300020509;155 644 190;A01;2;7;0;2;2;19;1;
202300020510;155 644 186;A01;2;7;3;0;1;1;1;
202300020511;155 644 184;A01;1;7;0;2;3;1;1;
202300020511;155 644 185;B01;3;50;0;2;1;19;3;
202300020512;155 644 183;A01;1;7;4;0;1;1;1;
202300020513;155 644 178;B01;2;15;0;2;4;2;1;
202300020513;155 644 181;A01;2;10;0;2;1;2;1;
202300020514;155 644 179;B01;3;7;0;2;6;2;1;
202300020514;155 644 182;A01;3;33;0;2;2;2;1;
202300020515;155 644 177;A01;1;10;0;2;1;2;1;
202300020515;155 644 180;B01;1;7;0;2;4;1;1;
202300020516;155 644 176;A01;1;7;4;0;1;1;1;
202300020517;155 644 175;A01;1;7;13;0;7;14;1;
202300020518;155 644 169;C01;1;7;0;2;4;2;1;
202300020518;155 644 170;B01;1;7;0;2;1;2;1;
202300020518;155 644 172;A01;1;7;0;2;1;2;1;
202300020519;155 644 168;B01;1;7;0;2;4;1;1;
202300020519;155 644 171;A01;1;1;0;2;1;1;5;
202300020520;155 644 173;A01;1;50;0;2;1;2;3;
202300020520;155 644 174;B01;1;7;0;9;4;2;1;
202300020521;155 644 167;A01;2;7;0;1;1;26;1;
202300020522;155 644 163;B01;2;7;0;2;8;1;1;
202300020522;155 644 165;A01;2;7;0;2;2;17;1;
202300020523;155 644 162;A01;1;10;0;2;1;1;1;
202300020523;155 644 164;B01;1;7;0;2;4;1;1;
202300020523;155 644 166;C01;1;7;0;2;4;1;1;
202300020524;155 644 159;A01;2;7;0;0;5;0;1;
202300020525;155 644 160;B01;1;7;0;0;1;15;1;
202300020525;155 644 161;A01;2;50;0;2;8;1;3;
202300020526;155 644 156;A01;2;7;0;2;6;1;1;
202300020526;155 644 158;B01;1;33;0;2;1;1;1;
202300020527;155 644 155;A01;2;7;0;2;1;1;1;
202300020527;155 644 157;B01;2;7;0;2;4;1;1;
202300020528;155 644 154;B01;2;33;0;1;1;14;1;
202300020529;155 644 150;B01;2;1;0;2;1;1;5;
202300020529;155 644 152;A01;1;7;0;2;2;15;1;
202300020530;155 644 148;A01;1;7;0;2;1;1;1;
202300020530;155 644 149;C01;1;7;0;2;4;1;1;
202300020530;155 644 151;D01;1;17;0;2;1;1;1;
202300020530;155 644 153;B01;1;7;0;2;4;1;1;
202300020531;155 644 143;A01;2;7;0;1;2;21;1;
202300020532;155 644 144;A01;1;7;0;2;1;1;1;
202300020532;155 644 146;B01;1;7;0;2;4;1;1;
202300020533;155 644 142;A01;1;7;4;0;3;1;1;
202300020534;155 644 141;A01;3;30;0;0;0;1;1;
202300020535;155 644 140;A01;2;7;3;9;1;1;1;
202300020536;155 644 145;A01;3;7;0;2;2;15;1;
202300020536;155 644 147;B01;3;7;0;2;1;1;2;
202300020537;155 644 136;B01;1;14;0;2;3;1;1;
202300020537;155 644 139;A01;2;7;0;2;3;13;1;
202300020538;155 644 134;B01;1;1;0;2;1;1;5;
202300020538;155 644 137;A01;2;7;0;2;2;15;1;
202300020539;155 644 133;A01;1;30;0;2;1;1;1;
202300020539;155 644 138;B01;1;7;0;2;2;1;1;
202300020540;155 644 127;A01;2;7;0;2;8;10;1;
202300020540;155 644 130;B01;2;2;0;2;1;1;1;
202300020541;155 644 128;Z01;3;7;0;2;2;16;0;
202300020541;155 644 131;B01;3;1;0;2;8;1;5;
202300020542;155 644 129;A01;1;33;14;0;1;1;1;
202300020543;155 644 126;A01;3;7;0;1;7;9;0;
202300020544;155 644 125;A01;2;30;0;0;7;0;1;
202300020545;155 644 124;A01;2;7;0;1;7;16;1;
202300020546;155 644 118;A01;2;7;0;2;1;1;2;
202300020546;155 644 123;B01;2;7;0;2;6;1;1;
202300020547;155 644 120;B01;2;1;0;2;1;1;5;
202300020547;155 644 122;A01;1;7;0;2;2;15;1;
202300020548;155 644 119;B01;3;33;0;2;3;1;1;
202300020548;155 644 121;A01;3;7;0;2;1;15;1;
202300020549;155 644 115;B01;2;10;0;2;1;1;1;
202300020549;155 644 117;C01;2;7;0;2;9;1;1;
202300020549;155 644 132;D01;2;10;0;2;1;1;1;
202300020549;155 644 135;A01;2;7;0;2;4;1;1;
202300020550;155 644 114;A01;3;7;0;1;1;1;1;
202300020551;155 644 112;A01;2;31;0;2;1;17;1;
202300020551;155 644 113;B01;2;30;0;2;1;0;3;
202300020552;155 644 111;B01;2;1;0;2;1;15;5;
202300020552;155 644 116;A01;2;1;0;2;1;25;5;
202300020553;155 644 107;B01;3;7;0;2;8;9;1;
202300020553;155 644 110;A01;3;7;0;2;3;1;1;
202300020554;155 644 106;B01;3;1;0;2;4;2;5;
202300020554;155 644 108;A01;3;30;0;9;4;26;0;
202300020555;155 644 105;A01;1;7;0;2;2;15;1;
202300020555;155 644 109;B01;2;32;0;2;1;1;3;
202300020556;155 644 102;A01;1;7;0;2;2;0;1;
202300020556;155 644 104;B01;3;1;0;2;0;0;5;
202300020557;155 644 100;A01;3;7;0;0;1;1;0;
202300020558;155 644 099;A01;3;7;0;2;2;11;1;
202300020558;155 644 101;B01;3;7;0;2;3;1;1;
202300020559;155 644 103;A01;1;7;0;1;3;1;1;
202300020560;155 644 097;A01;1;7;13;0;1;1;1;
202300020561;155 644 094;B01;1;1;0;2;0;0;5;
202300020561;155 644 096;A01;2;10;6;0;3;9;1;
202300020562;155 644 093;A01;1;7;0;1;7;1;1;
202300020563;155 644 092;B01;1;7;0;2;4;1;1;
202300020563;155 644 095;C01;1;7;0;2;4;1;1;
202300020563;155 644 098;A01;1;10;0;2;1;2;1;
202300020564;155 644 089;B01;2;40;0;1;2;1;2;
202300020565;155 644 086;B01;0;7;0;2;8;1;1;
202300020565;155 644 088;A01;0;7;0;2;1;1;1;
202300020566;155 644 085;A01;0;31;0;2;0;9;1;
202300020567;155 644 084;B01;1;33;0;2;8;1;1;
202300020567;155 644 087;A01;2;80;0;2;1;19;3;
202300020568;155 644 081;A01;2;7;0;1;1;16;1;
202300020569;155 644 079;A01;1;7;0;2;2;1;1;
202300020569;155 644 083;B01;2;10;0;2;1;15;1;
202300020570;155 644 080;A01;1;30;0;1;3;1;1;
202300020571;155 644 077;A01;1;30;1;0;1;1;1;
202300020572;155 644 074;B01;2;7;0;2;2;15;1;
202300020572;155 644 078;A01;2;35;0;2;7;1;3;
202300020573;155 644 075;B01;1;7;14;2;3;15;1;
202300020573;155 644 076;A01;2;1;0;2;1;21;5;
202300020574;155 644 072;A01;1;1;0;2;9;0;5;
202300020574;155 644 073;Z01;1;7;0;2;3;1;1;
202300020575;155 644 071;A01;3;10;0;1;1;2;1;
202300020576;155 644 070;A01;1;10;0;1;1;15;1;
202300020577;155 644 069;A01;1;7;13;0;2;1;1;
202300020578;155 644 066;A01;3;7;0;9;3;1;1;
202300020578;155 644 067;B01;3;1;0;2;1;1;5;
202300020579;155 644 063;A01;2;7;0;2;2;16;1;
202300020579;155 644 064;B01;2;50;0;2;3;16;3;
202300020580;155 644 062;B01;2;7;0;2;3;1;0;
202300020580;155 644 065;A01;1;15;0;2;1;19;1;
202300020581;155 644 061;A01;1;7;0;1;2;16;1;
202300020582;155 644 068;A01;2;7;0;2;2;13;1;
202300020582;155 644 082;B01;1;10;0;2;2;1;1;
202300020583;155 644 058;A01;1;7;0;1;1;20;1;
202300020584;155 644 056;A01;2;7;0;2;1;1;1;
202300020584;155 644 057;B01;2;2;0;2;4;15;1;
202300020585;155 644 053;A01;1;7;2;0;1;13;1;
202300020586;155 644 050;Z01;0;7;0;2;0;0;0;
202300020586;155 644 052;A01;0;7;12;2;3;0;1;
202300020587;155 644 049;C01;2;7;0;2;6;0;1;
202300020587;155 644 051;B01;2;7;0;2;4;15;0;
202300020587;155 644 054;A01;2;7;0;2;1;0;1;
202300020588;155 644 047;B01;1;31;0;2;1;0;1;
202300020588;155 644 048;A01;1;7;0;2;3;0;1;
202300020589;155 644 044;A01;0;7;0;2;3;1;1;
202300020589;155 644 046;B01;0;10;0;2;1;1;1;
202300020590;155 644 043;A01;3;7;0;2;3;5;1;
202300020590;155 644 045;B01;3;7;0;2;3;1;1;
202300020591;155 644 042;A01;1;7;0;0;0;26;1;
202300020592;155 644 039;B01;2;7;4;2;0;1;1;
202300020592;155 644 040;A01;2;7;0;2;6;11;1;
202300020593;155 644 036;B01;3;7;0;2;8;1;1;
202300020593;155 644 037;A01;3;7;0;2;8;1;1;
202300020594;155 644 033;A01;2;7;0;2;3;15;1;
202300020594;155 644 035;B01;1;0;-1;2;-1;-1;-1;
202300020595;155 644 031;B01;1;2;0;2;1;1;0;
202300020595;155 644 032;A01;2;7;0;2;1;1;0;
202300020596;155 644 034;A01;2;7;0;2;2;1;1;
202300020596;155 644 038;B01;1;7;0;2;1;1;1;
202300020597;155 644 027;A01;1;7;0;2;3;15;1;
202300020597;155 644 028;B01;1;2;0;2;2;1;1;
202300020598;155 644 024;A01;1;7;6;0;2;1;1;
202300020599;155 644 026;B01;2;31;0;2;1;1;3;
202300020599;155 644 029;A01;1;7;0;2;5;1;1;
202300020600;155 644 023;A01;1;7;0;1;3;1;1;
202300020601;155 644 021;A01;3;7;0;2;1;9;1;
202300020601;155 644 022;B01;3;30;0;2;5;0;1;
202300020602;155 644 019;A01;2;7;0;1;1;1;1;
202300020603;155 644 020;A01;2;7;0;9;5;16;0;
202300020603;155 644 025;B01;2;1;0;2;1;1;5;
202300020604;155 644 016;A01;3;14;0;1;4;4;1;
202300020605;155 644 018;A01;1;7;8;0;2;1;1;
202300020606;155 644 013;B01;3;1;0;2;0;0;5;
202300020606;155 644 014;A01;3;7;0;2;0;0;1;
202300020607;155 644 015;A01;2;30;0;2;1;2;1;
202300020607;155 644 017;B01;2;15;0;2;4;1;1;
202300020608;155 644 010;A01;1;7;0;1;1;1;1;
202300020609;155 644 011;A01;2;7;0;1;2;15;1;
202300020610;155 644 007;A01;1;7;0;2;3;1;1;
202300020610;155 644 008;B01;1;7;0;2;7;12;2;
202300020611;155 644 003;A01;2;7;0;2;2;1;2;
202300020611;155 644 004;B01;2;32;0;2;1;1;1;
202300020612;155 644 002;A01;1;7;0;2;1;2;1;
202300020612;155 644 006;B01;1;7;0;2;4;2;1;
202300020613;155 643 998;C01;2;10;0;2;1;23;3;
202300020613;155 644 000;A01;1;7;0;2;8;15;3;
202300020613;155 644 001;B01;1;33;0;2;7;17;1;
202300020614;155 643 999;B01;2;7;0;2;8;1;1;
202300020614;155 644 005;A01;1;7;0;2;3;13;1;
202300020615;155 643 996;A01;1;7;0;2;3;15;1;
202300020615;155 643 997;B01;1;30;0;2;2;17;3;
202300020616;155 643 995;A01;2;33;0;0;7;26;1;
202300020617;155 643 994;A01;1;7;0;1;1;1;3;
202300020618;155 643 992;B01;3;50;0;2;1;1;3;
202300020618;155 643 993;A01;3;7;8;2;3;15;1;
202300020619;155 643 988;A01;3;10;0;2;3;2;1;
202300020619;155 643 990;B01;3;7;0;2;4;2;3;
202300020620;155 643 986;C01;1;7;0;2;4;2;1;
202300020620;155 643 989;A01;1;7;0;2;1;2;1;
202300020620;155 643 991;B01;1;7;0;2;4;2;1;
202300020621;155 643 985;A01;1;1;0;0;0;16;5;
202300020622;155 643 978;C01;1;7;0;2;2;1;1;
202300020622;155 643 982;A01;1;37;0;2;7;1;6;1
202300020622;155 643 984;B01;1;7;0;2;1;1;3;
202300020623;155 643 979;B01;2;7;0;2;4;1;6;
202300020623;155 643 981;C01;2;7;0;2;8;1;1;
202300020623;155 643 983;A01;2;43;0;2;1;3;1;
202300020624;155 643 977;A01;0;7;0;2;4;2;4;
202300020624;155 643 980;B01;0;10;0;2;1;2;4;
202300020625;155 643 974;B01;1;7;0;2;1;2;1;
202300020625;155 643 975;A01;1;7;0;2;4;23;1;
202300020626;155 643 973;B01;1;10;0;2;6;11;1;
202300020626;155 643 976;A01;1;33;0;2;2;3;1;
202300020627;155 643 971;A01;3;1;0;2;1;0;5;
202300020627;155 643 972;B01;3;7;0;2;1;5;1;
202300020628;155 643 968;A01;3;7;4;2;2;6;1;
202300020628;155 643 970;B01;3;7;0;2;1;1;1;
202300020629;155 643 966;B01;1;7;0;2;7;1;1;
202300020629;155 643 967;C01;1;10;0;2;8;1;1;
202300020629;155 643 969;A01;1;33;0;2;8;3;1;
202300020630;155 643 962;B01;2;7;0;2;1;1;1;
202300020630;155 643 964;A01;2;7;0;2;3;10;1;
202300020631;155 643 963;A01;2;33;0;2;1;17;1;
202300020631;155 643 965;B01;2;7;0;2;8;11;0;
202300020632;155 643 960;A01;2;7;0;2;6;9;1;
202300020632;155 643 961;B01;2;30;0;2;1;1;1;
202300020633;155 643 959;A01;1;32;0;1;1;2;1;
202300020634;155 643 956;B01;2;7;0;2;1;1;1;
202300020634;155 643 958;A01;1;7;0;2;2;19;1;
202300020635;155 643 957;A01;1;31;11;0;1;13;1;
202300020636;155 643 952;A01;0;30;0;2;7;15;1;
202300020636;155 643 954;B01;0;30;0;2;1;1;1;
202300020637;155 643 951;A01;1;33;0;2;1;2;1;
202300020637;155 643 953;B01;1;7;0;0;4;2;1;
202300020637;155 643 955;C01;1;7;0;2;1;2;1;
202300020638;155 643 949;B01;2;7;0;2;2;9;1;
202300020638;155 643 950;A01;1;2;0;2;1;1;1;
202300020639;155 643 946;B01;3;30;0;2;2;6;1;
202300020639;155 643 948;A01;3;7;0;2;3;6;1;
202300020640;155 643 943;A01;2;33;0;2;7;16;1;
202300020640;155 643 944;B01;2;10;0;2;7;1;1;
202300020641;155 643 941;A01;1;33;0;0;7;1;1;
202300020642;155 643 938;C01;1;7;0;2;1;1;1;
202300020642;155 643 940;A01;0;7;0;2;1;5;1;
202300020642;155 643 942;B01;2;7;0;0;8;1;1;
202300020643;155 643 937;A01;2;7;1;0;2;14;1;
202300020644;155 643 936;A01;2;32;0;2;2;1;1;
202300020644;155 643 939;Z01;2;1;0;2;3;11;5;
202300020645;155 643 935;A01;1;10;1;0;1;16;1;
202300020646;155 643 932;B01;1;7;0;2;1;1;1;
202300020646;155 643 934;A01;2;7;0;2;7;10;1;
202300020647;155 643 931;B01;2;1;0;2;1;1;5;
202300020647;155 643 933;A01;2;7;0;2;1;22;3;
202300020648;155 643 930;A01;2;7;8;0;1;0;0;
202300020649;155 643 925;A01;3;10;2;0;1;2;1;
202300020650;155 643 927;A01;2;32;0;2;1;3;1;
202300020650;155 643 929;B01;2;10;0;2;5;1;1;
202300020651;155 643 924;A01;1;7;0;2;7;13;1;
202300020651;155 643 926;B01;2;13;0;2;1;1;1;
202300020652;155 643 923;A01;3;10;0;2;1;1;1;
202300020652;155 643 928;B01;3;7;0;2;7;1;1;
202300020653;155 643 919;B01;2;7;0;2;3;20;2;
202300020653;155 643 922;A01;2;43;0;2;1;17;1;
202300020654;155 643 918;B01;2;7;0;2;1;1;1;
202300020654;155 643 920;A01;2;10;0;2;3;1;1;
202300020655;155 643 916;A01;3;32;0;0;2;16;1;
202300020656;155 643 914;B01;3;1;0;2;7;0;5;
202300020656;155 643 915;A01;3;7;0;2;2;1;2;
202300020657;155 643 912;A01;2;7;0;1;7;1;1;
202300020658;155 643 911;B01;2;30;0;2;3;15;3;
202300020658;155 643 913;A01;1;7;0;2;1;1;3;
202300020659;155 643 910;Z01;1;7;12;1;3;13;0;
202300020660;155 643 908;A01;2;7;0;1;1;1;1;
202300020661;155 643 903;B01;2;33;0;2;1;1;1;
202300020661;155 643 904;A01;2;10;0;2;3;9;1;
202300020662;155 643 902;A01;1;2;1;2;4;15;0;
202300020662;155 643 906;B01;1;2;0;2;4;17;6;
202300020662;155 643 907;C01;0;7;0;0;6;24;0;
202300020663;155 643 901;A01;2;1;0;2;1;5;5;
202300020663;155 643 905;B01;2;7;0;2;1;15;1;
202300020664;155 643 909;C01;2;7;0;2;0;0;1;
202300020664;155 643 917;B01;2;10;0;2;4;1;1;
202300020664;155 643 921;A01;2;10;0;2;1;1;1;
202300020665;155 643 899;A01;1;7;2;0;1;0;1;
202300020666;155 643 897;B01;2;10;0;2;7;16;1;
202300020666;155 643 900;A01;2;32;0;2;1;18;1;
202300020667;155 643 896;A01;2;42;0;0;2;3;1;
202300020668;155 643 894;A01;1;33;2;0;1;16;1;
202300020669;155 643 893;A01;2;50;0;0;1;16;3;
202300020670;155 643 891;A01;0;31;0;1;1;5;1;
202300020671;155 643 892;A01;0;7;13;0;1;26;6;
202300020672;155 643 890;A01;1;7;12;0;1;16;1;
202300020673;155 643 887;A01;0;7;9;2;2;1;1;
202300020673;155 643 889;B01;0;7;0;2;1;1;1;
202300020674;155 643 888;A01;3;7;0;1;1;1;1;
202300020675;155 643 886;A01;3;33;0;0;7;10;1;
202300020676;155 643 884;A01;1;7;13;0;9;1;1;
202300020677;155 643 883;A01;1;1;0;0;1;0;5;
202300020678;155 643 885;A01;1;37;0;1;5;26;1;1
202300020679;155 643 881;A01;1;7;1;1;1;1;2;
202300020680;155 643 879;A01;1;7;0;2;3;9;1;
202300020680;155 643 882;B01;1;2;0;2;7;1;1;
202300020681;155 643 876;A01;1;7;0;2;1;1;1;
202300020681;155 643 878;B01;0;50;0;2;3;9;3;
202300020682;155 643 877;A01;0;7;0;9;3;0;0;
202300020682;155 643 880;B01;0;1;0;2;1;16;5;
202300020683;155 643 873;A01;1;7;0;1;2;1;1;
202300020684;155 643 870;B01;3;7;0;2;3;1;1;
202300020684;155 643 874;A01;3;7;0;2;0;0;1;
202300020685;155 643 867;A01;1;2;0;0;7;1;1;
202300020686;155 643 866;A01;1;7;2;0;1;14;1;
202300020687;155 643 865;A01;3;7;0;2;5;5;1;
202300020687;155 643 868;B01;3;7;0;2;2;26;1;
202300020688;155 643 869;A01;1;7;0;2;3;1;1;
202300020688;155 643 872;B01;1;33;0;2;1;17;1;
202300020688;155 643 875;C01;1;7;0;2;6;1;1;
202300020689;155 643 864;A01;1;7;0;1;2;15;1;
202300020690;155 643 861;B01;0;31;0;2;2;1;3;
202300020690;155 643 863;A01;0;7;0;2;3;15;2;
202300020691;155 643 857;B01;1;7;0;2;2;1;1;
202300020691;155 643 862;A01;2;7;0;2;1;0;1;
202300020692;155 643 856;B01;1;7;0;2;4;2;1;
202300020692;155 643 859;A01;1;7;0;2;1;2;1;
202300020693;155 643 855;A01;1;30;0;1;1;1;0;
202300020694;155 643 853;A01;3;7;0;1;1;1;1;
202300020695;155 643 852;B01;2;33;13;0;1;17;1;
202300020695;155 643 854;A01;2;10;0;0;4;17;1;
202300020696;155 643 850;A01;2;34;0;2;4;2;1;
202300020696;155 643 851;B01;2;43;0;2;1;2;1;
202300020697;155 643 847;Z01;1;7;0;1;2;0;1;
202300020698;155 643 845;A01;2;7;0;2;2;21;1;
202300020698;155 643 849;B01;1;7;0;2;2;1;1;
202300020699;155 643 841;A01;1;7;0;2;1;17;1;
202300020699;155 643 844;B01;1;7;0;2;4;15;1;
202300020700;155 643 846;A01;0;7;0;2;1;9;1;
202300020700;155 643 848;B01;0;2;0;2;8;1;1;
202300020701;155 643 838;C01;2;7;0;2;1;2;1;
202300020701;155 643 840;A01;2;7;0;2;4;2;1;
202300020701;155 643 842;B01;2;7;0;2;1;2;1;
202300020702;155 643 836;A01;0;7;0;2;1;9;6;
202300020702;155 643 839;B01;0;7;0;2;3;0;0;
202300020703;155 643 837;A01;1;50;0;1;1;1;3;
202300020704;155 643 834;A01;2;7;3;0;1;1;1;
202300020705;155 643 830;A01;3;7;0;2;1;1;2;
202300020705;155 643 833;B01;3;7;0;2;8;1;2;
202300020706;155 643 835;A01;2;7;1;0;3;1;1;
202300020707;155 643 828;B01;2;7;13;0;8;1;1;
202300020707;155 643 832;A01;2;7;0;2;1;19;1;
202300020708;155 643 826;A01;1;7;0;2;4;2;1;
202300020708;155 643 827;B01;1;7;0;2;2;2;1;
202300020708;155 643 829;D01;1;7;0;2;1;2;1;
202300020708;155 643 831;C01;1;10;0;2;2;2;1;
202300020709;155 643 824;B01;1;7;0;2;4;23;1;
202300020709;155 643 825;A01;1;7;7;2;1;1;1;
202300020710;155 643 822;A01;2;7;13;1;3;26;1;
202300020711;155 643 823;A01;2;7;0;1;1;1;1;
202300020712;155 643 820;B01;0;7;0;2;0;0;0;
202300020712;155 643 821;A01;2;7;0;2;4;2;1;
202300020713;155 643 817;B01;1;60;0;2;1;19;5;
202300020713;155 643 819;A01;1;7;0;2;7;16;2;
202300020714;155 643 815;A01;1;1;0;2;1;1;5;
202300020714;155 643 818;B01;1;7;0;2;3;19;1;
202300020715;155 643 813;A01;2;7;0;2;4;2;1;
202300020715;155 643 816;B01;2;7;0;2;1;2;1;
202300020716;155 643 811;B01;3;7;0;2;4;2;1;
202300020716;155 643 812;A01;3;1;0;2;1;2;5;
202300020717;155 643 807;A01;2;1;0;0;3;0;5;
202300020717;155 643 810;B01;2;13;0;0;5;0;0;
202300020718;155 643 808;A01;1;1;14;0;7;14;5;
202300020719;155 643 805;B01;1;10;0;2;7;14;1;
202300020719;155 643 806;C01;1;17;0;2;7;23;1;
202300020719;155 643 809;Z01;2;7;0;2;1;26;1;
202300020720;155 643 814;A01;1;7;0;1;1;1;1;
202300020721;155 643 804;A01;1;7;0;1;1;2;0;
202300020722;155 643 802;A01;3;32;0;2;7;17;1;
202300020722;155 643 803;B01;3;37;0;2;0;15;2;1
202300020723;155 643 800;A01;1;7;4;0;2;1;1;
202300020724;155 643 799;A01;2;7;3;2;1;2;1;
202300020725;155 643 801;A01;1;7;12;0;2;1;6;
202300020726;155 643 797;A01;1;7;0;2;3;1;1;
202300020726;155 643 798;B01;1;30;0;2;2;12;1;
202300020727;155 643 796;A01;2;7;13;0;7;14;1;
202300020728;155 643 795;A01;1;7;13;0;2;9;1;
202300020729;155 643 793;A01;3;7;0;2;9;2;2;
202300020729;155 643 794;B01;3;7;0;2;6;2;1;
202300020730;155 643 790;A01;2;7;0;2;1;1;1;
202300020730;155 643 792;B01;2;7;0;2;1;1;1;
202300020731;155 643 789;B01;2;36;0;0;2;2;1;
202300020731;155 643 791;A01;1;7;0;0;2;1;1;
202300020732;155 643 787;A01;1;10;0;1;1;15;1;
202300020733;155 643 786;A01;1;7;0;2;4;1;1;
202300020733;155 643 788;B01;1;7;0;2;7;1;1;
202300020734;155 643 784;A01;1;33;6;0;1;1;1;
202300020735;155 643 783;A01;2;7;0;2;1;1;1;
202300020735;155 643 785;B01;2;7;0;2;4;1;1;
202300020736;155 643 782;A01;2;1;0;1;1;1;5;
202300020737;155 643 781;A01;1;17;15;0;7;1;1;
202300020738;155 643 776;C01;1;33;0;2;3;3;0;
202300020738;155 643 778;B01;1;7;0;2;6;1;0;
202300020738;155 643 779;A01;1;7;0;2;2;12;0;
202300020739;155 643 775;A01;3;7;0;2;7;15;1;
202300020739;155 643 777;B01;3;32;0;2;1;1;1;
202300020740;155 643 772;A01;2;7;0;0;8;16;1;
202300020740;155 643 773;B01;2;7;0;2;1;1;1;
202300020741;155 643 767;B01;2;7;0;2;4;1;0;
202300020741;155 643 770;A01;2;7;0;2;1;2;0;
202300020742;155 643 766;A01;2;7;0;0;0;19;1;
202300020743;155 643 765;B01;2;7;0;2;4;1;0;
202300020743;155 643 769;A01;2;15;0;2;1;1;0;
202300020743;155 643 771;C01;2;7;0;2;4;1;0;
202300020744;155 643 768;B01;1;7;0;2;4;2;1;
202300020744;155 643 774;X01;1;0;0;2;1;2;1;
202300020744;155 643 780;C01;1;7;0;2;6;2;1;
202300020745;155 643 761;A01;2;7;0;2;7;14;0;
202300020745;155 643 762;B01;2;7;0;2;8;1;0;
202300020746;155 643 760;B01;1;7;0;2;0;0;0;
202300020746;155 643 764;A01;3;7;0;2;1;2;1;
202300020747;155 643 759;B01;2;1;0;2;2;1;5;
202300020747;155 643 763;A01;1;17;0;2;3;9;1;
202300020748;155 643 756;A01;0;31;0;2;0;21;0;
202300020749;155 643 753;B01;2;7;0;2;4;2;1;
202300020749;155 643 757;A01;2;7;0;2;1;13;1;
202300020750;155 643 758;A01;1;7;0;1;3;15;1;
202300020751;155 643 754;B01;2;10;0;2;2;1;1;
202300020751;155 643 755;A01;1;7;0;2;7;15;1;
202300020752;155 643 751;A01;1;50;0;2;1;1;3;
202300020752;155 643 752;B01;2;7;0;2;1;15;1;
202300020753;155 643 748;B01;2;7;0;2;4;2;2;
202300020753;155 643 750;A01;2;7;0;2;1;2;1;
202300020754;155 643 747;A01;1;7;0;2;1;2;1;
202300020754;155 643 749;B01;1;15;0;2;4;1;1;
202300020755;155 643 742;A01;1;7;0;2;7;0;1;
202300020755;155 643 744;B01;1;7;0;2;8;0;2;
202300020756;155 643 743;B01;0;80;0;0;8;19;3;
202300020756;155 643 746;A01;1;7;0;2;1;15;1;
202300020757;155 643 740;B01;1;30;0;2;8;1;1;
202300020757;155 643 745;A01;2;7;0;2;3;15;1;
202300020758;155 643 739;A01;1;7;0;2;4;15;2;
202300020758;155 643 741;B01;1;33;0;2;1;17;1;
202300020759;155 643 735;A01;2;33;0;2;8;18;1;
202300020759;155 643 738;B01;2;7;0;2;7;14;1;
202300020760;155 643 733;A01;2;10;0;2;4;2;1;
202300020760;155 643 736;B01;2;7;0;2;4;2;1;
202300020760;155 643 737;C01;2;7;0;2;1;2;1;
202300020761;155 643 732;A01;1;7;0;2;2;17;0;
202300020761;155 643 734;B01;1;7;13;2;6;2;1;
202300020762;155 643 730;A01;2;33;0;0;8;1;1;
202300020763;155 643 729;B01;1;10;0;2;2;1;1;
202300020763;155 643 731;A01;1;33;0;2;8;3;1;
202300020764;155 643 728;A01;0;7;0;1;0;1;1;
202300020765;155 643 727;A01;0;10;0;1;1;0;0;
202300020766;155 643 724;A01;1;1;0;0;0;1;5;
202300020767;155 643 725;A01;1;7;2;0;3;1;1;
202300020768;155 643 723;A01;2;33;0;2;1;2;1;
202300020768;155 643 726;B01;2;7;0;2;4;2;1;
202300020769;155 643 721;A01;1;7;0;1;3;1;1;
202300020770;155 643 715;B01;1;7;0;2;4;2;1;