Num_Acc;id_vehicule;num_veh;senc;catv;obs;obsm;choc;manv;motor;occutc
202300021057;155 643 219;A01;1;7;0;1;2;1;0;
202300021058;155 643 218;A01;3;7;0;2;3;14;1;
202300021058;155 643 221;B01;3;7;0;2;5;1;1;
202300021059;155 643 216;A01;2;31;0;0;7;17;0;
202300021060;155 643 215;A01;3;7;0;2;1;9;1;
202300021060;155 643 217;B01;2;15;0;2;7;0;0;
202300021061;155 643 212;A01;1;33;0;2;8;3;1;
202300021061;155 643 214;Z01;1;7;0;2;2;12;0;
202300021062;155 643 210;A01;2;7;0;2;6;1;1;
202300021062;155 643 213;B01;2;30;0;2;1;1;1;
202300021063;155 643 209;B01;3;7;0;2;1;9;1;
202300021063;155 643 211;A01;1;33;0;2;1;0;1;
202300021064;155 643 208;A01;0;99;0;1;4;26;1;
202300021065;155 643 205;A01;2;7;0;2;3;15;1;
202300021065;155 643 206;B01;1;31;0;2;6;1;1;
202300021066;155 643 204;A01;1;7;2;0;0;1;1;
202300021067;155 643 202;A01;2;7;0;2;5;12;1;
202300021067;155 643 203;B01;2;31;0;2;1;3;1;
202300021067;155 643 207;C01;2;7;0;2;7;1;1;
202300021068;155 643 201;A01;2;32;12;0;7;20;1;
202300021069;155 643 199;A01;1;7;0;2;3;1;1;
202300021069;155 643 200;B01;0;33;0;2;8;15;1;
202300021070;155 643 195;A01;1;7;0;2;8;15;1;
202300021070;155 643 197;B01;1;33;0;2;1;17;1;
202300021071;155 643 196;A01;3;10;0;2;1;1;3;
202300021071;155 643 198;B01;3;7;0;2;4;1;2;
202300021072;155 643 193;A01;1;7;0;2;3;15;1;
202300021072;155 643 194;B01;1;30;0;2;2;1;1;
202300021073;155 643 190;A01;2;7;0;2;7;15;2;
202300021073;155 643 192;B01;1;7;0;2;2;1;1;
202300021074;155 643 189;Z01;2;30;0;2;0;1;0;
202300021074;155 643 191;A01;2;1;0;2;3;19;5;
202300021075;155 643 185;B01;2;7;0;2;1;1;1;
202300021075;155 643 186;A01;1;7;0;2;2;15;1;
202300021076;155 643 187;A01;3;7;0;2;6;19;1;
202300021076;155 643 188;B01;1;33;0;2;1;1;1;
202300021077;155 643 183;A01;1;2;0;2;1;2;1;
202300021077;155 643 184;B01;1;10;0;2;4;1;1;
202300021078;155 643 182;A01;1;3;0;1;1;16;3;
202300021079;155 643 180;B01;1;7;0;2;1;1;1;
202300021079;155 643 181;A01;3;35;0;2;3;15;1;
202300021080;155 643 178;A01;3;7;0;2;2;15;1;
202300021080;155 643 179;B01;3;50;0;2;1;1;3;
202300021081;155 643 176;A01;2;7;6;0;3;13;1;
202300021082;155 643 174;A01;1;7;0;2;3;22;1;
202300021082;155 643 177;B01;1;31;1;0;7;2;1;
202300021083;155 643 173;B01;0;50;0;2;6;13;3;
202300021083;155 643 175;A01;0;7;0;2;2;2;1;
202300021084;155 643 171;A01;1;7;0;0;1;1;1;
202300021084;155 643 172;B01;1;1;0;2;7;19;5;
202300021085;155 643 168;B01;1;34;0;2;7;17;1;
202300021085;155 643 170;A01;1;7;0;2;3;15;1;
202300021086;155 643 166;B01;1;1;0;2;8;19;5;
202300021086;155 643 167;A01;1;7;0;2;2;1;1;
202300021087;155 643 164;A01;1;7;0;2;1;1;1;
202300021087;155 643 165;B01;3;50;0;2;7;19;3;
202300021088;155 643 162;B01;2;1;12;2;4;1;5;
202300021088;155 643 163;A01;2;7;0;2;2;1;0;
202300021089;155 643 169;A01;1;33;0;1;1;1;1;
202300021090;155 643 161;A01;2;33;6;0;1;26;1;
202300021091;155 643 160;A01;2;7;17;0;3;1;1;
202300021092;155 643 159;A01;2;1;0;1;1;1;5;
202300021093;155 643 157;B01;3;7;0;2;3;1;1;
202300021093;155 643 158;A01;3;7;0;2;3;1;1;
202300021094;155 643 156;A01;2;30;0;0;0;21;1;
202300021095;155 643 155;A01;2;7;0;1;2;1;1;
202300021096;155 643 152;B01;3;2;0;0;8;1;1;
202300021096;155 643 153;A01;3;2;0;2;1;1;1;
202300021097;155 643 150;A01;3;2;0;2;1;0;1;
202300021098;155 643 151;A01;2;7;0;2;3;1;1;
202300021098;155 643 154;B01;2;32;0;2;5;1;3;
202300021099;155 643 149;A01;0;7;13;0;3;1;1;
202300021100;155 643 146;A01;2;7;0;0;6;1;1;
202300021100;155 643 147;B01;2;7;0;2;2;12;1;
202300021101;155 643 148;A01;1;7;2;0;1;14;1;
202300021102;155 643 143;B01;1;7;6;2;1;13;1;
202300021102;155 643 144;A01;1;7;0;2;4;1;1;
202300021103;155 643 142;A01;1;7;0;2;2;5;1;
202300021103;155 643 145;B01;2;37;0;2;2;1;1;40
202300021104;155 643 141;A01;2;7;0;1;1;1;1;
202300021105;155 643 138;A01;1;34;0;1;6;1;1;
202300021106;155 643 137;A01;1;31;0;2;1;25;1;
202300021106;155 643 139;B01;0;7;0;2;8;1;1;
202300021107;155 643 135;B01;2;7;0;2;4;2;1;
202300021107;155 643 140;A01;2;7;0;2;1;2;1;
202300021108;155 643 134;B01;1;2;0;0;4;2;3;
202300021108;155 643 136;A01;1;7;0;2;2;1;1;
202300021109;155 643 132;A01;3;14;0;2;1;16;1;
202300021109;155 643 133;B01;3;7;0;2;4;16;1;
202300021110;155 643 131;A01;3;43;0;1;8;3;1;
202300021111;155 643 130;A01;2;1;14;0;8;23;5;
202300021112;155 643 129;A01;2;31;1;0;1;1;1;
202300021113;155 643 127;B01;0;1;0;2;0;0;5;
202300021113;155 643 128;A01;1;7;0;2;1;2;0;
202300021114;155 643 125;A01;3;7;0;2;4;2;0;
202300021114;155 643 126;B01;3;33;0;2;1;2;0;
202300021115;155 643 123;A01;3;7;0;2;3;1;0;
202300021115;155 643 124;B01;3;7;0;2;8;15;0;
202300021116;155 643 122;A01;3;7;0;1;3;16;1;
202300021117;155 643 120;B01;1;7;0;2;2;26;1;
202300021117;155 643 121;A01;1;33;0;2;1;0;1;
202300021118;155 643 119;A01;1;32;9;0;0;0;1;
202300021119;155 643 118;A01;1;10;0;1;2;1;0;
202300021120;155 643 116;B01;1;7;0;2;2;1;2;
202300021120;155 643 117;A01;1;7;0;2;3;1;0;
202300021121;155 643 114;A01;1;7;0;2;4;19;2;
202300021121;155 643 115;P01;1;60;0;0;7;19;5;
202300021122;155 643 113;A01;0;7;0;1;1;1;1;
202300021123;155 643 112;A01;3;37;0;1;5;1;1;1
202300021124;155 643 108;A01;2;7;0;2;2;17;1;
202300021124;155 643 109;B01;2;7;1;2;8;21;1;
202300021124;155 643 110;C01;1;7;0;2;3;1;1;
202300021124;155 643 111;D01;3;10;0;2;3;24;1;
202300021125;155 643 106;B01;3;99;0;2;5;1;5;
202300021125;155 643 107;A01;3;99;0;9;3;1;1;
202300021126;155 643 105;A01;2;10;0;1;3;2;1;
202300021127;155 643 102;A01;3;7;8;0;1;26;0;
202300021128;155 643 100;A01;2;7;0;2;3;15;1;
202300021128;155 643 101;B01;2;33;0;2;2;2;1;
202300021129;155 643 099;A01;0;32;0;1;1;1;0;
202300021130;155 643 097;A01;1;3;0;2;1;26;1;
202300021130;155 643 098;B01;1;32;1;2;8;1;3;
202300021131;155 643 095;B01;1;7;0;2;3;1;1;
202300021131;155 643 096;A01;2;7;0;2;2;15;1;
202300021132;155 643 093;A01;1;1;0;2;4;1;5;
202300021132;155 643 094;B01;1;7;0;2;2;1;1;
202300021133;155 643 092;A01;2;0;0;1;0;0;0;
202300021134;155 643 091;A01;3;7;0;1;3;26;2;
202300021135;155 643 090;A01;2;7;1;0;7;0;1;
202300021136;155 643 088;B01;3;34;0;2;3;26;1;
202300021136;155 643 089;A01;3;7;0;2;2;26;1;
202300021137;155 643 087;A01;1;10;0;1;1;16;1;
202300021138;155 643 085;B01;1;7;0;2;1;1;0;
202300021138;155 643 086;A01;1;31;0;2;0;1;1;
202300021139;155 643 084;A01;2;7;16;0;1;0;1;
202300021140;155 643 082;A01;1;7;0;2;3;26;1;
202300021140;155 643 083;B01;2;7;8;2;2;1;1;
202300021141;155 643 080;B01;2;7;0;2;4;2;1;
202300021141;155 643 081;A01;2;7;0;2;1;2;1;
202300021142;155 643 078;B01;1;50;0;2;1;1;3;
202300021142;155 643 079;A01;1;7;0;9;2;9;1;
202300021143;155 643 077;A01;1;7;0;1;2;1;1;
202300021144;155 643 075;A01;2;10;0;9;2;2;1;
202300021144;155 643 076;B01;2;1;0;0;8;2;5;
202300021145;155 643 073;A01;1;7;0;2;1;13;1;
202300021145;155 643 074;B01;2;7;0;2;1;1;1;
202300021146;155 643 071;B01;1;7;0;2;3;1;1;
202300021146;155 643 072;A01;1;7;0;2;2;19;1;
202300021147;155 643 069;A01;2;7;0;2;3;17;1;
202300021147;155 643 070;B01;1;31;0;2;1;1;1;
202300021148;155 643 067;A01;2;7;0;9;1;1;1;
202300021148;155 643 068;B01;2;1;0;0;4;1;5;
202300021149;155 643 066;A01;0;31;0;0;0;0;0;
202300021150;155 643 065;A01;2;7;3;0;2;2;1;
202300021151;155 643 064;A01;2;15;1;1;5;21;1;
202300021152;155 643 063;A01;2;7;2;0;1;1;1;
202300021153;155 643 061;A01;2;7;0;2;1;17;1;
202300021153;155 643 062;B01;2;7;4;0;4;11;1;
202300021154;155 643 059;A01;2;36;0;2;1;13;1;
202300021154;155 643 060;B01;2;7;0;2;2;17;1;
202300021155;155 643 057;A01;3;7;0;2;3;1;1;
202300021155;155 643 058;B01;3;14;0;2;3;1;1;
202300021156;155 643 055;B01;2;7;0;2;2;1;1;
202300021156;155 643 056;A01;1;10;0;2;3;13;1;
202300021157;155 643 053;A01;0;2;0;2;1;1;3;
202300021157;155 643 054;B01;0;10;0;2;2;1;1;
202300021158;155 643 052;A01;2;7;8;0;1;1;1;
202300021159;155 643 050;A01;2;7;0;2;0;15;0;
202300021159;155 643 051;B01;2;30;0;2;2;1;1;
202300021160;155 643 049;A01;1;7;13;0;2;15;1;
202300021161;155 643 048;A01;1;10;2;0;1;13;1;
202300021162;155 643 047;A01;2;7;13;0;9;1;1;
202300021163;155 643 044;A01;1;7;0;2;2;15;1;
202300021163;155 643 045;C01;1;7;0;2;1;1;1;
202300021163;155 643 046;B01;2;10;0;2;1;13;1;
202300021164;155 643 043;A01;0;2;0;1;1;1;1;
202300021165;155 643 041;A01;0;14;0;2;3;16;1;
202300021165;155 643 042;B01;3;7;0;0;2;1;1;
202300021166;155 643 040;A01;1;7;2;0;7;1;1;
202300021167;155 643 038;A01;2;10;0;2;2;1;1;
202300021167;155 643 039;B01;1;7;0;2;1;1;1;
202300021168;155 643 037;A01;1;7;0;0;1;1;1;
202300021169;155 643 036;A01;2;7;2;0;8;1;1;
202300021170;155 643 035;A01;1;34;0;1;2;2;1;
202300021171;155 643 034;A01;1;17;0;0;8;21;1;
202300021172;155 643 032;A01;1;7;0;2;1;2;1;
202300021172;155 643 033;B01;1;7;0;0;4;1;1;
202300021173;155 643 030;A01;2;7;0;2;1;13;1;
202300021173;155 643 031;B01;1;7;0;2;1;1;1;
202300021174;155 643 028;A01;1;10;0;2;3;13;1;
202300021174;155 643 029;B01;2;10;0;2;3;21;1;
202300021175;155 643 027;A01;1;7;4;0;8;13;1;
202300021176;155 643 025;A01;1;31;0;2;1;1;1;
202300021176;155 643 026;B01;3;7;0;2;6;15;1;
202300021177;155 643 023;A01;2;7;0;2;2;19;1;
202300021177;155 643 024;B01;1;7;0;2;7;0;0;
202300021178;155 643 021;A01;2;1;0;2;1;1;5;
202300021178;155 643 022;B01;1;7;0;2;2;15;1;
202300021179;155 643 019;A01;2;7;0;9;2;2;1;
202300021179;155 643 020;B01;2;1;0;2;4;2;5;
202300021180;155 643 012;B01;1;0;0;2;1;2;0;
202300021180;155 643 013;A01;1;1;0;0;4;1;5;
202300021181;155 643 010;A01;2;16;3;2;3;1;1;
202300021181;155 643 011;B01;1;7;0;2;3;13;1;
202300021182;155 643 009;A01;1;7;13;0;1;0;1;
202300021183;155 643 007;A01;2;7;0;2;7;1;1;
202300021183;155 643 008;B01;1;7;0;2;1;1;1;
202300021184;155 643 006;A01;3;7;0;1;1;0;2;
202300021185;155 643 004;A01;0;7;0;2;3;0;1;
202300021185;155 643 005;B01;3;50;0;2;1;19;3;
202300021186;155 643 003;A01;2;7;0;1;2;1;1;
202300021187;155 643 001;A01;3;2;1;0;1;1;1;
202300021187;155 643 002;B01;3;99;0;0;1;26;6;
202300021188;155 642 999;A01;3;7;0;2;1;1;1;
202300021188;155 643 000;B01;3;60;0;2;2;1;5;
202300021189;155 642 997;A01;3;7;0;0;4;2;1;
202300021189;155 642 998;B01;3;7;0;0;1;2;1;
202300021190;155 642 995;B01;3;50;0;2;8;25;3;
202300021190;155 642 996;A01;3;0;0;2;1;9;0;
202300021191;155 642 994;A01;1;7;0;1;2;16;1;
202300021192;155 642 992;A01;1;7;0;2;0;1;1;
202300021192;155 642 993;B01;1;33;0;2;1;3;1;
202300021193;155 642 991;A01;1;33;0;0;0;1;1;
202300021194;155 642 988;C01;1;7;0;2;4;1;1;
202300021194;155 642 989;B01;1;7;0;2;4;1;2;
202300021194;155 642 990;A01;1;7;0;2;1;1;1;
202300021195;155 642 986;A01;2;10;0;2;2;1;1;
202300021195;155 642 987;B01;2;7;0;2;4;2;1;
202300021196;155 642 984;A01;1;31;0;2;8;1;3;
202300021196;155 642 985;Z01;1;7;0;2;7;0;0;
202300021197;155 642 982;A01;1;7;0;2;8;9;1;
202300021197;155 642 983;B01;1;17;0;2;2;1;1;
202300021198;155 642 981;A01;1;43;3;0;3;16;1;
202300021199;155 642 980;A01;1;7;3;0;1;1;0;
202300021200;155 642 979;A01;2;32;0;2;2;3;3;
202300021201;155 642 976;A01;2;0;0;2;0;3;0;
202300021201;155 642 977;B01;2;43;0;2;7;3;1;
202300021201;155 642 978;C01;2;7;0;2;3;1;2;
202300021202;155 642 974;A01;1;33;1;0;2;2;1;
202300021202;155 642 975;B01;1;7;0;2;6;23;1;
202300021203;155 642 972;A01;2;33;0;2;7;3;1;
202300021203;155 642 973;B01;2;7;0;2;8;11;1;
202300021204;155 642 970;A01;1;30;0;2;1;1;1;
202300021204;155 642 971;B01;1;7;0;2;6;23;1;
202300021205;155 642 969;A01;0;7;13;0;0;14;1;
202300021206;155 642 967;B01;2;32;0;2;1;1;1;
202300021206;155 642 968;A01;1;7;0;2;0;0;1;
202300021207;155 642 965;A01;2;10;0;2;1;1;1;
202300021207;155 642 966;B01;2;1;0;2;7;19;5;
202300021208;155 642 963;A01;3;33;0;2;0;21;1;
202300021208;155 642 964;B01;1;7;0;2;0;15;1;
202300021209;155 642 961;A01;1;7;0;2;1;2;1;
202300021209;155 642 962;B01;1;7;0;2;4;23;1;
202300021210;155 642 959;A01;2;7;0;2;5;9;1;
202300021210;155 642 960;B01;2;2;0;2;1;1;1;
202300021211;155 642 957;A01;1;7;0;2;2;26;1;
202300021211;155 642 958;B01;1;32;0;2;1;21;1;
202300021212;155 642 956;A01;2;7;0;1;2;1;1;
202300021213;155 642 954;B01;1;17;0;2;6;1;1;
202300021213;155 642 955;A01;2;7;0;2;3;13;1;
202300021214;155 642 952;A01;1;7;0;2;4;23;1;
202300021214;155 642 953;Z01;1;7;0;2;1;2;1;
202300021215;155 642 951;A01;2;7;15;0;2;14;0;
202300021216;155 642 949;A01;1;7;0;2;5;12;1;
202300021216;155 642 950;B01;1;33;0;2;1;3;1;
202300021217;155 642 944;E01;2;7;0;2;4;1;2;
202300021217;155 642 945;B01;2;7;0;2;3;1;1;
202300021217;155 642 946;C01;2;31;0;2;4;3;1;
202300021217;155 642 947;D01;2;7;0;2;4;1;2;
202300021217;155 642 948;A01;2;33;0;2;2;3;1;
202300021218;155 642 941;C01;1;33;0;2;1;1;1;
202300021218;155 642 942;A01;1;43;0;2;3;13;1;
202300021218;155 642 943;B01;1;7;0;0;5;1;1;
202300021219;155 642 938;C01;1;10;0;2;4;2;1;
202300021219;155 642 939;A01;1;7;0;2;1;2;1;
202300021219;155 642 940;B01;1;7;0;2;4;2;1;
202300021220;155 642 936;A01;1;7;0;2;3;16;2;
202300021220;155 642 937;B01;2;50;0;2;1;1;3;
202300021221;155 642 934;B01;1;7;0;2;1;16;1;
202300021221;155 642 935;A01;2;7;0;2;7;1;2;
202300021222;155 642 932;B01;0;7;0;2;6;24;2;
202300021222;155 642 933;A01;1;31;1;2;3;22;1;
202300021223;155 642 930;A01;1;7;0;2;2;2;1;
202300021223;155 642 931;B01;1;7;0;2;4;2;0;
202300021224;155 642 929;Z01;1;7;0;1;1;1;0;
202300021225;155 642 927;B01;2;1;0;2;1;1;5;
202300021225;155 642 928;A01;1;7;0;2;2;10;2;
202300021226;155 642 925;B01;2;31;0;2;3;1;1;
202300021226;155 642 926;A01;1;7;0;2;1;15;1;
202300021227;155 642 924;A01;1;50;0;1;1;17;3;
202300021228;155 642 922;A01;3;31;0;2;1;2;1;
202300021228;155 642 923;B01;3;7;0;2;2;15;1;
202300021229;155 642 919;C01;3;7;0;2;4;2;1;
202300021229;155 642 920;A01;3;7;0;2;1;2;1;
202300021229;155 642 921;B01;3;33;0;2;4;2;1;
202300021230;155 642 917;B01;2;50;0;2;3;2;3;
202300021230;155 642 918;A01;2;50;0;2;7;2;3;
202300021231;155 642 916;A01;3;30;0;1;1;1;3;
202300021232;155 642 915;A01;1;7;1;0;2;2;1;
202300021233;155 642 913;B01;1;32;1;2;2;17;1;
202300021233;155 642 914;A01;1;7;1;2;3;15;1;
202300021234;155 642 912;A01;3;2;0;0;1;1;1;
202300021235;155 642 911;A01;3;7;8;0;1;19;0;
202300021236;155 642 910;A01;2;3;0;1;1;1;3;
202300021237;155 642 908;B01;2;60;0;2;1;1;3;
202300021237;155 642 909;A01;2;7;0;2;6;15;1;
202300021238;155 642 906;A01;3;7;0;2;2;1;1;
202300021238;155 642 907;B01;3;7;0;2;3;26;1;
202300021239;155 642 904;B01;2;50;0;0;1;15;3;
202300021239;155 642 905;A01;1;7;0;0;3;1;1;
202300021240;155 642 902;A01;1;7;0;2;1;1;1;
202300021240;155 642 903;B01;1;7;0;2;4;1;1;
202300021241;155 642 900;A01;1;7;0;0;6;1;1;
202300021241;155 642 901;B01;1;99;0;2;1;0;1;
202300021242;155 642 897;A01;-1;7;0;9;7;2;0;
202300021242;155 642 898;B01;-1;1;0;0;8;2;5;
202300021242;155 642 899;C01;-1;1;0;0;8;2;5;
202300021243;155 642 896;A01;1;7;2;0;1;1;1;
202300021244;155 642 894;A01;1;10;0;2;1;2;1;
202300021244;155 642 895;B01;1;7;0;0;4;1;1;
202300021245;155 642 892;A01;1;7;0;0;1;0;0;
202300021245;155 642 893;B01;3;7;2;0;2;1;1;
202300021246;155 642 890;A01;1;7;0;2;2;15;1;
202300021246;155 642 891;B01;2;7;0;2;1;1;1;
202300021247;155 642 888;B01;1;1;0;2;4;2;5;
202300021247;155 642 889;A01;1;7;0;9;1;2;1;
202300021248;155 642 887;A01;2;7;2;0;9;1;1;
202300021249;155 642 886;A01;2;7;8;0;4;13;1;
202300021250;155 642 885;A01;1;7;4;0;3;1;1;
202300021251;155 642 884;A01;1;33;15;9;1;13;1;
202300021252;155 642 883;A01;1;7;13;0;1;1;1;
202300021253;155 642 881;A01;1;7;13;0;4;15;1;
202300021253;155 642 882;B01;1;7;-1;2;1;1;1;
202300021254;155 642 880;A01;0;7;13;0;1;21;1;
202300021255;155 642 879;A01;2;7;13;0;2;13;1;
202300021256;155 642 878;A01;1;7;0;0;9;1;0;
202300021257;155 642 877;A01;1;7;0;0;0;1;0;
202300021258;155 642 875;A01;1;1;13;0;4;0;5;
202300021258;155 642 876;B01;1;7;0;2;2;1;1;
202300021259;155 642 874;A01;1;33;13;0;3;1;1;
202300021260;155 642 872;A01;3;7;0;2;2;19;1;
202300021260;155 642 873;B01;3;1;0;2;1;16;5;
202300021261;155 642 870;A01;2;7;0;2;7;15;1;
202300021261;155 642 871;B01;1;15;12;2;1;1;1;
202300021262;155 642 867;A01;2;7;1;2;9;1;1;
202300021262;155 642 868;B01;2;7;0;1;7;24;1;
202300021263;155 642 866;A01;1;30;13;0;7;1;1;
202300021264;155 642 865;A01;1;7;13;0;7;1;1;
202300021265;155 642 863;A01;1;1;0;0;0;0;5;
202300021265;155 642 864;B01;1;10;0;2;3;2;0;
202300021266;155 642 862;A01;1;10;0;1;3;1;1;
202300021267;155 642 859;A01;1;7;0;2;5;11;1;
202300021267;155 642 860;B01;2;2;0;0;1;1;1;
202300021268;155 642 858;A01;2;7;2;0;1;14;1;
202300021269;155 642 857;A01;2;7;6;0;1;2;1;
202300021270;155 642 855;A01;2;33;0;2;1;1;1;
202300021270;155 642 856;B01;1;7;0;2;3;1;1;
202300021271;155 642 853;A01;1;7;0;2;3;13;1;
202300021271;155 642 854;B01;2;7;0;2;2;1;1;
202300021272;155 642 851;B01;2;1;0;2;4;2;5;
202300021272;155 642 852;A01;2;10;0;2;2;2;1;
202300021273;155 642 849;A01;1;7;0;2;1;1;2;
202300021273;155 642 850;B01;1;80;0;0;4;1;3;
202300021274;155 642 847;A01;1;7;0;2;6;15;1;
202300021274;155 642 848;B01;1;2;0;2;2;1;1;
202300021275;155 642 845;A01;1;33;0;2;1;1;1;
202300021275;155 642 846;B01;2;7;0;2;3;15;1;
202300021276;155 642 842;C01;2;7;0;0;4;1;1;
202300021276;155 642 843;A01;2;7;0;2;1;2;1;
202300021276;155 642 844;B01;2;7;0;2;4;1;1;
202300021277;155 642 841;A01;2;33;3;0;8;1;1;
202300021278;155 642 837;D01;2;7;14;0;0;1;1;
202300021278;155 642 838;B01;2;7;0;0;4;1;3;
202300021278;155 642 839;A01;2;7;0;2;1;11;1;
202300021278;155 642 840;C01;2;15;0;0;0;1;6;
202300021279;155 642 836;A01;2;10;13;0;7;14;1;
202300021280;155 642 834;B01;1;3;13;2;4;2;1;
202300021280;155 642 835;A01;1;7;0;2;2;2;1;
202300021281;155 642 833;A01;2;7;4;0;1;0;1;
202300021282;155 642 831;A01;2;7;0;2;3;9;0;
202300021282;155 642 832;B01;2;37;0;2;3;1;0;1
202300021283;155 642 830;A01;2;7;0;1;2;1;1;
202300021284;155 642 829;A01;1;7;2;0;7;13;1;
202300021285;155 642 828;A01;2;7;3;0;2;1;1;
202300021286;155 642 826;A01;0;7;0;2;1;19;2;
202300021286;155 642 827;B01;1;7;0;2;8;1;1;
202300021287;155 642 824;A01;0;7;0;2;2;9;1;
202300021287;155 642 825;B01;0;1;0;2;7;1;5;
202300021288;155 642 822;B01;3;31;0;2;2;1;1;
202300021288;155 642 823;A01;3;10;0;2;4;4;1;
202300021289;155 642 820;B01;1;2;0;2;0;11;0;
202300021289;155 642 821;A01;1;7;0;2;2;1;1;
202300021290;155 642 818;B01;1;7;0;2;1;2;1;
202300021290;155 642 819;A01;1;7;0;2;4;2;1;
202300021291;155 642 816;B01;1;33;0;2;8;1;1;
202300021291;155 642 817;A01;1;7;0;2;7;12;1;
202300021292;155 642 813;B01;1;7;0;2;4;2;1;
202300021292;155 642 814;C01;1;7;0;2;4;2;1;
202300021292;155 642 815;A01;1;7;0;2;1;2;1;
202300021293;155 642 811;B01;2;33;0;2;3;3;0;
202300021293;155 642 812;A01;2;7;0;2;5;12;0;
202300021294;155 642 809;A01;2;7;0;2;6;1;1;
202300021294;155 642 810;Z01;2;13;0;2;0;0;0;
202300021295;155 642 806;C01;1;7;0;2;7;1;1;
202300021295;155 642 807;A01;1;7;0;2;1;9;1;
202300021295;155 642 808;B01;1;33;0;2;1;1;1;
202300021296;155 642 805;A01;2;32;0;0;1;2;1;
202300021297;155 642 803;B01;2;7;0;2;4;26;1;
202300021297;155 642 804;A01;2;10;0;2;1;1;1;
202300021298;155 642 801;A01;2;33;0;2;1;9;1;
202300021298;155 642 802;B01;2;7;0;2;7;2;1;
202300021299;155 642 798;A01;2;10;0;2;1;1;1;
202300021299;155 642 799;B01;2;7;0;2;4;2;1;
202300021299;155 642 800;C01;2;10;0;2;4;2;1;
202300021300;155 642 797;A01;2;7;0;2;3;13;1;
202300021301;155 642 795;B01;1;7;0;2;1;1;1;
202300021301;155 642 796;A01;1;7;0;2;1;1;1;
202300021302;155 642 794;A01;1;31;0;0;2;14;1;
202300021303;155 642 792;B01;2;31;0;2;2;3;1;
202300021303;155 642 793;A01;2;7;0;2;5;12;1;
202300021304;155 642 789;A01;2;7;0;2;7;16;1;
202300021304;155 642 790;C01;2;7;0;2;4;1;1;
202300021304;155 642 791;B01;2;33;0;2;1;3;1;
202300021305;155 642 784;C01;2;10;0;2;8;1;1;
202300021305;155 642 785;B01;2;10;0;2;5;1;1;
202300021305;155 642 786;D01;2;7;0;2;8;23;1;
202300021305;155 642 787;E01;2;7;0;2;6;26;2;
202300021305;155 642 788;A01;2;7;0;2;1;3;1;
202300021306;155 642 782;A01;1;7;0;2;1;2;1;
202300021306;155 642 783;B01;1;13;0;2;5;2;1;
202300021307;155 642 781;A01;1;7;4;0;8;1;1;
202300021308;155 642 779;A01;2;7;0;2;7;12;1;
202300021308;155 642 780;B01;2;33;0;2;8;18;1;
202300021309;155 642 776;C01;1;7;0;2;6;1;1;
202300021309;155 642 777;A01;1;7;0;2;8;11;1;
202300021309;155 642 778;B01;1;33;0;2;7;3;1;
202300021310;155 642 774;A01;1;33;0;2;2;3;1;
202300021310;155 642 775;B01;2;31;0;2;3;1;1;
202300021311;155 642 772;A01;2;10;0;2;3;16;1;
202300021311;155 642 773;B01;1;31;0;2;3;16;1;
202300021312;155 642 770;B01;1;7;0;2;4;2;1;
202300021312;155 642 771;A01;1;7;0;2;1;2;1;
202300021313;155 642 768;A01;2;50;0;2;8;18;3;
202300021313;155 642 769;B01;2;7;0;9;7;14;1;
202300021314;155 642 766;B01;1;7;0;2;3;1;1;
202300021314;155 642 767;A01;2;7;0;2;3;16;1;
202300021315;155 642 765;A01;1;7;0;1;3;0;1;
202300021316;155 642 763;A01;1;7;0;2;1;1;1;
202300021316;155 642 764;B01;1;7;0;2;4;1;1;
202300021317;155 642 760;A01;1;7;0;2;1;26;1;
202300021317;155 642 761;B01;1;7;0;2;4;1;2;
202300021317;155 642 762;C01;1;7;0;2;4;1;1;
202300021318;155 642 759;A01;2;7;0;1;8;1;1;
202300021319;155 642 757;B01;1;10;0;2;3;15;1;
202300021319;155 642 758;A01;2;7;0;2;2;2;1;
202300021320;155 642 756;A01;1;7;4;2;9;13;1;
202300021321;155 642 755;A01;0;7;0;1;2;9;1;
202300021322;155 642 749;B01;0;33;0;2;1;1;0;
202300021322;155 642 750;A01;0;7;0;2;3;15;0;
202300021323;155 642 747;A01;3;43;0;2;3;1;1;
202300021323;155 642 748;B01;3;10;0;0;0;0;1;
202300021324;155 642 745;A01;2;7;0;2;7;15;1;
202300021324;155 642 746;B01;1;33;0;2;1;1;1;
202300021325;155 642 742;A01;1;7;0;1;1;15;1;
202300021326;155 642 739;A01;1;7;0;2;1;1;1;
202300021326;155 642 740;B01;2;50;0;2;7;1;3;
202300021326;155 642 741;C01;1;7;0;2;1;1;1;
202300021327;155 642 737;B01;2;7;0;2;1;1;1;
202300021327;155 642 738;A01;3;7;0;2;2;15;1;
202300021328;155 642 734;A01;1;7;0;2;1;1;1;
202300021328;155 642 735;C01;1;7;0;2;4;1;1;
202300021328;155 642 736;B01;1;7;0;2;4;1;1;
202300021329;155 642 732;B01;1;7;0;1;4;23;0;
202300021329;155 642 733;A01;1;7;14;2;2;2;0;
202300021330;155 642 731;A01;3;10;8;0;1;1;1;
202300021331;155 642 730;A01;3;7;2;0;1;0;1;
202300021332;155 642 729;A01;1;10;0;1;2;1;1;
202300021333;155 642 727;A01;2;30;0;2;1;1;1;
202300021333;155 642 728;B01;2;7;0;2;2;9;1;
202300021334;155 642 725;A01;2;10;0;2;3;15;1;