Num_Acc;id_vehicule;num_veh;senc;catv;obs;obsm;choc;manv;motor;occutc
202300022759;155 640 235;A01;1;7;0;1;1;1;1;
202300022760;155 640 237;A01;3;10;0;2;2;1;1;
202300022760;155 640 239;B01;3;7;0;2;3;1;1;
202300022761;155 640 234;A01;2;7;0;2;1;2;1;
202300022761;155 640 236;B01;2;7;0;2;4;2;3;
202300022762;155 640 232;A01;1;7;5;0;2;0;1;
202300022763;155 640 233;A01;1;7;0;1;8;1;1;
202300022764;155 640 229;A01;3;30;0;2;7;1;3;
202300022764;155 640 231;B01;3;37;0;2;1;1;1;1
202300022765;155 640 227;B01;2;7;0;2;3;2;1;
202300022765;155 640 230;A01;2;1;0;2;2;19;5;
202300022766;155 640 226;A01;1;50;0;2;0;21;3;
202300022766;155 640 228;Z01;1;7;0;2;0;15;1;
202300022767;155 640 223;B01;2;7;0;2;1;1;1;
202300022767;155 640 225;A01;1;50;0;2;3;19;3;
202300022768;155 640 222;A01;3;7;0;2;1;2;1;
202300022768;155 640 224;B01;3;7;0;2;4;23;1;
202300022769;155 640 219;B01;2;33;0;2;1;1;1;
202300022769;155 640 221;A01;1;7;0;2;8;15;1;
202300022770;155 640 217;A01;1;7;0;2;2;15;1;
202300022770;155 640 220;B01;2;7;0;2;1;1;2;
202300022771;155 640 215;B01;2;7;0;2;4;2;1;
202300022771;155 640 216;C01;2;7;0;2;4;2;1;
202300022771;155 640 218;A01;2;7;0;2;1;2;1;
202300022772;155 640 212;Z01;1;7;0;2;1;1;0;
202300022772;155 640 213;B01;1;7;0;2;4;2;1;
202300022773;155 640 211;B01;1;33;0;2;1;1;1;
202300022773;155 640 214;A01;1;7;0;2;7;1;1;
202300022774;155 640 209;A01;3;15;0;2;1;9;1;
202300022774;155 640 210;B01;3;10;0;2;4;9;1;
202300022775;155 640 208;A01;2;7;0;1;8;1;1;
202300022776;155 640 207;A01;1;7;0;1;3;1;1;
202300022777;155 640 205;A01;1;7;0;9;1;1;1;
202300022777;155 640 206;B01;1;1;0;2;1;19;5;
202300022778;155 640 202;A01;0;7;0;2;7;1;1;
202300022778;155 640 204;B01;0;7;0;2;1;0;1;
202300022779;155 640 201;A01;1;7;0;2;3;10;1;
202300022779;155 640 203;B01;1;33;0;2;2;1;1;
202300022780;155 640 199;B01;1;30;0;2;8;1;1;
202300022780;155 640 200;A01;2;7;0;2;0;15;1;
202300022781;155 640 197;A01;1;7;0;1;2;1;1;
202300022782;155 640 196;B01;0;7;0;2;4;1;1;
202300022782;155 640 198;A01;0;10;0;2;1;1;1;
202300022783;155 640 192;B01;0;7;0;9;0;1;1;
202300022783;155 640 194;A01;0;50;0;2;1;1;3;
202300022784;155 640 191;C01;1;7;0;2;4;1;1;
202300022784;155 640 193;A01;1;7;0;2;1;2;1;
202300022784;155 640 195;B01;1;7;0;2;4;2;1;
202300022785;155 640 188;A01;0;33;0;2;1;1;1;
202300022785;155 640 190;B01;0;7;0;2;5;1;1;
202300022786;155 640 185;A01;2;7;0;2;7;15;1;
202300022786;155 640 187;B01;1;7;0;2;1;1;1;
202300022787;155 640 186;B01;3;1;0;2;7;1;5;
202300022787;155 640 189;A01;3;7;0;2;7;15;0;
202300022788;155 640 184;A01;1;30;8;0;5;14;5;
202300022789;155 640 182;A01;1;7;0;2;4;26;1;
202300022790;155 640 180;B01;3;7;0;2;2;1;1;
202300022790;155 640 183;A01;3;7;0;2;1;15;0;
202300022791;155 640 179;B01;1;7;0;2;3;1;1;
202300022791;155 640 181;A01;1;7;0;2;7;9;1;
202300022792;155 640 178;A01;2;7;0;1;3;1;1;
202300022793;155 640 174;B01;1;32;0;2;8;1;1;
202300022793;155 640 177;A01;1;7;0;2;1;15;1;
202300022794;155 640 173;A01;3;7;0;2;6;24;1;
202300022794;155 640 176;B01;3;1;1;0;1;1;5;
202300022795;155 640 172;A01;0;7;0;2;7;15;1;
202300022795;155 640 175;B01;1;7;0;2;2;1;1;
202300022796;155 640 168;A01;1;10;0;1;3;1;1;
202300022797;155 640 169;A01;3;7;0;2;3;13;1;
202300022797;155 640 171;B01;3;7;0;2;8;1;1;
202300022798;155 640 167;A01;1;10;0;2;3;15;1;
202300022798;155 640 170;B01;1;7;0;2;7;1;1;
202300022799;155 640 164;A01;1;7;0;2;1;16;1;
202300022799;155 640 166;B01;1;7;0;2;2;15;1;
202300022800;155 640 162;A01;2;7;0;2;8;10;1;
202300022800;155 640 165;B01;2;17;0;2;1;1;1;
202300022801;155 640 163;A01;3;7;9;0;2;1;1;
202300022802;155 640 161;A01;1;7;0;1;1;1;1;
202300022803;155 640 158;A01;1;7;0;2;3;9;2;
202300022803;155 640 160;B01;1;50;0;2;1;15;3;
202300022804;155 640 157;A01;3;7;0;2;0;2;3;
202300022804;155 640 159;B01;3;50;0;2;1;1;3;
202300022805;155 640 155;A01;2;50;0;2;7;1;3;
202300022805;155 640 156;B01;1;7;0;2;1;1;1;
202300022806;155 640 154;A01;2;7;0;1;2;1;1;
202300022807;155 640 153;A01;0;7;2;0;7;1;1;
202300022808;155 640 152;A01;2;7;0;1;1;15;1;
202300022809;155 640 150;B01;1;7;0;2;3;0;0;
202300022809;155 640 151;A01;2;30;0;2;1;13;0;
202300022810;155 640 148;A01;1;10;0;1;7;16;1;
202300022811;155 640 147;A01;3;7;0;2;2;15;1;
202300022811;155 640 149;B01;3;1;0;2;1;26;5;
202300022812;155 640 142;A01;1;43;14;0;1;13;1;
202300022813;155 640 141;B01;1;10;13;2;1;1;1;
202300022813;155 640 143;A01;2;10;13;2;1;1;1;
202300022814;155 640 139;B01;1;7;0;2;1;1;0;
202300022814;155 640 140;A01;2;7;0;2;7;15;0;
202300022815;155 640 137;A01;1;7;9;0;1;14;1;
202300022816;155 640 136;A01;1;7;9;0;1;13;1;
202300022817;155 640 135;A01;3;10;0;2;2;15;0;
202300022817;155 640 138;B01;3;1;0;2;0;1;5;
202300022818;155 640 132;A01;3;7;0;1;2;1;0;
202300022819;155 640 130;A01;1;30;0;2;3;2;1;
202300022819;155 640 131;B01;1;7;0;2;7;20;1;
202300022820;155 640 133;Y01;3;1;0;2;4;5;5;
202300022820;155 640 134;A01;3;10;0;2;4;4;1;
202300022821;155 640 128;A01;1;7;0;2;2;20;1;
202300022821;155 640 129;B01;1;1;0;2;0;1;5;
202300022822;155 640 126;Z01;3;2;0;1;2;1;0;
202300022823;155 640 123;B01;3;7;0;2;8;1;1;
202300022823;155 640 127;A01;3;7;0;2;1;26;1;
202300022824;155 640 124;A01;3;1;0;2;8;17;5;
202300022824;155 640 125;B01;3;7;0;2;1;1;1;
202300022825;155 640 122;A01;3;7;0;1;8;20;1;
202300022826;155 640 121;A01;1;7;0;1;1;1;1;
202300022827;155 640 120;A01;3;7;0;1;8;1;6;
202300022828;155 640 118;A01;0;7;0;1;3;1;1;
202300022829;155 640 119;A01;3;7;0;1;3;1;1;
202300022830;155 640 115;A01;3;2;0;2;1;1;1;
202300022830;155 640 117;B01;3;7;0;2;3;1;1;
202300022831;155 640 114;B01;0;37;0;0;0;0;1;2
202300022831;155 640 116;A01;0;7;0;0;0;0;1;
202300022832;155 640 112;B01;3;33;0;2;7;1;0;
202300022832;155 640 113;A01;3;7;0;2;1;1;1;
202300022833;155 640 110;A01;0;7;0;2;1;26;1;
202300022833;155 640 111;B01;0;7;0;2;1;0;1;
202300022834;155 640 108;A01;2;7;0;2;2;1;1;
202300022834;155 640 109;B01;1;1;0;2;8;5;5;
202300022835;155 640 106;A01;1;7;1;0;1;14;1;
202300022836;155 640 105;B01;2;7;0;2;1;1;1;
202300022836;155 640 107;A01;2;30;0;2;1;9;1;
202300022837;155 640 104;A01;1;33;16;0;8;1;1;
202300022838;155 640 101;A01;2;7;4;2;9;13;1;
202300022838;155 640 102;B01;2;7;0;2;1;1;1;
202300022839;155 640 100;A01;2;7;0;1;1;15;1;
202300022840;155 640 097;A01;2;10;0;2;1;5;1;
202300022840;155 640 099;B01;2;7;0;2;1;16;1;
202300022841;155 640 096;B01;1;1;0;2;1;9;5;
202300022841;155 640 098;A01;2;7;0;2;3;9;1;
202300022842;155 640 094;A01;1;7;0;2;5;16;1;
202300022842;155 640 095;B01;1;50;0;2;3;1;3;
202300022843;155 640 091;A01;2;7;0;1;1;26;0;
202300022844;155 640 090;A01;1;50;0;2;2;26;3;
202300022844;155 640 092;B01;1;1;0;2;8;26;5;
202300022845;155 640 089;A01;1;33;0;1;2;1;1;
202300022846;155 640 088;A01;1;7;2;0;1;1;1;
202300022847;155 640 087;A01;1;7;0;1;3;1;1;
202300022848;155 640 082;B01;2;15;0;2;4;2;1;
202300022848;155 640 084;A01;2;17;0;2;1;2;0;
202300022848;155 640 086;C01;2;15;0;2;1;2;1;
202300022849;155 640 083;A01;0;50;0;2;7;10;3;
202300022849;155 640 085;B01;1;32;0;9;1;1;1;
202300022850;155 640 079;A01;3;30;0;2;1;5;1;
202300022850;155 640 080;B01;3;7;0;2;3;0;1;
202300022851;155 640 078;B01;3;7;0;2;4;1;1;
202300022851;155 640 081;A01;3;7;0;2;1;1;1;
202300022852;155 640 077;A01;1;14;0;9;2;16;1;
202300022853;155 640 075;A01;0;10;0;2;2;16;1;
202300022853;155 640 076;B01;0;80;0;0;1;19;3;
202300022854;155 640 072;B01;0;32;0;2;1;1;1;
202300022854;155 640 074;A01;0;7;0;2;3;19;1;
202300022855;155 640 071;A01;0;10;0;0;0;0;0;
202300022855;155 640 073;B01;2;50;0;2;7;0;3;
202300022856;155 640 069;A01;1;7;9;0;1;2;1;
202300022857;155 640 068;A01;1;7;0;9;3;2;1;
202300022857;155 640 070;B01;1;1;0;2;1;1;5;
202300022858;155 640 064;A01;1;7;0;2;3;13;1;
202300022858;155 640 065;B01;2;14;0;2;3;1;1;
202300022859;155 640 063;A01;0;33;13;0;8;1;1;
202300022860;155 640 062;A01;1;7;0;1;7;1;1;
202300022861;155 640 061;Z01;2;7;0;1;3;1;0;
202300022862;155 640 059;A01;1;50;12;0;7;1;3;
202300022863;155 640 058;A01;1;7;1;0;1;1;1;
202300022863;155 640 060;B01;1;7;1;2;6;24;1;
202300022864;155 640 056;A01;1;30;0;2;1;1;1;
202300022864;155 640 057;B01;2;7;0;2;2;15;1;
202300022865;155 640 055;A01;1;7;16;0;1;1;1;
202300022866;155 640 052;A01;2;30;0;2;1;1;1;
202300022866;155 640 053;B01;1;7;0;2;6;10;1;
202300022867;155 640 054;A01;1;7;0;1;2;15;1;
202300022868;155 640 048;C01;1;7;0;2;2;16;1;
202300022868;155 640 050;A01;1;2;1;0;1;21;1;
202300022868;155 640 051;B01;1;7;0;2;4;24;1;
202300022869;155 640 047;A01;1;7;1;2;7;2;1;
202300022869;155 640 049;C01;1;7;0;2;4;2;1;
202300022870;155 640 044;A01;2;7;0;2;1;1;1;
202300022870;155 640 046;B01;0;31;0;2;7;1;1;
202300022871;155 640 043;A01;3;7;0;2;7;15;0;
202300022871;155 640 045;B01;3;33;0;2;1;1;0;
202300022872;155 640 041;A01;1;7;0;2;2;15;1;
202300022872;155 640 042;B01;2;1;0;2;1;2;5;
202300022873;155 640 039;A01;3;10;0;1;2;26;1;
202300022874;155 640 040;A01;2;33;0;1;1;1;1;
202300022875;155 640 038;Z01;3;50;0;1;1;0;3;
202300022876;155 640 036;B01;3;7;0;2;0;0;0;
202300022876;155 640 037;A01;2;50;0;2;1;26;3;
202300022877;155 640 033;B01;1;2;0;2;0;0;1;
202300022877;155 640 035;A01;1;10;0;2;0;0;1;
202300022878;155 640 032;A01;1;30;0;2;4;9;1;
202300022878;155 640 034;Z01;1;33;0;2;4;1;1;
202300022879;155 640 031;A01;3;33;1;0;0;1;1;
202300022880;155 640 030;A01;2;7;13;0;1;1;1;
202300022881;155 640 027;B01;3;7;0;2;1;1;1;
202300022881;155 640 029;A01;3;50;0;2;7;1;3;
202300022882;155 640 026;B01;2;31;0;2;3;1;1;
202300022882;155 640 028;A01;2;7;0;2;3;15;2;
202300022883;155 640 022;B01;1;7;0;2;4;1;1;
202300022883;155 640 024;C01;1;7;0;2;4;1;1;
202300022883;155 640 025;A01;1;7;0;2;1;1;1;
202300022884;155 640 019;A01;2;31;0;2;1;5;1;
202300022884;155 640 020;B01;1;7;0;2;3;19;1;
202300022885;155 640 021;A01;3;1;0;2;2;15;5;
202300022885;155 640 023;Z01;3;2;0;2;3;1;0;
202300022886;155 640 017;A01;3;99;0;9;0;0;0;
202300022886;155 640 018;B01;3;1;0;2;8;1;5;
202300022887;155 640 014;A01;1;7;0;2;1;2;1;
202300022887;155 640 015;B01;1;7;0;2;4;23;1;
202300022887;155 640 016;C01;1;7;0;2;4;23;1;
202300022888;155 640 013;A01;1;40;0;1;3;1;3;
202300022889;155 640 012;A01;2;50;16;0;9;1;3;
202300022890;155 640 008;A01;1;33;0;2;8;1;1;
202300022890;155 640 009;B01;1;7;0;2;6;11;1;
202300022890;155 640 010;C01;1;7;0;2;7;1;1;
202300022891;155 640 011;A01;3;80;0;1;1;1;3;
202300022892;155 640 007;A01;3;30;0;0;0;1;1;
202300022893;155 640 006;A01;1;1;0;1;1;1;5;
202300022894;155 640 002;A01;0;33;15;0;7;0;1;
202300022894;155 640 003;B01;3;37;0;2;1;0;1;2
202300022895;155 639 999;A01;0;7;0;2;1;1;1;
202300022895;155 640 000;B01;0;1;0;2;1;1;5;
202300022896;155 639 997;A01;1;7;13;0;1;1;1;
202300022897;155 639 998;A01;1;10;0;2;4;4;1;
202300022897;155 640 001;B01;1;1;0;2;1;1;5;
202300022898;155 639 996;A01;2;7;0;1;2;17;1;
202300022899;155 639 995;A01;1;7;0;1;1;1;1;
202300022900;155 639 992;A01;1;1;0;2;1;0;5;
202300022900;155 639 993;B01;1;7;0;2;5;1;1;
202300022901;155 639 989;B01;1;7;0;2;5;1;1;
202300022901;155 639 991;A01;2;7;0;2;1;9;2;
202300022902;155 639 990;Z01;2;10;0;2;2;16;0;
202300022902;155 639 994;A01;2;30;0;2;3;1;3;
202300022903;155 639 987;B01;3;7;0;2;8;2;1;
202300022903;155 639 988;A01;3;7;0;2;7;19;1;
202300022904;155 639 986;A01;2;7;0;1;3;1;1;
202300022905;155 639 985;A01;1;7;0;1;5;9;1;
202300022906;155 639 984;A01;2;7;0;1;8;1;1;
202300022907;155 639 982;A01;2;7;0;2;1;15;1;
202300022907;155 639 983;B01;1;1;0;2;1;1;5;
202300022908;155 639 981;A01;2;7;0;1;1;16;1;
202300022909;155 639 980;A01;1;10;0;1;2;15;1;
202300022910;155 639 979;A01;2;7;0;1;2;1;1;
202300022911;155 639 978;A01;1;99;3;0;1;14;1;
202300022912;155 639 974;B01;0;33;0;2;8;1;1;
202300022912;155 639 975;A01;1;7;0;2;3;17;1;
202300022913;155 639 976;B01;2;80;0;2;1;13;3;
202300022913;155 639 977;A01;1;80;0;2;1;1;3;
202300022914;155 639 970;A01;2;10;0;2;1;15;1;
202300022914;155 639 972;B01;1;33;0;2;1;1;1;
202300022914;155 639 973;C01;1;31;0;2;1;1;1;
202300022915;155 639 969;A01;2;7;0;1;3;21;1;
202300022916;155 639 971;A01;1;43;0;1;1;17;1;
202300022917;155 639 967;B01;3;33;0;2;4;2;0;
202300022917;155 639 968;A01;3;33;0;2;1;2;1;
202300022918;155 639 964;A01;2;7;0;2;8;15;1;
202300022918;155 639 966;B01;2;32;0;2;7;17;1;
202300022919;155 639 963;B01;0;7;0;2;3;10;1;
202300022919;155 639 965;A01;0;33;0;2;2;2;1;
202300022920;155 639 962;Z01;1;10;0;1;6;20;3;
202300022921;155 639 961;A01;1;34;13;0;1;1;1;
202300022922;155 639 960;A01;2;60;1;0;2;25;5;
202300022923;155 639 959;A01;2;1;0;1;1;1;5;
202300022924;155 639 958;A01;3;33;0;0;7;26;0;
202300022925;155 639 954;B01;2;7;0;0;1;0;3;
202300022925;155 639 956;A01;2;50;0;2;1;13;3;
202300022926;155 639 955;A01;1;7;0;2;2;9;1;
202300022926;155 639 957;B01;1;33;0;2;1;1;1;
202300022927;155 639 951;Z01;1;7;0;2;2;15;1;
202300022927;155 639 953;A01;1;7;0;2;3;1;1;
202300022928;155 639 950;A01;0;30;0;2;0;23;1;
202300022928;155 639 952;B01;0;7;0;2;1;2;1;
202300022929;155 639 949;A01;0;10;0;1;4;20;1;
202300022930;155 639 948;Z01;3;10;0;1;0;0;0;
202300022931;155 639 945;A01;3;7;0;2;1;1;1;
202300022931;155 639 947;B01;3;33;0;2;8;1;1;
202300022932;155 639 944;A01;3;7;0;2;2;15;2;
202300022932;155 639 946;B01;1;7;9;2;8;1;0;
202300022933;155 639 943;A01;3;7;0;1;1;15;1;
202300022934;155 639 941;A01;2;7;0;2;2;10;1;
202300022934;155 639 942;B01;1;32;0;2;1;1;1;
202300022935;155 639 940;A01;3;3;2;1;1;1;1;
202300022936;155 639 938;A01;1;10;0;1;3;9;0;
202300022937;155 639 937;A01;1;7;9;2;4;4;1;
202300022937;155 639 939;B01;1;7;0;2;1;1;1;
202300022938;155 639 935;B01;2;38;0;2;3;2;1;1
202300022938;155 639 936;A01;1;7;0;2;5;16;0;
202300022939;155 639 932;B01;2;7;0;2;4;2;1;
202300022939;155 639 933;A01;2;7;0;2;1;1;1;
202300022940;155 639 930;B01;1;7;0;2;2;1;1;
202300022940;155 639 931;A01;1;32;0;2;0;0;1;
202300022941;155 639 925;D01;3;17;0;2;8;1;1;
202300022941;155 639 926;A01;1;7;0;2;2;2;1;
202300022941;155 639 928;B01;3;7;0;2;6;11;1;
202300022941;155 639 929;C01;3;7;0;2;6;1;1;
202300022942;155 639 924;A01;1;7;0;9;1;1;1;
202300022942;155 639 927;B01;2;99;0;2;2;1;0;
202300022943;155 639 922;A01;1;3;0;1;1;0;0;
202300022944;155 639 921;A01;1;10;0;0;0;16;1;
202300022944;155 639 923;B01;1;80;0;0;8;2;3;
202300022945;155 639 918;A01;3;7;0;2;2;2;4;
202300022945;155 639 920;B01;0;1;0;2;1;2;5;
202300022946;155 639 917;B01;3;7;0;2;8;13;1;
202300022946;155 639 919;A01;3;31;0;2;7;2;1;
202300022947;155 639 914;A01;3;10;0;2;1;1;1;
202300022947;155 639 915;B01;3;7;0;2;4;23;1;
202300022948;155 639 913;B01;3;43;0;2;1;1;1;
202300022948;155 639 916;A01;3;50;1;2;7;26;3;
202300022949;155 639 910;A01;1;31;0;2;2;17;2;
202300022949;155 639 912;B01;1;7;0;2;3;15;2;
202300022950;155 639 909;B01;3;50;0;2;1;1;3;
202300022950;155 639 911;Z01;3;7;0;2;8;15;1;
202300022951;155 639 908;A01;1;1;0;1;1;2;5;
202300022952;155 639 906;A01;3;14;0;2;1;12;1;
202300022952;155 639 907;B01;3;7;0;2;8;1;2;
202300022953;155 639 904;A01;1;2;0;2;8;7;3;
202300022953;155 639 905;B01;1;10;0;2;2;16;3;
202300022954;155 639 902;A01;1;33;0;4;1;1;1;
202300022954;155 639 903;B01;2;39;0;2;1;1;1;
202300022955;155 639 898;C01;2;7;0;2;8;23;1;
202300022955;155 639 900;A01;3;14;0;2;1;5;1;
202300022955;155 639 901;B01;3;31;0;2;2;1;1;
202300022956;155 639 897;B01;0;2;0;2;2;19;1;
202300022956;155 639 899;A01;0;7;0;2;1;1;1;
202300022957;155 639 895;A01;1;7;0;0;8;9;2;
202300022957;155 639 896;B01;1;1;0;0;0;1;5;
202300022958;155 639 893;A01;1;7;0;2;3;13;1;
202300022958;155 639 894;B01;2;7;0;2;3;1;1;
202300022959;155 639 891;B01;2;7;0;2;6;23;1;
202300022959;155 639 892;A01;2;7;0;2;2;1;0;
202300022960;155 639 887;B01;3;1;0;2;8;6;5;
202300022960;155 639 888;A01;2;7;0;2;1;15;2;
202300022961;155 639 885;A01;3;7;0;2;8;5;1;
202300022961;155 639 886;B01;3;7;0;2;3;1;1;
202300022962;155 639 883;A01;3;1;0;2;1;5;5;
202300022962;155 639 884;B01;3;1;0;2;1;1;5;
202300022963;155 639 880;B01;1;7;0;1;0;1;1;
202300022963;155 639 882;A01;1;7;0;1;2;1;1;
202300022964;155 639 879;A01;1;31;0;2;2;2;1;
202300022964;155 639 881;B01;1;7;0;2;6;2;1;
202300022965;155 639 876;A01;1;7;0;2;6;22;3;
202300022965;155 639 878;B01;1;31;0;2;1;2;1;
202300022966;155 639 875;B01;1;7;0;2;1;1;1;
202300022966;155 639 877;A01;2;7;0;2;2;15;1;
202300022967;155 639 871;A01;3;10;0;2;3;9;1;
202300022967;155 639 874;B01;3;10;0;2;8;2;1;
202300022968;155 639 872;A01;1;7;0;2;2;5;1;
202300022968;155 639 873;B01;1;7;0;2;1;1;1;
202300022969;155 639 869;A01;2;43;0;1;1;1;1;
202300022970;155 639 868;A01;1;7;0;2;2;13;1;
202300022970;155 639 870;B01;2;7;0;2;1;1;1;
202300022971;155 639 867;A01;1;7;0;1;3;1;3;
202300022972;155 639 863;A01;2;50;0;2;4;1;3;
202300022972;155 639 864;B01;2;80;0;2;1;1;3;
202300022973;155 639 858;B01;0;7;0;2;3;1;0;
202300022973;155 639 860;A01;0;30;0;2;1;1;0;
202300022974;155 639 859;B01;1;7;0;2;3;0;1;
202300022974;155 639 861;A01;2;7;0;2;2;1;1;
202300022975;155 639 857;A01;1;10;0;1;2;5;1;
202300022976;155 639 855;B01;1;7;0;0;3;1;1;
202300022976;155 639 856;A01;3;7;0;0;2;15;1;
202300022977;155 639 853;A01;0;50;0;2;1;0;3;
202300022977;155 639 854;B01;0;7;0;2;2;15;1;
202300022978;155 639 852;A01;2;7;2;0;1;0;1;
202300022979;155 639 851;B01;3;10;0;1;1;15;1;
202300022980;155 639 849;A01;2;7;0;2;3;1;3;
202300022980;155 639 850;B01;1;7;0;2;3;1;0;
202300022981;155 639 847;B01;1;50;12;2;1;1;3;
202300022981;155 639 848;A01;1;7;1;2;2;14;1;
202300022982;155 639 842;A01;3;7;0;2;3;10;1;
202300022982;155 639 844;B01;3;33;0;2;1;3;1;
202300022983;155 639 843;A01;2;7;0;2;3;13;1;
202300022983;155 639 845;B01;1;7;0;2;3;1;1;
202300022983;155 639 846;C01;1;7;0;2;1;1;1;
202300022984;155 639 841;A01;2;10;0;6;3;2;1;
202300022985;155 639 839;A01;2;32;0;0;0;1;1;
202300022985;155 639 840;B01;1;7;0;0;2;1;0;
202300022986;155 639 837;A01;1;7;0;2;1;13;1;
202300022986;155 639 838;B01;2;7;0;2;1;1;1;
202300022987;155 639 835;B01;2;1;0;2;7;18;5;
202300022987;155 639 836;A01;2;7;0;0;7;22;2;
202300022988;155 639 832;A01;1;7;0;2;0;0;0;
202300022988;155 639 834;B01;2;31;0;2;0;0;1;
202300022989;155 639 831;A01;2;7;0;2;3;1;1;
202300022989;155 639 833;B01;1;7;0;2;1;1;1;
202300022990;155 639 829;A01;0;7;0;2;2;0;0;
202300022990;155 639 830;B01;0;30;0;2;0;1;0;
202300022991;155 639 828;A01;0;80;12;0;1;13;3;
202300022992;155 639 826;B01;1;33;8;2;1;1;0;
202300022992;155 639 827;A01;1;33;8;2;4;2;0;
202300022993;155 639 825;A01;3;10;0;1;1;0;1;
202300022994;155 639 822;B01;1;10;0;2;1;1;1;
202300022994;155 639 824;A01;2;7;0;2;1;1;1;
202300022995;155 639 821;A01;3;7;0;2;2;1;1;
202300022995;155 639 823;B01;3;7;0;2;3;1;0;
202300022996;155 639 820;A01;1;33;2;0;7;1;1;
202300022997;155 639 819;A01;1;7;0;1;1;1;1;
202300022998;155 639 818;A01;2;7;15;0;9;14;1;
202300022999;155 639 816;A01;1;31;0;9;7;17;3;
202300022999;155 639 817;B01;1;99;0;2;8;13;0;
202300023000;155 639 814;A01;2;7;0;5;2;2;1;
202300023001;155 639 812;A01;1;2;0;2;6;21;1;
202300023001;155 639 813;B01;1;7;0;2;2;1;1;
202300023001;155 639 815;C01;1;7;0;0;0;9;2;
202300023002;155 639 808;A01;1;32;0;1;1;1;1;
202300023003;155 639 809;A01;1;7;6;2;3;5;1;
202300023003;155 639 810;B01;2;7;6;2;3;2;1;
202300023003;155 639 811;C01;2;7;6;2;3;2;1;
202300023004;155 639 807;A01;1;7;15;0;9;1;0;
202300023005;155 639 806;A01;3;7;0;1;1;26;1;
202300023006;155 639 805;A01;1;1;0;5;8;1;5;
202300023007;155 639 802;A01;1;10;0;2;1;2;1;
202300023007;155 639 803;B01;1;7;0;2;4;23;1;
202300023007;155 639 804;C01;1;7;0;2;4;23;1;
202300023008;155 639 801;A01;2;33;6;0;1;1;1;
202300023009;155 639 798;A01;1;33;0;2;1;1;1;
202300023009;155 639 800;B01;3;10;0;2;1;1;2;
202300023010;155 639 797;A01;2;7;0;2;3;15;1;
202300023010;155 639 799;B01;1;33;0;2;1;17;1;
202300023011;155 639 794;A01;1;2;12;0;2;1;3;
202300023012;155 639 793;B01;3;42;0;2;1;0;0;
202300023012;155 639 795;C01;3;7;0;2;8;0;0;
202300023012;155 639 796;A01;3;7;0;2;2;10;0;
202300023013;155 639 792;A01;2;7;0;1;3;1;1;
202300023014;155 639 790;A01;1;33;0;2;1;3;1;
202300023014;155 639 791;B01;1;7;0;2;5;12;1;
202300023015;155 639 787;A01;3;7;2;0;1;1;1;
202300023016;155 639 788;A01;2;7;0;2;5;0;1;
202300023016;155 639 789;B01;2;7;4;2;3;1;1;
202300023017;155 639 784;A01;0;7;0;2;3;1;1;
202300023017;155 639 786;B01;0;7;1;2;1;5;1;
202300023018;155 639 783;A01;2;7;0;2;2;2;0;
202300023018;155 639 785;B01;2;7;0;0;6;1;0;
202300023019;155 639 782;A01;3;15;13;0;7;14;1;
202300023020;155 639 779;A01;1;7;0;9;1;2;1;
202300023020;155 639 781;B01;1;10;0;0;4;2;1;
202300023021;155 639 778;A01;3;7;0;9;7;1;1;
202300023021;155 639 780;B01;3;80;0;2;1;19;3;
202300023022;155 639 775;A01;3;7;0;2;3;13;1;
202300023022;155 639 776;B01;3;33;0;2;7;1;1;
202300023023;155 639 773;A01;1;7;0;0;4;9;1;
202300023023;155 639 774;B01;1;7;0;2;1;9;1;
202300023023;155 639 777;C01;1;7;14;2;1;9;1;
202300023024;155 639 771;B01;1;7;0;2;6;1;1;
202300023024;155 639 772;A01;1;7;0;2;2;14;1;
202300023025;155 639 769;A01;2;33;0;2;1;1;1;
202300023025;155 639 770;B01;2;7;0;2;4;1;1;
202300023026;155 639 768;A01;3;17;15;0;7;15;1;
202300023027;155 639 764;B01;2;7;0;2;3;1;1;
202300023027;155 639 767;A01;3;1;0;2;5;15;5;
202300023028;155 639 761;A01;1;7;0;2;3;9;0;
202300023028;155 639 762;B01;1;33;0;0;5;1;0;
202300023029;155 639 760;A01;2;33;14;0;1;0;1;
202300023030;155 639 757;A01;2;7;0;0;2;1;1;
202300023031;155 639 758;A01;3;7;6;1;2;2;1;
202300023032;155 639 752;A01;2;7;0;0;9;1;1;
202300023033;155 639 751;B01;1;7;0;2;1;12;1;
202300023033;155 639 755;A01;2;13;0;0;4;1;1;
202300023034;155 639 749;A01;2;10;0;0;1;1;1;
202300023035;155 639 748;A01;2;37;0;9;2;1;1;1
202300023035;155 639 750;B01;1;1;0;2;3;26;5;
202300023036;155 639 747;A01;2;7;8;0;1;1;1;
202300023037;155 639 743;B01;1;7;13;2;3;1;1;
202300023037;155 639 744;C01;1;7;0;2;1;1;1;
202300023037;155 639 745;D01;1;7;0;2;2;1;3;
202300023037;155 639 746;A01;1;15;3;2;3;1;1;
202300023038;155 639 742;A01;1;7;6;0;1;1;1;
202300023039;155 639 741;A01;1;7;0;1;1;1;1;
202300023040;155 639 738;C01;1;7;3;2;1;1;1;
202300023040;155 639 739;A01;1;7;0;2;4;23;1;
202300023040;155 639 740;B01;1;7;0;2;4;23;1;
202300023041;155 639 734;B01;1;14;0;2;5;15;1;