Num_Acc;id_vehicule;num_veh;senc;catv;obs;obsm;choc;manv;motor;occutc
202300023041;155 639 736;A01;1;33;0;2;1;2;1;
202300023042;155 639 735;A01;1;15;12;2;6;1;1;
202300023042;155 639 737;B01;2;7;0;2;3;1;1;
202300023043;155 639 732;A01;1;7;0;2;3;1;1;
202300023043;155 639 733;B01;2;7;0;2;1;13;1;
202300023044;155 639 729;A01;2;31;0;2;1;1;1;
202300023044;155 639 731;B01;2;10;0;2;4;1;1;
202300023045;155 639 728;A01;1;7;0;0;1;23;1;
202300023045;155 639 730;B01;2;7;0;0;2;1;1;
202300023046;155 639 727;A01;2;1;0;0;0;1;5;
202300023047;155 639 724;A01;3;10;-1;1;3;23;1;
202300023048;155 639 725;A01;1;7;0;2;3;15;1;
202300023048;155 639 726;B01;2;43;0;2;3;1;1;
202300023049;155 639 723;A01;1;7;13;0;1;1;1;
202300023050;155 639 722;A01;1;7;2;0;1;21;1;
202300023051;155 639 719;A01;1;7;0;9;1;2;1;
202300023051;155 639 721;B01;1;1;0;0;4;2;5;
202300023052;155 639 718;B01;1;1;0;2;1;1;5;
202300023052;155 639 720;A01;1;7;0;2;2;16;1;
202300023053;155 639 716;A01;1;7;0;2;2;1;1;
202300023053;155 639 717;B01;1;3;0;0;6;2;1;
202300023054;155 639 715;A01;1;7;0;1;3;1;1;
202300023055;155 639 714;A01;2;33;0;0;0;1;1;
202300023056;155 639 713;A01;3;33;0;6;1;0;1;
202300023057;155 639 709;B01;1;7;0;2;4;1;1;
202300023057;155 639 711;A01;1;7;0;0;0;1;1;
202300023057;155 639 712;C01;1;10;0;2;1;1;1;
202300023058;155 639 708;A01;1;33;0;2;2;1;1;
202300023058;155 639 710;B01;0;7;0;2;2;15;1;
202300023059;155 639 706;A01;2;1;0;0;0;1;5;
202300023060;155 639 705;A01;2;1;0;2;1;2;5;
202300023061;155 639 704;A01;1;7;1;0;3;1;1;
202300023062;155 639 702;A01;2;10;0;2;3;1;1;
202300023062;155 639 703;B01;1;7;10;2;3;1;1;
202300023063;155 639 698;A01;3;1;0;2;1;5;5;
202300023063;155 639 700;B01;3;7;0;2;3;1;1;
202300023064;155 639 699;A01;1;7;0;2;6;1;1;
202300023064;155 639 701;B01;1;33;0;2;1;1;1;
202300023065;155 639 697;A01;2;33;0;1;2;1;1;
202300023066;155 639 695;A01;1;7;0;2;2;1;1;
202300023066;155 639 696;B01;1;7;4;2;6;1;1;
202300023067;155 639 694;A01;3;7;13;0;1;1;1;
202300023068;155 639 692;B01;-1;-1;-1;-1;-1;-1;-1;
202300023068;155 639 693;A01;2;33;0;0;7;16;1;
202300023069;155 639 689;A01;1;7;15;0;1;0;0;
202300023070;155 639 685;A01;2;7;0;2;3;1;0;
202300023070;155 639 686;B01;1;7;0;2;3;1;0;
202300023071;155 639 687;B01;2;13;0;2;1;1;1;
202300023071;155 639 688;D01;1;7;0;2;1;1;1;
202300023071;155 639 690;C01;2;13;0;2;1;1;1;
202300023071;155 639 691;A01;2;15;0;2;1;1;1;
202300023072;155 639 681;A01;2;7;0;2;8;13;1;
202300023072;155 639 683;B01;1;33;0;2;8;1;1;
202300023073;155 639 682;B01;1;7;0;2;4;2;1;
202300023073;155 639 684;A01;1;43;0;2;1;3;1;
202300023074;155 639 678;A01;1;7;0;2;1;13;1;
202300023074;155 639 679;B01;2;2;0;2;1;0;1;
202300023074;155 639 680;C01;2;2;0;2;1;0;1;
202300023075;155 639 677;A01;2;7;4;0;1;2;1;
202300023076;155 639 676;A01;1;3;8;0;2;1;1;
202300023077;155 639 675;A01;2;7;13;0;3;13;1;
202300023078;155 639 673;A01;1;7;4;2;2;12;1;
202300023078;155 639 674;B01;1;33;4;2;8;1;1;
202300023079;155 639 671;A01;1;7;0;0;3;0;1;
202300023079;155 639 672;B01;2;16;0;2;3;1;1;
202300023080;155 639 668;A01;2;7;0;2;1;1;1;
202300023080;155 639 669;B01;3;1;0;0;8;19;5;
202300023081;155 639 666;A01;2;10;0;2;5;1;1;
202300023081;155 639 667;B01;2;7;0;2;0;11;1;
202300023081;155 639 670;C01;2;33;0;2;8;3;1;
202300023082;155 639 665;A01;2;50;0;0;0;1;3;
202300023083;155 639 664;A01;2;7;0;0;0;14;1;
202300023084;155 639 662;A01;2;7;0;2;8;11;2;
202300023084;155 639 663;B01;2;7;3;2;2;17;1;
202300023085;155 639 661;A01;1;7;2;0;0;2;1;
202300023086;155 639 659;B01;1;7;0;0;8;0;1;
202300023086;155 639 660;A01;1;43;0;2;2;2;1;
202300023087;155 639 656;A01;1;33;0;2;1;1;1;
202300023087;155 639 657;B01;1;14;0;0;5;1;1;
202300023088;155 639 658;A01;2;33;0;0;1;2;0;
202300023089;155 639 654;A01;1;7;0;2;3;13;1;
202300023089;155 639 655;B01;2;15;0;2;3;1;1;
202300023090;155 639 652;B01;2;7;0;2;4;2;1;
202300023090;155 639 653;A01;2;7;0;2;1;2;2;
202300023091;155 639 647;C01;2;10;0;2;4;2;1;
202300023091;155 639 648;D01;2;7;0;2;5;15;1;
202300023091;155 639 649;E01;1;14;0;2;1;1;1;
202300023091;155 639 650;A01;2;10;0;2;3;2;1;
202300023091;155 639 651;B01;2;7;3;2;5;2;1;
202300023092;155 639 644;A01;1;7;4;0;1;1;1;
202300023093;155 639 643;B01;1;10;0;2;1;0;1;
202300023093;155 639 645;C01;1;14;0;2;4;0;1;
202300023093;155 639 646;A01;1;17;0;2;1;0;1;
202300023094;155 639 641;A01;1;7;1;0;1;1;1;
202300023094;155 639 642;B01;1;7;0;0;5;23;1;
202300023095;155 639 640;A01;1;7;13;0;2;1;1;
202300023096;155 639 637;A01;1;7;0;2;1;5;1;
202300023096;155 639 638;B01;2;33;0;2;1;1;1;
202300023097;155 639 636;B01;3;7;0;2;0;0;0;
202300023097;155 639 639;A01;3;30;0;2;3;0;1;
202300023098;155 639 635;A01;1;99;8;0;1;0;3;
202300023099;155 639 634;A01;1;7;0;1;1;17;2;
202300023100;155 639 632;A01;3;7;0;2;1;1;1;
202300023100;155 639 633;B01;3;30;0;2;7;1;1;
202300023101;155 639 631;A01;1;34;0;2;0;17;1;
202300023102;155 639 629;A01;1;33;0;2;1;0;1;
202300023102;155 639 630;B01;1;7;0;2;4;26;1;
202300023103;155 639 627;A01;2;7;0;2;3;15;1;
202300023103;155 639 628;B01;2;34;0;2;7;0;1;
202300023104;155 639 626;A01;1;7;0;1;4;26;1;
202300023105;155 639 624;A01;3;7;0;2;1;1;1;
202300023105;155 639 625;B01;3;7;0;2;1;1;1;
202300023106;155 639 623;A01;0;37;0;1;5;26;0;1
202300023107;155 639 622;A01;1;7;0;1;1;15;1;
202300023108;155 639 620;A01;1;7;0;2;2;14;1;
202300023108;155 639 621;B01;1;37;0;2;3;1;1;2
202300023109;155 639 618;A01;3;7;0;2;1;5;1;
202300023109;155 639 619;B01;3;7;0;2;1;1;1;
202300023110;155 639 617;A01;3;10;0;1;1;1;0;
202300023111;155 639 616;A01;1;7;0;1;3;26;1;
202300023112;155 639 615;A01;2;35;1;0;1;21;-1;
202300023113;155 639 613;A01;1;7;0;2;7;17;1;
202300023113;155 639 614;B01;1;7;0;2;3;2;1;
202300023114;155 639 612;A01;1;10;0;1;2;1;1;
202300023115;155 639 611;A01;1;33;1;1;0;1;0;
202300023116;155 639 609;A01;3;7;0;2;5;1;1;
202300023116;155 639 610;B01;3;10;0;0;1;1;1;
202300023117;155 639 607;A01;2;7;0;2;1;19;3;
202300023117;155 639 608;B01;1;7;0;2;3;1;1;
202300023118;155 639 606;A01;0;7;0;1;2;1;1;
202300023119;155 639 605;A01;2;7;0;1;1;1;0;
202300023120;155 639 597;A01;3;7;4;0;7;1;3;
202300023120;155 639 598;B01;3;7;4;2;1;1;1;
202300023121;155 639 595;B01;1;99;0;2;4;1;3;
202300023121;155 639 596;Z01;1;7;0;2;0;0;0;
202300023122;155 639 594;A01;2;37;0;1;1;1;0;1
202300023123;155 639 593;A01;1;7;0;1;1;1;3;
202300023124;155 639 591;A01;2;2;0;2;1;1;1;
202300023124;155 639 592;B01;2;7;0;2;8;15;1;
202300023125;155 639 590;A01;1;7;4;0;2;14;1;
202300023126;155 639 588;B01;3;7;0;0;0;0;1;
202300023126;155 639 589;A01;3;7;0;2;2;15;1;
202300023127;155 639 587;A01;0;50;0;0;0;1;3;
202300023128;155 639 585;B01;2;7;0;2;8;1;1;
202300023128;155 639 586;A01;2;14;0;2;2;11;1;
202300023129;155 639 583;A01;3;7;0;2;3;1;1;
202300023129;155 639 584;B01;3;7;0;2;3;15;1;
202300023130;155 639 582;A01;1;33;13;0;0;1;1;
202300023131;155 639 581;A01;3;7;15;0;1;13;1;
202300023132;155 639 580;A01;3;7;0;0;0;1;1;
202300023133;155 639 578;A01;1;31;0;0;8;0;1;
202300023134;155 639 577;A01;3;7;0;2;1;1;1;
202300023134;155 639 579;B01;-1;7;-1;-1;-1;-1;-1;
202300023135;155 639 576;A01;2;7;0;0;9;26;1;
202300023136;155 639 573;A01;1;33;0;1;1;1;1;
202300023137;155 639 574;A01;3;7;0;2;2;15;1;
202300023137;155 639 575;B01;3;2;0;2;1;1;1;
202300023138;155 639 570;B01;1;10;0;2;3;15;0;
202300023138;155 639 572;A01;1;33;0;2;0;17;1;
202300023139;155 639 568;A01;1;33;6;0;1;1;1;
202300023140;155 639 569;A01;1;7;1;2;1;17;1;
202300023140;155 639 571;B01;1;7;1;2;3;15;1;
202300023141;155 639 566;A01;3;7;0;1;1;1;1;
202300023142;155 639 563;B01;0;7;0;0;4;23;1;
202300023142;155 639 565;A01;0;50;0;2;1;1;3;
202300023143;155 639 564;B01;3;7;1;0;4;2;1;
202300023143;155 639 567;A01;3;7;8;2;1;2;1;
202300023144;155 639 559;B01;3;3;0;2;3;15;1;
202300023144;155 639 562;A01;2;33;0;2;1;17;1;
202300023145;155 639 560;A01;2;7;0;2;2;2;1;
202300023145;155 639 561;B01;2;7;0;2;6;2;1;
202300023146;155 639 556;B01;2;30;0;2;1;1;0;
202300023146;155 639 558;A01;1;7;0;2;7;15;0;
202300023147;155 639 555;A01;1;7;0;2;1;26;1;
202300023147;155 639 557;B01;2;7;0;2;5;0;1;
202300023148;155 639 554;A01;1;7;13;0;9;14;1;
202300023149;155 639 552;B01;3;32;0;2;3;15;1;
202300023149;155 639 553;A01;3;7;0;2;3;16;1;
202300023150;155 639 548;B01;2;7;0;2;6;2;1;
202300023150;155 639 550;A01;2;31;0;2;1;3;1;
202300023151;155 639 549;B01;2;33;0;2;3;16;1;
202300023151;155 639 551;A01;2;7;0;2;2;1;1;
202300023152;155 639 544;A01;1;10;0;2;1;1;1;
202300023152;155 639 546;B01;1;7;0;2;4;1;1;
202300023153;155 639 545;A01;2;7;0;2;1;2;1;
202300023153;155 639 547;B01;2;7;0;2;4;2;1;
202300023154;155 639 541;B01;1;2;0;2;7;1;1;
202300023154;155 639 543;A01;1;7;0;2;1;15;1;
202300023155;155 639 540;A01;2;7;0;2;3;2;1;
202300023155;155 639 542;B01;2;33;0;2;2;3;1;
202300023156;155 639 536;B01;1;7;0;2;4;1;1;
202300023156;155 639 538;A01;1;31;0;2;1;1;1;
202300023157;155 639 535;A01;1;7;0;2;1;1;1;
202300023157;155 639 537;B01;1;7;0;2;4;2;1;
202300023157;155 639 539;C01;1;7;0;0;0;0;1;
202300023158;155 639 533;B01;2;7;0;2;3;1;2;
202300023158;155 639 534;A01;1;50;0;2;1;13;3;
202300023159;155 639 531;A01;1;34;0;2;3;3;1;
202300023159;155 639 532;B01;1;7;0;2;5;15;1;
202300023160;155 639 528;B01;3;1;0;0;0;1;5;
202300023160;155 639 530;A01;3;7;8;0;0;15;1;
202300023161;155 639 526;A01;2;7;4;2;9;11;1;
202300023161;155 639 527;C01;2;7;0;2;1;1;1;
202300023161;155 639 529;B01;2;14;0;2;2;1;0;
202300023162;155 639 525;A01;3;1;0;1;1;1;5;
202300023163;155 639 519;A01;1;7;3;2;2;3;1;
202300023163;155 639 521;B01;1;7;0;2;8;1;1;
202300023163;155 639 523;C01;1;7;3;2;7;1;1;
202300023163;155 639 524;D01;2;7;5;0;1;1;1;
202300023164;155 639 520;A01;3;7;0;2;2;16;2;
202300023164;155 639 522;B01;3;50;0;2;1;1;3;
202300023165;155 639 518;A01;2;10;3;0;1;1;1;
202300023166;155 639 517;A01;3;34;0;1;1;15;1;
202300023167;155 639 515;A01;2;33;0;2;1;3;1;
202300023167;155 639 516;B01;2;33;0;2;4;1;1;
202300023168;155 639 514;A01;2;80;0;0;1;1;3;
202300023169;155 639 513;A01;2;33;0;0;1;1;1;
202300023170;155 639 511;A01;0;50;0;2;2;5;3;
202300023170;155 639 512;B01;0;7;0;9;1;1;1;
202300023171;155 639 509;A01;1;30;0;2;1;13;1;
202300023171;155 639 510;B01;0;33;1;2;1;1;1;
202300023172;155 639 507;A01;2;7;0;9;2;2;1;
202300023172;155 639 508;B01;2;1;0;2;4;15;5;
202300023173;155 639 504;A01;1;10;1;0;4;4;1;
202300023173;155 639 506;B01;1;43;1;0;7;24;1;
202300023174;155 639 503;A01;1;7;13;2;3;13;1;
202300023174;155 639 505;B01;2;7;0;2;3;1;1;
202300023175;155 639 501;A01;2;30;0;2;1;2;1;
202300023175;155 639 502;B01;2;30;0;2;6;15;1;
202300023176;155 639 499;A01;1;7;0;2;3;15;1;
202300023176;155 639 500;B01;2;34;0;2;1;21;1;
202300023177;155 639 496;A01;1;7;0;2;1;10;1;
202300023177;155 639 497;B01;1;33;0;2;8;2;1;
202300023178;155 639 494;B01;2;33;0;2;1;2;1;
202300023178;155 639 495;A01;1;2;14;2;1;19;1;
202300023178;155 639 498;C01;2;7;0;0;6;23;1;
202300023179;155 639 490;A01;0;30;0;2;3;9;1;
202300023179;155 639 492;B01;0;7;0;2;2;23;1;
202300023180;155 639 491;A01;1;13;0;2;2;12;1;
202300023180;155 639 493;B01;1;7;0;2;3;16;1;
202300023181;155 639 489;A01;2;7;4;0;2;14;1;
202300023182;155 639 486;B01;1;7;0;2;6;10;1;
202300023182;155 639 487;A01;1;33;0;2;1;1;1;
202300023183;155 639 485;B01;1;7;0;2;3;2;2;
202300023183;155 639 488;A01;1;2;0;2;3;7;3;
202300023184;155 639 484;A01;1;7;1;0;2;14;1;
202300023185;155 639 481;A01;2;30;0;2;1;1;1;
202300023185;155 639 483;B01;1;7;0;2;1;15;1;
202300023186;155 639 480;A01;3;7;0;2;0;0;0;
202300023186;155 639 482;B01;3;7;0;2;0;0;1;
202300023187;155 639 476;A01;1;7;1;2;2;1;1;
202300023187;155 639 478;B01;1;10;1;2;3;0;1;
202300023188;155 639 477;A01;0;50;0;2;1;5;3;
202300023188;155 639 479;B01;0;7;0;2;7;2;1;
202300023189;155 639 474;A01;1;7;13;0;1;14;0;
202300023190;155 639 472;A01;1;7;0;2;1;1;1;
202300023190;155 639 475;B01;2;7;6;2;6;1;1;
202300023191;155 639 471;B01;2;7;0;1;4;16;1;
202300023191;155 639 473;A01;2;7;0;2;1;16;1;
202300023192;155 639 470;A01;0;7;15;0;1;1;1;
202300023193;155 639 469;A01;3;7;1;1;4;20;1;
202300023194;155 639 467;A01;3;30;0;2;1;2;1;
202300023194;155 639 468;B01;3;7;0;2;4;26;1;
202300023195;155 639 465;A01;1;31;14;0;1;17;1;
202300023195;155 639 466;B01;1;7;16;0;6;15;1;
202300023196;155 639 462;Z01;3;7;0;2;0;1;0;
202300023196;155 639 464;B01;3;7;0;2;1;0;1;
202300023197;155 639 461;B01;0;7;0;2;6;0;1;
202300023197;155 639 463;A01;0;7;0;2;4;4;1;
202300023198;155 639 458;A01;3;7;0;2;5;12;0;
202300023198;155 639 460;B01;3;33;0;2;6;1;0;
202300023199;155 639 457;A01;0;3;0;2;1;1;1;
202300023199;155 639 459;B01;2;10;0;2;2;1;1;
202300023200;155 639 454;A01;2;7;0;2;3;5;1;
202300023200;155 639 456;B01;1;7;0;2;3;1;1;
202300023201;155 639 451;A01;3;50;0;2;1;9;3;
202300023201;155 639 452;B01;3;7;0;2;2;0;1;
202300023202;155 639 449;A01;2;7;0;2;3;15;1;
202300023202;155 639 450;B01;2;7;1;2;1;1;1;
202300023203;155 639 447;A01;3;1;0;1;1;21;5;
202300023204;155 639 446;A01;0;10;0;2;1;1;1;
202300023204;155 639 448;B01;1;7;0;2;5;15;1;
202300023205;155 639 444;A01;3;7;0;1;1;1;1;
202300023206;155 639 443;A01;3;7;0;2;1;15;0;
202300023206;155 639 445;B01;1;31;0;2;7;1;0;
202300023207;155 639 439;A01;1;10;0;2;6;1;1;
202300023207;155 639 440;B01;1;7;14;2;1;9;1;
202300023208;155 639 438;A01;1;7;0;2;3;17;2;
202300023208;155 639 441;B01;2;7;0;2;8;1;1;
202300023208;155 639 442;C01;1;33;0;2;1;1;1;
202300023209;155 639 434;A01;2;10;0;2;3;9;0;
202300023209;155 639 437;B01;0;50;0;2;7;1;3;
202300023210;155 639 431;A01;0;50;0;2;2;19;3;
202300023210;155 639 433;B01;0;10;0;2;1;1;0;
202300023211;155 639 430;A01;1;30;0;2;7;9;1;
202300023211;155 639 432;B01;1;7;0;2;3;1;1;
202300023212;155 639 427;B01;2;30;0;2;2;0;1;
202300023212;155 639 429;A01;2;7;0;2;3;1;1;
202300023213;155 639 426;A01;0;7;0;2;3;15;2;
202300023213;155 639 428;B01;3;31;0;2;1;1;1;
202300023214;155 639 425;A01;1;31;0;1;1;1;1;
202300023215;155 639 424;A01;1;30;16;0;7;1;1;
202300023216;155 639 420;A01;3;30;0;2;1;1;1;
202300023216;155 639 422;B01;3;7;0;2;6;9;3;
202300023217;155 639 419;A01;3;34;0;2;1;11;0;
202300023217;155 639 421;B01;3;7;0;2;7;15;0;
202300023217;155 639 423;C01;3;7;0;2;3;1;0;
202300023218;155 639 417;A01;1;31;0;2;1;25;0;
202300023218;155 639 418;B01;2;50;0;2;1;25;3;
202300023219;155 639 416;A01;3;7;0;1;1;16;0;
202300023220;155 639 414;A01;3;1;0;2;1;15;5;
202300023220;155 639 415;B01;1;7;0;9;6;26;1;
202300023221;155 639 412;A01;1;50;0;2;1;25;3;
202300023221;155 639 413;Z01;0;1;0;2;1;1;5;
202300023222;155 639 411;A01;1;7;2;0;1;1;1;
202300023223;155 639 409;A01;1;50;14;0;1;1;3;
202300023224;155 639 407;B01;3;50;0;2;1;1;3;
202300023224;155 639 410;A01;3;7;0;2;3;1;0;
202300023225;155 639 406;B01;1;7;0;2;2;1;3;
202300023225;155 639 408;A01;1;1;0;2;3;15;5;
202300023226;155 639 404;A01;1;7;0;1;1;1;2;
202300023227;155 639 403;A01;2;7;0;2;1;0;1;
202300023227;155 639 405;B01;2;33;0;2;4;2;1;
202300023228;155 639 401;A01;0;30;0;2;7;17;1;
202300023228;155 639 402;B01;0;7;0;2;3;15;1;
202300023229;155 639 400;A01;1;7;0;2;1;1;1;
202300023230;155 639 398;B01;2;7;0;2;1;1;1;
202300023230;155 639 399;A01;2;7;0;2;5;1;1;
202300023231;155 639 397;A01;2;7;0;1;2;1;1;
202300023232;155 639 396;A01;3;32;0;0;8;1;1;
202300023233;155 639 392;A01;3;7;0;2;6;15;1;
202300023233;155 639 394;B01;3;1;0;2;1;1;5;
202300023234;155 639 393;B01;1;1;0;2;8;1;5;
202300023234;155 639 395;A01;1;7;0;2;8;17;1;
202300023235;155 639 390;A01;1;7;0;0;4;11;2;
202300023235;155 639 391;B01;1;7;14;0;1;1;1;
202300023236;155 639 388;A01;0;3;0;2;3;10;1;
202300023236;155 639 389;B01;0;34;0;2;1;5;1;
202300023237;155 639 385;B01;2;80;1;0;7;25;3;
202300023237;155 639 387;A01;1;7;0;9;7;24;1;
202300023238;155 639 384;A01;2;7;0;2;1;1;1;
202300023238;155 639 386;B01;2;7;0;2;0;0;1;
202300023239;155 639 383;A01;1;33;0;0;2;21;1;
202300023240;155 639 381;A01;3;7;0;2;1;1;1;
202300023240;155 639 382;B01;3;7;0;2;1;1;1;
202300023241;155 639 378;A01;3;7;0;2;7;1;2;
202300023241;155 639 380;B01;3;7;0;2;1;1;1;
202300023242;155 639 377;B01;2;33;0;2;9;1;1;
202300023242;155 639 379;A01;1;7;0;2;1;9;1;
202300023243;155 639 375;A01;1;7;0;0;2;0;1;
202300023244;155 639 374;B01;3;33;0;2;1;1;1;
202300023244;155 639 376;A01;2;10;0;2;1;15;1;
202300023245;155 639 373;A01;2;7;6;0;1;26;1;
202300023246;155 639 372;A01;0;7;1;1;2;1;1;
202300023247;155 639 371;A01;1;7;13;0;1;1;1;
202300023248;155 639 369;A01;2;32;0;2;7;1;1;
202300023248;155 639 370;X01;1;7;0;2;0;0;0;
202300023249;155 639 367;A01;1;34;0;2;2;1;1;
202300023249;155 639 368;B01;1;7;0;2;1;16;1;
202300023250;155 639 366;A01;1;7;13;0;2;1;1;
202300023251;155 639 364;A01;2;1;0;2;1;5;5;
202300023251;155 639 365;B01;1;7;0;2;2;1;2;
202300023252;155 639 363;A01;0;33;0;0;0;16;1;
202300023253;155 639 361;A01;3;1;0;2;4;1;5;
202300023253;155 639 362;C01;3;7;0;2;1;0;0;
202300023254;155 639 358;B01;1;0;0;2;0;0;0;
202300023254;155 639 360;A01;2;7;0;2;3;1;1;
202300023255;155 639 357;A01;3;7;0;2;2;1;1;
202300023255;155 639 359;B01;3;1;9;0;4;15;5;
202300023256;155 639 353;B01;1;33;0;2;3;1;1;
202300023256;155 639 355;A01;2;7;0;2;3;13;1;
202300023257;155 639 351;C01;2;31;0;2;4;3;1;
202300023257;155 639 352;D01;2;7;0;2;4;1;1;
202300023257;155 639 354;A01;2;31;0;2;2;3;1;
202300023257;155 639 356;B01;2;7;0;2;6;1;1;
202300023258;155 639 348;B01;2;7;0;2;2;2;1;
202300023258;155 639 349;A01;2;33;0;2;1;11;1;
202300023259;155 639 346;A01;2;13;0;2;2;1;1;
202300023259;155 639 347;B01;2;7;0;2;6;9;1;
202300023260;155 639 345;A01;2;7;0;2;8;1;1;
202300023260;155 639 350;B01;1;7;8;2;1;1;1;
202300023261;155 639 344;A01;1;7;1;0;7;14;1;
202300023262;155 639 341;A01;2;30;0;2;1;1;1;
202300023262;155 639 342;B01;2;32;0;2;4;1;1;
202300023263;155 639 340;A01;3;10;0;2;3;15;1;
202300023263;155 639 343;B01;1;33;0;2;1;1;1;
202300023264;155 639 338;A01;1;7;0;2;1;15;1;
202300023264;155 639 339;B01;1;32;0;2;8;1;3;
202300023265;155 639 335;A01;2;7;0;2;8;15;1;
202300023265;155 639 337;B01;1;31;0;2;1;1;1;
202300023266;155 639 334;A01;1;7;0;2;2;15;1;
202300023266;155 639 336;B01;2;33;0;2;3;1;1;
202300023267;155 639 332;A01;3;7;0;2;7;15;1;
202300023267;155 639 333;B01;3;31;0;2;0;1;1;
202300023268;155 639 331;A01;2;7;6;0;1;0;1;
202300023269;155 639 328;A01;3;7;0;2;1;2;3;
202300023269;155 639 330;B01;3;7;0;2;4;2;1;
202300023270;155 639 327;A01;2;7;0;2;8;13;1;
202300023270;155 639 329;B01;2;33;0;2;7;17;1;
202300023271;155 639 326;A01;1;50;12;0;3;13;3;
202300023272;155 639 324;A01;1;2;0;2;2;1;3;
202300023272;155 639 325;B01;1;14;0;2;6;1;6;
202300023273;155 639 320;A01;1;7;0;2;3;11;1;
202300023273;155 639 321;B01;1;1;0;2;7;1;5;
202300023274;155 639 319;A01;2;7;0;2;1;2;1;
202300023274;155 639 322;B01;2;7;0;2;4;23;1;
202300023274;155 639 323;C01;2;7;0;0;4;23;1;
202300023275;155 639 317;Z01;1;10;0;2;1;2;1;
202300023275;155 639 318;B01;1;1;0;2;4;13;5;
202300023276;155 639 315;A01;1;7;1;0;2;26;1;
202300023277;155 639 316;A01;2;7;2;0;1;1;1;
202300023278;155 639 312;A01;2;7;0;2;7;23;0;
202300023278;155 639 314;B01;2;50;1;2;1;18;3;
202300023279;155 639 311;A01;2;33;0;2;1;2;1;
202300023279;155 639 313;B01;2;7;0;0;8;15;1;
202300023280;155 639 309;A01;1;7;0;2;2;10;1;
202300023280;155 639 310;B01;2;2;0;2;8;0;1;
202300023281;155 639 308;A01;1;7;8;0;7;0;1;
202300023282;155 639 307;A01;2;10;2;0;1;1;1;
202300023283;155 639 306;A01;2;7;0;1;1;1;1;
202300023284;155 639 303;A01;2;7;0;0;4;1;1;
202300023284;155 639 305;B01;2;7;0;2;1;1;1;
202300023285;155 639 304;A01;1;33;0;6;2;1;1;
202300023286;155 639 302;A01;0;7;0;1;3;1;0;
202300023287;155 639 299;B01;0;7;0;2;4;2;1;
202300023287;155 639 300;A01;0;7;0;2;1;2;1;
202300023288;155 639 301;A01;2;2;7;0;0;1;1;
202300023289;155 639 297;A01;1;7;0;2;1;2;1;
202300023289;155 639 298;B01;1;7;0;0;4;2;1;
202300023290;155 639 296;A01;0;7;16;0;9;0;6;
202300023291;155 639 293;A01;1;32;0;2;1;1;1;
202300023291;155 639 295;B01;2;7;0;2;2;15;1;
202300023292;155 639 294;A01;1;7;3;0;2;14;1;
202300023293;155 639 291;B01;1;7;0;0;1;1;1;
202300023293;155 639 292;A01;2;7;0;2;1;13;2;
202300023294;155 639 288;A01;2;7;16;2;8;1;6;
202300023294;155 639 289;B01;1;33;0;2;1;1;6;
202300023295;155 639 290;A01;3;7;0;1;1;15;1;
202300023296;155 639 285;B01;2;15;0;2;2;21;1;
202300023296;155 639 287;A01;1;7;0;2;3;15;1;
202300023297;155 639 284;A01;1;7;0;2;5;26;1;
202300023297;155 639 286;B01;1;2;0;2;2;1;1;
202300023298;155 639 282;A01;3;34;0;2;9;0;1;
202300023298;155 639 283;B01;3;33;0;2;0;0;1;
202300023299;155 639 281;A01;1;2;12;0;1;1;1;
202300023300;155 639 280;A01;2;7;6;0;1;1;1;
202300023301;155 639 276;B01;1;7;3;2;1;2;1;
202300023301;155 639 278;A01;1;7;3;0;4;1;1;
202300023301;155 639 279;C01;1;7;0;9;0;2;1;
202300023302;155 639 275;A01;3;1;0;2;7;17;5;
202300023302;155 639 277;B01;3;1;0;2;8;1;5;
202300023303;155 639 271;A01;2;7;8;0;0;0;1;
202300023304;155 639 270;A01;1;31;0;2;7;17;0;
202300023304;155 639 272;B01;1;7;0;0;8;15;0;
202300023305;155 639 269;A01;1;7;13;0;2;1;0;
202300023306;155 639 265;A01;1;33;0;2;1;1;1;
202300023306;155 639 267;B01;1;1;0;2;0;10;5;
202300023307;155 639 266;B01;1;2;0;2;1;1;1;
202300023307;155 639 268;A01;2;7;0;2;7;19;1;
202300023308;155 639 264;A01;1;7;2;0;2;14;1;
202300023309;155 639 261;A01;1;33;0;0;0;0;1;
202300023310;155 639 262;A01;1;7;0;2;5;2;1;
202300023310;155 639 263;B01;1;31;0;2;8;2;1;
202300023311;155 639 260;A01;1;43;15;0;1;0;1;
202300023312;155 639 259;A01;0;7;0;0;0;1;1;
202300023313;155 639 258;A01;1;7;13;0;1;0;1;
202300023314;155 639 257;A01;1;7;0;1;2;1;1;
202300023315;155 639 256;A01;2;33;13;0;1;1;1;
202300023316;155 639 254;A01;1;2;0;2;7;1;1;
202300023316;155 639 255;B01;2;7;0;2;6;15;1;
202300023317;155 639 252;A01;1;7;2;0;7;1;1;
202300023318;155 639 251;B01;3;7;0;2;3;1;1;
202300023318;155 639 253;A01;3;7;0;2;3;15;1;
202300023319;155 639 250;A01;2;7;13;0;1;1;1;
202300023320;155 639 248;A01;1;36;13;0;2;2;1;
202300023321;155 639 249;A01;0;7;13;0;0;0;1;
202300023322;155 639 247;A01;1;7;13;0;1;1;1;
202300023323;155 639 244;A01;1;7;0;0;9;1;1;
202300023324;155 639 245;A01;1;7;0;2;8;1;1;