Num_Acc;id_vehicule;num_veh;senc;catv;obs;obsm;choc;manv;motor;occutc
202300023324;155 639 246;B01;1;2;0;2;1;1;1;
202300023325;155 639 242;A01;1;7;0;2;2;17;1;
202300023325;155 639 243;B01;1;7;0;2;6;1;3;
202300023326;155 639 239;A01;1;7;0;2;3;13;1;
202300023326;155 639 240;B01;2;7;0;2;3;1;1;
202300023327;155 639 238;A01;2;33;0;6;1;1;1;
202300023328;155 639 235;B01;1;33;0;2;4;23;1;
202300023328;155 639 236;A01;1;33;0;2;1;1;1;
202300023329;155 639 234;B01;2;7;0;2;4;23;1;
202300023329;155 639 237;A01;2;7;0;2;1;2;1;
202300023329;155 639 241;C01;2;10;0;2;6;23;1;
202300023330;155 639 233;A01;0;7;2;0;1;0;1;
202300023331;155 639 231;A01;2;7;7;0;2;2;0;
202300023332;155 639 232;A01;1;7;16;0;0;23;1;
202300023333;155 639 230;A01;2;10;13;0;2;1;1;
202300023334;155 639 226;A01;2;7;0;2;1;13;1;
202300023334;155 639 227;B01;1;7;0;2;1;1;1;
202300023334;155 639 229;C01;1;7;0;2;1;1;1;
202300023335;155 639 228;A01;1;31;12;0;1;13;1;
202300023336;155 639 225;A01;1;2;12;0;7;1;1;
202300023337;155 639 223;A01;2;2;0;2;2;15;1;
202300023337;155 639 224;B01;1;2;0;2;3;1;1;
202300023338;155 639 222;A01;2;7;13;0;1;1;0;
202300023339;155 639 220;A01;1;7;0;2;1;13;1;
202300023339;155 639 221;B01;2;38;0;0;1;1;1;1
202300023340;155 639 219;A01;2;7;2;6;1;0;1;
202300023341;155 639 213;D01;2;7;0;2;1;21;1;
202300023341;155 639 216;A01;2;7;14;0;3;1;1;
202300023341;155 639 217;B01;2;7;0;2;1;21;1;
202300023341;155 639 218;C01;2;7;3;0;3;0;2;
202300023342;155 639 214;A01;3;10;0;2;4;4;1;
202300023342;155 639 215;B01;3;30;0;2;1;23;1;
202300023343;155 639 211;A01;3;31;0;2;8;26;1;
202300023343;155 639 212;B01;2;7;0;2;3;1;1;
202300023344;155 639 209;A01;0;7;0;0;0;0;1;
202300023345;155 639 210;A01;1;10;17;0;3;1;1;
202300023346;155 639 208;A01;1;7;8;0;7;1;1;
202300023347;155 639 207;A01;2;7;17;0;9;1;1;
202300023348;155 639 206;A01;3;32;0;1;4;1;1;
202300023349;155 639 205;A01;2;33;13;0;1;1;1;
202300023350;155 639 202;A01;2;10;0;2;1;2;1;
202300023350;155 639 204;B01;2;10;0;0;4;2;1;
202300023351;155 639 200;A01;2;7;0;0;6;23;0;
202300023351;155 639 201;C01;2;7;1;0;9;1;0;
202300023351;155 639 203;B01;2;7;3;0;1;1;0;
202300023352;155 639 197;A01;3;7;0;9;1;1;0;
202300023352;155 639 198;B01;3;1;0;2;1;5;5;
202300023353;155 639 196;B01;0;1;0;0;0;25;5;
202300023353;155 639 199;A01;2;7;0;0;1;0;0;
202300023354;155 639 195;A01;3;1;0;0;1;1;5;
202300023355;155 639 192;A01;1;33;0;2;8;13;1;
202300023355;155 639 194;B01;2;33;0;2;8;1;1;
202300023356;155 639 188;A01;1;7;0;2;3;13;1;
202300023356;155 639 190;B01;2;33;0;2;1;1;1;
202300023357;155 639 184;A01;2;7;0;2;1;1;1;
202300023357;155 639 185;B01;1;7;0;0;3;1;1;
202300023358;155 639 181;A01;1;7;13;0;8;16;0;
202300023359;155 639 182;C01;2;7;0;9;1;2;1;
202300023359;155 639 183;D01;2;7;14;0;0;2;1;
202300023359;155 639 186;G01;2;7;14;0;0;2;1;
202300023359;155 639 187;F01;2;7;14;0;0;2;1;
202300023359;155 639 189;A01;2;7;0;2;1;2;1;
202300023359;155 639 191;B01;2;7;0;2;4;2;1;
202300023359;155 639 193;E01;2;7;14;0;0;2;1;
202300023360;155 639 180;A01;3;7;6;0;8;1;1;
202300023361;155 639 179;A01;3;10;16;0;3;13;1;
202300023362;155 639 175;A01;2;7;0;2;1;0;2;
202300023362;155 639 177;B01;1;7;0;0;1;0;1;
202300023363;155 639 174;A01;0;7;0;0;2;15;1;
202300023363;155 639 176;B01;0;7;0;2;3;1;1;
202300023364;155 639 172;A01;1;7;0;2;1;1;1;
202300023364;155 639 173;B01;1;7;0;2;8;10;1;
202300023365;155 639 171;A01;2;7;1;2;1;20;1;
202300023366;155 639 169;A01;1;7;0;0;5;9;1;
202300023366;155 639 170;B01;1;80;0;0;2;26;3;
202300023367;155 639 166;A01;3;7;0;0;4;2;1;
202300023367;155 639 168;B01;3;33;0;2;1;2;1;
202300023368;155 639 165;A01;2;10;0;2;1;13;1;
202300023368;155 639 167;B01;1;7;0;2;1;1;1;
202300023369;155 639 162;B01;2;2;0;2;2;1;1;
202300023369;155 639 164;A01;1;7;0;2;2;1;1;
202300023370;155 639 160;A01;1;7;3;0;1;1;1;
202300023371;155 639 161;A01;2;7;0;2;2;19;1;
202300023371;155 639 163;B01;1;33;0;2;1;1;1;
202300023372;155 639 159;A01;1;32;0;0;1;1;1;
202300023373;155 639 158;A01;2;7;5;0;1;0;1;
202300023374;155 639 157;A01;2;31;0;2;6;1;1;
202300023375;155 639 155;A01;2;7;4;0;1;1;1;
202300023376;155 639 151;A01;1;7;0;2;1;1;1;
202300023376;155 639 153;B01;1;7;0;2;3;1;1;
202300023376;155 639 154;C01;1;7;0;2;4;1;1;
202300023377;155 639 150;A01;2;10;0;2;3;5;1;
202300023377;155 639 152;B01;1;7;0;2;3;1;1;
202300023378;155 639 149;A01;1;7;3;0;2;1;1;
202300023379;155 639 148;A01;1;7;0;1;3;0;1;
202300023380;155 639 145;C01;2;7;0;2;4;2;1;
202300023380;155 639 146;A01;2;10;0;2;1;2;1;
202300023380;155 639 147;B01;2;7;0;2;4;2;1;
202300023381;155 639 142;A01;1;10;4;0;3;0;1;
202300023382;155 639 143;A01;1;7;0;2;3;11;1;
202300023382;155 639 144;B01;2;33;0;2;1;1;1;
202300023383;155 639 141;A01;2;7;3;0;1;0;1;
202300023384;155 639 140;A01;2;7;6;0;1;15;1;
202300023385;155 639 136;A01;2;7;0;2;8;1;1;
202300023385;155 639 138;B01;2;10;0;2;7;1;1;
202300023385;155 639 139;C01;2;7;0;2;4;1;1;
202300023386;155 639 135;A01;1;7;0;2;2;16;1;
202300023386;155 639 137;B01;1;2;0;2;1;18;1;
202300023387;155 639 133;B01;2;10;0;2;1;2;1;
202300023387;155 639 134;A01;2;10;0;2;4;2;1;
202300023388;155 639 129;A01;2;7;0;2;3;17;1;
202300023388;155 639 132;B01;2;33;0;2;7;17;1;
202300023389;155 639 128;A01;2;33;4;2;1;3;1;
202300023389;155 639 130;B01;2;33;4;0;4;11;1;
202300023389;155 639 131;C01;2;7;4;0;4;1;1;
202300023390;155 639 127;A01;3;99;14;1;3;19;6;
202300023391;155 639 123;B01;3;0;0;0;0;0;0;
202300023391;155 639 125;A01;3;31;0;2;1;0;0;
202300023392;155 639 124;A01;1;7;0;2;2;17;1;
202300023392;155 639 126;B01;1;10;0;2;8;15;1;
202300023393;155 639 122;A01;3;30;0;1;1;1;1;
202300023394;155 639 121;A01;2;7;13;0;1;1;1;
202300023395;155 639 120;A01;3;7;0;1;4;4;1;
202300023396;155 639 117;A01;2;7;1;0;3;13;1;
202300023397;155 639 118;A01;1;33;0;2;1;17;1;
202300023397;155 639 119;B01;2;10;0;2;2;19;1;
202300023398;155 639 116;A01;0;7;0;1;1;0;0;
202300023399;155 639 115;A01;3;2;0;0;0;2;6;
202300023400;155 639 114;A01;2;2;0;0;7;1;1;
202300023401;155 639 110;A01;1;30;0;2;1;1;1;
202300023401;155 639 112;B01;1;7;0;2;1;1;0;
202300023402;155 639 111;A01;1;7;0;2;1;5;1;
202300023402;155 639 113;B01;2;7;0;2;1;1;1;
202300023403;155 639 109;A01;1;7;0;1;2;1;1;
202300023404;155 639 107;A01;1;7;0;2;8;2;1;
202300023404;155 639 108;B01;1;34;0;2;7;2;1;
202300023405;155 639 106;A01;3;7;1;0;2;0;1;
202300023406;155 639 100;B01;2;7;0;2;1;2;-1;
202300023406;155 639 102;A01;2;7;0;0;4;2;0;
202300023407;155 639 095;A01;1;10;0;2;3;5;1;
202300023407;155 639 097;B01;2;7;0;2;3;1;1;
202300023408;155 639 094;A01;1;7;0;2;1;2;1;
202300023408;155 639 096;B01;1;7;0;2;4;2;1;
202300023408;155 639 098;C01;1;7;0;2;4;2;1;
202300023409;155 639 092;A01;1;7;0;2;8;9;1;
202300023409;155 639 093;B01;1;1;0;2;1;15;5;
202300023410;155 639 090;A01;1;7;8;0;1;13;1;
202300023411;155 639 089;A01;3;10;14;2;3;0;1;
202300023411;155 639 091;B01;3;7;0;2;4;23;1;
202300023412;155 639 086;B01;1;33;0;2;1;1;1;
202300023412;155 639 088;A01;2;7;0;2;2;19;1;
202300023413;155 639 084;A01;3;7;0;1;1;20;1;
202300023414;155 639 083;C01;2;7;0;2;5;2;1;
202300023414;155 639 085;A01;2;7;0;2;1;2;1;
202300023414;155 639 087;B01;2;7;0;2;4;2;2;
202300023415;155 639 081;A01;2;10;0;2;4;26;1;
202300023415;155 639 082;B01;2;33;0;2;1;23;1;
202300023416;155 639 079;A01;2;7;0;2;1;2;0;
202300023416;155 639 080;B01;2;7;0;2;4;1;0;
202300023417;155 639 076;A01;1;33;0;0;7;0;1;
202300023418;155 639 073;B01;1;7;0;2;0;0;1;
202300023418;155 639 074;C01;1;7;0;2;0;0;1;
202300023418;155 639 075;A01;1;7;0;2;1;2;1;
202300023419;155 639 071;A01;2;10;3;2;3;1;1;
202300023419;155 639 072;B01;2;13;0;2;5;9;1;
202300023420;155 639 069;B01;3;33;0;2;8;18;1;
202300023420;155 639 070;A01;3;7;0;2;7;16;1;
202300023421;155 639 065;B01;1;7;0;2;5;0;1;
202300023421;155 639 067;A01;1;7;14;2;1;1;1;
202300023422;155 639 066;A01;2;10;0;2;1;1;1;
202300023422;155 639 068;B01;2;7;0;2;4;1;1;
202300023423;155 639 064;A01;1;7;0;1;2;1;1;
202300023424;155 639 062;A01;2;7;1;0;1;2;2;
202300023424;155 639 063;B01;2;7;0;2;4;23;1;
202300023425;155 639 060;A01;3;1;0;2;1;19;5;
202300023425;155 639 061;B01;3;7;0;2;8;19;1;
202300023426;155 639 055;B01;3;1;0;2;1;1;5;
202300023426;155 639 057;A01;3;30;0;2;7;16;1;
202300023427;155 639 054;A01;2;7;0;2;1;1;1;
202300023427;155 639 056;B01;2;7;0;2;4;23;1;
202300023427;155 639 058;C01;2;7;0;2;4;23;1;
202300023427;155 639 059;D01;2;7;0;2;4;23;1;
202300023428;155 639 052;B01;3;14;0;2;0;1;1;
202300023428;155 639 053;A01;1;80;0;2;1;19;3;
202300023429;155 639 049;A01;3;7;0;2;1;1;0;
202300023429;155 639 050;C01;1;2;0;2;1;1;0;
202300023430;155 639 048;A01;1;7;0;2;4;1;1;
202300023430;155 639 051;Z01;1;7;0;2;0;0;0;
202300023431;155 639 047;A01;3;7;6;0;3;1;1;
202300023432;155 639 045;B01;1;7;0;2;2;1;1;
202300023432;155 639 046;A01;1;33;0;2;6;11;1;
202300023433;155 639 043;A01;3;7;0;2;3;13;1;
202300023433;155 639 044;B01;3;50;0;2;1;15;3;
202300023434;155 639 039;A01;1;7;0;2;3;26;1;
202300023434;155 639 041;B01;1;7;0;2;7;15;1;
202300023435;155 639 038;A01;1;10;0;2;2;1;1;
202300023435;155 639 040;B01;1;7;0;2;1;1;1;
202300023435;155 639 042;C01;1;7;4;2;0;1;1;
202300023436;155 639 036;A01;1;7;0;2;1;2;1;
202300023436;155 639 037;B01;1;7;0;2;4;1;1;
202300023437;155 639 035;A01;1;33;0;0;0;1;1;
202300023438;155 639 031;A01;3;7;0;2;8;9;1;
202300023438;155 639 033;B01;3;50;0;2;1;0;3;
202300023439;155 639 030;B01;1;7;0;2;2;26;1;
202300023439;155 639 032;A01;1;7;0;2;7;5;1;
202300023440;155 639 028;A01;2;33;0;2;2;17;1;
202300023440;155 639 029;B01;1;7;0;2;3;1;1;
202300023441;155 639 025;B01;2;7;0;2;1;1;1;
202300023441;155 639 026;A01;2;7;0;2;2;15;1;
202300023442;155 639 027;A01;2;7;13;0;9;1;1;
202300023443;155 639 023;A01;2;7;0;1;2;1;1;
202300023444;155 639 022;A01;1;50;0;2;8;1;3;
202300023444;155 639 024;B01;1;7;0;2;1;1;1;
202300023445;155 639 021;A01;3;7;0;0;1;10;1;
202300023446;155 639 019;B01;3;7;0;2;1;15;1;
202300023446;155 639 020;A01;3;1;0;2;1;5;5;
202300023447;155 639 017;A01;1;7;0;2;1;1;1;
202300023447;155 639 018;B01;2;50;0;2;1;5;3;
202300023448;155 639 015;A01;1;7;0;2;5;16;1;
202300023448;155 639 016;B01;1;2;0;2;1;1;1;
202300023449;155 639 013;A01;1;33;9;2;7;17;1;
202300023449;155 639 014;B01;1;7;0;2;8;15;1;
202300023450;155 639 011;A01;1;1;0;2;4;1;5;
202300023450;155 639 012;B01;1;7;0;9;1;1;1;
202300023451;155 639 010;A01;2;7;0;1;3;1;1;
202300023452;155 639 008;A01;1;31;0;2;1;2;1;
202300023452;155 639 009;B01;1;7;0;2;6;2;1;
202300023453;155 639 006;A01;1;7;0;2;7;10;1;
202300023453;155 639 007;B01;1;31;0;2;1;18;1;
202300023454;155 639 004;A01;1;33;0;2;1;7;1;
202300023454;155 639 005;B01;1;7;0;2;2;16;1;
202300023455;155 639 002;A01;1;33;0;2;1;13;1;
202300023455;155 639 003;B01;2;7;0;2;3;1;1;
202300023456;155 639 000;A01;2;7;0;2;1;9;1;
202300023456;155 639 001;B01;2;33;0;2;5;15;1;
202300023457;155 638 998;A01;1;7;0;2;8;9;1;
202300023457;155 638 999;B01;1;7;0;2;1;1;1;
202300023458;155 638 996;A01;1;7;12;0;1;16;1;
202300023458;155 638 997;B01;1;60;12;0;1;25;5;
202300023459;155 638 994;A01;1;33;0;2;1;7;1;
202300023459;155 638 995;B01;1;7;0;2;5;16;1;
202300023460;155 638 992;A01;3;10;0;2;1;15;1;
202300023460;155 638 993;B01;3;2;0;2;2;1;1;
202300023461;155 638 991;A01;0;7;0;1;3;1;1;
202300023462;155 638 990;A01;3;0;0;1;1;1;0;
202300023463;155 638 988;A01;2;10;0;2;6;17;1;
202300023463;155 638 989;B01;2;34;0;2;2;17;1;
202300023464;155 638 987;A01;1;2;0;0;0;0;1;
202300023465;155 638 985;B01;3;7;0;2;1;1;1;
202300023465;155 638 986;A01;3;1;0;2;6;19;5;
202300023466;155 638 984;A01;0;7;0;1;0;1;1;
202300023467;155 638 982;A01;3;7;0;2;2;15;2;
202300023467;155 638 983;B01;3;33;0;2;1;1;1;
202300023468;155 638 980;B01;1;2;0;2;1;1;1;
202300023468;155 638 981;A01;2;7;0;2;3;15;2;
202300023469;155 638 977;A01;2;7;0;2;7;12;1;
202300023469;155 638 978;B01;2;31;0;2;1;3;1;
202300023470;155 638 975;A01;1;1;0;2;1;1;5;
202300023470;155 638 976;B01;1;7;0;2;3;0;1;
202300023471;155 638 974;A01;1;37;0;1;2;16;6;1
202300023472;155 638 972;B01;3;7;0;2;8;0;0;
202300023472;155 638 973;A01;3;7;8;2;8;26;0;
202300023473;155 638 970;A01;1;1;0;2;1;19;5;
202300023473;155 638 971;B01;1;10;0;2;5;16;1;
202300023474;155 638 968;A01;3;7;0;2;5;15;1;
202300023474;155 638 969;B01;3;33;0;2;1;1;1;
202300023475;155 638 966;A01;3;7;0;2;8;22;1;
202300023475;155 638 967;B01;3;50;0;2;1;1;3;
202300023476;155 638 962;D01;1;10;0;2;8;1;3;
202300023476;155 638 963;C01;2;10;0;2;2;1;3;
202300023476;155 638 964;A01;2;7;0;2;1;5;1;
202300023476;155 638 965;B01;1;7;0;2;1;1;1;
202300023477;155 638 960;B01;1;7;0;2;3;1;1;
202300023477;155 638 961;A01;1;50;0;2;1;26;3;
202300023478;155 638 958;A01;2;7;1;0;3;13;1;
202300023478;155 638 959;B01;2;7;1;2;5;24;1;
202300023479;155 638 956;B01;1;33;0;2;8;1;1;
202300023479;155 638 957;A01;2;7;0;2;8;15;1;
202300023480;155 638 954;A01;1;7;0;2;4;4;1;
202300023480;155 638 955;B01;1;7;0;2;1;23;0;
202300023481;155 638 952;A01;2;80;16;0;0;1;3;
202300023482;155 638 951;A01;3;7;0;2;2;26;1;
202300023482;155 638 953;B01;1;1;0;2;1;1;5;
202300023483;155 638 949;A01;2;33;0;2;7;17;1;
202300023483;155 638 950;B01;2;7;0;2;8;15;1;
202300023484;155 638 947;A01;2;7;0;2;2;10;1;
202300023484;155 638 948;B01;2;33;1;2;1;1;1;
202300023485;155 638 945;A01;2;30;0;2;8;13;1;
202300023485;155 638 946;B01;2;33;0;2;7;17;1;
202300023486;155 638 943;B01;2;10;0;2;8;15;1;
202300023486;155 638 944;A01;2;32;0;2;7;13;1;
202300023487;155 638 942;A01;3;7;1;0;0;9;1;
202300023488;155 638 941;A01;2;10;0;1;1;5;1;
202300023489;155 638 940;A01;1;3;0;1;2;9;1;
202300023490;155 638 936;A01;3;7;0;2;1;0;1;
202300023490;155 638 939;B01;3;2;0;2;3;16;1;
202300023491;155 638 935;A01;3;33;0;2;3;17;1;
202300023491;155 638 937;C01;1;7;0;2;6;23;1;
202300023491;155 638 938;B01;1;7;0;2;3;15;1;
202300023492;155 638 932;B01;2;32;0;2;1;17;0;
202300023492;155 638 934;A01;2;7;0;2;3;15;0;
202300023493;155 638 931;A01;2;7;0;2;2;2;1;
202300023493;155 638 933;B01;2;7;13;0;6;2;0;
202300023494;155 638 929;A01;1;7;0;2;4;2;1;
202300023494;155 638 930;B01;1;10;0;2;1;1;1;
202300023495;155 638 927;A01;1;7;0;1;0;19;0;
202300023496;155 638 926;A01;3;7;0;1;1;1;1;
202300023497;155 638 925;A01;2;7;0;1;1;1;1;
202300023498;155 638 923;A01;1;33;0;1;3;3;1;
202300023499;155 638 922;A01;2;0;0;2;5;17;0;
202300023499;155 638 924;B01;2;1;0;2;1;1;5;
202300023500;155 638 921;A01;1;7;13;0;1;1;1;
202300023501;155 638 919;A01;3;7;0;2;8;10;1;
202300023501;155 638 920;B01;3;2;0;2;1;1;1;
202300023502;155 638 916;A01;1;7;0;2;3;15;3;
202300023502;155 638 918;B01;2;10;0;2;2;21;1;
202300023503;155 638 915;B01;1;33;0;2;8;1;1;
202300023503;155 638 917;A01;2;7;0;2;2;15;1;
202300023504;155 638 912;B01;2;7;0;2;3;13;1;
202300023504;155 638 914;A01;1;15;0;2;3;1;1;
202300023505;155 638 911;A01;3;1;0;2;1;25;5;
202300023505;155 638 913;B01;3;15;0;1;6;1;1;
202300023506;155 638 910;A01;3;7;15;0;1;10;1;
202300023507;155 638 908;B01;3;7;0;2;8;1;0;
202300023507;155 638 909;A01;3;99;0;2;2;1;1;
202300023508;155 638 906;A01;1;7;0;2;5;15;1;
202300023508;155 638 907;B01;2;33;0;2;1;1;1;
202300023509;155 638 904;A01;1;7;0;2;8;24;2;
202300023509;155 638 905;B01;1;1;1;0;2;1;5;
202300023510;155 638 901;A01;1;10;4;2;8;13;1;
202300023510;155 638 903;B01;1;7;4;2;7;17;1;
202300023511;155 638 900;A01;1;7;0;9;3;1;1;
202300023511;155 638 902;B01;1;50;0;2;2;19;3;
202300023512;155 638 897;A01;1;7;0;0;1;15;1;
202300023513;155 638 896;A01;2;10;0;2;2;12;1;
202300023513;155 638 898;B01;2;21;0;2;6;1;1;
202300023513;155 638 899;C01;2;7;0;2;1;1;1;
202300023514;155 638 895;A01;3;7;0;1;4;20;1;
202300023515;155 638 894;A01;1;7;0;1;1;1;1;
202300023516;155 638 891;A01;3;7;0;2;8;1;1;
202300023516;155 638 893;B01;3;80;0;0;1;1;3;
202300023517;155 638 890;B01;2;31;0;2;1;17;1;
202300023517;155 638 892;A01;2;7;0;2;3;15;1;
202300023518;155 638 889;A01;0;33;0;0;9;1;1;
202300023519;155 638 888;Z01;3;33;0;1;1;1;1;
202300023520;155 638 885;B01;2;7;0;2;3;1;1;
202300023520;155 638 887;A01;1;10;0;2;1;13;1;
202300023521;155 638 886;A01;1;7;0;1;3;1;1;
202300023522;155 638 883;Z01;2;10;0;2;8;22;1;
202300023522;155 638 884;B01;2;1;1;0;1;1;5;
202300023523;155 638 881;A01;1;7;0;2;1;13;1;
202300023523;155 638 882;B01;2;7;0;2;1;1;2;
202300023524;155 638 878;Z01;3;7;0;2;1;0;1;
202300023524;155 638 880;B01;3;50;0;2;4;1;3;
202300023525;155 638 877;B01;2;7;0;2;3;1;1;
202300023525;155 638 879;A01;2;10;0;2;1;9;1;
202300023526;155 638 874;A01;2;2;13;0;1;1;1;
202300023527;155 638 875;A01;1;7;0;2;1;1;1;
202300023527;155 638 876;B01;0;7;0;2;4;15;1;
202300023528;155 638 873;A01;2;2;0;0;0;2;1;
202300023529;155 638 871;A01;1;2;12;0;2;0;1;
202300023530;155 638 870;A01;2;7;0;2;7;15;1;
202300023530;155 638 872;B01;1;7;0;2;2;1;1;
202300023531;155 638 869;A01;1;15;0;1;1;1;0;
202300023532;155 638 867;A01;2;7;0;2;4;23;1;
202300023532;155 638 868;B01;2;10;0;2;1;2;1;
202300023533;155 638 864;C01;2;7;0;2;1;1;2;
202300023533;155 638 865;A01;2;7;0;2;1;13;1;
202300023533;155 638 866;B01;1;7;0;2;1;1;1;
202300023534;155 638 863;A01;2;7;0;0;9;0;1;
202300023535;155 638 861;B01;2;2;0;2;3;2;0;
202300023535;155 638 862;A01;2;7;0;2;5;2;0;
202300023536;155 638 860;A01;2;30;0;1;1;17;1;
202300023537;155 638 859;A01;0;7;0;1;7;2;1;
202300023538;155 638 856;A01;0;7;1;2;8;24;0;
202300023538;155 638 858;B01;0;50;1;2;1;2;3;
202300023539;155 638 855;A01;2;7;0;2;1;2;1;
202300023539;155 638 857;B01;2;7;0;2;4;15;1;
202300023540;155 638 853;A01;1;33;7;0;2;14;1;
202300023541;155 638 852;A01;3;7;0;2;2;15;1;
202300023541;155 638 854;B01;3;1;0;2;1;13;5;
202300023542;155 638 851;A01;2;7;16;0;9;26;0;
202300023543;155 638 849;A01;2;1;8;0;9;1;5;
202300023544;155 638 848;B01;0;99;0;2;1;1;1;
202300023544;155 638 850;A01;0;7;0;2;8;19;1;
202300023545;155 638 845;A01;1;3;0;2;1;1;1;
202300023545;155 638 846;B01;1;7;0;9;4;21;1;
202300023546;155 638 843;A01;2;33;1;0;3;1;1;
202300023546;155 638 844;B01;1;7;0;2;3;15;1;
202300023547;155 638 842;A01;1;7;0;1;0;0;1;
202300023548;155 638 841;A01;2;15;4;0;3;13;1;
202300023549;155 638 837;A01;2;7;0;0;6;13;1;
202300023549;155 638 839;B01;2;33;0;2;1;17;1;
202300023550;155 638 838;B01;1;99;0;2;1;1;3;
202300023550;155 638 840;A01;2;7;0;2;7;1;1;
202300023551;155 638 836;A01;1;7;0;0;2;1;1;
202300023552;155 638 834;A01;2;31;11;0;0;0;1;
202300023553;155 638 833;A01;1;10;0;2;6;9;1;
202300023553;155 638 835;B01;3;7;0;2;1;1;1;
202300023554;155 638 829;A01;2;7;0;0;1;15;1;
202300023554;155 638 832;B01;1;33;0;0;1;1;1;
202300023555;155 638 830;B01;3;40;0;2;3;1;3;
202300023555;155 638 831;A01;3;1;0;4;2;0;5;
202300023556;155 638 827;A01;2;7;0;2;3;0;1;
202300023556;155 638 828;B01;1;7;0;0;3;1;1;
202300023557;155 638 823;A01;1;7;4;0;3;1;1;
202300023558;155 638 822;A01;3;10;0;1;6;20;1;
202300023559;155 638 820;B01;1;2;0;2;1;2;0;
202300023559;155 638 821;A01;1;10;0;0;6;9;1;
202300023560;155 638 818;B01;1;7;0;2;1;2;1;
202300023560;155 638 819;A01;1;7;0;0;4;23;1;
202300023561;155 638 817;A01;2;33;12;0;8;17;1;
202300023562;155 638 814;B01;2;14;0;0;6;2;1;
202300023562;155 638 815;A01;2;7;0;2;7;17;1;
202300023563;155 638 812;A01;1;33;1;0;1;2;0;
202300023563;155 638 813;B01;1;7;0;2;4;23;0;
202300023564;155 638 810;A01;3;7;0;2;3;26;1;
202300023564;155 638 811;B01;3;31;0;2;1;1;1;
202300023565;155 638 807;B01;2;7;0;0;3;1;1;
202300023565;155 638 808;A01;1;7;0;0;3;13;1;
202300023565;155 638 809;C01;2;10;0;2;3;1;1;
202300023566;155 638 805;A01;1;7;0;2;1;13;1;
202300023566;155 638 806;B01;1;15;0;2;1;1;1;
202300023567;155 638 803;A01;1;7;0;2;1;2;1;
202300023567;155 638 804;B01;1;1;0;2;8;15;5;
202300023568;155 638 802;A01;2;33;6;0;1;1;1;
202300023569;155 638 801;A01;2;7;0;0;1;1;1;
202300023570;155 638 799;A01;2;7;0;2;3;9;1;
202300023570;155 638 800;B01;0;1;0;2;7;1;5;
202300023571;155 638 797;B01;2;7;0;0;3;13;0;
202300023571;155 638 798;A01;1;7;0;0;3;1;0;
202300023572;155 638 795;A01;0;7;12;0;1;1;1;
202300023573;155 638 793;A01;1;7;0;0;4;9;1;
202300023573;155 638 794;B01;1;37;0;2;1;2;1;1
202300023574;155 638 792;A01;2;7;10;0;3;1;1;
202300023575;155 638 790;X01;1;10;0;2;5;12;0;
202300023575;155 638 791;A01;1;7;0;2;3;1;1;
202300023576;155 638 789;A01;1;33;0;0;0;2;1;
202300023577;155 638 784;D01;2;7;0;2;4;2;0;
202300023577;155 638 785;E01;2;7;0;2;4;2;1;
202300023577;155 638 786;C01;2;7;0;2;4;2;1;
202300023577;155 638 787;B01;2;7;0;2;4;2;1;
202300023577;155 638 788;A01;2;7;0;2;1;2;1;
202300023578;155 638 782;A01;2;14;0;2;7;12;1;
202300023578;155 638 783;B01;2;7;0;2;6;1;1;
202300023579;155 638 780;B01;1;7;0;2;4;1;1;
202300023579;155 638 781;A01;1;7;0;2;1;2;3;
202300023580;155 638 778;A01;2;7;0;2;3;1;0;
202300023580;155 638 779;B01;1;7;0;2;3;13;0;
202300023581;155 638 776;B01;2;7;0;2;6;2;1;
202300023581;155 638 777;A01;2;17;0;2;2;12;1;
202300023582;155 638 774;A01;2;14;0;2;1;2;1;
202300023582;155 638 775;B01;2;7;0;2;4;2;1;
202300023583;155 638 773;A01;1;33;0;0;0;21;1;
202300023584;155 638 771;A01;2;7;0;2;1;1;1;
202300023584;155 638 772;B01;2;14;0;2;4;1;1;
202300023585;155 638 769;B01;2;33;0;2;7;1;1;
202300023585;155 638 770;A01;2;7;0;2;8;11;1;
202300023586;155 638 767;B01;1;15;0;2;6;23;1;
202300023586;155 638 768;A01;1;32;0;2;7;18;1;
202300023587;155 638 765;A01;2;33;3;2;1;3;1;
202300023587;155 638 766;B01;2;7;3;2;7;12;1;
202300023588;155 638 762;A01;2;7;0;2;1;2;1;
202300023588;155 638 763;B01;2;7;0;2;4;2;2;
202300023588;155 638 764;C01;2;7;0;2;4;2;1;
202300023589;155 638 761;A01;2;31;0;0;7;1;1;
202300023590;155 638 759;A01;2;33;0;2;2;3;1;
202300023590;155 638 760;B01;2;10;0;2;1;2;3;
202300023591;155 638 757;A01;2;33;0;2;2;26;1;
202300023591;155 638 758;B01;2;7;0;2;6;1;0;
202300023592;155 638 754;A01;2;7;0;2;2;14;1;
202300023592;155 638 755;B01;2;15;0;2;8;1;1;
202300023592;155 638 756;C01;2;7;0;2;4;1;1;
202300023593;155 638 752;B01;2;7;0;2;4;11;1;
202300023593;155 638 753;A01;2;33;0;2;1;3;1;
202300023594;155 638 749;A01;1;10;0;2;4;2;1;
202300023594;155 638 750;B01;1;10;0;2;1;2;1;
202300023594;155 638 751;C01;1;7;0;2;1;2;1;
202300023595;155 638 747;A01;1;7;0;0;9;1;1;
202300023595;155 638 748;B01;1;7;0;2;1;1;1;