Num_Acc;id_vehicule;num_veh;senc;catv;obs;obsm;choc;manv;motor;occutc
202300024468;155 637 235;A01;2;34;0;2;1;2;1;
202300024468;155 637 239;B01;2;10;0;2;6;2;1;
202300024469;155 637 232;A01;3;7;8;2;1;15;1;
202300024469;155 637 233;B01;3;7;0;2;8;1;1;
202300024469;155 637 237;C01;3;37;0;2;8;0;0;1
202300024470;155 637 228;A01;1;7;0;2;1;1;1;
202300024470;155 637 229;B01;1;14;0;2;4;1;1;
202300024471;155 637 227;A01;3;21;1;0;1;1;1;
202300024471;155 637 231;B01;3;35;0;0;4;24;1;
202300024472;155 637 226;A01;1;10;0;1;1;12;1;
202300024473;155 637 221;A01;1;7;0;1;1;1;1;
202300024474;155 637 222;A01;1;7;0;2;8;11;1;
202300024474;155 637 223;B01;1;34;0;2;7;3;1;
202300024475;155 637 219;A01;1;7;12;0;3;13;1;
202300024476;155 637 218;B01;2;7;0;2;0;0;0;
202300024476;155 637 220;A01;1;7;0;2;0;0;1;
202300024477;155 637 216;A01;2;7;0;1;1;15;1;
202300024478;155 637 214;A01;3;7;8;0;1;1;1;
202300024479;155 637 213;B01;0;2;0;2;7;1;1;
202300024479;155 637 217;A01;0;7;0;2;1;1;1;
202300024480;155 637 212;B01;1;7;0;2;4;2;1;
202300024480;155 637 215;A01;1;7;0;2;1;2;1;
202300024481;155 637 210;A01;1;7;0;2;3;1;1;
202300024481;155 637 211;B01;2;7;0;2;3;1;1;
202300024482;155 637 208;A01;3;7;0;1;2;0;1;
202300024483;155 637 207;A01;1;17;4;0;1;1;1;
202300024484;155 637 206;A01;2;7;0;2;4;2;1;
202300024484;155 637 209;B01;2;7;0;2;1;2;1;
202300024485;155 637 204;A01;1;7;0;0;3;1;0;
202300024485;155 637 205;B01;2;10;0;0;3;1;1;
202300024486;155 637 200;A01;2;7;0;2;1;2;1;
202300024486;155 637 203;B01;2;7;0;2;4;23;1;
202300024487;155 637 199;A01;1;7;0;2;4;2;1;
202300024487;155 637 202;B01;1;7;0;2;1;2;1;
202300024488;155 637 198;A01;1;7;0;2;8;26;1;
202300024488;155 637 201;B01;1;7;0;2;2;1;1;
202300024489;155 637 197;A01;2;7;0;1;2;0;1;
202300024490;155 637 194;A01;1;37;0;0;4;1;1;1
202300024490;155 637 196;B01;1;7;0;0;1;0;0;
202300024491;155 637 193;A01;1;10;0;2;1;2;1;
202300024491;155 637 195;B01;1;10;0;0;4;1;1;
202300024492;155 637 190;B01;3;7;0;2;4;1;0;
202300024492;155 637 192;A01;3;7;0;2;1;1;0;
202300024493;155 637 189;A01;1;1;0;2;7;1;5;
202300024493;155 637 191;B01;1;10;0;9;1;2;1;
202300024494;155 637 186;A01;1;7;0;2;1;2;1;
202300024494;155 637 188;B01;2;13;0;2;4;1;1;
202300024495;155 637 185;A01;1;2;0;2;4;1;0;
202300024495;155 637 187;B01;1;7;0;0;4;1;-1;
202300024496;155 637 181;A01;1;7;0;2;1;1;1;
202300024496;155 637 183;B01;1;7;0;2;8;1;1;
202300024497;155 637 182;A01;1;33;0;2;1;1;1;
202300024497;155 637 184;B01;2;7;0;2;5;15;1;
202300024498;155 637 179;A01;1;33;0;2;1;3;1;
202300024498;155 637 180;B01;1;7;0;2;5;1;0;
202300024499;155 637 178;A01;1;17;3;0;3;0;1;
202300024500;155 637 175;A01;1;7;0;2;7;1;1;
202300024500;155 637 177;B01;1;1;0;2;1;11;5;
202300024501;155 637 174;B01;3;31;0;2;1;1;1;
202300024501;155 637 176;A01;3;7;0;2;3;1;1;
202300024502;155 637 168;B01;2;7;0;2;4;2;1;
202300024502;155 637 171;C01;2;7;0;2;4;2;3;
202300024502;155 637 173;A01;2;10;0;2;1;2;1;
202300024503;155 637 166;B01;3;7;0;2;3;23;1;
202300024503;155 637 170;A01;3;33;0;2;7;23;1;
202300024504;155 637 164;A01;1;7;13;0;1;1;0;
202300024505;155 637 160;A01;1;7;0;2;2;12;0;
202300024505;155 637 163;B01;1;33;0;2;8;3;0;
202300024506;155 637 159;A01;1;7;0;2;2;14;0;
202300024506;155 637 161;B01;1;32;0;2;6;1;0;
202300024507;155 637 155;Z01;1;10;0;1;1;15;1;
202300024508;155 637 153;A01;2;33;0;2;2;21;1;
202300024508;155 637 156;B01;2;7;0;2;6;1;1;
202300024509;155 637 152;A01;1;2;0;2;1;19;1;
202300024509;155 637 157;B01;3;7;0;2;3;19;1;
202300024510;155 637 154;A01;3;7;0;2;3;9;1;
202300024510;155 637 158;B01;1;33;0;2;1;17;3;
202300024511;155 637 150;A01;1;7;4;0;2;2;1;
202300024512;155 637 151;A01;3;7;0;1;0;15;1;
202300024513;155 637 149;A01;2;7;0;1;1;17;1;
202300024514;155 637 146;A01;2;33;0;0;8;1;1;
202300024515;155 637 145;A01;1;7;13;0;1;1;1;
202300024516;155 637 144;A01;3;37;0;1;1;1;1;1
202300024517;155 637 138;B01;1;16;4;2;4;2;1;
202300024517;155 637 141;A01;1;17;4;2;1;2;1;
202300024518;155 637 137;B01;2;7;0;2;1;1;1;
202300024518;155 637 142;A01;1;10;0;2;8;19;1;
202300024519;155 637 135;A01;1;32;13;0;9;1;6;
202300024520;155 637 131;A01;2;7;0;1;3;15;1;
202300024521;155 637 129;A01;2;7;2;0;3;1;1;
202300024522;155 637 128;A01;1;14;0;2;1;1;1;
202300024522;155 637 132;B01;2;7;0;2;1;1;0;
202300024522;155 637 134;C01;1;10;0;2;4;1;1;
202300024522;155 637 136;D01;1;7;0;2;4;2;-1;
202300024522;155 637 140;E01;1;7;0;2;4;2;0;
202300024522;155 637 143;F01;1;7;0;2;4;2;0;
202300024522;155 637 147;G01;1;7;0;2;4;0;0;
202300024522;155 637 148;H01;1;10;0;2;4;2;0;
202300024523;155 637 126;A01;3;7;1;1;1;1;1;
202300024524;155 637 125;D01;1;7;0;2;4;2;1;
202300024524;155 637 127;C01;1;7;0;2;4;2;1;
202300024524;155 637 130;B01;1;7;0;2;4;2;1;
202300024524;155 637 133;A01;1;7;0;2;1;2;1;
202300024525;155 637 123;B01;2;7;0;0;6;2;1;
202300024525;155 637 124;A01;2;7;1;2;1;2;1;
202300024526;155 637 122;A01;3;10;0;1;1;1;1;
202300024527;155 637 116;A01;3;1;0;1;1;1;5;
202300024528;155 637 117;A01;2;7;0;2;2;1;1;
202300024528;155 637 120;B01;1;32;16;0;4;1;1;
202300024529;155 637 115;A01;1;7;0;9;3;9;1;
202300024529;155 637 119;B01;1;33;0;2;1;17;1;
202300024530;155 637 113;A01;2;10;0;2;1;1;1;
202300024530;155 637 114;B01;2;10;0;2;4;1;1;
202300024530;155 637 118;C01;2;7;0;2;4;1;1;
202300024530;155 637 121;D01;2;7;0;2;4;1;1;
202300024531;155 637 109;B01;1;7;0;2;3;15;1;
202300024531;155 637 112;A01;1;7;0;2;1;1;1;
202300024532;155 637 107;A01;1;7;0;1;1;1;1;
202300024533;155 637 108;A01;2;7;1;0;1;1;1;
202300024534;155 637 106;A01;2;7;0;2;4;1;1;
202300024534;155 637 110;B01;2;7;0;2;4;2;1;
202300024534;155 637 111;C01;2;7;0;2;3;2;1;
202300024535;155 637 102;A01;0;7;0;2;1;15;1;
202300024535;155 637 105;B01;0;7;0;2;1;1;1;
202300024536;155 637 099;B01;2;7;0;2;5;2;1;
202300024536;155 637 101;C01;2;10;0;2;3;2;1;
202300024536;155 637 103;A01;2;7;0;2;3;1;1;
202300024537;155 637 097;B01;2;1;0;2;7;1;5;
202300024537;155 637 104;A01;2;7;0;2;1;1;1;
202300024538;155 637 096;A01;2;7;0;2;1;2;1;
202300024538;155 637 098;B01;2;7;0;2;4;23;1;
202300024539;155 637 095;A01;1;7;0;9;1;15;1;
202300024539;155 637 100;B01;2;1;0;2;1;1;5;
202300024540;155 637 093;A01;2;7;0;2;2;12;1;
202300024540;155 637 094;B01;2;33;0;2;8;3;1;
202300024541;155 637 090;A01;2;7;0;9;3;15;1;
202300024541;155 637 092;B01;1;2;0;2;7;1;0;
202300024542;155 637 089;A01;1;7;0;2;2;15;1;
202300024542;155 637 091;B01;2;7;0;2;1;1;1;
202300024543;155 637 086;A01;2;7;0;2;2;15;0;
202300024543;155 637 088;B01;1;32;0;2;1;1;1;
202300024544;155 637 085;A01;2;7;0;2;4;2;1;
202300024544;155 637 087;B01;2;7;0;2;1;2;1;
202300024545;155 637 082;A01;2;7;0;2;3;15;1;
202300024545;155 637 084;B01;1;1;0;2;3;23;0;
202300024546;155 637 081;B01;2;7;0;2;3;1;0;
202300024546;155 637 083;A01;2;7;0;2;6;4;0;
202300024547;155 637 080;A01;3;7;0;0;3;20;1;
202300024548;155 637 079;A01;2;7;4;0;1;21;1;
202300024549;155 637 074;A01;3;7;0;2;7;19;1;
202300024549;155 637 077;B01;3;1;0;2;1;1;5;
202300024550;155 637 071;A01;2;33;0;2;0;1;1;
202300024550;155 637 075;B01;1;7;0;2;6;1;1;
202300024551;155 637 069;A01;2;10;0;9;1;2;1;
202300024551;155 637 072;B01;2;33;0;2;4;2;1;
202300024552;155 637 068;E01;2;7;0;2;8;0;1;
202300024552;155 637 070;A01;2;31;0;2;1;21;1;
202300024552;155 637 073;B01;2;7;0;2;1;1;2;
202300024552;155 637 076;C01;1;7;0;2;1;1;1;
202300024552;155 637 078;D01;1;7;0;2;1;1;1;
202300024553;155 637 066;B01;3;7;0;2;3;1;1;
202300024553;155 637 067;A01;3;7;0;2;3;15;1;
202300024554;155 637 065;A01;0;1;0;0;0;0;5;
202300024555;155 637 064;A01;1;10;3;0;3;13;1;
202300024556;155 637 062;B01;2;7;0;2;7;1;1;
202300024556;155 637 063;A01;2;7;0;2;8;20;1;
202300024557;155 637 061;A01;3;7;0;1;2;26;1;
202300024558;155 637 058;A01;2;7;0;2;1;2;0;
202300024558;155 637 060;Z01;2;17;0;2;4;2;0;
202300024559;155 637 057;A01;2;7;0;2;3;16;1;
202300024559;155 637 059;B01;2;10;0;2;2;1;1;
202300024560;155 637 055;A01;1;7;0;1;3;1;1;
202300024561;155 637 054;B01;3;7;0;2;1;16;1;
202300024561;155 637 056;A01;3;7;0;2;1;1;1;
202300024562;155 637 053;A01;2;37;0;1;7;23;0;1
202300024563;155 637 051;A01;2;7;0;1;2;1;1;
202300024564;155 637 050;B01;1;7;0;2;8;1;1;
202300024564;155 637 052;A01;2;7;0;2;3;15;1;
202300024565;155 637 047;A01;2;7;0;2;3;5;1;
202300024565;155 637 049;B01;1;33;0;2;3;1;1;
202300024566;155 637 046;A01;1;10;0;2;1;1;1;
202300024566;155 637 048;B01;1;34;0;2;4;1;1;
202300024567;155 637 045;A01;3;3;15;0;9;9;1;
202300024568;155 637 041;A01;1;7;0;2;1;2;1;
202300024568;155 637 044;B01;1;7;0;2;4;2;1;
202300024569;155 637 040;B01;1;7;0;0;3;0;0;
202300024569;155 637 043;A01;2;2;0;2;3;17;0;
202300024570;155 637 038;A01;3;33;0;1;1;1;1;
202300024571;155 637 037;A01;1;33;0;0;2;1;1;
202300024572;155 637 035;A01;1;7;0;1;2;1;1;
202300024573;155 637 030;A01;1;10;0;2;2;2;0;
202300024573;155 637 032;B01;1;17;0;0;6;1;0;
202300024574;155 637 029;B01;2;7;0;2;3;1;1;
202300024574;155 637 031;A01;1;7;0;2;3;1;1;
202300024575;155 637 025;A01;1;7;0;1;1;1;1;
202300024576;155 637 024;B01;2;10;0;2;3;11;1;
202300024576;155 637 027;A01;2;32;0;2;2;1;1;
202300024577;155 637 023;A01;1;7;0;2;3;9;1;
202300024577;155 637 034;B01;2;1;0;2;2;1;5;
202300024578;155 637 022;A01;1;7;0;0;6;1;0;
202300024578;155 637 026;B01;1;31;0;2;1;1;0;
202300024579;155 637 018;A01;2;32;0;2;6;1;1;
202300024579;155 637 020;B01;2;7;0;2;2;12;1;
202300024580;155 637 017;A01;2;7;2;0;5;0;1;
202300024581;155 637 015;B01;1;7;0;2;4;2;1;
202300024581;155 637 016;D01;1;7;0;2;4;2;1;
202300024581;155 637 019;C01;1;7;0;2;4;2;1;
202300024581;155 637 021;A01;1;7;0;2;1;2;1;
202300024582;155 637 013;A01;2;7;0;0;4;1;1;
202300024583;155 637 009;A01;1;7;0;2;8;23;1;
202300024583;155 637 011;B01;1;31;0;2;5;1;1;
202300024584;155 637 007;A01;1;33;0;2;7;3;1;
202300024584;155 637 010;C01;1;7;0;2;8;1;1;
202300024584;155 637 012;D01;1;7;0;2;0;1;1;
202300024584;155 637 014;B01;1;10;0;2;3;12;1;
202300024585;155 637 006;A01;1;50;0;2;1;2;3;
202300024585;155 637 008;Z01;1;7;0;2;4;23;0;
202300024586;155 637 005;A01;1;7;3;0;1;1;1;
202300024587;155 637 003;A01;1;7;0;1;2;1;1;
202300024588;155 637 001;B01;2;37;0;0;6;0;1;1
202300024588;155 637 002;C01;2;1;0;2;1;1;5;
202300024588;155 637 004;A01;2;7;0;0;2;1;1;
202300024589;155 636 998;Z01;1;7;0;1;1;1;0;
202300024590;155 636 997;C01;1;10;0;2;3;1;1;
202300024590;155 636 999;B01;1;33;3;2;2;1;1;
202300024590;155 637 000;A01;1;7;0;2;8;11;1;
202300024591;155 636 995;B01;1;1;0;2;8;13;5;
202300024591;155 636 996;A01;1;17;0;9;7;1;1;
202300024592;155 636 994;A01;3;7;1;0;1;14;3;
202300024593;155 636 993;A01;2;7;4;0;3;26;1;
202300024594;155 636 991;A01;0;7;4;0;1;0;1;
202300024595;155 636 989;A01;2;7;0;2;1;19;2;
202300024595;155 636 992;B01;1;2;0;2;7;1;1;
202300024596;155 636 986;B01;1;10;0;2;4;1;1;
202300024596;155 636 988;A01;1;34;0;2;1;3;1;
202300024596;155 636 990;C01;1;7;0;2;8;11;0;
202300024597;155 636 984;B01;1;7;0;2;4;2;1;
202300024597;155 636 985;A01;1;7;0;2;1;2;1;
202300024598;155 636 980;B01;1;7;0;2;2;0;1;
202300024598;155 636 982;A01;1;7;0;0;6;11;1;
202300024599;155 636 981;A01;3;7;0;1;1;26;2;
202300024600;155 636 978;A01;1;10;0;2;2;23;1;
202300024600;155 636 979;B01;1;2;0;0;0;26;1;
202300024601;155 636 977;A01;0;50;0;0;0;19;3;
202300024602;155 636 983;A01;1;7;0;2;3;15;1;
202300024602;155 636 987;B01;2;2;0;2;1;2;1;
202300024603;155 636 976;A01;1;33;12;0;0;1;1;
202300024604;155 636 972;A01;1;7;0;0;5;2;1;
202300024604;155 636 973;B01;1;7;0;2;3;2;1;
202300024605;155 636 970;A01;1;33;0;0;0;1;0;
202300024606;155 636 971;B01;1;30;0;2;1;0;1;
202300024606;155 636 974;A01;1;7;0;2;7;2;1;
202300024607;155 636 968;A01;2;7;0;2;2;1;1;
202300024607;155 636 969;B01;0;2;0;0;1;1;1;
202300024608;155 636 965;A01;1;7;0;2;3;15;1;
202300024608;155 636 967;B01;1;1;0;2;1;1;5;
202300024609;155 636 964;A01;1;7;0;2;2;15;1;
202300024609;155 636 966;B01;2;1;0;2;1;1;5;
202300024610;155 636 962;A01;3;7;0;2;5;4;6;
202300024610;155 636 963;B01;2;7;0;2;2;1;6;
202300024611;155 636 961;A01;1;7;0;1;1;2;0;
202300024612;155 636 958;B01;2;1;0;2;8;1;5;
202300024612;155 636 959;A01;1;7;0;9;2;15;1;
202300024613;155 636 956;A01;2;7;2;0;1;1;1;
202300024614;155 636 957;A01;1;33;0;2;1;17;1;
202300024614;155 636 960;B01;1;7;0;2;6;15;1;
202300024615;155 636 954;A01;1;7;0;2;2;13;1;
202300024615;155 636 955;B01;2;33;0;2;3;1;1;
202300024616;155 636 952;A01;2;3;0;2;3;9;1;
202300024616;155 636 953;B01;1;33;0;2;1;1;1;
202300024617;155 636 951;A01;2;7;0;1;1;2;1;
202300024618;155 636 950;A01;2;7;8;0;1;0;6;
202300024619;155 636 947;A01;1;10;0;2;1;1;1;
202300024619;155 636 948;B01;1;7;0;2;8;1;1;
202300024620;155 636 949;A01;2;7;0;1;2;16;1;
202300024621;155 636 942;A01;2;10;0;2;2;2;1;
202300024621;155 636 943;B01;2;7;0;2;6;2;1;
202300024622;155 636 940;A01;1;7;4;0;1;21;0;
202300024623;155 636 938;B01;1;7;0;2;5;2;6;
202300024623;155 636 939;A01;1;33;0;2;1;3;1;
202300024624;155 636 941;A01;2;7;0;2;4;1;1;
202300024624;155 636 944;B01;2;7;1;2;1;2;1;
202300024625;155 636 936;A01;1;7;0;2;6;11;1;
202300024625;155 636 937;B01;1;33;0;2;1;3;1;
202300024626;155 636 934;A01;2;7;0;1;2;1;1;
202300024627;155 636 933;Z01;2;1;0;1;1;1;5;
202300024628;155 636 931;A01;1;14;0;2;1;1;1;
202300024628;155 636 932;B01;1;7;0;2;4;23;1;
202300024628;155 636 935;C01;1;10;0;2;4;1;1;
202300024629;155 636 930;A01;2;30;0;0;0;1;1;
202300024630;155 636 928;B01;2;7;0;0;3;1;1;
202300024630;155 636 929;A01;1;7;0;0;3;13;1;
202300024631;155 636 925;B01;3;7;0;2;0;1;1;
202300024631;155 636 926;A01;3;10;0;0;1;1;1;
202300024632;155 636 923;A01;1;7;0;1;3;2;1;
202300024633;155 636 922;A01;3;7;0;2;4;1;1;
202300024633;155 636 924;B01;3;7;0;2;1;2;1;
202300024633;155 636 927;C01;3;7;0;2;1;2;1;
202300024634;155 636 920;Z01;1;1;0;2;4;1;5;
202300024634;155 636 921;A01;1;10;0;2;1;1;1;
202300024635;155 636 919;A01;2;10;0;1;1;1;1;
202300024636;155 636 916;A01;2;32;1;0;1;2;1;
202300024636;155 636 917;B01;2;7;0;2;8;24;1;
202300024637;155 636 915;A01;1;7;0;2;3;13;1;
202300024637;155 636 918;B01;2;7;0;2;3;1;1;
202300024638;155 636 913;A01;1;7;0;2;3;1;1;
202300024638;155 636 914;B01;2;7;0;2;3;0;1;
202300024639;155 636 912;A01;1;10;0;1;1;1;3;
202300024640;155 636 910;A01;1;1;0;2;4;9;5;
202300024640;155 636 911;B01;1;7;0;2;1;1;1;
202300024641;155 636 909;A01;1;7;0;1;2;1;1;
202300024642;155 636 907;A01;2;30;0;4;3;19;1;
202300024642;155 636 908;B01;1;40;0;2;2;1;3;
202300024643;155 636 906;A01;3;10;2;0;1;13;1;
202300024644;155 636 905;A01;1;7;0;1;1;1;1;
202300024645;155 636 904;A01;3;7;5;0;1;1;1;
202300024646;155 636 902;A01;2;7;0;1;2;1;1;
202300024647;155 636 900;A01;1;7;0;1;2;1;1;
202300024648;155 636 901;A01;1;7;0;2;1;1;2;
202300024648;155 636 903;B01;1;7;0;2;4;1;1;
202300024649;155 636 894;A01;2;7;0;0;0;14;0;
202300024649;155 636 896;B01;2;1;0;0;0;18;5;
202300024650;155 636 893;A01;1;7;1;2;1;2;1;
202300024650;155 636 897;B01;1;7;0;2;4;1;1;
202300024651;155 636 891;A01;1;1;12;0;1;25;5;
202300024652;155 636 890;A01;2;14;8;2;1;1;1;
202300024652;155 636 892;B01;2;7;0;2;1;0;1;
202300024652;155 636 895;D01;2;14;0;2;4;1;1;
202300024652;155 636 898;E01;2;7;0;2;4;1;1;
202300024652;155 636 899;C01;2;14;0;2;8;1;1;
202300024653;155 636 888;A01;2;32;0;0;8;18;1;
202300024653;155 636 889;B01;2;7;0;0;0;7;1;
202300024654;155 636 887;A01;2;30;0;0;8;15;3;
202300024655;155 636 885;B01;0;1;1;0;7;2;5;
202300024655;155 636 886;A01;0;7;0;2;8;20;1;
202300024656;155 636 884;A01;1;7;0;1;1;1;1;
202300024657;155 636 883;A01;1;7;3;0;3;1;1;
202300024658;155 636 881;A01;1;7;0;2;8;22;2;
202300024658;155 636 882;B01;1;1;0;2;1;17;5;
202300024659;155 636 879;A01;1;7;0;1;1;1;1;
202300024660;155 636 880;A01;2;7;1;0;2;2;1;
202300024661;155 636 877;B01;2;33;0;2;4;23;1;
202300024661;155 636 878;A01;2;7;0;2;1;2;2;
202300024662;155 636 876;A01;1;80;12;0;0;20;3;
202300024663;155 636 874;A01;1;7;0;2;2;15;1;
202300024663;155 636 875;B01;2;33;0;2;1;7;1;
202300024664;155 636 873;A01;2;10;0;1;1;16;1;
202300024665;155 636 871;A01;1;7;0;2;7;15;1;
202300024665;155 636 872;B01;2;7;0;2;3;1;1;
202300024666;155 636 868;A01;1;7;0;2;0;0;1;
202300024666;155 636 870;B01;2;13;0;2;1;1;0;
202300024667;155 636 867;A01;1;33;0;2;1;1;1;
202300024667;155 636 869;B01;3;7;0;2;7;19;2;
202300024668;155 636 864;B01;2;7;0;2;4;1;1;
202300024668;155 636 865;C01;2;7;0;2;4;1;1;
202300024668;155 636 866;A01;2;10;0;2;1;2;1;
202300024669;155 636 862;A01;1;7;0;1;1;16;1;
202300024670;155 636 861;A01;3;7;0;2;1;5;1;
202300024670;155 636 863;B01;3;34;0;2;1;1;1;
202300024671;155 636 860;A01;1;7;1;1;1;1;1;
202300024672;155 636 857;A01;0;34;0;2;1;1;1;
202300024672;155 636 859;B01;0;7;0;2;7;19;1;
202300024673;155 636 855;A01;1;7;0;2;7;16;1;
202300024673;155 636 858;B01;1;37;0;2;3;7;1;4
202300024674;155 636 854;B01;3;7;0;2;7;1;1;
202300024674;155 636 856;A01;3;1;0;2;1;19;5;
202300024675;155 636 852;A01;2;7;0;2;1;1;1;
202300024675;155 636 853;B01;2;1;0;2;4;1;5;
202300024676;155 636 849;A01;1;7;0;1;0;16;0;
202300024677;155 636 848;A01;3;7;0;2;1;2;1;
202300024677;155 636 851;B01;3;7;0;2;4;1;1;
202300024678;155 636 847;A01;3;2;0;2;7;10;1;
202300024678;155 636 850;B01;2;31;0;2;1;1;1;
202300024679;155 636 844;A01;1;7;0;1;1;1;1;
202300024680;155 636 843;B01;3;1;0;2;2;1;5;
202300024680;155 636 846;A01;3;7;0;2;1;19;1;
202300024681;155 636 842;B01;2;7;0;2;2;1;1;
202300024681;155 636 845;A01;1;7;0;2;1;15;1;
202300024682;155 636 840;A01;3;7;15;2;1;1;1;
202300024682;155 636 841;B01;3;7;0;2;2;1;1;
202300024683;155 636 838;A01;3;7;8;0;1;1;1;
202300024684;155 636 839;A01;1;7;4;0;9;9;1;
202300024685;155 636 836;Z01;0;30;0;0;0;0;0;
202300024685;155 636 837;A01;1;50;0;2;1;1;3;
202300024686;155 636 834;A01;0;7;0;1;1;16;1;
202300024687;155 636 835;A01;2;7;13;0;1;16;1;
202300024688;155 636 832;B01;1;7;0;2;1;1;1;
202300024688;155 636 833;A01;1;7;0;1;1;1;1;
202300024689;155 636 830;B01;1;1;0;2;0;0;5;
202300024689;155 636 831;A01;1;7;0;2;0;1;1;
202300024690;155 636 827;A01;1;7;0;2;2;16;1;
202300024690;155 636 828;B01;1;34;0;2;3;1;1;
202300024691;155 636 825;A01;3;50;0;2;0;19;3;
202300024691;155 636 826;B01;1;7;0;2;0;1;1;
202300024692;155 636 824;A01;2;7;0;1;1;17;1;
202300024693;155 636 823;A01;2;99;0;0;1;0;3;
202300024694;155 636 819;A01;3;7;0;1;1;1;0;
202300024695;155 636 820;A01;3;7;0;2;7;15;1;
202300024695;155 636 821;B01;3;7;0;2;1;1;1;
202300024696;155 636 818;A01;1;2;0;2;2;12;1;
202300024696;155 636 822;B01;2;7;0;2;3;1;1;
202300024697;155 636 815;A01;1;7;0;2;1;1;1;
202300024697;155 636 817;B01;1;7;0;2;2;15;1;
202300024698;155 636 814;A01;1;7;0;2;3;15;1;
202300024698;155 636 816;B01;2;33;0;2;1;13;1;
202300024699;155 636 812;A01;0;7;0;2;0;15;1;
202300024699;155 636 813;B01;0;7;0;2;3;1;1;
202300024700;155 636 810;A01;1;7;0;2;1;1;1;
202300024700;155 636 811;B01;1;7;0;2;8;1;1;
202300024701;155 636 809;A01;3;7;0;1;1;1;1;
202300024702;155 636 805;Z01;3;0;0;1;0;0;0;
202300024703;155 636 804;A01;2;7;0;2;1;19;1;
202300024703;155 636 807;B01;2;7;0;2;1;1;1;
202300024704;155 636 806;A01;2;7;0;1;3;1;0;
202300024705;155 636 802;A01;1;7;0;1;1;1;1;
202300024706;155 636 801;A01;2;33;0;2;2;1;1;
202300024706;155 636 803;B01;2;7;0;2;6;9;1;
202300024707;155 636 800;A01;3;7;0;1;2;1;1;
202300024708;155 636 799;A01;1;7;3;0;3;14;1;
202300024709;155 636 797;A01;1;33;0;2;7;17;1;
202300024709;155 636 798;B01;1;7;0;2;3;15;1;
202300024710;155 636 795;B01;0;2;0;2;3;16;1;
202300024710;155 636 796;A01;0;33;0;2;3;13;1;
202300024711;155 636 794;A01;0;7;9;0;1;13;1;
202300024712;155 636 792;A01;1;7;0;0;3;0;6;
202300024712;155 636 793;B01;2;7;0;0;3;0;6;
202300024713;155 636 790;B01;1;2;0;2;1;17;1;
202300024713;155 636 791;A01;1;7;0;2;8;15;1;
202300024714;155 636 787;B01;3;7;8;0;1;1;1;
202300024714;155 636 789;A01;3;10;0;2;0;15;1;
202300024715;155 636 786;A01;1;33;0;2;1;1;1;
202300024715;155 636 788;B01;0;10;0;2;8;15;1;
202300024716;155 636 781;C01;0;10;0;2;3;21;1;
202300024716;155 636 783;A01;0;7;0;2;3;15;1;
202300024716;155 636 785;B01;0;32;0;2;1;17;1;
202300024717;155 636 780;A01;0;7;0;2;1;1;1;
202300024717;155 636 784;B01;0;7;6;2;7;1;1;
202300024718;155 636 777;A01;1;7;0;0;4;23;2;
202300024718;155 636 778;B01;1;7;0;2;1;1;1;
202300024718;155 636 779;C01;1;7;0;2;1;2;1;
202300024718;155 636 782;D01;1;7;0;2;1;2;1;
202300024719;155 636 775;A01;3;7;0;1;4;20;1;
202300024720;155 636 772;B01;2;7;0;2;1;1;1;
202300024720;155 636 774;C01;2;7;0;2;1;1;1;
202300024720;155 636 776;A01;2;7;0;2;4;1;3;
202300024721;155 636 770;B01;1;7;0;2;1;1;1;
202300024721;155 636 773;A01;2;7;0;2;1;13;1;
202300024722;155 636 767;A01;2;7;9;0;3;21;1;
202300024723;155 636 765;A01;3;7;0;2;1;26;1;
202300024723;155 636 768;B01;3;7;0;2;1;26;1;
202300024724;155 636 763;A01;2;7;0;2;1;1;1;
202300024724;155 636 764;B01;2;7;0;2;4;1;1;
202300024725;155 636 762;A01;3;32;0;1;1;1;1;
202300024726;155 636 760;A01;1;32;0;6;1;1;1;
202300024727;155 636 759;A01;3;7;0;2;1;15;1;
202300024727;155 636 761;B01;3;7;0;2;1;1;1;
202300024728;155 636 755;A01;2;33;0;2;1;2;1;
202300024728;155 636 757;B01;2;7;0;0;6;15;1;
202300024729;155 636 756;A01;3;7;0;2;1;2;1;
202300024729;155 636 758;B01;3;1;0;2;8;11;5;
202300024730;155 636 754;A01;3;21;0;1;3;1;1;
202300024731;155 636 753;A01;1;7;13;0;1;1;1;
202300024732;155 636 752;A01;1;10;0;1;0;13;1;
202300024733;155 636 749;B01;1;31;13;0;7;2;1;
202300024733;155 636 750;A01;1;7;0;0;8;2;1;
202300024734;155 636 748;A01;2;7;6;0;1;13;1;
202300024735;155 636 745;A01;3;7;0;2;2;1;1;
202300024735;155 636 746;B01;3;7;0;2;3;1;1;
202300024736;155 636 747;B01;3;7;0;2;8;15;1;
202300024736;155 636 751;A01;3;7;0;2;1;17;1;
202300024737;155 636 743;A01;3;30;0;2;1;1;1;
202300024737;155 636 744;B01;3;7;0;2;7;16;1;
202300024738;155 636 742;A01;1;7;3;0;3;1;1;
202300024739;155 636 739;A01;0;7;8;0;1;1;1;
202300024739;155 636 741;B01;0;7;0;2;0;18;0;
202300024740;155 636 737;A01;1;7;0;1;7;1;1;
202300024741;155 636 738;B01;2;7;0;2;3;1;1;
202300024741;155 636 740;A01;1;7;0;2;3;13;1;
202300024742;155 636 734;B01;0;37;0;9;1;2;1;1
202300024742;155 636 736;A01;0;50;0;2;3;19;3;
202300024743;155 636 733;A01;1;7;9;0;1;1;1;