Num_Acc;id_vehicule;num_veh;senc;catv;obs;obsm;choc;manv;motor;occutc
202300024744;155 636 732;B01;0;7;0;2;6;15;1;
202300024744;155 636 735;A01;1;7;0;2;1;1;1;
202300024745;155 636 731;A01;2;7;0;1;2;1;1;
202300024746;155 636 729;Z01;1;7;0;1;1;26;0;
202300024747;155 636 728;A01;1;33;0;2;1;0;1;
202300024747;155 636 730;B01;2;7;0;0;6;0;1;
202300024748;155 636 725;A01;1;7;0;2;8;26;1;
202300024748;155 636 726;B01;1;30;0;2;1;1;1;
202300024749;155 636 723;A01;1;7;0;9;2;1;1;
202300024749;155 636 727;B01;1;1;0;2;2;1;5;
202300024750;155 636 722;A01;2;2;0;2;2;15;1;
202300024750;155 636 724;B01;1;7;0;2;1;1;1;
202300024751;155 636 721;A01;2;1;15;0;1;25;5;
202300024752;155 636 719;A01;1;7;0;1;1;1;1;
202300024753;155 636 718;A01;2;50;0;2;1;5;3;
202300024753;155 636 720;B01;1;7;0;2;1;1;1;
202300024754;155 636 716;A01;3;20;13;0;1;1;1;
202300024755;155 636 714;A01;2;30;0;0;0;26;1;
202300024756;155 636 715;A01;1;7;0;2;1;1;1;
202300024756;155 636 717;B01;1;10;0;2;4;1;1;
202300024757;155 636 713;A01;1;7;0;1;1;14;1;
202300024758;155 636 712;A01;3;7;0;1;3;1;1;
202300024759;155 636 711;A01;1;7;0;1;1;1;1;
202300024760;155 636 709;A01;2;7;13;0;8;1;1;
202300024760;155 636 710;B01;1;7;0;2;3;1;1;
202300024761;155 636 708;A01;3;7;1;0;1;9;1;
202300024762;155 636 707;A01;1;7;14;0;1;19;1;
202300024763;155 636 704;A01;0;7;0;2;3;1;1;
202300024763;155 636 705;B01;2;7;0;2;3;16;1;
202300024764;155 636 706;Z01;2;7;0;1;0;1;-1;
202300024765;155 636 702;A01;1;7;0;0;0;19;1;
202300024766;155 636 703;A01;1;38;0;1;1;1;1;2
202300024767;155 636 700;A01;1;7;8;6;2;1;1;
202300024768;155 636 697;B01;2;1;0;2;8;1;5;
202300024768;155 636 699;A01;2;7;0;2;1;9;1;
202300024769;155 636 698;B01;1;7;1;0;4;24;1;
202300024769;155 636 701;A01;1;13;1;0;4;1;1;
202300024770;155 636 694;A01;2;7;0;2;1;15;1;
202300024770;155 636 696;B01;1;31;0;2;1;1;1;
202300024771;155 636 693;B01;3;1;0;2;0;0;5;
202300024771;155 636 695;A01;3;1;0;2;0;0;5;
202300024772;155 636 692;A01;2;7;2;0;1;1;1;
202300024773;155 636 690;A01;3;7;0;2;1;1;1;
202300024774;155 636 689;B01;2;7;0;2;2;1;1;
202300024774;155 636 691;A01;1;7;0;2;8;1;1;
202300024775;155 636 688;A01;1;14;0;1;2;1;1;
202300024776;155 636 683;A01;2;7;0;2;1;16;1;
202300024776;155 636 686;B01;2;1;0;2;8;1;5;
202300024777;155 636 685;B01;3;7;0;2;3;1;1;
202300024777;155 636 687;A01;3;7;0;2;2;15;1;
202300024778;155 636 682;A01;1;7;0;2;3;15;1;
202300024778;155 636 684;B01;2;33;0;2;1;1;1;
202300024779;155 636 678;A01;1;7;0;2;8;13;1;
202300024779;155 636 681;B01;2;7;0;2;1;21;2;
202300024780;155 636 679;A01;2;37;0;1;2;1;3;1
202300024781;155 636 677;Z01;3;7;0;2;1;0;1;
202300024781;155 636 680;B01;3;3;0;2;1;1;1;
202300024782;155 636 673;B01;1;10;0;2;3;19;1;
202300024782;155 636 676;A01;2;17;0;2;2;1;1;
202300024783;155 636 674;A01;1;37;0;0;8;0;1;1
202300024784;155 636 672;AB01;1;60;0;2;4;1;5;
202300024784;155 636 675;Z01;1;7;0;2;1;1;0;
202300024785;155 636 669;A01;1;7;0;2;1;13;1;
202300024785;155 636 671;B01;2;7;0;2;1;1;1;
202300024786;155 636 668;B01;3;1;0;2;1;1;5;
202300024786;155 636 670;A01;3;7;0;2;1;9;1;
202300024787;155 636 667;Z01;1;7;0;1;0;16;0;
202300024788;155 636 665;A01;2;7;0;0;5;23;1;
202300024788;155 636 666;B01;2;2;0;2;1;1;1;
202300024789;155 636 662;A01;1;7;7;0;9;14;1;
202300024790;155 636 661;A01;3;7;0;2;0;0;1;
202300024790;155 636 664;B01;0;50;0;2;3;1;3;
202300024791;155 636 660;A01;1;7;0;2;3;15;1;
202300024791;155 636 663;B01;2;43;0;2;1;1;1;
202300024792;155 636 656;A01;3;7;0;2;3;1;1;
202300024792;155 636 657;B01;3;7;0;2;1;13;1;
202300024793;155 636 653;A01;2;7;0;0;4;2;1;
202300024793;155 636 655;C01;2;7;0;0;1;11;1;
202300024793;155 636 658;D01;2;10;0;0;0;21;1;
202300024793;155 636 659;B01;2;7;0;0;1;2;1;
202300024794;155 636 650;C01;1;1;0;2;1;1;5;
202300024794;155 636 652;A01;1;7;0;2;2;9;3;
202300024794;155 636 654;B01;2;33;0;2;1;1;1;
202300024795;155 636 648;B01;1;7;0;2;3;1;1;
202300024795;155 636 651;A01;2;7;0;2;2;15;1;
202300024796;155 636 647;A01;2;7;4;2;0;0;1;
202300024796;155 636 649;B01;2;7;0;2;8;2;1;
202300024797;155 636 645;A01;3;7;8;0;6;13;1;
202300024798;155 636 643;A01;1;33;16;0;9;1;1;
202300024799;155 636 644;B01;2;1;0;2;1;1;5;
202300024799;155 636 646;A01;2;7;0;2;5;16;1;
202300024800;155 636 642;A01;1;10;0;1;1;1;1;
202300024801;155 636 641;A01;1;33;0;0;0;0;1;
202300024802;155 636 640;A01;1;7;0;1;3;1;1;
202300024803;155 636 638;A01;2;10;0;1;1;15;3;
202300024804;155 636 636;A01;3;7;0;2;3;15;1;
202300024804;155 636 637;B01;3;33;0;2;1;1;1;
202300024804;155 636 639;C01;3;33;13;2;1;1;1;
202300024805;155 636 634;A01;1;7;9;0;1;5;1;
202300024806;155 636 633;B01;2;7;0;2;7;2;1;
202300024806;155 636 635;A01;2;30;0;2;3;3;1;
202300024807;155 636 631;B01;1;7;0;2;3;13;1;
202300024807;155 636 632;A01;1;33;0;2;2;1;1;
202300024808;155 636 630;A01;3;34;0;1;1;1;1;
202300024809;155 636 628;B01;0;7;0;2;4;23;1;
202300024809;155 636 629;A01;0;7;0;2;1;2;1;
202300024810;155 636 623;C01;1;7;0;2;1;2;1;
202300024810;155 636 626;A01;1;7;0;2;1;2;1;
202300024810;155 636 627;B01;1;7;4;2;6;2;1;
202300024811;155 636 621;A01;3;7;0;2;3;13;1;
202300024811;155 636 624;B01;3;37;0;2;3;1;3;2
202300024812;155 636 622;B01;1;7;1;2;1;0;1;
202300024812;155 636 625;A01;1;7;1;2;4;19;1;
202300024813;155 636 620;A01;1;7;13;0;1;1;0;
202300024814;155 636 618;A01;1;33;2;0;1;1;1;
202300024815;155 636 617;B01;0;7;0;2;3;1;1;
202300024815;155 636 619;A01;0;7;0;2;1;1;1;
202300024816;155 636 616;A01;2;33;9;9;9;1;1;
202300024817;155 636 611;A01;3;7;0;2;3;10;1;
202300024817;155 636 613;B01;3;31;0;2;1;1;1;
202300024818;155 636 612;A01;0;7;0;2;1;13;1;
202300024818;155 636 614;B01;0;7;0;2;3;1;0;
202300024819;155 636 609;A01;2;7;0;1;1;1;0;
202300024820;155 636 608;A01;2;7;0;2;7;19;1;
202300024820;155 636 610;B01;2;1;0;2;8;1;5;
202300024821;155 636 606;A01;2;7;4;0;1;14;1;
202300024822;155 636 605;B01;3;37;0;2;2;1;1;13
202300024822;155 636 615;A01;3;7;0;2;3;0;1;
202300024823;155 636 604;A01;1;7;0;2;3;13;1;
202300024823;155 636 607;B01;2;7;0;2;1;1;2;
202300024824;155 636 603;A01;2;33;12;0;0;11;1;
202300024825;155 636 601;A01;1;32;0;1;1;1;1;
202300024826;155 636 602;A01;2;7;0;1;1;1;1;
202300024827;155 636 600;A01;3;1;0;0;8;2;5;
202300024828;155 636 599;A01;1;7;0;1;3;1;2;
202300024829;155 636 598;A01;3;7;9;0;3;16;1;
202300024830;155 636 596;A01;1;10;0;0;6;16;0;
202300024830;155 636 597;B01;1;33;0;2;1;1;0;
202300024831;155 636 595;A01;1;34;11;2;1;5;1;
202300024832;155 636 592;A01;1;10;0;2;3;9;0;
202300024832;155 636 593;B01;2;7;0;2;2;1;0;
202300024833;155 636 591;B01;0;7;0;2;0;23;1;
202300024833;155 636 594;A01;1;7;0;2;8;1;1;
202300024834;155 636 589;A01;1;7;0;2;3;1;0;
202300024834;155 636 590;B01;1;7;0;2;3;13;0;
202300024835;155 636 588;A01;1;7;10;0;1;12;0;
202300024836;155 636 587;A01;1;7;8;0;0;1;1;
202300024837;155 636 585;A01;2;7;0;9;3;1;1;
202300024837;155 636 586;B01;2;1;0;2;6;1;5;
202300024838;155 636 582;B01;0;50;0;0;0;0;3;
202300024838;155 636 584;A01;0;7;0;2;0;26;6;
202300024839;155 636 580;B01;1;7;0;2;4;15;1;
202300024839;155 636 583;A01;1;2;0;2;8;2;1;
202300024840;155 636 578;A01;2;7;0;2;4;1;1;
202300024840;155 636 581;B01;2;13;0;2;1;1;1;
202300024841;155 636 576;B01;3;1;0;2;7;1;5;
202300024841;155 636 579;A01;1;10;0;9;1;15;1;
202300024842;155 636 575;A01;2;7;0;2;3;15;1;
202300024842;155 636 577;B01;1;7;0;2;8;1;1;
202300024843;155 636 573;B01;2;7;4;2;9;1;1;
202300024843;155 636 574;A01;2;17;0;2;3;11;1;
202300024844;155 636 572;A01;1;2;14;0;0;5;1;
202300024845;155 636 569;A01;2;7;0;2;7;12;1;
202300024845;155 636 570;B01;2;31;0;2;0;0;1;
202300024846;155 636 566;A01;0;7;0;2;1;16;1;
202300024846;155 636 567;B01;3;50;0;0;8;1;3;
202300024847;155 636 565;B01;3;33;0;2;9;1;1;
202300024847;155 636 568;A01;3;7;0;2;1;15;1;
202300024848;155 636 563;A01;2;10;0;2;1;1;0;
202300024848;155 636 564;B01;2;7;0;2;5;1;0;
202300024849;155 636 561;A01;1;7;0;1;1;1;1;
202300024850;155 636 559;A01;1;7;5;0;1;21;1;
202300024851;155 636 560;B01;2;1;0;2;0;1;5;
202300024851;155 636 562;A01;1;7;0;2;8;9;2;
202300024852;155 636 558;A01;1;32;12;0;8;2;1;
202300024853;155 636 557;A01;1;7;11;0;1;3;1;
202300024854;155 636 554;B01;1;2;0;2;1;2;1;
202300024854;155 636 556;A01;1;34;0;2;4;1;3;
202300024855;155 636 553;A01;2;7;0;2;1;15;1;
202300024855;155 636 555;B01;1;33;0;2;8;1;1;
202300024856;155 636 552;A01;2;33;0;0;2;2;1;
202300024857;155 636 551;A01;3;33;0;0;1;26;1;
202300024858;155 636 548;A01;1;1;0;2;3;13;5;
202300024858;155 636 549;B01;2;2;0;2;1;1;1;
202300024859;155 636 547;A01;2;43;0;2;3;17;1;
202300024859;155 636 550;B01;1;7;0;2;3;15;1;
202300024860;155 636 544;A01;1;7;0;2;1;13;1;
202300024860;155 636 546;B01;1;33;0;2;7;17;1;
202300024861;155 636 542;A01;1;31;0;2;1;2;1;
202300024861;155 636 543;B01;1;7;0;2;4;2;1;
202300024862;155 636 541;A01;2;7;0;2;3;26;1;
202300024862;155 636 545;B01;2;1;0;2;1;26;5;
202300024863;155 636 539;A01;1;15;0;2;2;12;1;
202300024863;155 636 540;B01;1;7;0;2;8;1;0;
202300024864;155 636 537;A01;1;7;0;1;1;1;1;
202300024865;155 636 536;A01;2;7;0;2;2;19;1;
202300024865;155 636 538;B01;2;1;0;2;1;1;5;
202300024866;155 636 534;B01;2;10;0;2;5;1;1;
202300024866;155 636 535;A01;2;32;0;2;3;9;1;
202300024867;155 636 530;A01;2;10;0;1;3;1;0;
202300024868;155 636 529;A01;2;7;0;2;3;11;2;
202300024868;155 636 532;B01;2;7;0;2;2;0;1;
202300024869;155 636 524;B01;2;3;0;2;1;1;1;
202300024869;155 636 527;A01;1;34;0;2;1;11;1;
202300024870;155 636 522;B01;0;2;0;2;8;1;1;
202300024870;155 636 526;A01;1;7;0;2;1;19;2;
202300024871;155 636 520;A01;2;7;2;0;3;1;1;
202300024872;155 636 517;A01;2;7;0;2;1;13;1;
202300024872;155 636 519;B01;1;7;0;2;1;1;1;
202300024873;155 636 516;A01;2;7;0;2;3;1;1;
202300024873;155 636 518;B01;1;32;0;2;3;15;1;
202300024874;155 636 515;A01;3;1;0;0;0;0;5;
202300024875;155 636 512;A01;2;7;0;2;1;13;1;
202300024875;155 636 514;B01;1;7;0;2;1;1;1;
202300024876;155 636 513;A01;0;32;0;0;0;0;1;
202300024877;155 636 510;B01;2;33;0;2;1;2;1;
202300024877;155 636 511;A01;1;10;0;0;8;15;1;
202300024878;155 636 506;A01;1;7;0;2;1;0;1;
202300024878;155 636 508;B01;2;7;0;2;1;13;1;
202300024879;155 636 507;A01;1;2;6;0;3;17;0;
202300024880;155 636 505;B01;1;7;0;2;3;1;1;
202300024880;155 636 509;A01;1;30;0;2;2;1;1;
202300024881;155 636 501;B01;2;7;0;2;1;1;1;
202300024881;155 636 504;A01;2;7;0;2;3;9;1;
202300024882;155 636 500;B01;1;7;0;2;3;11;1;
202300024882;155 636 503;A01;2;33;0;2;2;17;1;
202300024883;155 636 499;A01;2;99;0;2;2;2;1;
202300024883;155 636 502;B01;3;60;0;2;0;0;5;
202300024884;155 636 496;A01;2;7;0;1;3;19;1;
202300024885;155 636 495;A01;2;2;0;2;1;2;1;
202300024885;155 636 498;B01;2;7;0;2;2;16;1;
202300024886;155 636 494;A01;3;7;0;2;1;1;3;
202300024886;155 636 497;B01;3;7;0;2;8;15;1;
202300024887;155 636 490;A01;1;7;0;2;7;1;0;
202300024887;155 636 492;B01;0;60;0;2;1;19;5;
202300024888;155 636 488;A01;3;1;0;2;7;1;5;
202300024888;155 636 491;B01;3;7;0;9;7;12;1;
202300024889;155 636 489;A01;2;7;0;2;2;1;1;
202300024889;155 636 493;B01;1;7;0;2;1;1;1;
202300024890;155 636 484;A01;1;33;0;2;1;1;1;
202300024890;155 636 487;B01;1;7;0;2;3;16;1;
202300024891;155 636 482;A01;1;50;0;2;7;1;3;
202300024891;155 636 486;Z01;2;7;0;2;1;9;0;
202300024892;155 636 481;A01;2;7;0;2;4;2;1;
202300024892;155 636 483;B01;2;7;0;2;4;2;1;
202300024892;155 636 485;C01;2;7;0;2;1;2;1;
202300024893;155 636 480;A01;3;35;15;0;2;0;0;
202300024894;155 636 479;A01;1;33;4;0;2;2;1;
202300024895;155 636 478;A01;-1;7;0;1;2;1;1;
202300024896;155 636 477;A01;1;7;0;1;2;1;1;
202300024897;155 636 476;A01;1;33;16;0;7;1;1;
202300024898;155 636 473;A01;1;33;0;9;2;17;0;
202300024898;155 636 474;B01;2;1;0;2;3;1;5;
202300024899;155 636 472;A01;2;34;0;0;1;1;1;
202300024899;155 636 475;B01;2;7;0;0;4;15;1;
202300024900;155 636 470;A01;3;7;2;0;1;0;2;
202300024901;155 636 471;A01;1;32;0;1;2;1;3;
202300024902;155 636 466;A01;2;7;0;9;1;1;1;
202300024902;155 636 468;B01;2;1;0;2;8;9;5;
202300024903;155 636 467;A01;1;33;0;2;1;5;0;
202300024903;155 636 469;B01;2;7;0;2;7;1;0;
202300024904;155 636 464;A01;1;31;0;2;3;1;1;
202300024904;155 636 465;B01;1;7;0;2;7;17;0;
202300024905;155 636 460;A01;1;7;8;0;4;15;1;
202300024905;155 636 461;B01;1;7;0;2;1;26;1;
202300024906;155 636 462;B01;1;33;0;2;7;17;1;
202300024906;155 636 463;A01;1;7;0;2;3;1;1;
202300024907;155 636 458;A01;1;7;0;0;4;1;1;
202300024907;155 636 459;B01;1;33;0;2;1;2;1;
202300024908;155 636 457;A01;2;7;0;1;3;1;1;
202300024909;155 636 456;A01;2;33;0;0;0;16;1;
202300024910;155 636 455;A01;1;7;4;0;2;1;1;
202300024911;155 636 454;A01;1;2;6;0;1;13;1;
202300024912;155 636 453;A01;2;7;4;2;1;1;1;
202300024913;155 636 447;C01;2;7;1;0;4;23;1;
202300024913;155 636 449;D01;2;7;0;2;4;23;0;
202300024913;155 636 450;E01;2;7;0;0;4;1;1;
202300024913;155 636 451;A01;2;7;0;2;1;1;1;
202300024913;155 636 452;B01;2;7;0;2;8;2;1;
202300024914;155 636 448;A01;3;7;0;1;2;1;1;
202300024915;155 636 446;A01;2;7;9;0;3;13;1;
202300024916;155 636 443;A01;3;33;0;2;1;17;1;
202300024916;155 636 444;B01;3;7;0;2;3;15;1;
202300024917;155 636 441;B01;1;7;0;2;4;23;0;
202300024917;155 636 442;A01;1;7;0;2;1;26;0;
202300024918;155 636 440;A01;1;7;0;1;8;15;1;
202300024919;155 636 439;B01;1;1;13;0;6;13;5;
202300024919;155 636 445;A01;1;10;0;2;2;1;1;
202300024920;155 636 438;A01;1;33;0;0;8;1;1;
202300024921;155 636 436;A01;2;33;3;0;7;1;1;
202300024922;155 636 435;A01;2;10;0;2;1;1;1;
202300024922;155 636 437;B01;1;7;0;2;7;13;1;
202300024923;155 636 433;A01;2;33;0;9;1;0;1;
202300024923;155 636 434;B01;2;21;0;9;8;15;1;
202300024924;155 636 428;A01;2;7;13;0;3;1;1;
202300024925;155 636 426;A01;1;7;13;0;1;0;1;
202300024926;155 636 421;B01;2;7;15;0;0;1;1;
202300024926;155 636 423;A01;2;7;0;2;1;1;1;
202300024927;155 636 419;A01;3;7;0;2;3;16;1;
202300024927;155 636 420;B01;3;30;0;2;6;1;1;
202300024928;155 636 418;B01;2;7;0;0;3;1;1;
202300024928;155 636 422;A01;1;7;0;2;6;15;1;
202300024929;155 636 415;A01;2;10;0;2;2;26;1;
202300024929;155 636 416;B01;3;1;0;2;1;0;0;
202300024929;155 636 417;C01;3;10;0;2;4;0;1;
202300024930;155 636 413;A01;1;7;0;2;2;15;0;
202300024930;155 636 414;B01;2;30;1;2;1;1;1;
202300024931;155 636 411;A01;1;50;0;2;8;15;3;
202300024931;155 636 412;B01;2;10;0;9;7;1;1;
202300024932;155 636 409;A01;2;7;0;2;7;15;1;
202300024932;155 636 410;B01;1;31;0;2;8;15;1;
202300024933;155 636 408;A01;2;30;15;0;0;1;1;
202300024934;155 636 406;B01;2;7;0;2;4;15;1;
202300024934;155 636 407;A01;2;10;0;2;1;2;1;
202300024935;155 636 404;A01;2;7;0;2;1;13;1;
202300024935;155 636 405;B01;1;10;0;2;3;1;1;
202300024936;155 636 403;A01;3;7;7;0;1;16;1;
202300024937;155 636 401;A01;1;7;0;1;3;1;1;
202300024938;155 636 400;A01;1;10;0;2;8;1;1;
202300024938;155 636 402;B01;1;7;0;0;0;0;1;
202300024939;155 636 396;A01;1;7;0;2;7;1;1;
202300024939;155 636 398;B01;0;7;0;2;1;1;1;
202300024940;155 636 397;A01;2;10;0;2;8;1;1;
202300024940;155 636 399;B01;1;7;0;2;3;11;1;
202300024941;155 636 393;A01;1;7;0;2;1;1;3;
202300024941;155 636 395;B01;1;33;0;2;4;1;1;
202300024942;155 636 391;A01;1;7;4;0;2;14;1;
202300024943;155 636 390;C01;1;7;0;0;1;1;1;
202300024943;155 636 392;A01;2;7;0;2;3;13;1;
202300024943;155 636 394;B01;1;7;0;2;3;1;1;
202300024944;155 636 388;B01;2;7;0;2;6;15;1;
202300024944;155 636 389;A01;2;7;0;2;1;1;1;
202300024945;155 636 380;A01;2;7;0;2;3;18;1;
202300024945;155 636 382;B01;1;37;0;2;1;1;0;1
202300024945;155 636 384;C01;2;7;0;2;5;15;0;
202300024945;155 636 387;D01;1;7;0;2;1;1;1;
202300024946;155 636 378;A01;2;1;0;2;8;13;5;
202300024946;155 636 379;B01;2;99;0;2;7;1;1;
202300024947;155 636 377;A01;2;33;0;0;7;0;1;
202300024948;155 636 375;A01;1;7;0;2;2;15;2;
202300024948;155 636 376;B01;2;50;0;2;1;1;3;
202300024949;155 636 373;B01;1;7;0;2;3;1;1;
202300024949;155 636 374;A01;1;7;0;2;3;15;1;
202300024950;155 636 372;A01;1;33;12;0;1;1;1;
202300024951;155 636 371;A01;2;10;13;0;1;1;1;
202300024952;155 636 367;C01;3;7;0;2;4;2;1;
202300024952;155 636 369;A01;3;7;0;2;1;1;1;
202300024952;155 636 370;B01;3;7;0;2;4;2;1;
202300024953;155 636 368;A01;3;7;0;1;4;4;1;
202300024954;155 636 364;B01;2;38;0;2;1;1;1;9
202300024954;155 636 365;A01;2;7;0;2;3;15;1;
202300024955;155 636 362;A01;1;7;0;2;1;0;1;
202300024955;155 636 363;B01;1;17;0;0;6;1;1;
202300024956;155 636 360;B01;1;7;0;2;5;2;1;
202300024956;155 636 361;A01;1;1;0;2;4;2;5;
202300024957;155 636 359;A01;2;7;0;1;1;1;1;
202300024958;155 636 358;A01;3;7;0;1;1;1;1;
202300024959;155 636 357;A01;1;7;0;1;3;1;1;
202300024960;155 636 354;A01;2;7;0;2;3;13;1;
202300024960;155 636 355;B01;1;7;0;2;3;1;1;
202300024960;155 636 356;C01;1;10;0;2;1;1;1;
202300024961;155 636 352;B01;2;7;0;2;3;1;3;
202300024961;155 636 353;A01;1;10;0;2;3;13;1;
202300024962;155 636 351;A01;3;7;0;1;2;2;1;
202300024963;155 636 350;A01;1;7;13;0;2;1;1;
202300024964;155 636 348;A01;1;15;2;2;3;1;1;
202300024964;155 636 349;B01;1;7;0;2;3;13;1;
202300024965;155 636 345;B01;2;7;0;2;1;2;1;
202300024965;155 636 346;A01;2;7;0;2;4;2;1;
202300024965;155 636 347;C01;2;7;0;0;0;0;1;
202300024966;155 636 343;A01;1;14;0;2;6;1;1;
202300024966;155 636 344;B01;1;7;0;2;1;1;1;
202300024967;155 636 342;A01;2;7;4;0;1;16;1;
202300024968;155 636 339;B01;2;7;0;2;4;2;3;
202300024968;155 636 340;C01;2;10;0;2;4;2;1;
202300024968;155 636 341;A01;2;7;0;2;1;2;1;
202300024969;155 636 336;A01;2;15;3;2;1;1;1;
202300024969;155 636 337;B01;2;10;0;2;4;1;1;
202300024969;155 636 338;C01;2;14;0;2;4;1;1;
202300024970;155 636 333;A01;2;7;0;0;4;26;1;
202300024970;155 636 334;B01;2;7;0;2;1;2;1;
202300024970;155 636 335;C01;2;7;0;2;3;2;1;
202300024971;155 636 330;C01;1;7;0;2;3;1;1;
202300024971;155 636 331;A01;1;7;0;2;2;12;1;
202300024971;155 636 332;B01;1;14;0;2;3;1;1;
202300024972;155 636 329;A01;2;7;4;0;1;1;1;
202300024973;155 636 328;A01;2;33;0;0;7;3;1;
202300024974;155 636 326;A01;2;7;0;2;3;11;1;
202300024974;155 636 327;B01;2;33;0;2;2;3;1;
202300024975;155 636 324;A01;2;10;0;2;6;16;0;
202300024975;155 636 325;B01;2;33;0;2;2;3;1;
202300024976;155 636 321;B01;2;7;0;2;4;2;1;
202300024976;155 636 322;C01;2;14;0;2;4;2;1;
202300024976;155 636 323;A01;2;7;0;2;1;2;1;
202300024977;155 636 318;C01;2;17;0;2;4;9;1;
202300024977;155 636 319;A01;2;14;0;2;1;1;1;
202300024977;155 636 320;B01;2;17;0;2;4;24;1;
202300024978;155 636 316;A01;1;10;0;2;1;1;1;
202300024978;155 636 317;B01;1;7;4;0;4;1;1;
202300024979;155 636 315;A01;2;33;0;0;3;3;1;
202300024980;155 636 313;A01;1;15;0;2;4;23;1;
202300024980;155 636 314;B01;1;7;0;0;1;2;1;
202300024981;155 636 311;A01;2;7;0;2;1;1;1;
202300024981;155 636 312;B01;2;15;0;2;4;1;1;
202300024982;155 636 310;A01;3;7;0;1;3;20;1;
202300024983;155 636 308;A01;2;33;6;2;3;18;1;
202300024983;155 636 309;B01;2;7;0;2;2;1;1;
202300024984;155 636 306;A01;1;2;6;2;8;13;1;
202300024984;155 636 307;B01;2;10;0;0;6;1;1;
202300024985;155 636 304;A01;2;7;0;0;1;15;1;
202300024985;155 636 305;B01;3;7;0;0;1;23;1;
202300024986;155 636 302;A01;2;7;0;2;2;15;0;
202300024986;155 636 303;B01;1;7;0;2;3;1;0;
202300024987;155 636 300;A01;1;7;0;2;1;2;1;
202300024987;155 636 301;B01;1;10;0;2;0;0;1;
202300024988;155 636 298;B01;2;33;0;2;2;1;1;
202300024988;155 636 299;A01;2;7;0;2;1;19;1;
202300024989;155 636 296;A01;3;7;0;2;1;0;1;
202300024989;155 636 297;B01;3;7;0;2;1;0;1;
202300024990;155 636 295;A01;1;7;13;0;0;2;1;
202300024991;155 636 291;A01;3;7;0;2;3;13;1;
202300024991;155 636 292;B01;3;7;0;2;3;1;1;
202300024992;155 636 289;A01;2;7;0;2;0;15;3;
202300024992;155 636 290;B01;1;1;12;2;1;21;5;
202300024993;155 636 288;A01;3;7;12;0;1;16;1;
202300024994;155 636 286;A01;1;7;0;2;3;22;2;
202300024994;155 636 287;B01;1;1;0;2;1;17;5;
202300024995;155 636 284;B01;1;30;0;2;1;2;1;
202300024995;155 636 285;A01;1;7;0;2;6;26;1;
202300024996;155 636 282;A01;0;7;0;9;3;26;1;
202300024996;155 636 283;B01;3;1;0;2;4;1;5;
202300024997;155 636 280;A01;2;7;0;2;3;13;1;
202300024997;155 636 281;B01;1;7;0;2;3;1;1;
202300024998;155 636 278;A01;1;7;0;2;7;14;1;
202300024998;155 636 279;B01;1;2;0;2;8;0;2;
202300024999;155 636 277;A01;2;7;0;1;1;0;1;
202300025000;155 636 275;A01;1;7;0;2;3;9;1;
202300025000;155 636 276;B01;1;32;0;2;2;1;1;
202300025001;155 636 274;A01;1;7;0;1;1;1;1;
202300025002;155 636 273;A01;1;7;0;1;3;19;6;
202300025003;155 636 272;A01;2;7;0;1;2;1;1;
202300025004;155 636 271;A01;2;16;0;1;8;15;1;
202300025005;155 636 269;A01;1;7;0;2;2;26;1;
202300025005;155 636 270;B01;1;34;0;2;1;1;1;
202300025006;155 636 267;A01;3;7;0;2;1;1;1;
202300025006;155 636 268;B01;3;7;0;2;4;1;1;
202300025007;155 636 266;A01;3;33;0;0;9;1;1;
202300025008;155 636 265;A01;1;7;0;1;3;2;1;
202300025009;155 636 264;A01;2;7;8;0;1;1;1;
202300025010;155 636 263;A01;0;37;8;0;2;1;1;2
202300025011;155 636 261;A01;2;7;0;1;1;15;0;
202300025012;155 636 259;B01;2;7;0;2;1;1;0;
202300025012;155 636 260;A01;1;7;0;2;1;15;0;
202300025013;155 636 257;B01;3;7;0;2;3;2;1;
202300025013;155 636 258;A01;3;7;0;2;2;2;1;
202300025014;155 636 256;A01;2;7;3;0;2;14;1;
202300025015;155 636 255;A01;0;10;0;1;1;15;1;
202300025016;155 636 254;A01;1;7;4;0;1;26;1;
202300025017;155 636 253;A01;2;7;0;1;8;1;1;
202300025018;155 636 251;A01;1;30;0;2;3;5;1;
202300025018;155 636 252;B01;2;7;0;2;3;23;1;
202300025019;155 636 249;A01;1;7;0;2;3;1;1;
202300025019;155 636 250;B01;2;30;0;2;1;12;1;
202300025020;155 636 247;A01;1;7;0;9;2;15;0;
202300025020;155 636 248;B01;3;1;0;2;1;1;5;
202300025021;155 636 245;A01;1;30;0;2;1;1;1;
202300025021;155 636 246;B01;1;7;0;2;6;1;1;
202300025022;155 636 242;C01;2;7;16;0;1;1;1;
202300025022;155 636 243;B01;2;7;0;2;1;1;1;
202300025022;155 636 244;A01;1;7;0;2;1;13;1;
202300025023;155 636 241;A01;1;7;1;0;9;1;1;
202300025024;155 636 239;B01;3;7;0;2;5;1;1;
202300025024;155 636 240;A01;3;7;0;2;1;1;1;
202300025025;155 636 238;A01;1;33;9;0;9;1;1;
202300025026;155 636 236;B01;1;30;0;2;0;1;1;
202300025026;155 636 237;A01;1;10;0;9;0;1;0;
202300025027;155 636 234;A01;3;7;1;0;2;2;1;
202300025027;155 636 235;B01;3;7;1;0;6;24;1;
202300025028;155 636 233;A01;3;7;13;0;0;1;1;