Num_Acc;id_vehicule;num_veh;senc;catv;obs;obsm;choc;manv;motor;occutc
202300025029;155 636 232;A01;1;50;0;1;0;1;3;
202300025030;155 636 231;A01;1;30;1;0;0;1;1;
202300025031;155 636 230;A01;2;10;0;1;3;1;1;
202300025032;155 636 228;A01;3;14;0;2;0;2;1;
202300025032;155 636 229;B01;3;1;0;2;0;1;5;
202300025033;155 636 226;A01;3;7;0;2;3;9;1;
202300025033;155 636 227;B01;3;1;0;2;7;9;5;
202300025034;155 636 225;A01;2;7;3;0;2;1;1;
202300025035;155 636 223;A01;0;7;0;2;1;1;1;
202300025035;155 636 224;B01;3;33;0;2;7;1;1;
202300025036;155 636 221;A01;3;7;0;2;1;15;2;
202300025036;155 636 222;B01;3;7;0;2;3;1;1;
202300025037;155 636 219;B01;1;50;0;2;1;1;3;
202300025037;155 636 220;A01;2;7;0;2;2;15;1;
202300025038;155 636 217;B01;1;32;0;2;4;1;1;
202300025038;155 636 218;A01;1;14;0;2;3;1;1;
202300025039;155 636 215;B01;2;7;0;9;3;1;1;
202300025039;155 636 216;A01;2;50;0;2;2;1;3;
202300025040;155 636 213;B01;-1;7;0;0;7;24;1;
202300025040;155 636 214;A01;1;7;1;1;2;14;1;
202300025041;155 636 207;B01;3;7;0;2;4;2;1;
202300025041;155 636 208;A01;3;7;0;2;1;2;1;
202300025042;155 636 205;A01;0;7;0;9;8;26;1;
202300025042;155 636 206;B01;0;1;0;2;1;1;5;
202300025043;155 636 204;A01;2;7;0;1;1;2;1;
202300025044;155 636 203;A01;2;7;3;0;1;6;1;
202300025045;155 636 199;A01;2;7;0;2;3;15;0;
202300025045;155 636 200;B01;2;43;9;2;1;17;1;
202300025046;155 636 198;A01;0;7;6;0;1;1;0;
202300025047;155 636 196;B01;1;1;0;2;8;1;5;
202300025047;155 636 197;A01;1;7;0;2;2;1;3;
202300025048;155 636 194;A01;1;7;0;2;3;13;1;
202300025048;155 636 195;B01;2;7;0;2;3;1;1;
202300025049;155 636 192;A01;1;50;0;2;3;15;3;
202300025049;155 636 193;B01;1;7;0;2;1;2;1;
202300025050;155 636 190;A01;1;7;0;2;6;1;1;
202300025050;155 636 191;B01;3;33;0;2;1;1;1;
202300025051;155 636 188;A01;1;7;0;0;0;11;1;
202300025051;155 636 189;B01;1;31;0;0;0;21;1;
202300025052;155 636 186;A01;1;32;0;2;1;1;1;
202300025052;155 636 187;B01;3;10;0;2;6;15;1;
202300025053;155 636 183;B01;3;7;0;2;9;23;1;
202300025053;155 636 184;C01;3;13;0;2;4;23;1;
202300025053;155 636 185;A01;3;10;0;2;1;1;1;
202300025054;155 636 181;B01;1;7;0;2;7;0;2;
202300025054;155 636 182;A01;2;30;0;2;1;9;3;
202300025055;155 636 180;A01;1;50;0;1;1;1;3;
202300025056;155 636 178;B01;0;7;0;2;1;1;1;
202300025056;155 636 179;A01;0;7;0;2;1;15;1;
202300025057;155 636 176;A01;1;10;0;2;1;13;1;
202300025057;155 636 177;B01;2;7;0;2;1;1;1;
202300025058;155 636 175;A01;3;7;0;1;4;15;3;
202300025059;155 636 173;A01;3;7;0;2;1;16;0;
202300025059;155 636 174;B01;0;1;0;2;0;0;5;
202300025060;155 636 171;B01;1;7;0;2;6;11;1;
202300025060;155 636 172;A01;1;33;0;2;1;3;1;
202300025061;155 636 170;A01;1;34;0;0;7;21;3;
202300025062;155 636 169;A01;2;7;0;1;3;1;1;
202300025063;155 636 168;A01;3;7;0;0;1;1;1;
202300025064;155 636 166;A01;2;7;0;0;3;22;1;
202300025064;155 636 167;B01;2;50;1;0;1;1;3;
202300025065;155 636 164;A01;3;7;0;2;8;1;1;
202300025065;155 636 165;B01;1;1;0;2;1;19;5;
202300025066;155 636 163;A01;3;33;12;0;1;14;1;
202300025067;155 636 162;Z01;3;50;0;1;1;1;3;
202300025068;155 636 160;A01;2;7;0;2;2;1;1;
202300025068;155 636 161;B01;2;80;0;2;8;11;3;
202300025069;155 636 158;A01;2;33;0;2;1;17;1;
202300025069;155 636 159;B01;2;7;0;2;8;15;1;
202300025070;155 636 156;A01;1;7;0;9;1;1;1;
202300025070;155 636 157;B01;1;32;0;2;7;0;1;
202300025071;155 636 154;B01;1;1;0;2;1;1;5;
202300025071;155 636 155;A01;2;7;0;2;1;15;1;
202300025072;155 636 152;A01;3;7;0;2;5;12;1;
202300025072;155 636 153;B01;3;80;0;2;1;1;3;
202300025073;155 636 151;A01;3;7;15;0;3;1;1;
202300025074;155 636 149;A01;2;7;0;2;1;1;1;
202300025074;155 636 150;B01;1;33;0;2;0;1;1;
202300025075;155 636 147;A01;0;7;0;2;1;1;1;
202300025075;155 636 148;B01;3;1;0;2;3;19;5;
202300025076;155 636 145;A01;2;7;0;2;1;13;1;
202300025076;155 636 146;B01;1;7;0;2;0;1;1;
202300025077;155 636 144;A01;1;10;0;1;8;16;1;
202300025078;155 636 142;B01;0;7;0;2;0;0;0;
202300025078;155 636 143;A01;0;10;1;0;2;1;0;
202300025079;155 636 139;A01;3;7;0;2;1;10;1;
202300025079;155 636 140;B01;3;34;0;2;9;1;1;
202300025079;155 636 141;C01;3;7;0;2;3;23;1;
202300025080;155 636 138;A01;1;33;13;0;7;1;1;
202300025081;155 636 137;A01;0;7;13;0;2;1;0;
202300025082;155 636 136;A01;1;10;13;0;2;1;1;
202300025083;155 636 134;A01;0;7;0;9;3;2;0;
202300025083;155 636 135;B01;0;1;0;2;1;2;5;
202300025084;155 636 133;A01;2;2;12;0;7;1;1;
202300025085;155 636 132;A01;1;7;2;0;1;1;1;
202300025086;155 636 130;A01;1;7;0;2;1;15;2;
202300025086;155 636 131;B01;2;33;0;2;1;1;1;
202300025087;155 636 126;A01;2;7;0;2;1;13;1;
202300025087;155 636 127;B01;1;17;0;2;1;0;1;
202300025088;155 636 125;A01;1;33;13;0;1;1;1;
202300025089;155 636 124;A01;1;7;0;0;3;26;1;
202300025090;155 636 121;A01;2;10;0;2;1;2;1;
202300025090;155 636 122;B01;2;7;0;2;4;1;1;
202300025090;155 636 123;C01;1;7;0;2;9;1;1;
202300025091;155 636 120;A01;2;30;15;0;1;14;1;
202300025092;155 636 118;A01;2;7;0;2;1;15;1;
202300025092;155 636 119;B01;1;10;0;2;2;1;1;
202300025093;155 636 117;A01;3;7;0;1;1;1;1;
202300025094;155 636 115;A01;3;2;0;2;5;19;1;
202300025094;155 636 116;B01;1;7;0;0;1;1;1;
202300025095;155 636 114;A01;2;15;13;0;1;2;0;
202300025096;155 636 113;A01;2;7;13;0;1;1;1;
202300025097;155 636 112;A01;2;33;8;0;1;0;1;
202300025098;155 636 111;A01;2;33;3;0;8;1;1;
202300025099;155 636 109;A01;1;7;0;2;2;1;1;
202300025099;155 636 110;B01;2;7;0;2;1;13;1;
202300025100;155 636 107;A01;1;7;0;2;1;15;1;
202300025100;155 636 108;C01;1;31;0;2;7;1;1;
202300025101;155 636 106;A01;1;7;8;0;3;14;1;
202300025102;155 636 103;A01;2;7;15;0;2;14;1;
202300025103;155 636 100;A01;1;7;4;9;2;1;1;
202300025104;155 636 098;A01;1;7;0;2;2;3;1;
202300025104;155 636 099;B01;2;7;0;2;2;21;1;
202300025105;155 636 097;A01;2;7;6;0;8;1;1;
202300025106;155 636 095;A01;1;7;0;2;1;1;1;
202300025106;155 636 096;B01;2;7;0;2;8;9;1;
202300025107;155 636 093;A01;2;7;0;9;1;1;0;
202300025107;155 636 094;B01;1;1;0;2;1;19;5;
202300025108;155 636 092;A01;2;10;0;0;0;21;1;
202300025109;155 636 091;A01;1;7;4;0;1;1;1;
202300025110;155 636 090;A01;1;14;13;0;7;1;1;
202300025111;155 636 088;A01;2;7;3;0;4;1;1;
202300025111;155 636 089;B01;2;10;0;2;1;2;1;
202300025112;155 636 086;A01;1;7;4;0;2;17;1;
202300025112;155 636 087;B01;1;10;0;2;2;18;1;
202300025113;155 636 085;A01;1;14;0;0;8;0;1;
202300025114;155 636 083;A01;2;7;2;2;2;14;1;
202300025114;155 636 084;B01;2;30;0;2;6;1;1;
202300025115;155 636 082;A01;1;7;6;0;7;0;1;
202300025116;155 636 081;A01;2;33;13;0;7;14;1;
202300025117;155 636 079;B01;2;1;0;2;1;26;5;
202300025117;155 636 080;A01;1;10;0;9;2;15;1;
202300025118;155 636 078;A01;1;1;0;0;1;0;5;
202300025119;155 636 077;A01;1;7;2;0;2;1;1;
202300025120;155 636 076;A01;2;33;0;0;9;1;1;
202300025121;155 636 074;A01;1;7;0;2;1;2;1;
202300025121;155 636 075;B01;2;7;0;2;1;2;1;
202300025122;155 636 071;A01;2;7;0;2;3;13;1;
202300025122;155 636 072;B01;1;7;0;2;8;1;1;
202300025122;155 636 073;C01;1;1;0;2;8;1;5;
202300025123;155 636 069;B01;2;21;0;2;0;1;1;
202300025123;155 636 070;A01;1;2;7;2;0;13;1;
202300025124;155 636 067;B01;2;16;0;2;3;1;0;
202300025124;155 636 068;A01;1;7;0;2;3;13;0;
202300025125;155 636 065;A01;1;7;2;2;1;1;1;
202300025125;155 636 066;B01;2;7;0;2;1;1;1;
202300025126;155 636 064;A01;2;33;0;0;8;1;1;
202300025127;155 636 062;A01;2;7;0;2;2;21;1;
202300025127;155 636 063;B01;1;7;0;2;2;13;1;
202300025128;155 636 060;B01;1;7;0;2;3;1;1;
202300025128;155 636 061;A01;2;7;0;2;3;1;1;
202300025129;155 636 059;A01;1;7;8;0;7;13;1;
202300025130;155 636 057;B01;2;7;0;2;1;2;1;
202300025130;155 636 058;A01;2;7;0;2;4;1;1;
202300025131;155 636 055;A01;2;7;0;2;0;21;1;
202300025131;155 636 056;B01;2;7;0;2;6;1;1;
202300025132;155 636 053;A01;1;17;0;2;5;12;1;
202300025132;155 636 054;B01;1;7;0;2;8;2;1;
202300025133;155 636 052;A01;1;7;4;5;2;14;0;
202300025134;155 636 051;A01;2;32;4;0;2;14;1;
202300025135;155 636 049;B01;1;31;0;2;7;3;1;
202300025135;155 636 050;A01;1;7;0;2;8;1;1;
202300025136;155 636 047;A01;2;7;0;2;6;11;0;
202300025136;155 636 048;B01;2;34;0;2;2;3;0;
202300025137;155 636 046;A01;1;33;0;0;0;1;1;
202300025138;155 636 044;B01;1;7;0;2;4;2;1;
202300025138;155 636 045;A01;1;7;0;2;1;2;1;
202300025139;155 636 042;B01;1;33;0;2;7;3;1;
202300025139;155 636 043;A01;1;7;0;2;6;11;1;
202300025140;155 636 040;B01;1;7;0;2;4;1;1;
202300025140;155 636 041;A01;1;7;0;2;1;1;1;
202300025141;155 636 038;A01;1;7;3;0;1;26;1;
202300025141;155 636 039;B01;1;7;0;9;1;1;1;
202300025142;155 636 036;B01;1;43;0;2;7;1;1;
202300025142;155 636 037;A01;1;31;0;2;8;13;3;
202300025143;155 636 034;B01;2;10;0;2;1;2;1;
202300025143;155 636 035;A01;2;7;0;2;4;1;1;
202300025144;155 636 032;A01;2;7;0;2;8;11;1;
202300025144;155 636 033;B01;2;15;0;2;2;1;1;
202300025145;155 636 030;A01;3;7;0;2;1;1;1;
202300025145;155 636 031;B01;3;7;14;0;4;1;1;
202300025146;155 636 028;A01;1;10;0;2;1;15;1;
202300025146;155 636 029;B01;2;33;0;2;1;1;1;
202300025147;155 636 027;A01;1;30;14;1;2;13;6;
202300025148;155 636 022;D01;1;7;0;2;9;26;1;
202300025148;155 636 023;E01;1;7;0;2;1;26;1;
202300025148;155 636 024;A01;1;7;0;2;4;26;1;
202300025148;155 636 025;B01;1;7;0;2;9;26;1;
202300025148;155 636 026;C01;1;10;0;2;9;26;1;
202300025149;155 636 020;A01;2;7;0;2;1;1;1;
202300025149;155 636 021;B01;2;7;0;2;4;1;1;
202300025150;155 636 018;A01;2;1;0;2;1;1;5;
202300025150;155 636 019;B01;1;7;0;2;2;15;1;
202300025151;155 636 016;A01;3;2;0;2;1;5;1;
202300025151;155 636 017;B01;1;10;0;2;2;1;1;
202300025152;155 636 014;A01;2;7;0;9;3;15;1;
202300025152;155 636 015;B01;1;2;0;2;1;2;1;
202300025153;155 636 012;A01;2;7;0;2;3;15;1;
202300025153;155 636 013;B01;2;7;0;2;2;1;1;
202300025154;155 636 010;A01;2;7;0;2;2;14;1;
202300025154;155 636 011;B01;2;33;0;2;3;1;1;
202300025155;155 636 008;B01;1;7;0;2;7;1;1;
202300025155;155 636 009;A01;2;2;0;2;1;1;1;
202300025156;155 636 007;A01;3;30;0;0;0;25;3;
202300025157;155 636 005;B01;2;1;0;2;0;1;5;
202300025157;155 636 006;A01;2;7;0;2;0;26;1;
202300025158;155 636 003;A01;2;30;0;2;1;2;1;
202300025158;155 636 004;B01;2;7;0;2;5;15;1;
202300025159;155 636 002;A01;3;7;0;0;9;1;1;
202300025160;155 636 001;A01;2;7;16;0;3;26;1;
202300025161;155 635 999;B01;2;15;0;2;3;1;1;
202300025161;155 636 000;A01;1;7;0;2;1;13;1;
202300025162;155 635 997;A01;2;33;0;2;1;2;1;
202300025162;155 635 998;B01;2;7;0;9;4;2;1;
202300025163;155 635 996;A01;2;7;6;0;3;13;1;
202300025164;155 635 994;A01;2;7;0;9;3;15;1;
202300025164;155 635 995;B01;1;50;0;2;1;1;3;
202300025165;155 635 992;A01;3;7;0;2;4;0;1;
202300025165;155 635 993;B01;0;2;0;0;0;0;0;
202300025166;155 635 990;B01;1;7;0;2;4;2;1;
202300025166;155 635 991;A01;1;7;14;2;1;2;1;
202300025167;155 635 988;A01;1;7;0;2;7;17;1;
202300025167;155 635 989;B01;2;32;0;2;1;1;1;
202300025168;155 635 986;B01;0;7;0;2;2;1;1;
202300025168;155 635 987;A01;0;7;0;2;8;19;1;
202300025169;155 635 984;A01;2;10;0;2;8;0;1;
202300025169;155 635 985;B01;1;2;0;2;1;1;3;
202300025170;155 635 981;B01;1;7;0;2;4;2;0;
202300025170;155 635 982;A01;1;7;0;2;1;1;1;
202300025170;155 635 983;C01;1;7;0;2;4;2;1;
202300025171;155 635 979;B01;3;7;0;2;4;2;1;
202300025171;155 635 980;A01;3;33;0;2;1;2;1;
202300025172;155 635 977;B01;2;7;0;2;0;1;-1;
202300025172;155 635 978;A01;1;2;0;2;2;19;-1;
202300025173;155 635 975;A01;3;7;0;2;1;9;1;
202300025173;155 635 976;B01;1;1;0;2;1;1;5;
202300025174;155 635 973;B01;3;7;0;2;2;15;1;
202300025174;155 635 974;A01;3;7;0;2;1;1;1;
202300025175;155 635 972;A01;3;31;0;1;1;1;1;
202300025176;155 635 969;A01;2;7;0;2;1;1;1;
202300025176;155 635 970;C01;2;7;0;2;4;1;1;
202300025176;155 635 971;B01;2;7;0;2;4;1;1;
202300025177;155 635 967;A01;1;10;0;2;3;15;1;
202300025177;155 635 968;Y01;2;1;0;2;1;1;5;
202300025178;155 635 965;A01;1;7;0;2;7;15;1;
202300025178;155 635 966;B01;2;7;0;2;2;1;1;
202300025179;155 635 963;A01;1;7;0;2;1;2;0;
202300025179;155 635 964;B01;1;10;0;2;4;23;1;
202300025180;155 635 961;B01;2;7;0;0;0;26;5;
202300025180;155 635 962;A01;2;1;0;0;0;26;5;
202300025181;155 635 958;C01;2;7;0;2;3;1;1;
202300025181;155 635 959;A01;1;7;0;2;1;2;1;
202300025181;155 635 960;B01;1;7;0;2;4;2;1;
202300025182;155 635 957;A01;2;10;2;0;1;17;1;
202300025183;155 635 955;B01;1;7;0;2;6;16;1;
202300025183;155 635 956;A01;1;7;0;2;2;17;1;
202300025184;155 635 954;A01;0;33;0;0;0;1;1;
202300025185;155 635 953;A01;0;7;0;1;1;1;0;
202300025186;155 635 951;B01;2;7;0;2;4;1;1;
202300025186;155 635 952;A01;2;33;0;2;1;1;1;
202300025187;155 635 950;A01;3;7;0;1;1;1;1;
202300025188;155 635 949;A01;3;7;0;1;2;15;1;
202300025189;155 635 947;B01;3;40;0;2;3;23;3;
202300025189;155 635 948;A01;3;7;0;4;3;13;1;
202300025190;155 635 943;A01;2;33;0;0;1;14;1;
202300025191;155 635 941;B01;1;1;0;0;8;16;5;
202300025191;155 635 942;A01;1;7;0;0;1;15;1;
202300025192;155 635 940;A01;2;7;1;0;4;1;1;
202300025193;155 635 938;A01;1;7;0;2;1;1;1;
202300025193;155 635 939;B01;1;10;0;2;4;1;1;
202300025194;155 635 937;A01;1;7;1;0;0;1;1;
202300025195;155 635 936;A01;2;15;0;1;0;1;1;
202300025196;155 635 935;A01;1;7;0;1;1;1;3;
202300025197;155 635 933;A01;2;7;6;2;1;1;1;
202300025197;155 635 934;B01;2;37;0;2;5;1;1;1
202300025198;155 635 931;A01;3;32;0;2;2;17;0;
202300025198;155 635 932;B01;3;7;0;2;3;15;0;
202300025199;155 635 929;A01;3;10;0;2;8;15;1;
202300025199;155 635 930;B01;3;33;0;2;1;17;1;
202300025200;155 635 927;A01;2;7;0;2;1;1;1;
202300025200;155 635 928;B01;2;7;0;0;4;1;1;
202300025201;155 635 926;A01;2;7;13;0;9;1;1;
202300025202;155 635 924;A01;3;7;0;1;2;1;1;
202300025203;155 635 923;A01;1;30;0;2;1;1;1;
202300025203;155 635 925;B01;2;7;0;2;6;19;1;
202300025204;155 635 921;A01;3;7;0;1;0;0;1;
202300025205;155 635 919;B01;1;7;0;2;1;2;0;
202300025205;155 635 920;A01;1;7;0;2;1;5;0;
202300025205;155 635 922;C01;1;7;0;2;5;1;0;
202300025206;155 635 918;A01;2;7;13;0;9;19;1;
202300025207;155 635 916;B01;1;33;0;2;8;1;1;
202300025207;155 635 917;A01;1;10;0;2;2;14;1;
202300025208;155 635 914;B01;2;32;0;9;1;1;1;
202300025208;155 635 915;A01;2;50;0;2;1;17;3;
202300025209;155 635 913;A01;2;7;1;0;1;19;1;
202300025210;155 635 911;A01;2;7;0;2;1;1;1;
202300025210;155 635 912;B01;2;30;0;2;4;1;1;
202300025211;155 635 909;A01;2;7;0;2;1;1;1;
202300025211;155 635 910;B01;2;10;0;2;4;1;1;
202300025212;155 635 907;B01;2;43;0;2;1;3;1;
202300025212;155 635 908;A01;2;7;0;2;5;12;2;
202300025213;155 635 906;A01;2;7;0;1;1;1;1;
202300025214;155 635 904;A01;1;33;0;2;4;2;1;
202300025214;155 635 905;Z01;0;7;0;2;4;1;0;
202300025215;155 635 901;A01;0;7;0;2;2;15;1;
202300025215;155 635 903;B01;1;1;0;2;1;1;5;
202300025216;155 635 900;A01;1;1;0;2;1;13;5;
202300025216;155 635 902;B01;1;1;0;2;1;1;5;
202300025217;155 635 897;A01;1;7;0;2;7;22;1;
202300025217;155 635 899;B01;1;50;0;2;8;1;3;
202300025218;155 635 898;A01;2;50;0;1;1;5;3;
202300025219;155 635 895;A01;3;7;0;2;3;9;1;
202300025219;155 635 896;B01;1;2;0;2;1;1;1;
202300025220;155 635 894;A01;1;7;0;1;3;1;1;
202300025221;155 635 893;A01;2;10;0;0;2;21;1;
202300025222;155 635 892;A01;3;7;1;0;2;1;1;
202300025223;155 635 891;A01;2;7;0;1;1;1;1;
202300025224;155 635 889;A01;2;33;0;0;1;1;1;
202300025225;155 635 888;A01;3;10;0;2;3;15;0;
202300025225;155 635 890;B01;3;7;0;2;1;1;0;
202300025226;155 635 887;A01;1;7;0;1;8;4;1;
202300025227;155 635 886;A01;3;50;0;0;0;25;3;
202300025228;155 635 883;B01;1;80;1;0;1;1;3;
202300025228;155 635 885;A01;1;7;0;2;7;22;1;
202300025229;155 635 881;A01;1;7;0;1;2;16;3;
202300025230;155 635 882;B01;1;34;0;2;1;1;0;
202300025230;155 635 884;A01;2;7;0;2;2;19;1;
202300025231;155 635 880;A01;1;1;0;1;1;1;5;
202300025232;155 635 879;A01;2;7;0;1;3;15;1;
202300025233;155 635 877;B01;1;80;0;2;1;1;3;
202300025233;155 635 878;A01;1;7;0;2;7;22;1;
202300025234;155 635 874;A01;1;7;0;2;1;1;2;
202300025234;155 635 876;B01;3;43;0;2;8;1;1;
202300025235;155 635 875;A01;3;7;0;1;1;25;1;
202300025236;155 635 873;A01;2;80;0;1;1;1;3;
202300025237;155 635 870;A01;2;10;0;2;2;15;1;
202300025237;155 635 872;B01;2;33;0;2;1;1;1;
202300025238;155 635 868;A01;3;7;14;0;1;5;1;
202300025239;155 635 869;A01;1;10;0;2;1;2;1;
202300025239;155 635 871;B01;1;7;0;2;4;2;1;
202300025240;155 635 867;A01;1;32;0;1;2;5;0;
202300025241;155 635 863;A01;2;30;0;2;4;2;4;
202300025241;155 635 864;B01;2;7;0;2;1;2;4;
202300025242;155 635 861;B01;1;1;0;2;8;0;5;
202300025242;155 635 862;OA01;2;10;0;2;8;16;0;
202300025243;155 635 860;A01;3;7;0;1;3;14;1;
202300025244;155 635 859;A01;2;7;0;1;1;13;1;
202300025245;155 635 857;B01;0;7;0;0;0;0;0;
202300025245;155 635 858;A01;2;1;0;0;0;0;5;
202300025246;155 635 854;B01;3;32;0;2;1;2;1;
202300025246;155 635 855;A01;3;10;0;2;0;0;0;
202300025247;155 635 853;B01;1;7;0;2;1;0;0;
202300025247;155 635 856;A01;3;7;0;2;3;9;0;
202300025248;155 635 851;A01;2;7;0;2;2;16;2;
202300025248;155 635 852;B01;2;32;0;2;8;1;1;
202300025249;155 635 850;A01;3;7;0;1;1;1;1;
202300025250;155 635 847;C01;2;10;0;2;1;2;3;
202300025250;155 635 848;A01;2;7;0;2;4;2;2;
202300025250;155 635 849;B01;2;7;0;2;4;2;1;
202300025251;155 635 844;B01;2;33;0;2;2;17;1;
202300025251;155 635 845;A01;2;7;0;2;3;1;1;
202300025252;155 635 843;A01;1;2;0;1;1;1;1;
202300025253;155 635 842;A01;1;32;1;0;1;1;1;
202300025253;155 635 846;B01;0;7;0;2;2;24;1;
202300025254;155 635 840;B01;2;7;0;0;7;16;1;
202300025254;155 635 841;A01;2;7;2;0;1;21;1;
202300025255;155 635 839;A01;3;7;8;0;1;19;1;
202300025256;155 635 838;A01;1;2;0;0;0;2;1;
202300025257;155 635 834;A01;2;10;0;2;2;0;1;
202300025257;155 635 835;B01;1;7;0;2;1;1;1;
202300025258;155 635 836;A01;1;7;8;2;8;1;2;
202300025258;155 635 837;Z01;2;7;0;2;0;0;0;
202300025259;155 635 832;A01;3;7;0;1;1;4;1;
202300025260;155 635 833;A01;3;7;0;1;2;14;1;
202300025261;155 635 830;A01;3;7;0;2;3;13;1;
202300025261;155 635 831;B01;3;7;9;2;8;1;1;
202300025262;155 635 829;A01;1;7;13;0;1;21;1;
202300025263;155 635 827;B01;1;33;0;2;1;1;1;
202300025263;155 635 828;A01;2;7;0;2;1;1;1;
202300025264;155 635 826;A01;3;35;0;1;1;15;1;
202300025265;155 635 824;A01;3;7;16;0;5;19;1;
202300025265;155 635 825;B01;3;7;0;2;1;19;1;
202300025266;155 635 822;A01;1;7;0;2;1;1;1;
202300025266;155 635 823;B01;2;7;0;2;8;0;1;
202300025267;155 635 821;A01;3;7;0;1;3;1;1;
202300025268;155 635 819;B01;3;33;0;2;1;5;1;
202300025268;155 635 820;A01;3;7;0;2;6;0;1;
202300025269;155 635 816;B01;1;32;0;2;4;2;0;
202300025269;155 635 817;C01;1;7;0;0;4;2;1;
202300025269;155 635 818;A01;1;7;0;2;1;0;1;
202300025270;155 635 814;A01;3;7;0;2;1;1;1;
202300025270;155 635 815;B01;3;7;0;2;4;1;1;
202300025271;155 635 812;A01;2;33;0;2;1;2;1;
202300025271;155 635 813;B01;2;7;0;2;6;2;2;
202300025272;155 635 811;A01;1;50;0;1;8;5;3;
202300025273;155 635 810;A01;3;7;0;1;1;1;1;
202300025274;155 635 809;A01;1;7;0;1;1;1;3;
202300025275;155 635 808;A01;2;33;0;0;0;2;1;
202300025276;155 635 806;A01;2;33;0;2;1;12;1;
202300025276;155 635 807;B01;2;7;0;2;6;1;1;
202300025277;155 635 804;B01;1;7;0;2;5;2;1;
202300025277;155 635 805;A01;1;33;0;2;1;3;1;
202300025278;155 635 802;Z01;1;7;0;1;0;15;1;
202300025279;155 635 801;A01;3;10;0;1;2;15;1;
202300025280;155 635 799;B01;1;2;0;2;8;1;3;
202300025280;155 635 800;Z01;1;7;0;2;7;17;3;
202300025281;155 635 797;B01;2;33;0;2;3;1;1;
202300025281;155 635 798;A01;2;10;0;2;3;15;1;
202300025282;155 635 796;A01;2;50;0;1;1;1;3;
202300025283;155 635 794;B01;2;7;0;2;7;15;1;
202300025283;155 635 795;A01;1;32;0;2;1;2;3;
202300025284;155 635 793;A01;1;80;1;0;2;1;3;
202300025285;155 635 792;A01;2;30;0;1;1;5;1;
202300025286;155 635 791;A01;3;7;0;1;7;1;1;
202300025287;155 635 789;A01;1;7;0;2;2;1;1;
202300025287;155 635 790;B01;1;50;0;2;3;13;3;
202300025288;155 635 787;A01;3;1;0;2;1;13;5;
202300025288;155 635 788;B01;3;7;0;2;0;0;1;
202300025289;155 635 785;B01;2;7;0;2;2;15;1;
202300025289;155 635 786;A01;1;31;0;2;2;17;1;
202300025290;155 635 784;A01;2;7;0;1;1;1;1;
202300025291;155 635 783;A01;3;7;9;0;1;1;1;
202300025292;155 635 781;A01;3;7;0;2;4;15;0;
202300025292;155 635 782;B01;3;30;0;2;0;0;0;
202300025293;155 635 780;A01;3;7;0;1;3;1;1;
202300025294;155 635 779;A01;3;7;0;1;5;1;1;
202300025295;155 635 777;A01;2;7;0;2;3;13;0;
202300025295;155 635 778;B01;2;32;0;2;2;1;1;
202300025296;155 635 775;B01;3;7;0;2;1;1;1;
202300025296;155 635 776;A01;3;7;9;2;8;2;1;
202300025297;155 635 773;A01;2;7;0;2;2;20;1;
202300025297;155 635 774;B01;2;30;0;2;1;1;1;
202300025298;155 635 771;A01;2;7;0;2;5;15;1;
202300025298;155 635 772;B01;1;30;0;2;3;1;1;
202300025299;155 635 769;A01;3;33;0;2;8;11;1;
202300025299;155 635 770;MA01;3;33;0;2;8;11;1;
202300025300;155 635 768;A01;3;7;6;0;0;0;1;
202300025301;155 635 766;B01;1;7;0;2;1;1;1;
202300025301;155 635 767;A01;2;7;1;2;7;19;1;
202300025302;155 635 765;A01;1;7;1;1;2;2;0;
202300025303;155 635 763;B01;1;33;0;2;0;0;1;
202300025303;155 635 764;A01;1;7;0;2;3;15;1;
202300025304;155 635 760;B01;2;7;0;2;4;1;1;
202300025304;155 635 761;A01;2;3;0;2;1;0;0;
202300025304;155 635 762;C01;2;7;0;2;4;1;1;
202300025305;155 635 758;B01;3;7;0;2;5;16;1;
202300025305;155 635 759;A01;3;2;0;2;1;18;1;
202300025306;155 635 756;B01;3;20;0;0;3;0;1;
202300025306;155 635 757;A01;3;30;1;0;0;2;1;
202300025307;155 635 754;B01;1;2;0;2;1;1;3;
202300025307;155 635 755;A01;2;7;0;2;3;1;1;
202300025308;155 635 752;A01;0;7;0;2;6;0;1;
202300025308;155 635 753;B01;0;7;1;0;3;5;1;
202300025309;155 635 750;B01;3;7;0;2;4;23;1;
202300025309;155 635 751;A01;3;7;0;2;1;1;1;
202300025310;155 635 748;A01;0;7;0;2;5;15;1;
202300025310;155 635 749;B01;0;30;0;2;1;1;0;
202300025311;155 635 746;A01;0;33;0;2;1;3;1;
202300025311;155 635 747;B01;0;7;0;0;6;23;1;
202300025312;155 635 744;A01;1;7;0;2;2;16;1;
202300025312;155 635 745;B01;1;1;0;2;1;1;5;
202300025313;155 635 742;A01;3;7;0;2;3;15;1;
202300025313;155 635 743;B01;3;1;0;2;1;2;5;
202300025314;155 635 740;B01;3;1;1;0;0;0;5;
202300025314;155 635 741;A01;3;7;16;0;0;0;0;
202300025315;155 635 738;B01;2;31;0;2;3;1;1;
202300025315;155 635 739;A01;2;10;0;2;2;15;1;
202300025316;155 635 736;A01;1;50;0;2;8;19;3;
202300025316;155 635 737;B01;1;33;0;2;2;1;0;
202300025317;155 635 734;A01;2;7;0;2;2;2;1;