Num_Acc;id_vehicule;num_veh;senc;catv;obs;obsm;choc;manv;motor;occutc
202300025592;155 635 244;A01;1;34;0;0;0;0;0;
202300025592;155 635 245;B01;3;7;0;2;1;15;0;
202300025593;155 635 241;A01;1;37;0;2;3;13;6;1
202300025593;155 635 242;B01;3;7;0;2;2;0;1;
202300025594;155 635 240;B01;2;33;0;2;6;15;1;
202300025594;155 635 243;A01;2;33;0;2;1;1;1;
202300025595;155 635 238;B01;2;7;0;2;3;1;1;
202300025595;155 635 239;A01;2;33;0;2;1;15;1;
202300025596;155 635 237;A01;2;7;14;0;1;1;1;
202300025597;155 635 236;A01;1;30;0;0;0;1;1;
202300025598;155 635 234;A01;2;7;9;1;2;1;1;
202300025599;155 635 231;A01;1;33;0;2;1;1;1;
202300025599;155 635 233;B01;0;7;0;2;3;16;1;
202300025600;155 635 232;B01;1;7;0;2;8;1;1;
202300025600;155 635 235;A01;1;7;0;2;7;17;1;
202300025601;155 635 229;A01;1;7;0;2;3;11;1;
202300025601;155 635 230;B01;1;33;0;2;1;3;1;
202300025602;155 635 225;A01;2;43;0;2;1;3;1;
202300025602;155 635 226;B01;2;7;0;2;5;1;1;
202300025603;155 635 227;A01;3;7;0;2;6;1;1;
202300025603;155 635 228;B01;3;2;0;2;1;1;1;
202300025604;155 635 223;A01;2;43;0;2;1;3;1;
202300025604;155 635 224;B01;2;33;0;2;4;11;1;
202300025605;155 635 221;B01;2;7;0;2;6;1;1;
202300025605;155 635 222;A01;2;14;0;2;2;12;1;
202300025606;155 635 217;A01;2;1;0;2;7;15;5;
202300025606;155 635 218;B01;1;50;0;2;1;1;3;
202300025607;155 635 219;A01;0;7;0;0;4;23;1;
202300025607;155 635 220;B01;0;7;0;2;1;0;1;
202300025608;155 635 215;B01;1;7;0;2;3;1;1;
202300025608;155 635 216;A01;2;30;0;2;7;17;3;
202300025609;155 635 214;A01;2;7;0;0;-1;1;1;
202300025610;155 635 213;Z01;1;7;0;1;0;1;1;
202300025611;155 635 212;A01;2;7;13;0;1;0;0;
202300025612;155 635 210;A01;2;43;0;2;2;5;1;
202300025612;155 635 211;B01;2;7;0;2;3;15;1;
202300025613;155 635 206;A01;1;7;0;2;2;16;1;
202300025613;155 635 208;B01;1;7;0;2;1;1;1;
202300025614;155 635 205;C01;2;7;0;2;1;1;1;
202300025614;155 635 207;A01;2;7;0;2;4;23;2;
202300025614;155 635 209;B01;2;7;0;2;4;23;1;
202300025615;155 635 202;A01;2;1;0;2;8;15;5;
202300025615;155 635 204;Z01;2;1;0;2;7;14;5;
202300025616;155 635 200;C01;1;7;0;0;1;1;1;
202300025616;155 635 201;A01;2;7;0;0;1;2;1;
202300025616;155 635 203;B01;2;7;0;0;4;15;1;
202300025617;155 635 198;A01;1;7;0;2;3;15;1;
202300025617;155 635 199;B01;2;1;0;2;1;1;5;
202300025618;155 635 195;C01;1;1;0;0;4;23;5;
202300025618;155 635 196;A01;1;7;0;2;1;1;2;
202300025618;155 635 197;B01;1;30;0;2;4;1;3;
202300025619;155 635 193;B01;1;10;0;2;2;2;1;
202300025619;155 635 194;A01;1;7;4;0;6;1;1;
202300025620;155 635 191;A01;2;30;0;2;0;21;1;
202300025620;155 635 192;B01;1;7;0;2;0;10;1;
202300025621;155 635 190;A01;2;33;3;0;8;0;1;
202300025622;155 635 189;A01;1;10;0;1;2;16;1;
202300025623;155 635 187;A01;1;7;0;2;1;1;1;
202300025623;155 635 188;B01;1;7;3;2;4;1;1;
202300025624;155 635 185;A01;1;7;0;2;3;15;2;
202300025624;155 635 186;B01;1;50;0;2;2;1;3;
202300025625;155 635 183;A01;2;7;0;1;1;1;1;
202300025626;155 635 184;B01;1;10;0;1;5;13;1;
202300025627;155 635 181;B01;1;7;0;2;8;9;0;
202300025627;155 635 182;A01;2;1;0;2;1;5;5;
202300025628;155 635 177;A01;2;7;0;2;7;16;1;
202300025628;155 635 179;B01;2;43;0;2;8;1;1;
202300025629;155 635 178;A01;1;7;0;2;2;16;1;
202300025629;155 635 180;B01;1;2;0;2;3;18;1;
202300025630;155 635 174;B01;2;32;0;0;0;0;1;
202300025630;155 635 176;A01;2;7;0;2;0;0;1;
202300025631;155 635 175;A01;2;7;3;0;2;1;1;
202300025632;155 635 173;A01;3;7;15;0;1;26;1;
202300025633;155 635 172;A01;2;7;4;0;3;2;1;
202300025634;155 635 170;A01;1;30;0;2;1;1;1;
202300025634;155 635 171;B01;1;7;0;2;4;15;1;
202300025635;155 635 167;B01;0;7;0;2;1;1;1;
202300025635;155 635 168;A01;0;7;0;2;7;15;1;
202300025636;155 635 164;A01;3;7;0;0;0;0;1;
202300025636;155 635 165;B01;3;50;0;2;8;1;3;
202300025637;155 635 163;A01;3;7;0;2;6;10;1;
202300025637;155 635 166;B01;3;33;0;2;1;9;1;
202300025638;155 635 161;B01;0;7;0;2;3;1;1;
202300025638;155 635 162;A01;0;7;0;2;1;13;1;
202300025639;155 635 159;A01;2;34;0;2;1;5;1;
202300025639;155 635 160;B01;1;34;0;2;1;1;1;
202300025640;155 635 157;A01;2;7;0;2;1;2;1;
202300025640;155 635 158;B01;2;7;0;0;4;2;1;
202300025641;155 635 155;A01;2;7;0;2;1;19;1;
202300025641;155 635 156;B01;2;7;1;2;6;1;1;
202300025642;155 635 154;A01;1;33;0;1;1;1;1;
202300025643;155 635 151;B01;1;7;0;2;1;1;1;
202300025643;155 635 152;A01;2;30;0;2;2;15;1;
202300025644;155 635 149;A01;3;1;0;1;1;1;5;
202300025645;155 635 147;B01;2;33;0;0;4;23;1;
202300025645;155 635 148;A01;2;14;0;2;1;16;1;
202300025646;155 635 150;A01;1;7;0;2;1;2;1;
202300025646;155 635 153;B01;1;33;0;2;4;2;1;
202300025647;155 635 146;Z01;3;1;0;1;0;0;0;
202300025648;155 635 145;A01;2;33;0;0;8;1;1;
202300025649;155 635 142;A01;1;34;0;2;3;13;1;
202300025649;155 635 144;B01;1;80;0;2;3;1;3;
202300025650;155 635 141;Z01;2;7;0;0;0;0;0;
202300025651;155 635 140;A01;2;7;0;2;8;15;1;
202300025651;155 635 143;B01;2;31;0;2;1;17;1;
202300025652;155 635 139;A01;2;7;0;1;1;1;1;
202300025653;155 635 138;A01;3;7;6;0;1;1;1;
202300025654;155 635 135;A01;1;32;0;2;1;1;0;
202300025654;155 635 137;B01;0;7;0;2;3;15;1;
202300025655;155 635 134;A01;1;7;0;2;3;10;1;
202300025655;155 635 136;B01;1;2;0;2;9;2;1;
202300025656;155 635 133;A01;1;10;0;1;2;1;1;
202300025657;155 635 130;A01;2;33;0;0;0;0;1;
202300025658;155 635 128;A01;2;7;0;2;3;9;1;
202300025658;155 635 132;B01;3;1;0;2;7;1;5;
202300025659;155 635 127;A01;2;7;0;2;1;13;1;
202300025659;155 635 129;C01;1;7;0;2;1;1;1;
202300025659;155 635 131;B01;1;7;0;2;9;0;1;
202300025660;155 635 124;A01;2;7;0;1;2;1;1;
202300025661;155 635 123;B01;1;7;0;2;0;1;1;
202300025661;155 635 126;A01;2;30;0;2;0;21;3;
202300025662;155 635 121;A01;2;7;0;2;1;1;1;
202300025662;155 635 122;B01;1;7;0;2;1;17;1;
202300025662;155 635 125;C01;2;7;0;2;5;1;1;
202300025663;155 635 120;A01;2;7;2;0;1;14;0;
202300025664;155 635 119;A01;2;7;0;1;1;1;1;
202300025665;155 635 115;A01;2;33;0;2;7;17;1;
202300025665;155 635 118;B01;2;10;0;2;8;15;1;
202300025666;155 635 114;B01;2;7;0;2;3;21;1;
202300025666;155 635 117;A01;1;7;0;2;3;16;1;
202300025667;155 635 113;A01;2;7;0;0;8;1;1;
202300025667;155 635 116;B01;1;7;0;0;1;1;1;
202300025668;155 635 111;A01;3;7;2;0;1;17;1;
202300025669;155 635 110;A01;2;33;12;0;1;1;1;
202300025670;155 635 109;A01;1;33;0;2;1;17;1;
202300025670;155 635 112;B01;1;7;0;0;6;15;1;
202300025671;155 635 106;A01;2;7;0;2;1;1;1;
202300025671;155 635 108;B01;3;7;0;2;3;16;1;
202300025672;155 635 104;A01;2;7;0;2;5;15;1;
202300025672;155 635 107;B01;1;2;0;2;1;1;1;
202300025673;155 635 101;B01;0;7;0;9;1;1;1;
202300025673;155 635 103;A01;0;50;0;2;1;16;3;
202300025674;155 635 099;A01;1;7;0;2;5;17;1;
202300025674;155 635 102;B01;1;7;12;2;3;2;1;
202300025675;155 635 098;A01;1;7;0;2;1;13;1;
202300025675;155 635 100;B01;2;7;0;2;1;1;1;
202300025676;155 635 096;A01;3;33;0;1;7;1;1;
202300025677;155 635 094;B01;2;7;0;2;0;1;1;
202300025677;155 635 097;A01;0;7;0;2;2;1;1;
202300025678;155 635 092;A01;1;1;0;2;3;19;5;
202300025678;155 635 095;B01;2;15;0;2;1;1;1;
202300025679;155 635 091;A01;2;7;0;2;3;13;1;
202300025679;155 635 093;B01;1;7;8;2;3;0;1;
202300025680;155 635 088;A01;1;7;0;2;1;1;1;
202300025680;155 635 090;B01;2;7;0;2;6;1;3;
202300025681;155 635 086;A01;1;7;0;2;3;1;1;
202300025681;155 635 089;B01;2;7;0;2;3;1;1;
202300025682;155 635 087;A01;2;7;2;0;1;1;1;
202300025683;155 635 083;A01;2;7;12;2;8;1;0;
202300025683;155 635 085;B01;1;7;0;2;8;5;0;
202300025684;155 635 084;A01;1;37;0;1;2;9;6;1
202300025685;155 635 080;A01;2;17;13;0;0;1;1;
202300025686;155 635 081;A01;3;33;0;2;1;1;1;
202300025686;155 635 082;B01;3;7;0;2;3;15;1;
202300025687;155 635 074;C01;1;7;0;2;4;2;1;
202300025687;155 635 078;B01;1;7;0;2;4;2;1;
202300025687;155 635 079;A01;1;7;0;2;1;2;1;
202300025688;155 635 073;B01;1;7;0;2;4;23;1;
202300025688;155 635 075;A01;1;10;0;2;8;15;1;
202300025688;155 635 077;C01;1;7;0;2;1;1;1;
202300025689;155 635 072;A01;1;7;0;2;1;15;1;
202300025689;155 635 076;B01;2;2;0;2;1;1;1;
202300025690;155 635 071;A01;3;33;14;0;1;0;1;
202300025691;155 635 070;A01;1;7;2;0;1;13;1;
202300025692;155 635 069;A01;1;7;8;0;8;13;1;
202300025693;155 635 067;A01;2;7;13;0;2;14;1;
202300025694;155 635 065;A01;1;7;0;2;1;15;1;
202300025694;155 635 068;B01;1;50;0;2;8;19;3;
202300025695;155 635 064;A01;1;7;14;0;6;0;1;
202300025695;155 635 066;B01;1;7;1;0;2;1;1;
202300025696;155 635 061;B01;1;7;0;2;3;15;1;
202300025696;155 635 063;A01;1;33;0;2;8;17;1;
202300025697;155 635 058;D01;1;7;0;2;1;1;0;
202300025697;155 635 059;A01;1;7;0;0;4;23;0;
202300025697;155 635 060;B01;1;7;0;2;4;23;0;
202300025697;155 635 062;C01;1;7;0;2;4;1;0;
202300025698;155 635 055;A01;1;7;0;2;1;5;1;
202300025698;155 635 057;B01;1;7;0;2;1;1;1;
202300025699;155 635 056;A01;2;7;0;1;3;26;1;
202300025700;155 635 052;A01;0;7;2;0;1;0;0;
202300025701;155 635 051;B01;2;33;0;2;8;1;1;
202300025701;155 635 053;A01;1;7;0;2;2;15;1;
202300025702;155 635 050;A01;1;7;15;2;2;5;1;
202300025702;155 635 054;B01;2;7;0;2;1;1;1;
202300025703;155 635 046;B01;0;1;0;2;1;1;5;
202300025703;155 635 049;A01;0;10;0;2;8;15;1;
202300025704;155 635 048;A01;1;33;13;0;1;1;1;
202300025705;155 635 044;A01;3;10;8;0;1;1;1;
202300025706;155 635 043;A01;1;7;0;2;1;13;1;
202300025706;155 635 045;B01;2;10;0;2;6;1;1;
202300025706;155 635 047;C01;2;7;0;2;1;1;1;
202300025707;155 635 041;A01;0;30;0;2;2;17;1;
202300025707;155 635 042;B01;1;7;0;2;8;15;1;
202300025708;155 635 038;B01;2;7;0;2;5;23;1;
202300025708;155 635 040;A01;2;31;0;2;1;1;1;
202300025709;155 635 035;A01;3;7;0;2;1;1;1;
202300025709;155 635 037;B01;3;7;0;2;4;1;1;
202300025710;155 635 036;A01;1;33;0;2;2;2;1;
202300025710;155 635 039;B01;1;7;0;0;4;2;2;
202300025711;155 635 032;A01;2;7;0;2;1;1;1;
202300025711;155 635 034;B01;2;7;0;2;4;1;1;
202300025712;155 635 031;A01;3;36;0;0;7;1;1;
202300025713;155 635 030;A01;1;7;0;2;8;10;1;
202300025713;155 635 033;B01;1;33;0;2;1;13;1;
202300025714;155 635 029;A01;1;33;0;2;2;17;1;
202300025715;155 635 028;A01;1;7;13;0;9;1;1;
202300025716;155 635 027;A01;1;7;6;0;3;13;1;
202300025717;155 635 018;A01;1;7;0;2;1;1;1;
202300025717;155 635 020;E01;1;7;0;2;4;1;2;
202300025717;155 635 023;C01;1;7;0;2;4;1;1;
202300025717;155 635 025;B01;1;7;0;2;4;1;1;
202300025717;155 635 026;D01;1;7;0;2;4;1;1;
202300025718;155 635 021;A01;2;7;0;2;2;9;1;
202300025718;155 635 024;B01;2;33;0;2;1;1;1;
202300025719;155 635 019;A01;1;2;0;2;1;1;1;
202300025719;155 635 022;B01;1;7;0;2;6;1;1;
202300025720;155 635 014;B01;1;50;0;2;8;1;3;
202300025720;155 635 017;A01;1;7;0;9;1;9;1;
202300025721;155 635 015;A01;1;7;0;2;1;5;1;
202300025721;155 635 016;B01;2;7;0;2;1;5;1;
202300025722;155 635 010;A01;2;7;2;0;1;13;1;
202300025723;155 635 011;A01;2;7;0;2;3;9;1;
202300025723;155 635 013;B01;2;33;0;2;7;1;1;
202300025724;155 635 009;A01;2;7;0;9;2;0;1;
202300025724;155 635 012;B01;2;80;0;2;8;0;5;
202300025725;155 635 006;A01;1;33;0;2;1;18;1;
202300025725;155 635 008;B01;2;7;0;2;6;15;1;
202300025726;155 635 005;A01;2;7;0;2;1;1;1;
202300025726;155 635 007;B01;2;14;0;2;3;1;1;
202300025727;155 635 004;A01;1;7;15;0;9;17;1;
202300025728;155 635 002;B01;2;7;0;2;1;1;1;
202300025728;155 635 003;A01;1;7;0;2;1;9;1;
202300025729;155 634 999;A01;2;32;0;0;0;1;1;
202300025730;155 635 000;B01;1;7;0;2;3;1;1;
202300025730;155 635 001;A01;2;7;0;2;3;13;1;
202300025731;155 634 998;A01;2;50;0;0;7;1;3;
202300025732;155 634 995;A01;2;7;0;0;3;13;1;
202300025732;155 634 997;B01;1;10;0;0;3;1;1;
202300025733;155 634 993;A01;1;13;0;2;1;1;1;
202300025733;155 634 994;B01;1;7;0;2;4;15;1;
202300025734;155 634 990;A01;1;7;0;2;3;13;1;
202300025734;155 634 996;B01;2;7;0;2;3;1;1;
202300025735;155 634 991;A01;2;7;0;2;1;19;0;
202300025735;155 634 992;B01;1;7;0;2;3;1;0;
202300025736;155 634 988;A01;3;30;0;2;4;23;0;
202300025736;155 634 989;B01;3;7;0;2;4;2;0;
202300025737;155 634 984;A01;2;7;0;2;3;10;1;
202300025737;155 634 987;B01;2;33;0;2;1;17;1;
202300025738;155 634 983;A01;1;10;0;2;2;1;1;
202300025738;155 634 985;B01;1;7;0;2;3;9;1;
202300025739;155 634 980;A01;2;7;0;2;8;13;1;
202300025739;155 634 982;B01;2;43;0;2;7;17;0;
202300025740;155 634 979;A01;2;7;0;0;4;1;1;
202300025740;155 634 981;B01;2;2;0;2;1;2;1;
202300025741;155 634 977;A01;0;7;12;0;1;1;1;
202300025741;155 634 978;B01;0;7;0;2;1;1;1;
202300025742;155 634 973;A01;1;33;0;2;1;17;1;
202300025742;155 634 975;B01;1;7;0;2;8;15;1;
202300025743;155 634 971;B01;2;7;0;2;4;2;1;
202300025743;155 634 972;A01;2;10;0;2;1;1;1;
202300025744;155 634 974;B01;1;7;3;2;1;1;1;
202300025744;155 634 976;A01;3;7;3;2;8;1;1;
202300025745;155 634 969;A01;2;7;0;2;4;26;1;
202300025746;155 634 967;A01;2;7;4;2;3;26;1;
202300025746;155 634 970;B01;1;7;0;2;1;1;1;
202300025747;155 634 965;B01;1;10;0;2;2;2;1;
202300025747;155 634 968;A01;1;14;0;0;6;9;1;
202300025748;155 634 963;A01;1;7;0;2;1;2;1;
202300025748;155 634 966;B01;1;15;0;2;4;23;1;
202300025749;155 634 962;A01;3;7;0;0;3;1;0;
202300025749;155 634 964;B01;3;7;0;0;1;1;0;
202300025750;155 634 960;A01;1;7;0;2;1;1;1;
202300025750;155 634 961;B01;1;2;0;2;1;11;1;
202300025751;155 634 958;A01;1;33;13;0;7;0;1;
202300025752;155 634 957;B01;1;50;0;2;1;1;3;
202300025752;155 634 959;A01;1;7;0;2;3;15;1;
202300025753;155 634 953;A01;2;7;0;2;2;2;1;
202300025753;155 634 956;B01;2;14;0;0;6;2;1;
202300025754;155 634 952;B01;1;2;0;2;7;1;1;
202300025754;155 634 954;A01;3;7;0;2;1;19;1;
202300025755;155 634 950;A01;0;7;13;0;3;1;1;
202300025756;155 634 951;A01;1;7;0;2;2;13;1;
202300025756;155 634 955;B01;2;7;0;2;2;1;1;
202300025757;155 634 947;A01;1;33;0;2;1;2;1;
202300025757;155 634 948;B01;1;7;0;2;4;2;1;
202300025758;155 634 944;A01;2;7;0;2;1;5;1;
202300025758;155 634 946;B01;1;10;0;2;1;14;1;
202300025759;155 634 945;B01;0;7;0;2;2;11;1;
202300025759;155 634 949;A01;0;7;0;2;3;12;1;
202300025760;155 634 941;B01;3;50;0;2;1;1;3;
202300025760;155 634 943;A01;3;7;0;2;5;16;1;
202300025761;155 634 942;A01;3;10;0;0;0;1;1;
202300025762;155 634 939;A01;0;7;0;1;1;2;1;
202300025763;155 634 936;A01;1;34;0;1;1;1;1;
202300025764;155 634 938;B01;0;7;0;2;3;0;0;
202300025764;155 634 940;A01;0;7;0;2;2;1;1;
202300025765;155 634 935;A01;3;50;0;2;7;2;3;
202300025765;155 634 937;B01;3;7;0;9;3;9;1;
202300025766;155 634 931;A01;2;7;4;0;1;17;1;
202300025767;155 634 928;B01;1;7;0;2;3;0;1;
202300025767;155 634 933;A01;1;7;0;2;1;1;1;
202300025768;155 634 929;B01;2;2;0;2;1;1;1;
202300025768;155 634 930;A01;1;7;0;2;3;19;1;
202300025769;155 634 925;B01;2;7;0;2;6;23;1;
202300025769;155 634 927;A01;2;1;1;0;1;21;5;
202300025770;155 634 923;A01;2;7;0;4;1;21;1;
202300025770;155 634 926;B01;2;39;0;2;3;1;3;
202300025771;155 634 919;A01;2;7;0;1;3;10;1;
202300025772;155 634 920;A01;2;33;0;2;1;3;1;
202300025772;155 634 921;B01;2;10;0;2;6;2;1;
202300025773;155 634 918;A01;1;7;4;0;3;13;0;
202300025774;155 634 914;A01;2;7;0;2;1;15;1;
202300025774;155 634 916;B01;1;50;0;2;1;13;3;
202300025775;155 634 913;A01;1;7;8;0;9;0;0;
202300025776;155 634 915;A01;1;7;0;9;1;1;1;
202300025776;155 634 917;B01;3;1;0;2;1;1;5;
202300025777;155 634 912;A01;2;7;0;1;1;1;1;
202300025778;155 634 910;A01;1;7;1;1;3;1;1;
202300025779;155 634 908;A01;1;2;0;0;9;1;1;
202300025780;155 634 906;A01;2;33;0;2;1;0;1;
202300025780;155 634 909;B01;2;7;0;2;3;10;1;
202300025781;155 634 904;A01;3;7;0;1;1;1;1;
202300025782;155 634 905;B01;3;7;0;2;3;9;1;
202300025782;155 634 911;A01;3;30;0;2;7;0;1;
202300025783;155 634 903;A01;0;7;0;2;2;15;1;
202300025783;155 634 907;B01;0;7;11;2;2;1;1;
202300025784;155 634 901;A01;2;7;2;0;2;1;1;
202300025785;155 634 900;B01;3;7;0;2;1;9;1;
202300025785;155 634 902;A01;3;7;0;2;6;1;3;
202300025786;155 634 898;A01;1;10;0;1;1;1;1;
202300025787;155 634 897;A01;1;7;0;2;8;2;1;
202300025787;155 634 899;B01;2;7;0;2;1;2;1;
202300025788;155 634 895;A01;1;7;0;0;9;14;0;
202300025789;155 634 892;A01;2;7;13;0;2;1;1;
202300025790;155 634 891;A01;1;2;0;2;1;9;1;
202300025790;155 634 893;B01;2;10;0;2;3;15;1;
202300025791;155 634 889;A01;1;30;0;2;7;1;1;
202300025792;155 634 888;A01;2;10;1;0;2;1;1;
202300025792;155 634 890;B01;0;10;0;2;0;24;1;
202300025793;155 634 881;A01;3;7;3;2;1;9;1;
202300025793;155 634 887;B01;3;7;0;2;7;2;1;
202300025794;155 634 879;A01;1;7;0;2;1;1;1;
202300025794;155 634 882;B01;2;7;0;2;5;2;1;
202300025794;155 634 885;C01;2;33;0;2;0;2;1;
202300025795;155 634 878;A01;1;31;0;2;3;3;1;
202300025795;155 634 884;C01;1;10;0;2;4;1;1;
202300025795;155 634 886;B01;1;7;0;2;5;12;1;
202300025796;155 634 877;A01;1;7;0;2;6;11;2;
202300025796;155 634 883;B01;1;7;0;2;2;1;1;
202300025797;155 634 875;A01;2;7;0;2;3;17;1;
202300025797;155 634 876;B01;1;7;0;2;3;20;2;
202300025797;155 634 880;C01;2;7;0;2;1;1;1;
202300025798;155 634 868;B01;3;2;0;2;1;1;1;
202300025798;155 634 874;A01;3;7;0;2;3;13;1;
202300025799;155 634 869;A01;3;33;0;2;1;21;1;
202300025799;155 634 872;B01;3;7;0;2;5;2;1;
202300025800;155 634 867;A01;2;7;0;2;3;13;1;
202300025800;155 634 871;B01;1;33;0;2;3;26;1;
202300025801;155 634 864;A01;2;99;0;2;1;2;1;
202300025801;155 634 866;C01;2;7;1;0;4;23;1;
202300025801;155 634 870;D01;1;7;0;0;1;1;1;
202300025801;155 634 873;B01;2;7;0;0;5;23;1;
202300025802;155 634 859;A01;2;7;0;2;2;16;1;
202300025802;155 634 863;B01;2;99;0;2;1;0;3;
202300025803;155 634 861;A01;1;7;2;0;1;1;0;
202300025804;155 634 857;B01;2;7;0;2;4;2;3;
202300025804;155 634 860;A01;2;7;0;2;1;2;1;
202300025805;155 634 858;C01;1;10;0;2;3;23;1;
202300025805;155 634 862;B01;1;7;0;2;3;1;1;
202300025805;155 634 865;A01;1;10;0;2;1;15;1;
202300025806;155 634 856;A01;1;31;0;1;1;2;1;
202300025807;155 634 854;A01;2;7;0;2;3;1;1;
202300025807;155 634 855;B01;1;7;5;2;3;1;1;
202300025808;155 634 850;A01;1;7;0;2;1;2;1;
202300025808;155 634 851;B01;1;7;0;2;4;2;1;
202300025809;155 634 848;B01;1;33;0;2;1;2;1;
202300025809;155 634 853;A01;1;10;0;0;5;13;1;
202300025810;155 634 847;A01;3;43;0;2;0;0;0;
202300025810;155 634 852;B01;3;7;0;2;3;0;1;
202300025811;155 634 846;A01;1;36;0;0;0;1;1;
202300025812;155 634 843;B01;3;7;0;2;6;15;1;
202300025812;155 634 845;A01;3;7;0;2;0;15;1;
202300025813;155 634 841;A01;2;7;0;2;8;6;1;
202300025813;155 634 844;B01;3;1;0;2;0;0;5;
202300025814;155 634 842;A01;2;7;0;1;7;1;1;
202300025815;155 634 840;A01;2;33;13;0;0;1;1;
202300025816;155 634 837;A01;1;7;0;2;3;9;1;
202300025816;155 634 839;B01;2;7;0;2;1;1;1;
202300025817;155 634 833;A01;2;7;2;0;3;14;1;
202300025818;155 634 835;A01;3;7;6;2;1;1;1;
202300025819;155 634 831;B01;1;1;0;2;7;19;5;
202300025819;155 634 832;A01;1;7;0;2;1;1;1;
202300025820;155 634 830;A01;0;33;0;0;0;15;1;
202300025821;155 634 829;A01;2;7;0;1;3;1;1;
202300025822;155 634 827;A01;1;32;0;0;2;1;1;
202300025823;155 634 825;B01;3;7;0;2;8;0;1;
202300025823;155 634 828;A01;1;2;0;2;1;26;1;
202300025824;155 634 823;A01;2;15;0;0;7;15;1;
202300025825;155 634 822;A01;3;32;4;0;2;14;1;
202300025826;155 634 820;A01;1;7;0;1;1;2;0;
202300025827;155 634 819;B01;1;7;0;2;6;2;1;
202300025827;155 634 821;A01;1;7;0;2;2;2;1;
202300025828;155 634 817;A01;1;7;4;0;1;1;1;
202300025829;155 634 814;B01;2;7;0;2;4;2;0;
202300025829;155 634 816;C01;2;7;0;2;4;2;0;
202300025829;155 634 818;A01;2;7;0;2;1;2;0;
202300025830;155 634 811;A01;0;1;2;0;1;1;5;
202300025831;155 634 810;A01;1;7;6;1;1;26;1;
202300025832;155 634 808;A01;3;7;0;2;1;13;1;
202300025832;155 634 812;B01;3;7;0;2;1;1;1;
202300025832;155 634 815;C01;3;7;0;2;3;24;1;
202300025833;155 634 809;A01;2;7;0;2;3;13;1;
202300025833;155 634 813;B01;2;30;0;2;2;1;1;
202300025834;155 634 802;B01;1;7;0;2;4;1;2;
202300025834;155 634 805;A01;1;7;0;2;1;1;1;
202300025834;155 634 807;C01;1;10;0;2;4;1;1;
202300025835;155 634 804;A01;2;7;0;2;5;15;1;
202300025835;155 634 806;B01;1;2;0;2;1;1;1;
202300025836;155 634 798;B01;0;1;0;2;1;1;5;
202300025836;155 634 801;A01;0;7;0;2;7;15;1;
202300025837;155 634 800;A01;3;7;0;2;1;1;1;
202300025837;155 634 803;B01;3;7;0;2;8;15;1;
202300025838;155 634 799;A01;3;7;9;1;1;15;1;
202300025839;155 634 795;A01;0;7;1;1;1;0;1;
202300025840;155 634 791;B01;2;1;0;2;1;5;5;
202300025840;155 634 796;A01;1;7;0;0;3;1;1;
202300025841;155 634 790;A01;2;10;0;2;1;2;1;
202300025841;155 634 794;C01;2;7;0;2;4;2;1;
202300025841;155 634 797;B01;2;10;0;2;1;2;1;
202300025842;155 634 789;A01;2;7;0;2;2;10;1;
202300025842;155 634 792;B01;1;32;0;2;3;1;1;
202300025843;155 634 788;B01;1;7;0;2;4;15;1;
202300025843;155 634 793;A01;1;20;0;2;1;15;1;
202300025844;155 634 786;A01;2;7;0;2;1;1;1;
202300025844;155 634 787;B01;2;7;0;2;4;1;1;
202300025845;155 634 784;A01;1;34;0;9;1;2;1;
202300025846;155 634 778;A01;2;7;0;1;2;1;1;
202300025847;155 634 776;A01;1;7;8;2;5;15;1;
202300025847;155 634 780;B01;2;7;0;0;2;1;1;
202300025847;155 634 783;D01;1;80;0;0;3;23;3;
202300025847;155 634 785;C01;1;80;0;0;6;26;3;
202300025848;155 634 775;B01;1;42;0;2;1;1;1;
202300025848;155 634 777;C01;1;7;0;2;4;1;1;
202300025848;155 634 781;A01;1;33;0;2;1;1;1;
202300025849;155 634 774;A01;3;7;0;1;1;19;1;
202300025850;155 634 773;A01;3;7;4;0;3;1;1;
202300025851;155 634 772;A01;1;7;6;0;1;1;1;
202300025852;155 634 771;A01;2;7;2;0;7;1;1;
202300025853;155 634 779;B01;1;7;0;2;2;17;2;
202300025853;155 634 782;A01;1;7;0;2;8;15;1;
202300025854;155 634 769;A01;1;10;2;0;3;1;1;
202300025855;155 634 768;B01;0;7;0;2;5;1;1;
202300025855;155 634 770;A01;0;7;0;2;3;9;1;
202300025856;155 634 765;B01;2;7;0;2;4;2;1;
202300025856;155 634 767;A01;2;10;0;2;1;2;1;
202300025857;155 634 760;B01;0;17;0;2;8;15;1;
202300025857;155 634 766;A01;3;7;0;2;1;1;1;
202300025858;155 634 758;A01;2;30;0;2;2;5;1;
202300025858;155 634 764;B01;1;7;0;2;2;15;1;
202300025859;155 634 756;A01;2;7;9;0;2;14;1;
202300025860;155 634 755;B01;2;7;0;2;3;1;1;
202300025860;155 634 762;A01;2;37;0;2;2;1;1;1
202300025861;155 634 752;A01;1;7;0;2;1;2;1;
202300025861;155 634 753;B01;1;7;0;2;4;2;1;
202300025861;155 634 757;C01;1;7;0;2;4;2;1;
202300025861;155 634 759;D01;1;7;0;2;4;2;1;
202300025862;155 634 751;A01;1;7;0;2;3;19;1;
202300025862;155 634 754;B01;3;7;0;2;1;1;1;
202300025863;155 634 750;A01;2;7;14;0;2;14;1;
202300025864;155 634 747;A01;2;7;0;2;1;1;1;
202300025864;155 634 749;B01;2;7;0;2;4;1;1;