Num_Acc;id_vehicule;num_veh;senc;catv;obs;obsm;choc;manv;motor;occutc
202300025865;155 634 745;A01;1;7;0;2;2;1;1;
202300025865;155 634 748;B01;2;30;0;2;3;1;1;
202300025866;155 634 743;A01;1;7;0;1;8;1;1;
202300025867;155 634 741;A01;2;7;0;1;2;1;1;
202300025868;155 634 742;C01;1;7;0;2;2;0;1;
202300025868;155 634 744;B01;1;33;1;0;1;0;1;
202300025868;155 634 746;A01;1;7;0;2;6;23;1;
202300025869;155 634 739;B01;3;7;0;0;8;15;1;
202300025869;155 634 740;A01;3;7;0;2;1;1;1;
202300025870;155 634 735;A01;3;7;0;1;4;20;0;
202300025871;155 634 734;A01;1;31;0;2;1;1;1;
202300025871;155 634 736;B01;1;10;0;2;4;1;1;
202300025872;155 634 738;Z01;1;7;0;1;1;1;0;
202300025873;155 634 732;B01;2;7;0;2;5;15;1;
202300025873;155 634 737;A01;1;33;0;2;1;1;1;
202300025874;155 634 731;B01;1;33;0;2;1;2;0;
202300025874;155 634 733;A01;1;7;0;2;5;2;0;
202300025875;155 634 724;C01;3;7;0;2;4;2;1;
202300025875;155 634 728;A01;3;7;0;2;5;2;1;
202300025875;155 634 730;B01;3;7;0;2;3;2;1;
202300025876;155 634 720;A01;1;7;0;2;1;15;1;
202300025876;155 634 726;B01;2;33;0;2;8;1;1;
202300025877;155 634 719;B01;1;50;0;2;7;1;3;
202300025877;155 634 723;A01;0;7;0;2;1;16;1;
202300025878;155 634 722;A01;2;32;0;2;1;1;1;
202300025878;155 634 727;B01;3;7;0;2;7;15;1;
202300025879;155 634 717;E01;1;7;0;2;1;0;1;
202300025879;155 634 718;A01;1;7;0;2;1;1;1;
202300025879;155 634 721;B01;1;7;0;2;4;2;1;
202300025879;155 634 725;C01;1;33;0;2;1;3;1;
202300025879;155 634 729;D01;1;7;0;2;4;2;1;
202300025880;155 634 715;A01;1;7;0;1;1;1;1;
202300025881;155 634 713;A01;0;7;0;2;1;1;1;
202300025881;155 634 716;B01;2;30;0;2;3;1;1;
202300025882;155 634 714;A01;3;7;0;1;3;1;1;
202300025883;155 634 710;B01;2;2;0;2;2;1;3;
202300025883;155 634 712;A01;1;7;0;2;7;15;1;
202300025884;155 634 708;A01;1;7;0;2;1;2;1;
202300025884;155 634 711;B01;1;10;0;2;4;2;1;
202300025885;155 634 707;A01;0;30;1;0;2;2;1;
202300025886;155 634 706;A01;2;7;0;9;7;17;1;
202300025886;155 634 709;B01;2;80;0;2;8;26;3;
202300025887;155 634 705;A01;1;7;0;1;3;16;1;
202300025888;155 634 702;A01;2;31;0;2;1;17;1;
202300025888;155 634 704;B01;2;7;0;2;8;10;1;
202300025889;155 634 700;A01;1;7;6;0;1;14;1;
202300025890;155 634 698;B01;1;7;0;2;6;1;1;
202300025890;155 634 703;A01;1;31;0;2;1;2;1;
202300025891;155 634 697;B01;3;3;0;2;3;1;1;
202300025891;155 634 699;A01;3;7;0;2;3;13;1;
202300025892;155 634 691;A01;1;7;1;0;2;1;1;
202300025893;155 634 690;A01;1;7;0;2;1;1;1;
202300025893;155 634 694;B01;1;7;13;0;3;11;1;
202300025894;155 634 689;A01;1;10;0;2;1;1;1;
202300025894;155 634 695;B01;-1;1;0;2;4;1;5;
202300025895;155 634 688;A01;1;10;0;2;3;13;1;
202300025895;155 634 692;B01;2;7;0;2;3;1;1;
202300025896;155 634 687;A01;2;7;0;2;4;2;1;
202300025896;155 634 693;B01;2;7;0;2;4;2;1;
202300025896;155 634 696;C01;2;10;0;2;4;2;1;
202300025896;155 634 701;D01;2;7;0;2;1;2;1;
202300025897;155 634 686;A01;3;7;0;1;1;1;1;
202300025898;155 634 685;A01;1;10;2;0;1;1;1;
202300025899;155 634 682;A01;0;31;0;0;2;0;1;
202300025900;155 634 683;A01;2;10;0;1;3;1;1;
202300025901;155 634 681;A01;2;1;0;2;1;1;5;
202300025901;155 634 684;B01;2;7;0;2;4;1;1;
202300025902;155 634 679;A01;1;2;0;0;0;1;1;
202300025903;155 634 678;B01;2;40;0;2;2;1;3;
202300025903;155 634 680;A01;1;50;0;4;3;19;3;
202300025904;155 634 672;A01;1;7;0;2;3;15;1;
202300025904;155 634 676;B01;1;2;0;2;1;17;1;
202300025905;155 634 671;Z01;1;7;0;2;1;1;1;
202300025905;155 634 677;A01;1;31;0;2;8;1;1;
202300025906;155 634 669;A01;1;7;0;2;1;1;1;
202300025906;155 634 675;B01;1;7;0;2;6;15;0;
202300025907;155 634 670;A01;2;21;0;2;5;15;1;
202300025907;155 634 673;B01;1;7;0;2;1;1;1;
202300025908;155 634 668;A01;2;7;0;2;3;15;1;
202300025908;155 634 674;B01;1;2;0;2;1;13;0;
202300025909;155 634 662;A01;3;7;0;2;3;13;1;
202300025909;155 634 667;B01;3;33;0;2;8;1;1;
202300025910;155 634 665;A01;3;34;0;1;1;1;1;
202300025911;155 634 660;B01;1;33;0;2;2;1;1;
202300025911;155 634 664;A01;1;1;0;2;3;15;5;
202300025912;155 634 661;B01;3;7;0;2;3;1;1;
202300025912;155 634 666;A01;3;1;0;2;1;0;5;
202300025913;155 634 658;B01;2;7;0;2;4;23;1;
202300025913;155 634 659;C01;2;7;0;2;4;23;1;
202300025913;155 634 663;A01;2;10;0;2;1;2;1;
202300025914;155 634 657;A01;3;33;12;0;3;1;1;
202300025915;155 634 652;A01;1;7;0;2;8;1;1;
202300025915;155 634 656;B01;2;7;0;2;2;1;1;
202300025916;155 634 653;A01;2;1;0;2;3;1;5;
202300025916;155 634 655;B01;1;7;0;2;1;15;1;
202300025917;155 634 651;B01;3;2;0;2;7;1;1;
202300025917;155 634 654;A01;3;7;0;2;1;9;1;
202300025918;155 634 649;A01;0;7;0;1;7;0;0;
202300025919;155 634 645;A01;1;2;0;2;1;1;1;
202300025919;155 634 647;B01;1;7;0;2;1;1;1;
202300025920;155 634 648;B01;3;7;0;2;2;1;1;
202300025920;155 634 650;A01;3;7;0;2;3;13;1;
202300025921;155 634 644;A01;2;1;0;2;1;5;5;
202300025921;155 634 646;B01;1;7;0;2;2;1;1;
202300025922;155 634 642;A01;2;3;0;2;2;17;1;
202300025922;155 634 643;B01;2;1;0;2;8;1;5;
202300025923;155 634 641;A01;1;7;2;0;8;14;1;
202300025924;155 634 640;A01;2;1;0;0;1;1;5;
202300025925;155 634 638;A01;1;7;1;0;7;14;1;
202300025926;155 634 635;A01;2;7;0;2;3;1;1;
202300025926;155 634 637;B01;1;7;0;2;3;1;1;
202300025927;155 634 632;A01;2;30;12;0;2;1;1;
202300025928;155 634 634;A01;1;1;0;1;8;1;5;
202300025929;155 634 630;A01;2;33;5;0;1;1;1;
202300025930;155 634 627;C01;2;7;0;2;4;2;1;
202300025930;155 634 631;B01;2;7;12;2;4;2;1;
202300025930;155 634 633;A01;2;7;0;2;1;2;1;
202300025930;155 634 636;E01;1;7;0;2;4;1;1;
202300025930;155 634 639;D01;2;7;0;2;4;2;1;
202300025931;155 634 624;A01;3;32;0;2;3;1;1;
202300025931;155 634 628;B01;3;1;0;2;7;19;5;
202300025932;155 634 622;A01;1;7;0;0;2;16;1;
202300025932;155 634 625;B01;1;33;0;2;1;1;1;
202300025933;155 634 621;B01;1;7;0;2;4;2;1;
202300025933;155 634 623;A01;1;7;0;2;1;2;1;
202300025933;155 634 626;C01;1;7;0;2;4;2;1;
202300025933;155 634 629;D01;1;7;0;2;4;1;1;
202300025934;155 634 620;A01;3;7;8;0;1;13;1;
202300025935;155 634 617;B01;3;1;0;2;1;15;5;
202300025935;155 634 618;A01;3;33;0;2;2;2;1;
202300025936;155 634 615;A01;1;7;0;1;2;1;1;
202300025937;155 634 616;A01;2;7;0;2;1;10;1;
202300025937;155 634 619;B01;2;80;0;2;2;1;3;
202300025938;155 634 614;A01;2;10;0;1;2;1;6;
202300025939;155 634 611;A01;0;37;0;1;4;0;1;1
202300025940;155 634 607;A01;3;2;0;0;9;2;1;
202300025941;155 634 605;A01;3;31;0;5;1;1;1;
202300025942;155 634 604;A01;2;30;0;0;1;1;6;
202300025943;155 634 606;B01;1;10;0;2;9;2;1;
202300025943;155 634 608;A01;2;10;0;2;1;2;1;
202300025943;155 634 610;C01;1;10;0;2;1;2;1;
202300025944;155 634 600;A01;1;33;0;0;0;1;1;
202300025945;155 634 601;B01;1;1;0;2;8;0;5;
202300025945;155 634 603;A01;1;7;0;9;8;15;1;
202300025946;155 634 599;A01;1;7;0;2;1;1;1;
202300025946;155 634 602;B01;3;1;0;2;8;9;5;
202300025947;155 634 598;A01;1;33;12;0;1;1;1;
202300025948;155 634 597;A01;2;1;0;1;4;25;5;
202300025949;155 634 593;B01;1;7;0;2;4;2;1;
202300025949;155 634 595;A01;1;7;0;2;1;2;1;
202300025950;155 634 591;B01;2;15;0;2;8;1;1;
202300025950;155 634 594;A01;1;10;0;2;1;13;1;
202300025950;155 634 596;C01;2;15;0;2;2;1;1;
202300025951;155 634 590;A01;1;7;0;1;2;1;1;
202300025952;155 634 589;A01;1;10;0;1;0;1;0;
202300025952;155 634 592;B01;3;10;0;1;1;1;1;
202300025953;155 634 587;A01;2;2;13;0;0;14;0;
202300025954;155 634 586;A01;1;10;0;2;3;15;1;
202300025954;155 634 588;B01;3;31;0;2;3;16;1;
202300025955;155 634 582;A01;0;1;0;2;1;16;5;
202300025955;155 634 585;B01;0;10;0;0;4;16;1;
202300025956;155 634 581;B01;1;1;0;2;1;16;5;
202300025956;155 634 584;A01;1;15;0;2;7;16;1;
202300025957;155 634 577;A01;1;7;0;2;4;2;2;
202300025957;155 634 580;B01;1;33;0;2;1;2;1;
202300025958;155 634 579;A01;3;7;0;2;3;15;1;
202300025958;155 634 583;B01;3;2;0;2;8;1;1;
202300025959;155 634 576;A01;1;30;0;0;8;1;1;
202300025960;155 634 574;B01;1;7;0;2;3;15;0;
202300025960;155 634 578;A01;1;7;0;2;0;1;0;
202300025961;155 634 572;A01;2;7;0;2;3;12;1;
202300025961;155 634 573;B01;2;7;0;2;5;1;1;
202300025962;155 634 571;B01;1;30;0;2;7;1;1;
202300025962;155 634 575;A01;2;10;0;2;1;15;1;
202300025963;155 634 570;A01;2;7;0;1;2;2;1;
202300025964;155 634 569;A01;2;33;0;0;8;15;1;
202300025965;155 634 567;A01;3;10;0;2;1;26;1;
202300025965;155 634 568;B01;3;7;0;2;8;1;1;
202300025966;155 634 566;A01;1;33;3;0;2;26;1;
202300025967;155 634 564;B01;3;7;0;2;1;1;1;
202300025967;155 634 565;A01;3;7;0;2;1;13;1;
202300025968;155 634 562;A01;2;7;8;2;1;13;1;
202300025968;155 634 563;B01;1;34;0;2;1;1;1;
202300025969;155 634 559;A01;1;7;2;0;1;2;1;
202300025970;155 634 558;A01;2;7;0;2;1;13;1;
202300025970;155 634 561;B01;2;33;0;2;4;1;1;
202300025971;155 634 556;B01;2;99;0;2;1;0;1;
202300025971;155 634 560;A01;1;7;0;2;1;0;1;
202300025972;155 634 555;B01;1;32;0;2;7;3;1;
202300025972;155 634 557;A01;1;15;0;2;8;1;0;
202300025973;155 634 551;A01;2;33;0;2;1;2;1;
202300025973;155 634 553;B01;2;10;0;2;4;2;1;
202300025974;155 634 549;A01;3;7;0;2;4;23;0;
202300025974;155 634 552;B01;3;10;0;2;1;2;1;
202300025975;155 634 550;A01;1;10;0;2;3;1;1;
202300025975;155 634 554;B01;3;7;0;2;2;9;1;
202300025976;155 634 546;A01;2;7;0;2;2;2;1;
202300025976;155 634 548;B01;2;7;0;2;6;2;1;
202300025977;155 634 545;A01;1;7;4;0;8;0;1;
202300025978;155 634 542;A01;0;10;0;2;3;9;1;
202300025978;155 634 547;B01;0;37;0;2;2;1;1;5
202300025979;155 634 541;A01;3;33;0;2;1;18;1;
202300025979;155 634 544;B01;3;7;0;2;6;15;1;
202300025980;155 634 539;A01;1;33;0;2;5;3;1;
202300025980;155 634 543;Z01;1;7;0;2;3;11;0;
202300025981;155 634 538;A01;1;10;4;0;3;13;1;
202300025982;155 634 537;B01;2;7;0;2;4;2;1;
202300025982;155 634 540;A01;2;7;0;2;1;2;1;
202300025983;155 634 533;A01;3;7;8;0;3;17;1;
202300025983;155 634 535;Z01;3;7;0;2;1;23;1;
202300025984;155 634 528;A01;2;7;0;2;2;12;1;
202300025984;155 634 532;B01;2;7;0;2;8;1;1;
202300025985;155 634 529;A01;3;7;14;2;1;19;1;
202300025985;155 634 536;B01;3;33;0;2;8;1;1;
202300025986;155 634 525;A01;2;7;0;2;4;2;1;
202300025986;155 634 531;B01;2;10;0;2;1;2;1;
202300025987;155 634 523;Z01;1;7;0;2;0;11;0;
202300025987;155 634 527;C01;1;10;0;2;4;1;1;
202300025987;155 634 530;A01;1;31;0;2;3;3;1;
202300025987;155 634 534;B01;1;7;0;2;7;1;2;
202300025988;155 634 521;A01;3;32;0;1;1;1;1;
202300025989;155 634 519;A01;1;7;0;2;6;12;1;
202300025989;155 634 522;B01;1;7;0;2;2;2;1;
202300025990;155 634 524;A01;3;7;0;2;1;2;1;
202300025990;155 634 526;B01;3;2;0;2;4;2;1;
202300025991;155 634 518;B01;1;7;0;2;4;23;1;
202300025991;155 634 520;A01;1;7;0;2;1;1;1;
202300025992;155 634 517;A01;2;32;0;0;7;3;1;
202300025993;155 634 513;A01;1;7;0;2;4;2;1;
202300025993;155 634 516;B01;1;7;0;2;1;2;1;
202300025994;155 634 511;B01;3;1;14;0;8;2;5;
202300025994;155 634 515;A01;3;10;14;0;2;1;0;
202300025995;155 634 510;A01;2;7;0;2;1;2;1;
202300025995;155 634 514;B01;2;7;0;0;4;2;1;
202300025996;155 634 507;A01;1;7;0;2;1;1;1;
202300025996;155 634 509;B01;1;7;0;2;4;1;6;
202300025996;155 634 512;C01;1;10;0;2;4;1;1;
202300025997;155 634 506;B01;2;7;0;2;4;2;1;
202300025997;155 634 508;A01;2;7;0;2;1;2;1;
202300025998;155 634 502;A01;1;33;0;2;7;12;1;
202300025998;155 634 504;B01;1;7;0;2;3;1;1;
202300025999;155 634 501;A01;3;50;0;2;8;25;3;
202300025999;155 634 505;B01;1;7;0;9;1;16;1;
202300026000;155 634 498;A01;1;7;0;2;2;1;1;
202300026000;155 634 500;B01;2;32;0;2;1;1;1;
202300026001;155 634 496;B01;2;2;0;2;8;1;1;
202300026001;155 634 503;A01;1;7;0;2;3;15;1;
202300026002;155 634 497;A01;1;7;0;0;2;16;3;
202300026002;155 634 499;B01;1;33;0;0;3;1;1;
202300026003;155 634 491;B01;3;32;0;2;4;1;1;
202300026003;155 634 494;A01;3;7;0;2;1;1;1;
202300026004;155 634 489;A01;1;7;0;2;7;24;1;
202300026004;155 634 492;B01;3;1;1;0;1;0;5;
202300026005;155 634 488;A01;2;7;0;1;3;1;2;
202300026006;155 634 487;A01;1;1;0;2;2;15;5;
202300026006;155 634 490;B01;1;33;0;2;1;0;1;
202300026007;155 634 485;A01;2;60;0;9;1;0;5;
202300026008;155 634 482;C01;1;99;0;2;4;2;1;
202300026008;155 634 486;D01;1;7;0;2;4;2;1;
202300026008;155 634 493;A01;1;10;0;2;1;2;1;
202300026008;155 634 495;B01;1;7;0;2;1;2;1;
202300026009;155 634 480;B01;0;10;0;2;2;15;1;
202300026009;155 634 484;A01;1;7;0;2;3;1;1;
202300026010;155 634 479;A01;1;7;0;2;1;1;1;
202300026010;155 634 483;B01;1;7;0;0;4;15;2;
202300026011;155 634 477;A01;3;7;0;9;1;15;1;
202300026011;155 634 481;B01;3;1;0;2;1;0;5;
202300026012;155 634 475;B01;1;7;0;2;4;2;3;
202300026012;155 634 478;A01;1;7;0;2;1;2;1;
202300026013;155 634 474;A01;1;7;0;2;1;2;0;
202300026013;155 634 476;B01;1;17;0;2;4;2;0;
202300026014;155 634 471;A01;2;7;0;2;3;15;1;
202300026014;155 634 473;B01;2;33;0;2;1;1;1;
202300026015;155 634 467;B01;2;80;0;2;6;17;3;
202300026015;155 634 470;A01;2;7;0;2;3;15;1;
202300026016;155 634 465;A01;1;7;0;2;2;2;1;
202300026016;155 634 468;B01;1;33;0;2;4;2;1;
202300026016;155 634 472;C01;1;33;0;2;4;2;1;
202300026017;155 634 464;B01;3;7;0;0;2;15;1;
202300026017;155 634 469;A01;2;33;0;0;1;1;1;
202300026018;155 634 461;A01;2;7;4;2;1;2;1;
202300026018;155 634 463;B01;2;7;4;2;4;2;1;
202300026018;155 634 466;C01;2;7;4;2;4;2;1;
202300026019;155 634 462;A01;1;7;0;1;2;1;1;
202300026020;155 634 459;A01;2;7;0;1;1;1;2;
202300026021;155 634 456;A01;1;7;0;1;1;1;1;
202300026022;155 634 457;A01;2;43;0;2;7;17;1;
202300026022;155 634 460;B01;2;10;0;2;3;1;1;
202300026023;155 634 453;A01;3;7;0;2;1;9;2;
202300026023;155 634 455;B01;3;1;0;2;5;1;5;
202300026024;155 634 452;A01;1;7;0;2;1;1;0;
202300026024;155 634 454;B01;1;7;0;2;1;1;0;
202300026024;155 634 458;C01;1;7;0;2;4;1;0;
202300026025;155 634 451;A01;2;50;1;0;1;13;3;
202300026026;155 634 450;A01;2;7;0;0;1;0;1;
202300026027;155 634 449;A01;1;43;0;1;7;1;1;
202300026028;155 634 446;A01;2;32;0;2;3;1;1;
202300026028;155 634 448;B01;2;10;0;2;5;17;1;
202300026029;155 634 442;A01;1;7;0;1;1;1;1;
202300026030;155 634 438;A01;2;43;4;2;3;13;1;
202300026030;155 634 441;Z01;2;15;0;2;3;1;1;
202300026031;155 634 443;A01;1;7;0;1;5;1;1;
202300026032;155 634 437;A01;1;7;0;2;2;1;1;
202300026032;155 634 439;B01;1;1;0;2;0;1;5;
202300026032;155 634 445;C01;1;1;0;2;0;1;5;
202300026033;155 634 435;A01;1;7;3;2;1;1;1;
202300026033;155 634 436;B01;1;7;3;2;8;23;1;
202300026033;155 634 440;C01;1;7;3;2;5;23;1;
202300026033;155 634 444;D01;1;7;3;2;6;23;1;
202300026033;155 634 447;E01;1;7;3;2;4;23;1;
202300026034;155 634 430;A01;2;7;4;0;1;9;1;
202300026035;155 634 431;A01;3;33;0;2;6;17;1;
202300026035;155 634 433;B01;3;80;0;2;3;1;3;
202300026036;155 634 427;A01;2;7;0;2;1;15;1;
202300026036;155 634 434;B01;1;1;0;2;3;15;5;
202300026037;155 634 426;A01;1;32;0;2;1;17;1;
202300026037;155 634 429;B01;1;7;0;2;3;15;1;
202300026038;155 634 421;A01;2;7;0;2;1;19;1;
202300026038;155 634 423;B01;2;7;0;2;6;1;1;
202300026038;155 634 425;C01;2;7;0;2;4;1;3;
202300026039;155 634 420;A01;2;7;13;0;2;1;1;
202300026040;155 634 419;B01;1;33;0;2;2;1;1;
202300026040;155 634 424;A01;1;10;0;2;6;1;1;
202300026041;155 634 417;B01;2;38;0;2;8;15;1;1
202300026041;155 634 422;A01;2;1;0;2;8;1;5;
202300026042;155 634 416;A01;2;13;0;2;7;22;1;
202300026042;155 634 418;B01;0;1;1;0;0;1;5;
202300026043;155 634 412;A01;2;2;14;0;1;13;3;
202300026044;155 634 413;B01;2;7;0;5;1;1;1;
202300026044;155 634 415;A01;2;7;0;2;1;1;1;
202300026045;155 634 410;A01;1;10;0;1;2;1;1;
202300026046;155 634 409;C01;2;7;0;2;5;1;1;
202300026046;155 634 411;B01;1;7;0;2;4;1;1;
202300026046;155 634 414;A01;2;33;0;2;9;3;1;
202300026047;155 634 408;A01;1;7;0;1;3;1;2;
202300026048;155 634 407;A01;1;7;0;1;3;1;1;
202300026049;155 634 403;A01;2;1;0;1;1;1;5;
202300026050;155 634 402;A01;1;7;0;2;3;1;0;
202300026050;155 634 405;B01;2;7;0;2;3;5;0;
202300026051;155 634 401;A01;2;7;0;2;1;1;0;
202300026051;155 634 404;B01;2;7;0;0;4;2;1;
202300026051;155 634 406;C01;2;7;0;2;4;2;1;
202300026052;155 634 397;A01;0;7;0;2;1;1;1;
202300026052;155 634 400;B01;0;7;0;2;4;23;1;
202300026053;155 634 395;A01;1;7;0;0;0;0;1;
202300026054;155 634 393;A01;1;1;0;2;5;17;5;
202300026054;155 634 398;B01;1;1;0;2;3;1;5;
202300026055;155 634 392;A01;1;15;0;2;1;12;0;
202300026055;155 634 396;B01;1;7;0;2;5;1;0;
202300026056;155 634 394;A01;3;7;0;2;2;15;1;
202300026056;155 634 399;B01;3;33;0;2;1;1;1;
202300026057;155 634 389;A01;1;10;3;0;1;21;1;
202300026058;155 634 387;A01;3;1;0;2;1;1;5;
202300026058;155 634 391;B01;3;80;0;0;4;1;3;
202300026059;155 634 385;B01;2;50;0;2;0;1;3;
202300026059;155 634 390;A01;2;7;0;2;0;16;1;
202300026060;155 634 384;A01;3;2;0;2;1;13;1;
202300026060;155 634 388;B01;3;7;0;9;1;1;1;
202300026061;155 634 381;A01;1;10;0;2;8;11;1;
202300026061;155 634 382;B01;1;31;0;2;7;1;1;
202300026062;155 634 379;A01;2;7;4;0;2;1;1;
202300026063;155 634 383;A01;2;7;0;2;3;22;1;
202300026063;155 634 386;B01;2;1;0;2;1;1;5;
202300026064;155 634 378;A01;3;7;0;2;3;15;1;
202300026064;155 634 380;B01;3;2;0;2;5;17;1;
202300026065;155 634 375;A01;2;7;0;2;1;2;1;
202300026065;155 634 376;B01;2;7;0;2;4;11;1;
202300026066;155 634 374;A01;1;7;0;0;4;1;1;
202300026066;155 634 377;B01;1;7;0;2;1;1;1;
202300026067;155 634 370;B01;1;15;0;0;6;1;1;
202300026067;155 634 373;A01;1;10;3;2;2;12;1;
202300026068;155 634 368;Z01;3;30;0;2;1;1;1;
202300026068;155 634 369;B01;3;10;0;2;4;16;1;
202300026068;155 634 372;A01;3;33;0;2;1;16;3;
202300026069;155 634 367;A01;2;7;0;2;3;1;2;
202300026069;155 634 371;B01;2;80;0;2;1;1;3;
202300026070;155 634 362;A01;3;60;0;1;1;25;5;
202300026071;155 634 360;A01;2;1;0;2;1;1;5;
202300026071;155 634 366;B01;2;7;0;2;3;15;2;
202300026072;155 634 361;B01;1;7;0;9;3;1;1;
202300026072;155 634 365;A01;2;31;0;2;1;1;1;
202300026073;155 634 357;C01;2;7;0;2;7;1;1;
202300026073;155 634 359;A01;2;10;0;2;1;2;1;
202300026073;155 634 364;B01;2;7;0;2;4;2;1;
202300026074;155 634 355;A01;1;34;0;1;2;1;1;
202300026075;155 634 353;A01;1;31;0;2;4;1;1;
202300026076;155 634 352;A01;1;31;0;2;1;2;1;
202300026076;155 634 356;B01;1;7;0;0;4;2;1;
202300026077;155 634 350;A01;1;7;0;2;1;1;1;
202300026077;155 634 354;B01;1;7;0;2;5;2;1;
202300026078;155 634 348;A01;2;50;0;2;8;1;3;
202300026078;155 634 351;B01;2;33;0;2;1;1;1;
202300026079;155 634 346;A01;1;13;0;1;3;5;1;
202300026080;155 634 344;A01;1;7;0;2;1;1;1;
202300026080;155 634 347;B01;2;7;0;0;1;15;2;
202300026081;155 634 343;A01;3;7;0;2;1;1;1;
202300026081;155 634 345;B01;3;7;0;2;4;1;1;
202300026082;155 634 342;A01;3;7;0;1;1;16;0;
202300026083;155 634 349;A01;1;7;4;0;3;1;1;
202300026084;155 634 339;A01;2;7;0;2;8;22;2;
202300026084;155 634 341;B01;3;1;0;2;2;1;5;
202300026085;155 634 336;A01;0;7;0;2;2;15;0;
202300026085;155 634 340;B01;0;32;0;2;1;1;0;
202300026086;155 634 338;A01;1;7;13;0;2;14;1;
202300026087;155 634 335;A01;2;7;5;0;3;1;1;
202300026088;155 634 334;A01;3;33;1;0;0;1;0;
202300026088;155 634 337;B01;2;50;0;0;0;13;3;
202300026089;155 634 333;A01;1;7;0;1;2;15;1;
202300026090;155 634 328;Z01;1;99;0;2;7;12;0;
202300026090;155 634 331;B01;1;33;0;2;8;1;1;
202300026091;155 634 329;A01;2;7;0;2;1;1;1;
202300026091;155 634 332;B01;2;7;0;2;4;1;1;
202300026092;155 634 327;A01;2;7;0;2;1;2;1;
202300026092;155 634 330;B01;0;7;0;2;4;0;1;
202300026093;155 634 325;A01;1;1;0;1;8;1;5;
202300026094;155 634 321;A01;2;10;0;2;1;2;2;
202300026094;155 634 324;B01;2;10;0;2;4;2;1;
202300026095;155 634 322;A01;1;2;0;5;1;1;1;
202300026096;155 634 320;B01;1;7;0;2;3;1;1;
202300026096;155 634 323;C01;1;37;0;2;8;1;1;2
202300026096;155 634 326;A01;2;7;0;2;2;1;1;
202300026097;155 634 318;A01;2;32;0;0;8;15;1;
202300026098;155 634 319;A01;1;7;0;1;3;1;1;
202300026099;155 634 315;A01;1;10;0;2;7;12;1;
202300026099;155 634 317;B01;1;33;0;2;8;1;1;
202300026100;155 634 314;A01;3;50;0;1;1;1;3;
202300026101;155 634 313;A01;2;7;0;2;1;5;0;
202300026101;155 634 316;B01;1;7;0;2;1;21;0;
202300026102;155 634 310;B01;2;32;0;2;1;1;1;
202300026102;155 634 312;A01;1;1;0;2;1;21;5;
202300026103;155 634 306;A01;3;99;3;0;0;1;1;
202300026104;155 634 308;B01;3;7;0;2;2;13;0;
202300026104;155 634 311;A01;3;7;0;2;3;14;0;
202300026105;155 634 304;A01;1;7;0;2;1;2;1;
202300026105;155 634 309;B01;1;7;0;2;4;2;1;
202300026106;155 634 303;A01;3;10;0;1;3;1;0;
202300026107;155 634 305;B01;0;7;0;2;4;0;1;
202300026107;155 634 307;A01;0;7;0;2;1;0;1;
202300026108;155 634 298;B01;1;99;0;2;3;11;2;
202300026108;155 634 301;A01;1;7;0;2;2;11;1;
202300026109;155 634 297;B01;0;7;0;2;3;19;1;
202300026109;155 634 300;A01;3;1;0;2;3;19;5;
202300026110;155 634 295;A01;1;10;0;2;1;1;1;
202300026110;155 634 299;B01;0;7;0;2;1;1;1;
202300026111;155 634 296;A01;2;10;0;1;2;21;1;
202300026112;155 634 291;A01;2;37;0;2;3;7;1;1
202300026112;155 634 293;B01;2;14;0;2;4;15;1;
202300026113;155 634 289;A01;2;1;0;0;9;1;5;
202300026114;155 634 290;B01;1;2;0;2;1;0;1;
202300026114;155 634 294;A01;2;7;0;2;3;15;1;
202300026115;155 634 288;A01;1;7;0;2;3;16;0;
202300026115;155 634 292;B01;1;7;0;2;2;11;1;
202300026116;155 634 285;A01;1;7;2;0;1;25;1;
202300026117;155 634 284;A01;3;10;0;2;3;15;1;
202300026117;155 634 287;B01;3;32;0;2;1;1;1;
202300026118;155 634 282;A01;3;7;1;0;1;1;3;
202300026118;155 634 286;B01;1;7;0;2;4;24;1;
202300026119;155 634 281;B01;1;15;0;2;1;23;1;
202300026119;155 634 283;A01;2;7;0;2;3;26;1;
202300026120;155 634 279;A01;2;7;0;1;1;1;1;
202300026121;155 634 277;A01;1;32;0;2;1;1;1;
202300026121;155 634 280;B01;1;10;0;2;8;1;1;
202300026122;155 634 276;A01;3;7;0;1;7;2;1;
202300026123;155 634 275;B01;2;50;0;2;7;19;3;
202300026123;155 634 278;A01;2;7;0;2;3;1;1;
202300026124;155 634 273;A01;2;7;0;1;2;1;2;
202300026125;155 634 272;A01;1;7;0;0;0;0;0;
202300026125;155 634 274;B01;1;33;0;2;4;1;0;
202300026126;155 634 269;B01;2;7;0;2;8;1;3;
202300026126;155 634 271;A01;1;7;0;2;1;19;1;
202300026127;155 634 266;A01;2;10;0;2;7;14;1;
202300026127;155 634 270;B01;2;50;0;0;0;0;3;
202300026128;155 634 268;A01;2;33;0;1;1;13;1;
202300026129;155 634 265;A01;2;7;0;2;3;14;0;
202300026129;155 634 267;B01;2;2;0;2;3;1;0;
202300026130;155 634 261;A01;1;33;0;2;1;2;1;
202300026130;155 634 263;B01;1;7;0;0;4;2;1;
202300026131;155 634 259;B01;3;32;0;2;3;1;1;
202300026131;155 634 262;A01;3;7;0;2;3;0;1;
202300026132;155 634 260;A01;3;10;0;0;0;20;1;