Num_Acc;id_vehicule;num_veh;senc;catv;obs;obsm;choc;manv;motor;occutc
202300026133;155 634 258;A01;2;7;0;2;5;16;1;
202300026133;155 634 264;B01;2;34;0;2;3;1;6;
202300026134;155 634 255;B01;1;30;0;2;1;1;1;
202300026134;155 634 257;A01;2;7;0;2;3;1;1;
202300026135;155 634 253;A01;3;80;14;0;1;1;3;
202300026136;155 634 252;B01;3;7;0;2;8;1;1;
202300026136;155 634 256;A01;3;33;0;2;1;1;1;
202300026137;155 634 251;A01;0;10;0;2;3;15;1;
202300026137;155 634 254;B01;1;32;0;2;1;1;1;
202300026138;155 634 250;A01;1;10;13;0;1;1;1;
202300026139;155 634 248;A01;3;2;4;0;3;2;1;
202300026140;155 634 247;A01;3;7;0;1;4;20;1;
202300026141;155 634 246;A01;1;7;0;0;9;0;1;
202300026141;155 634 249;B01;2;1;0;0;0;0;5;
202300026142;155 634 243;A01;1;33;-1;0;1;1;1;
202300026143;155 634 240;A01;2;34;0;2;2;1;1;
202300026143;155 634 244;B01;2;7;0;2;6;1;1;
202300026144;155 634 242;A01;0;10;0;2;7;9;1;
202300026144;155 634 245;B01;0;2;0;2;7;21;1;
202300026145;155 634 239;B01;1;30;0;2;1;1;1;
202300026145;155 634 241;A01;2;7;0;2;5;15;1;
202300026146;155 634 236;A01;2;7;0;1;6;1;3;
202300026147;155 634 235;A01;1;1;0;2;8;19;5;
202300026147;155 634 238;B01;1;7;0;2;1;1;1;
202300026148;155 634 233;B01;1;30;0;2;1;1;1;
202300026148;155 634 237;A01;1;30;0;2;3;1;1;
202300026149;155 634 234;A01;1;10;0;0;7;1;1;
202300026150;155 634 232;A01;2;7;0;1;1;1;2;
202300026151;155 634 230;A01;1;80;12;0;7;12;3;
202300026152;155 634 227;A01;2;10;0;2;3;9;1;
202300026152;155 634 229;B01;2;15;0;2;2;1;1;
202300026153;155 634 228;A01;2;7;1;2;2;2;1;
202300026153;155 634 231;B01;1;10;0;2;2;0;1;
202300026154;155 634 225;A01;3;7;0;1;8;1;1;
202300026155;155 634 224;A01;1;7;0;2;3;21;0;
202300026155;155 634 226;B01;1;7;0;2;4;2;0;
202300026156;155 634 221;A01;2;7;0;2;2;10;1;
202300026156;155 634 223;B01;1;33;0;2;1;1;1;
202300026157;155 634 219;B01;2;2;0;2;1;1;1;
202300026157;155 634 222;A01;1;7;0;2;3;15;1;
202300026158;155 634 218;B01;2;7;1;1;2;0;1;
202300026158;155 634 220;A01;1;7;3;0;2;24;1;
202300026159;155 634 216;A01;1;50;0;2;1;9;3;
202300026159;155 634 217;B01;1;13;0;0;2;0;0;
202300026160;155 634 215;A01;2;14;0;1;1;1;1;
202300026161;155 634 212;B01;3;7;0;2;2;26;1;
202300026161;155 634 214;A01;3;2;0;2;1;5;1;
202300026162;155 634 211;B01;0;7;0;2;8;15;0;
202300026162;155 634 213;A01;0;10;0;2;1;1;0;
202300026163;155 634 210;A01;1;3;0;1;1;1;1;
202300026164;155 634 208;A01;1;34;0;2;1;1;1;
202300026164;155 634 209;B01;2;7;0;2;3;15;1;
202300026165;155 634 204;B01;2;7;0;2;3;1;1;
202300026165;155 634 207;A01;1;7;0;2;3;13;1;
202300026166;155 634 203;B01;3;43;0;2;4;23;1;
202300026166;155 634 206;A01;3;7;0;2;1;2;1;
202300026167;155 634 200;A01;2;30;1;0;1;1;1;
202300026168;155 634 201;A01;1;7;0;2;3;1;0;
202300026168;155 634 205;B01;3;1;0;2;7;19;5;
202300026169;155 634 198;B01;1;1;0;2;8;1;5;
202300026169;155 634 202;A01;1;7;0;2;2;19;1;
202300026170;155 634 197;A01;1;7;7;0;2;14;1;
202300026171;155 634 196;B01;1;7;0;0;3;1;1;
202300026171;155 634 199;A01;2;7;0;0;3;1;1;
202300026172;155 634 195;A01;3;7;3;0;1;1;1;
202300026173;155 634 191;A01;3;7;15;1;2;1;1;
202300026174;155 634 192;B01;2;7;0;2;1;1;1;
202300026174;155 634 194;A01;1;13;0;2;8;1;1;
202300026175;155 634 189;B01;2;7;2;2;3;1;1;
202300026175;155 634 193;A01;1;7;0;2;3;1;0;
202300026176;155 634 185;A01;2;7;0;2;1;5;1;
202300026176;155 634 187;D01;1;7;0;2;1;2;1;
202300026176;155 634 188;E01;2;10;0;2;6;2;1;
202300026176;155 634 190;C01;2;7;0;2;1;1;1;
202300026177;155 634 184;B01;2;7;0;2;3;9;1;
202300026177;155 634 186;A01;2;2;0;2;1;0;1;
202300026178;155 634 183;A01;1;33;0;0;7;1;1;
202300026179;155 634 182;A01;3;7;8;0;1;1;1;
202300026180;155 634 178;A01;3;7;0;1;1;0;1;
202300026181;155 634 179;A01;1;7;0;2;1;13;1;
202300026181;155 634 181;B01;2;7;0;2;1;1;1;
202300026182;155 634 177;B01;2;14;0;2;2;13;1;
202300026182;155 634 180;A01;1;7;0;2;2;0;1;
202300026183;155 634 176;A01;2;7;0;1;3;1;0;
202300026184;155 634 175;A01;1;17;4;0;8;1;1;
202300026185;155 634 173;A01;1;7;3;0;7;1;1;
202300026186;155 634 171;A01;3;14;0;1;2;26;1;
202300026187;155 634 170;B01;2;7;0;2;1;1;1;
202300026187;155 634 174;A01;1;17;0;2;6;1;1;
202300026188;155 634 169;C01;3;50;0;2;1;1;3;
202300026188;155 634 172;A01;2;7;0;9;3;9;1;
202300026189;155 634 168;A01;1;17;13;0;2;1;1;
202300026190;155 634 165;A01;1;7;0;2;1;5;1;
202300026190;155 634 166;B01;2;7;0;2;7;1;1;
202300026190;155 634 167;C01;2;7;0;2;1;1;1;
202300026191;155 634 163;A01;1;7;13;0;3;13;1;
202300026192;155 634 161;A01;1;7;0;2;1;11;1;
202300026192;155 634 164;B01;2;7;0;2;3;1;1;
202300026193;155 634 159;A01;1;7;0;2;2;1;1;
202300026193;155 634 162;B01;2;7;0;2;1;1;1;
202300026194;155 634 157;A01;1;7;0;2;3;1;1;
202300026194;155 634 160;B01;2;7;0;2;1;1;1;
202300026195;155 634 152;B01;2;7;0;2;3;0;1;
202300026195;155 634 155;C01;1;7;0;2;3;2;1;
202300026195;155 634 158;A01;1;7;0;0;3;13;1;
202300026196;155 634 154;A01;1;7;0;2;2;2;1;
202300026196;155 634 156;B01;1;33;0;2;6;16;1;
202300026197;155 634 153;A01;2;7;4;0;1;1;1;
202300026198;155 634 150;A01;2;7;0;2;3;13;1;
202300026198;155 634 151;B01;1;7;0;2;1;1;1;
202300026199;155 634 145;A01;2;7;0;2;3;1;1;
202300026199;155 634 148;B01;1;7;0;2;3;1;1;
202300026200;155 634 144;A01;1;2;0;2;8;19;1;
202300026200;155 634 149;B01;1;7;0;2;2;1;1;
202300026201;155 634 143;A01;3;7;0;2;2;1;1;
202300026201;155 634 147;B01;3;7;0;2;5;1;1;
202300026202;155 634 140;A01;1;7;0;2;1;5;1;
202300026202;155 634 142;B01;1;7;0;2;1;1;1;
202300026202;155 634 146;C01;1;7;0;2;2;1;1;
202300026203;155 634 139;A01;1;7;16;2;3;13;1;
202300026203;155 634 141;B01;2;7;16;2;3;1;1;
202300026204;155 634 138;A01;1;7;13;0;0;1;1;
202300026205;155 634 134;A01;1;7;0;2;1;19;1;
202300026205;155 634 137;B01;1;33;0;2;7;3;1;
202300026206;155 634 132;B01;3;30;0;2;1;1;1;
202300026206;155 634 135;A01;3;7;0;2;3;20;1;
202300026206;155 634 136;C01;3;10;0;2;1;1;1;
202300026207;155 634 130;A01;2;33;0;2;1;14;0;
202300026207;155 634 133;B01;2;7;0;2;3;12;0;
202300026208;155 634 129;B01;1;31;0;2;1;1;1;
202300026208;155 634 131;A01;1;7;0;2;1;19;1;
202300026209;155 634 126;A01;2;7;0;0;1;13;1;
202300026209;155 634 128;B01;1;10;0;2;1;1;1;
202300026210;155 634 127;A01;2;7;2;0;8;1;1;
202300026211;155 634 125;A01;2;7;9;0;3;13;1;
202300026212;155 634 123;A01;1;7;0;5;1;1;1;
202300026213;155 634 120;B01;3;14;0;2;3;15;1;
202300026213;155 634 122;A01;3;33;12;2;7;17;1;
202300026214;155 634 116;A01;2;7;0;2;1;15;1;
202300026214;155 634 118;B01;1;7;0;2;1;1;1;
202300026215;155 634 114;A01;1;7;0;2;1;13;1;
202300026215;155 634 119;B01;2;7;0;2;3;1;1;
202300026216;155 634 115;A01;2;7;0;2;1;2;1;
202300026216;155 634 117;B01;2;7;0;0;4;1;1;
202300026216;155 634 121;C01;1;10;0;0;3;1;1;
202300026217;155 634 111;A01;3;7;0;1;4;4;3;
202300026218;155 634 108;A01;3;7;0;2;3;16;0;
202300026218;155 634 113;B01;1;33;0;2;1;1;0;
202300026219;155 634 103;B01;2;7;0;2;3;1;1;
202300026219;155 634 107;A01;1;7;0;2;3;13;1;
202300026220;155 634 102;A01;1;7;0;2;3;1;1;
202300026220;155 634 105;B01;2;7;0;2;8;19;1;
202300026221;155 634 101;A01;1;7;15;0;2;16;1;
202300026222;155 634 100;A01;1;33;0;1;5;1;1;
202300026223;155 634 098;A01;1;14;13;0;1;1;1;
202300026224;155 634 097;A01;1;7;0;2;1;9;1;
202300026224;155 634 099;B01;1;1;0;2;4;1;5;
202300026225;155 634 095;B01;2;33;0;2;1;13;1;
202300026225;155 634 096;A01;1;10;0;2;3;1;1;
202300026226;155 634 092;A01;1;7;0;2;2;11;1;
202300026226;155 634 094;B01;2;7;0;2;1;1;1;
202300026227;155 634 091;B01;2;32;0;2;1;17;1;
202300026227;155 634 093;A01;1;33;0;2;1;17;1;
202300026228;155 634 090;A01;0;2;13;0;0;0;0;
202300026229;155 634 089;A01;1;7;13;0;1;1;1;
202300026230;155 634 088;A01;2;7;0;1;1;1;1;
202300026231;155 634 087;A01;2;7;0;0;5;23;1;
202300026232;155 634 081;A01;1;10;0;2;7;15;1;
202300026232;155 634 084;B01;2;32;0;2;1;1;1;
202300026233;155 634 083;A01;2;1;12;0;0;21;5;
202300026234;155 634 082;A01;1;7;0;2;3;5;1;
202300026234;155 634 086;B01;2;7;0;2;3;13;1;
202300026235;155 634 080;A01;3;50;0;0;1;2;3;
202300026236;155 634 078;A01;2;50;0;1;1;1;3;
202300026237;155 634 077;A01;2;33;0;2;1;1;1;
202300026237;155 634 079;B01;1;7;0;2;2;10;1;
202300026238;155 634 076;A01;2;7;0;0;5;14;0;
202300026239;155 634 074;A01;1;7;0;0;0;13;1;
202300026240;155 634 072;C01;2;7;0;2;3;0;1;
202300026240;155 634 073;B01;2;7;0;2;3;0;1;
202300026240;155 634 075;A01;1;7;0;2;3;13;1;
202300026241;155 634 070;A01;3;10;0;1;5;4;0;
202300026242;155 634 067;A01;2;7;0;9;3;1;1;
202300026242;155 634 069;B01;2;1;0;2;4;11;5;
202300026243;155 634 064;B01;1;7;6;2;8;1;1;
202300026243;155 634 066;A01;2;38;6;2;6;13;1;1
202300026244;155 634 063;B01;1;33;0;2;1;1;1;
202300026244;155 634 065;A01;2;7;0;2;2;15;1;
202300026245;155 634 060;A01;3;7;0;2;3;9;1;
202300026245;155 634 062;B01;3;30;0;2;2;1;1;
202300026246;155 634 058;A01;1;7;0;2;2;15;1;
202300026246;155 634 061;B01;2;7;0;2;3;1;1;
202300026247;155 634 056;A01;2;31;2;2;1;1;1;
202300026247;155 634 059;B01;2;7;0;2;1;17;0;
202300026248;155 634 055;B01;1;7;0;2;8;15;1;
202300026248;155 634 057;A01;1;33;0;2;1;17;1;
202300026249;155 634 054;A01;1;50;0;0;7;0;3;
202300026250;155 634 051;A01;3;33;0;2;1;1;1;
202300026250;155 634 053;B01;3;33;0;2;1;1;1;
202300026251;155 634 049;A01;1;7;0;0;6;0;1;
202300026251;155 634 052;B01;1;7;0;2;2;0;1;
202300026252;155 634 048;A01;1;2;15;0;1;5;1;
202300026253;155 634 047;A01;0;7;0;2;3;1;1;
202300026253;155 634 050;B01;0;7;0;2;0;1;1;
202300026254;155 634 044;A01;2;33;0;0;8;0;1;
202300026255;155 634 042;B01;2;1;0;2;1;1;5;
202300026255;155 634 046;A01;2;1;0;0;0;1;5;
202300026256;155 634 040;B01;3;7;15;2;3;9;1;
202300026256;155 634 043;A01;2;7;0;2;2;1;1;
202300026257;155 634 038;A01;1;7;8;0;1;1;1;
202300026258;155 634 035;A01;1;7;0;1;2;1;1;
202300026259;155 634 037;A01;3;7;0;0;3;1;1;
202300026259;155 634 039;B01;3;7;0;2;1;15;1;
202300026260;155 634 034;A01;1;7;0;2;1;5;1;
202300026260;155 634 036;B01;2;10;0;2;1;1;1;
202300026261;155 634 033;A01;1;7;9;0;0;1;1;
202300026262;155 634 032;A01;3;1;0;5;0;1;5;
202300026263;155 634 030;A01;2;7;16;0;0;15;0;
202300026264;155 634 029;A01;1;33;13;0;1;1;1;
202300026265;155 634 027;B01;2;1;0;2;8;2;5;
202300026265;155 634 031;A01;2;10;0;9;2;2;0;
202300026266;155 634 028;A01;1;7;0;0;0;14;1;
202300026267;155 634 024;A01;2;7;16;0;0;1;0;
202300026268;155 634 021;A01;1;7;0;9;3;17;1;
202300026268;155 634 025;B01;2;80;0;0;2;5;3;
202300026269;155 634 020;B01;2;10;0;2;1;21;1;
202300026269;155 634 023;C01;1;7;0;2;1;1;1;
202300026269;155 634 026;A01;2;7;0;0;5;26;1;
202300026270;155 634 017;A01;1;7;0;1;4;20;1;
202300026271;155 634 014;B01;1;15;0;2;1;1;1;
202300026271;155 634 018;A01;2;7;0;2;8;9;1;
202300026272;155 634 016;A01;2;15;0;1;2;1;1;
202300026273;155 634 015;A01;2;7;12;0;5;1;1;
202300026274;155 634 012;A01;1;13;16;0;9;1;1;
202300026275;155 634 011;A01;2;7;13;0;1;1;1;
202300026276;155 634 009;A01;1;7;0;0;3;1;1;
202300026277;155 634 010;B01;2;3;0;2;2;1;1;
202300026277;155 634 013;A01;2;7;0;0;5;23;1;
202300026278;155 634 008;A01;3;7;0;1;3;1;1;
202300026279;155 634 006;A01;2;2;14;0;1;1;1;
202300026280;155 634 005;A01;1;7;0;2;8;1;1;
202300026280;155 634 007;B01;2;33;0;2;0;1;1;
202300026281;155 634 004;A01;3;7;0;1;3;1;1;
202300026282;155 634 002;A01;2;15;2;0;2;1;0;
202300026283;155 634 001;B01;2;33;4;2;8;3;1;
202300026283;155 634 003;A01;2;7;4;2;7;12;1;
202300026284;155 633 999;A01;0;33;7;0;3;0;1;
202300026285;155 633 997;A01;2;2;16;0;1;14;0;
202300026286;155 633 996;B01;1;15;0;2;9;21;1;
202300026286;155 633 998;A01;2;7;0;2;8;13;0;
202300026286;155 634 000;C01;2;7;0;2;9;1;0;
202300026287;155 633 992;B01;0;10;0;2;9;1;1;
202300026287;155 633 994;A01;2;10;0;2;4;14;1;
202300026288;155 633 988;B01;2;7;4;2;5;0;1;
202300026288;155 633 991;C01;2;33;4;2;8;2;1;
202300026288;155 633 993;D01;2;7;4;2;2;2;1;
202300026288;155 633 995;A01;2;7;4;2;3;2;1;
202300026289;155 633 987;B01;2;7;0;2;1;1;0;
202300026289;155 633 990;A01;1;7;0;2;1;13;0;
202300026290;155 633 986;A01;2;7;13;2;8;17;1;
202300026290;155 633 989;B01;1;7;0;2;2;1;1;
202300026291;155 633 984;A01;1;7;0;2;4;1;1;
202300026291;155 633 985;B01;1;7;4;2;1;1;3;
202300026292;155 633 982;A01;2;7;9;0;9;0;1;
202300026293;155 633 981;A01;2;33;0;0;0;10;1;
202300026294;155 633 983;A01;1;33;0;0;7;1;1;
202300026295;155 633 980;A01;1;7;2;0;0;14;1;
202300026296;155 633 978;A01;3;7;0;1;2;21;1;
202300026297;155 633 977;B01;2;15;0;2;4;0;1;
202300026297;155 633 979;A01;2;7;3;2;1;0;1;
202300026298;155 633 976;A01;1;10;0;1;1;1;1;
202300026299;155 633 973;A01;3;32;12;0;0;1;1;
202300026300;155 633 974;A01;1;7;0;2;4;2;1;
202300026300;155 633 975;B01;1;7;0;2;1;2;1;
202300026301;155 633 969;A01;1;33;0;0;-1;2;1;
202300026302;155 633 968;A01;2;42;0;2;0;3;1;
202300026302;155 633 970;B01;2;7;0;2;0;12;1;
202300026302;155 633 972;C01;2;7;0;2;4;1;1;
202300026303;155 633 965;B01;2;7;0;2;4;2;1;
202300026303;155 633 967;C01;2;7;0;0;4;2;1;
202300026303;155 633 971;A01;2;15;0;2;1;2;1;
202300026304;155 633 962;A01;2;10;0;2;1;1;1;
202300026304;155 633 964;B01;2;10;0;2;4;2;1;
202300026305;155 633 961;A01;2;33;0;2;0;0;1;
202300026305;155 633 963;B01;2;7;0;2;0;0;1;
202300026306;155 633 960;A01;1;33;14;9;0;1;1;
202300026307;155 633 958;B01;1;33;0;2;2;1;1;
202300026307;155 633 959;A01;1;7;0;2;1;15;1;
202300026308;155 633 955;A01;2;7;0;2;1;2;3;
202300026308;155 633 956;B01;2;15;0;2;4;2;1;
202300026309;155 633 951;A01;1;7;0;2;1;14;1;
202300026309;155 633 953;B01;1;7;0;2;4;9;1;
202300026310;155 633 949;A01;1;7;0;0;2;21;1;
202300026311;155 633 948;C01;2;7;0;2;4;1;1;
202300026311;155 633 952;B01;2;7;0;2;3;2;1;
202300026311;155 633 954;A01;2;7;0;2;1;1;1;
202300026311;155 633 957;D01;2;7;0;2;4;2;1;
202300026312;155 633 947;A01;1;7;0;0;1;1;1;
202300026312;155 633 950;B01;1;7;0;0;8;1;1;
202300026313;155 633 944;A01;1;30;0;2;0;1;1;
202300026313;155 633 946;B01;1;7;0;2;2;2;3;
202300026314;155 633 943;A01;2;10;4;0;1;1;1;
202300026315;155 633 941;A01;2;7;6;0;2;1;1;
202300026316;155 633 940;A01;1;7;0;2;1;11;1;
202300026316;155 633 942;B01;2;7;0;2;1;1;1;
202300026317;155 633 938;A01;1;7;5;0;1;14;1;
202300026318;155 633 937;A01;2;7;0;2;3;1;1;
202300026318;155 633 939;B01;1;7;0;2;2;1;1;
202300026319;155 633 935;A01;2;17;0;2;4;1;1;
202300026319;155 633 936;B01;2;7;0;2;1;1;1;
202300026320;155 633 933;A01;3;1;0;0;0;26;5;
202300026321;155 633 934;A01;1;7;0;1;3;1;3;
202300026322;155 633 930;A01;1;7;0;2;1;2;1;
202300026322;155 633 932;B01;1;2;0;0;4;2;1;
202300026323;155 633 928;A01;1;7;13;0;1;11;0;
202300026324;155 633 929;A01;0;7;0;2;3;1;1;
202300026324;155 633 931;B01;0;7;0;2;1;26;0;
202300026325;155 633 926;A01;1;32;0;2;1;18;3;
202300026325;155 633 927;B01;1;7;0;2;5;22;2;
202300026326;155 633 924;A01;1;7;5;0;1;0;1;
202300026327;155 633 923;A01;2;7;13;0;3;1;1;
202300026328;155 633 922;B01;1;7;0;2;8;9;1;
202300026328;155 633 925;A01;2;30;0;2;1;3;1;
202300026329;155 633 918;Z01;2;7;0;2;5;22;0;
202300026329;155 633 921;A01;2;1;0;2;1;1;5;
202300026330;155 633 919;A01;3;7;13;0;1;0;1;
202300026331;155 633 916;A01;1;33;0;2;3;0;1;
202300026331;155 633 920;B01;1;7;0;2;3;0;1;
202300026332;155 633 914;C01;1;10;0;0;0;0;1;
202300026332;155 633 915;B01;1;33;0;2;0;0;1;
202300026332;155 633 917;A01;1;7;0;2;0;0;1;
202300026333;155 633 913;A01;1;7;0;1;1;15;1;
202300026334;155 633 910;A01;1;7;0;2;1;13;1;
202300026334;155 633 911;B01;2;7;0;2;3;1;2;
202300026335;155 633 909;B01;2;7;1;0;3;11;1;
202300026335;155 633 912;A01;1;10;0;2;3;23;1;
202300026336;155 633 906;A01;3;7;0;2;1;13;1;
202300026336;155 633 908;B01;3;7;0;2;3;1;1;
202300026337;155 633 907;Z01;2;7;0;1;1;1;2;
202300026338;155 633 904;A01;3;7;0;1;2;1;1;
202300026339;155 633 903;A01;2;7;3;2;2;17;1;
202300026339;155 633 905;B01;2;7;0;0;6;1;1;
202300026340;155 633 900;A01;2;7;0;2;0;15;1;
202300026340;155 633 902;B01;2;2;0;2;1;3;1;
202300026341;155 633 899;A01;1;7;0;2;2;16;1;
202300026341;155 633 901;B01;1;80;0;2;8;1;3;
202300026342;155 633 897;B01;3;99;0;2;1;1;0;
202300026342;155 633 898;A01;3;7;0;2;3;1;1;
202300026343;155 633 894;A01;2;7;2;0;2;1;1;
202300026344;155 633 895;A01;1;33;0;1;1;1;1;
202300026345;155 633 893;A01;2;7;0;2;1;2;1;
202300026345;155 633 896;B01;2;31;0;2;4;2;3;
202300026346;155 633 890;A01;1;7;1;0;1;2;1;
202300026346;155 633 892;B01;1;33;0;0;4;1;1;
202300026347;155 633 889;B01;1;33;0;2;1;13;1;
202300026347;155 633 891;A01;2;14;0;2;1;1;1;
202300026348;155 633 888;A01;2;7;0;1;1;15;1;
202300026349;155 633 887;A01;2;14;0;1;1;16;1;
202300026350;155 633 886;A01;1;33;0;0;8;1;1;
202300026351;155 633 884;A01;3;7;15;0;2;0;0;
202300026352;155 633 881;B01;1;1;0;2;7;1;5;
202300026352;155 633 883;Z01;1;1;0;2;7;17;5;
202300026353;155 633 882;B01;1;10;14;0;4;0;1;
202300026353;155 633 885;A01;1;7;0;2;1;2;1;
202300026354;155 633 877;B01;1;50;0;2;1;17;3;
202300026354;155 633 879;A01;1;7;0;2;8;15;1;
202300026355;155 633 876;A01;1;7;0;1;2;0;1;
202300026356;155 633 874;B01;2;7;0;2;6;2;1;
202300026356;155 633 878;A01;2;7;0;2;3;14;1;
202300026357;155 633 873;B01;2;7;0;2;3;13;1;
202300026357;155 633 875;A01;1;33;0;2;1;17;1;
202300026358;155 633 872;A01;1;10;0;1;1;1;1;
202300026359;155 633 870;A01;2;7;0;1;1;1;1;
202300026360;155 633 869;A01;1;33;0;0;7;1;1;
202300026361;155 633 868;A01;2;1;0;0;4;1;5;
202300026361;155 633 871;B01;2;7;0;9;2;2;1;
202300026362;155 633 866;A01;2;80;0;0;0;1;3;
202300026363;155 633 865;A01;2;10;0;2;3;0;0;
202300026363;155 633 867;B01;1;7;0;2;1;0;0;
202300026364;155 633 863;A01;1;7;0;1;3;17;1;
202300026365;155 633 862;A01;1;1;0;1;1;1;5;
202300026366;155 633 861;A01;1;31;0;2;2;13;1;
202300026366;155 633 864;B01;3;7;0;2;3;19;1;
202300026367;155 633 857;A01;1;32;12;0;1;26;1;
202300026368;155 633 858;B01;1;7;0;2;1;1;1;
202300026368;155 633 859;A01;2;7;0;2;1;1;1;
202300026369;155 633 856;A01;2;7;2;0;1;1;1;
202300026370;155 633 853;A01;1;33;0;2;1;2;1;
202300026370;155 633 854;B01;1;7;0;0;6;2;1;
202300026371;155 633 851;A01;1;7;0;1;2;1;1;
202300026372;155 633 852;B01;3;7;0;2;4;2;1;
202300026372;155 633 855;A01;3;7;0;2;1;2;1;
202300026373;155 633 849;A01;2;7;0;1;2;1;2;
202300026374;155 633 847;A01;2;7;0;2;3;13;1;
202300026374;155 633 850;B01;1;7;13;2;8;1;1;
202300026375;155 633 845;A01;1;7;0;1;1;1;1;
202300026376;155 633 839;C01;0;10;0;2;1;0;1;
202300026376;155 633 842;B01;3;7;0;2;4;15;1;
202300026377;155 633 837;E01;1;7;0;2;4;1;1;
202300026377;155 633 840;C01;1;10;0;2;4;1;1;
202300026377;155 633 841;B01;1;7;0;2;5;1;1;
202300026377;155 633 843;D01;1;7;0;2;4;1;1;
202300026377;155 633 844;A01;1;10;0;2;3;11;1;
202300026378;155 633 836;B01;2;2;0;2;1;1;1;
202300026378;155 633 838;A01;1;7;0;2;3;20;1;
202300026379;155 633 833;B01;2;7;0;2;3;1;1;
202300026379;155 633 835;A01;2;10;0;2;2;18;1;
202300026380;155 633 832;A01;0;3;0;2;5;1;1;
202300026380;155 633 834;B01;2;80;0;2;1;9;3;
202300026381;155 633 827;B01;2;7;0;2;1;1;1;
202300026381;155 633 830;C01;2;7;0;0;0;1;1;
202300026381;155 633 831;A01;1;7;0;2;1;13;1;
202300026382;155 633 826;A01;2;7;0;2;6;19;1;
202300026382;155 633 828;B01;2;34;0;2;1;1;1;
202300026383;155 633 825;A01;1;10;0;2;1;2;1;
202300026383;155 633 829;B01;1;7;0;2;4;1;2;
202300026384;155 633 822;A01;2;33;0;2;8;1;1;
202300026384;155 633 824;Z01;2;7;0;2;0;0;0;
202300026385;155 633 823;A01;2;50;0;1;1;5;3;
202300026386;155 633 820;A01;1;50;0;0;0;1;3;
202300026387;155 633 818;A01;2;7;0;2;7;1;1;
202300026387;155 633 821;B01;1;7;0;2;1;1;1;
202300026388;155 633 817;B01;3;7;0;2;1;9;0;
202300026388;155 633 819;A01;3;7;0;2;9;1;0;
202300026389;155 633 815;A01;1;10;0;2;1;0;1;
202300026389;155 633 816;B01;1;7;0;2;4;1;1;
202300026390;155 633 812;B01;2;33;0;2;8;3;1;
202300026390;155 633 814;A01;2;7;0;2;7;14;1;
202300026391;155 633 809;B01;1;43;0;2;3;1;1;
202300026391;155 633 811;A01;1;33;0;2;3;3;1;
202300026392;155 633 810;B01;2;1;0;2;3;0;5;
202300026392;155 633 813;A01;2;37;0;2;2;1;1;1
202300026393;155 633 806;B01;2;7;0;2;4;1;1;
202300026393;155 633 808;A01;2;7;0;2;4;1;1;
202300026394;155 633 805;A01;1;7;0;1;2;16;1;
202300026395;155 633 804;B01;2;33;0;2;7;0;1;
202300026395;155 633 807;A01;2;7;0;2;8;11;1;
202300026396;155 633 803;A01;1;7;4;0;1;1;1;
202300026397;155 633 799;A01;1;7;0;2;0;17;1;
202300026397;155 633 802;B01;1;1;0;2;7;1;5;
202300026398;155 633 798;A01;1;7;0;2;3;1;1;
202300026398;155 633 800;B01;1;34;0;2;1;3;1;
202300026398;155 633 801;C01;1;10;0;2;4;1;1;
202300026399;155 633 793;B01;2;33;0;2;4;3;1;
202300026399;155 633 796;C01;2;7;0;2;4;1;1;
202300026399;155 633 797;A01;2;7;0;2;7;12;1;
202300026400;155 633 788;A01;1;7;0;2;8;11;2;
202300026400;155 633 790;B01;1;33;0;2;7;3;1;
202300026400;155 633 792;C01;1;7;0;2;7;0;1;
202300026400;155 633 795;D01;1;34;0;2;1;1;1;
202300026401;155 633 789;B01;1;7;0;2;4;1;1;
202300026401;155 633 791;C01;1;7;0;2;4;1;1;
202300026401;155 633 794;A01;1;10;0;2;1;2;1;
202300026402;155 633 786;A01;1;31;0;2;1;3;1;
202300026402;155 633 787;B01;1;7;0;2;2;12;1;
202300026403;155 633 783;A01;1;33;0;2;1;3;1;
202300026403;155 633 784;C01;1;10;0;2;6;1;1;
202300026403;155 633 785;B01;1;7;0;2;5;1;1;
202300026404;155 633 780;A01;1;7;0;2;1;13;1;
202300026404;155 633 782;B01;1;7;0;2;1;1;1;
202300026405;155 633 776;A01;2;33;0;2;5;3;1;
202300026405;155 633 778;B01;2;7;0;2;8;11;1;
202300026406;155 633 777;A01;2;7;0;2;1;1;1;
202300026406;155 633 779;B01;2;7;0;2;4;2;1;
202300026406;155 633 781;C01;2;7;0;2;4;2;2;
202300026407;155 633 774;B01;2;80;1;0;1;2;3;
202300026407;155 633 775;A01;2;7;0;9;3;22;1;
202300026408;155 633 770;A01;2;7;0;2;4;11;1;
202300026408;155 633 772;B01;2;33;0;2;1;1;1;
202300026409;155 633 768;A01;1;10;0;2;1;2;1;
202300026409;155 633 771;B01;1;10;0;2;4;2;1;
202300026409;155 633 773;C01;1;7;0;2;4;2;1;
202300026410;155 633 767;B01;2;1;0;2;1;1;5;
202300026410;155 633 769;A01;2;15;1;0;5;24;1;
202300026411;155 633 764;B01;2;31;0;2;8;3;1;
202300026411;155 633 766;A01;1;7;0;2;7;12;1;
202300026412;155 633 763;Z01;1;7;0;1;1;26;0;
202300026413;155 633 762;A01;2;7;0;2;5;26;1;
202300026413;155 633 765;B01;2;34;0;2;8;26;1;
202300026414;155 633 757;A01;2;7;0;2;6;12;1;