Num_Acc;id_vehicule;num_veh;senc;catv;obs;obsm;choc;manv;motor;occutc
202300026414;155 633 761;B01;2;33;0;2;1;3;1;
202300026415;155 633 758;A01;1;7;0;2;1;2;1;
202300026415;155 633 760;B01;1;7;0;2;4;2;1;
202300026416;155 633 756;B01;2;10;0;2;2;1;1;
202300026416;155 633 759;A01;2;43;0;2;6;3;1;
202300026417;155 633 754;A01;2;7;4;0;9;2;1;
202300026418;155 633 752;A01;1;15;0;2;7;21;1;
202300026418;155 633 755;B01;1;15;0;2;6;1;1;
202300026419;155 633 751;B01;3;7;0;2;4;1;1;
202300026419;155 633 753;A01;3;33;0;2;1;2;1;
202300026420;155 633 749;A01;2;7;0;1;3;1;1;
202300026421;155 633 750;A01;2;10;0;2;4;2;1;
202300026422;155 633 748;A01;2;7;13;0;9;14;1;
202300026423;155 633 747;A01;2;10;4;0;7;1;1;
202300026424;155 633 744;B01;2;7;0;2;1;1;1;
202300026424;155 633 746;A01;2;34;0;2;1;1;1;
202300026425;155 633 743;A01;2;80;0;2;1;1;3;
202300026425;155 633 745;B01;1;7;0;2;3;1;1;
202300026426;155 633 742;A01;1;7;3;0;0;1;1;
202300026427;155 633 738;A01;2;32;4;0;3;2;1;
202300026428;155 633 737;C01;0;7;0;2;3;1;1;
202300026428;155 633 739;B01;0;7;0;2;4;1;1;
202300026428;155 633 740;A01;0;7;0;2;1;1;1;
202300026429;155 633 735;A01;1;7;4;0;9;11;1;
202300026430;155 633 731;A01;2;7;0;2;2;1;3;
202300026430;155 633 734;B01;1;7;0;2;8;15;1;
202300026431;155 633 729;B01;1;7;4;2;1;1;1;
202300026431;155 633 730;A01;1;10;4;2;4;1;1;
202300026432;155 633 724;A01;1;7;0;2;2;13;1;
202300026432;155 633 725;B01;2;99;0;2;1;1;1;
202300026433;155 633 726;A01;1;7;0;1;3;15;1;
202300026434;155 633 721;B01;2;10;0;2;4;23;3;
202300026434;155 633 722;C01;2;10;0;2;4;23;1;
202300026434;155 633 723;A01;2;7;0;2;1;23;1;
202300026435;155 633 717;B01;2;7;0;0;3;26;1;
202300026435;155 633 719;A01;2;7;0;2;1;15;1;
202300026436;155 633 715;A01;2;37;0;0;1;0;1;3
202300026436;155 633 718;C01;2;7;0;2;4;0;1;
202300026436;155 633 720;B01;2;7;0;2;4;0;1;
202300026437;155 633 714;B01;2;7;0;2;4;11;1;
202300026437;155 633 716;A01;2;31;0;2;1;3;1;
202300026438;155 633 709;Z01;1;7;0;2;2;24;1;
202300026438;155 633 711;B01;1;30;1;0;1;1;1;
202300026439;155 633 708;A01;2;7;0;0;8;2;1;
202300026439;155 633 710;B01;2;7;3;2;7;17;1;
202300026440;155 633 705;A01;3;7;4;0;2;2;1;
202300026441;155 633 706;B01;1;1;0;2;1;1;5;
202300026441;155 633 707;A01;1;7;0;2;3;15;1;
202300026442;155 633 704;A01;2;30;1;0;3;1;1;
202300026443;155 633 702;A01;1;33;12;0;8;11;1;
202300026444;155 633 701;B01;1;1;0;2;1;1;5;
202300026444;155 633 703;A01;1;7;0;2;2;14;1;
202300026445;155 633 699;A01;3;32;0;0;0;1;1;
202300026446;155 633 697;A01;0;7;0;1;2;1;0;
202300026447;155 633 696;B01;2;7;0;2;1;11;1;
202300026447;155 633 698;A01;1;7;16;2;7;15;1;
202300026448;155 633 695;A01;2;50;0;1;1;1;3;
202300026449;155 633 688;A01;1;10;0;2;1;1;1;
202300026449;155 633 690;C01;1;7;0;2;6;1;1;
202300026449;155 633 692;B01;2;32;0;2;1;23;1;
202300026450;155 633 689;B01;2;7;12;0;2;21;1;
202300026450;155 633 694;A01;1;7;0;0;0;0;2;
202300026451;155 633 691;A01;2;7;0;2;8;16;1;
202300026451;155 633 693;B01;2;1;0;2;7;16;5;
202300026452;155 633 685;A01;1;99;0;0;0;15;6;
202300026453;155 633 684;B01;2;7;0;2;8;1;1;
202300026453;155 633 686;A01;2;2;0;2;1;9;1;
202300026454;155 633 683;B01;3;7;0;2;3;1;1;
202300026454;155 633 687;A01;3;7;0;2;2;19;1;
202300026455;155 633 680;A01;2;7;1;0;6;1;1;
202300026455;155 633 682;B01;2;7;0;1;1;25;1;
202300026456;155 633 678;A01;2;50;0;2;1;26;3;
202300026456;155 633 681;B01;1;7;0;9;2;9;1;
202300026457;155 633 677;B01;2;7;0;2;5;1;1;
202300026457;155 633 679;A01;2;2;0;2;3;1;1;
202300026458;155 633 675;B01;2;32;0;2;3;11;1;
202300026458;155 633 676;A01;2;7;0;2;2;1;1;
202300026459;155 633 673;A01;2;7;0;2;1;1;1;
202300026459;155 633 674;B01;2;7;0;2;4;1;1;
202300026460;155 633 669;A01;1;33;0;2;3;3;1;
202300026460;155 633 670;B01;1;7;0;2;5;1;1;
202300026460;155 633 672;C01;1;15;0;2;8;2;1;
202300026461;155 633 668;A01;1;7;1;2;1;1;1;
202300026461;155 633 671;B01;1;7;1;2;8;1;1;
202300026462;155 633 666;A01;1;7;0;2;3;19;0;
202300026462;155 633 667;B01;2;15;0;2;2;19;1;
202300026463;155 633 663;B01;3;32;0;2;1;1;1;
202300026463;155 633 665;A01;3;7;0;2;1;16;0;
202300026464;155 633 660;A01;0;7;1;0;9;1;1;
202300026465;155 633 661;A01;2;7;0;2;7;16;1;
202300026465;155 633 664;B01;2;50;0;2;2;21;3;
202300026466;155 633 656;A01;3;7;9;0;1;1;1;
202300026467;155 633 654;A01;1;37;0;1;2;5;1;1
202300026468;155 633 653;A01;1;7;0;2;3;10;0;
202300026468;155 633 655;B01;2;7;0;2;2;13;0;
202300026469;155 633 651;A01;2;7;7;0;1;14;1;
202300026470;155 633 648;A01;3;7;0;2;1;19;1;
202300026470;155 633 650;B01;3;7;7;2;9;1;0;
202300026471;155 633 644;A01;1;7;0;2;3;1;1;
202300026471;155 633 647;B01;1;2;0;2;1;1;1;
202300026472;155 633 642;A01;2;7;0;2;1;15;1;
202300026472;155 633 645;B01;1;7;0;2;6;1;0;
202300026472;155 633 646;C01;1;7;0;2;0;0;0;
202300026473;155 633 641;A01;0;33;0;0;0;1;1;
202300026474;155 633 640;A01;1;7;0;2;4;2;1;
202300026474;155 633 643;B01;1;10;0;1;4;2;1;
202300026475;155 633 634;Z01;1;10;0;2;0;0;0;
202300026475;155 633 638;A01;1;1;0;2;8;17;5;
202300026476;155 633 636;A01;1;1;12;0;1;25;5;
202300026477;155 633 635;A01;0;33;0;2;1;18;0;
202300026477;155 633 639;B01;0;30;0;0;4;14;1;
202300026478;155 633 633;B01;1;10;0;2;2;2;6;
202300026478;155 633 637;A01;1;50;0;2;1;2;3;
202300026479;155 633 630;B01;1;30;0;2;1;1;1;
202300026479;155 633 632;A01;2;7;0;2;1;1;1;
202300026480;155 633 628;A01;2;7;0;2;3;15;0;
202300026480;155 633 631;B01;1;31;0;2;3;1;0;
202300026481;155 633 629;A01;2;7;0;1;1;1;0;
202300026482;155 633 625;A01;1;50;0;2;1;1;3;
202300026482;155 633 626;B01;1;50;0;2;1;1;3;
202300026483;155 633 624;B01;1;7;0;2;2;1;1;
202300026483;155 633 627;A01;1;1;0;2;1;9;5;
202300026484;155 633 621;A01;1;17;4;0;2;14;1;
202300026484;155 633 623;B01;1;7;0;9;1;2;1;
202300026485;155 633 620;A01;2;7;0;2;6;4;1;
202300026485;155 633 622;B01;1;7;0;2;1;1;1;
202300026486;155 633 617;A01;1;7;0;2;7;1;1;
202300026486;155 633 619;B01;2;7;0;2;1;1;1;
202300026487;155 633 615;B01;1;33;0;2;1;1;1;
202300026487;155 633 618;A01;2;7;0;2;1;15;1;
202300026488;155 633 616;A01;2;7;0;1;1;1;1;
202300026489;155 633 613;A01;2;1;0;0;7;0;5;
202300026490;155 633 612;A01;1;7;15;0;1;0;1;
202300026491;155 633 611;A01;1;41;0;0;7;26;1;
202300026492;155 633 607;B01;3;7;0;2;3;15;1;
202300026492;155 633 610;A01;1;33;0;2;1;1;1;
202300026493;155 633 606;A01;3;7;0;1;2;0;1;
202300026494;155 633 605;A01;1;2;0;2;1;2;1;
202300026494;155 633 608;B01;1;7;0;2;4;1;1;
202300026495;155 633 600;C01;2;1;0;2;1;0;5;
202300026495;155 633 603;A01;1;31;0;2;1;26;1;
202300026495;155 633 604;B01;2;1;0;2;1;5;5;
202300026496;155 633 601;A01;1;33;0;0;9;1;1;
202300026497;155 633 595;A01;1;7;0;2;2;1;1;
202300026497;155 633 598;B01;1;7;0;2;8;15;1;
202300026498;155 633 596;A01;3;7;0;1;2;1;1;
202300026499;155 633 597;C01;1;7;0;2;4;2;1;
202300026499;155 633 599;B01;1;7;0;2;1;2;1;
202300026499;155 633 602;A01;1;7;0;2;1;2;1;
202300026500;155 633 593;A01;1;7;0;1;1;1;1;
202300026501;155 633 592;B01;3;10;0;2;2;1;1;
202300026501;155 633 594;A01;3;7;0;2;1;15;1;
202300026502;155 633 589;A01;1;7;6;0;0;26;1;
202300026503;155 633 587;A01;2;33;13;0;1;14;1;
202300026504;155 633 586;A01;2;31;0;2;1;11;1;
202300026504;155 633 590;B01;2;7;0;0;5;1;1;
202300026505;155 633 588;A01;3;7;0;2;1;19;1;
202300026505;155 633 591;B01;3;1;0;2;7;1;5;
202300026506;155 633 585;A01;2;7;15;0;1;21;1;
202300026507;155 633 583;A01;0;2;0;2;1;13;1;
202300026507;155 633 584;B01;3;7;0;2;2;16;1;
202300026508;155 633 578;A01;1;7;0;2;1;1;1;
202300026508;155 633 580;B01;1;7;0;2;1;1;1;
202300026508;155 633 582;C01;2;7;0;2;4;1;1;
202300026509;155 633 572;C01;1;7;0;0;0;1;1;
202300026509;155 633 576;B01;1;7;0;2;4;1;1;
202300026509;155 633 579;A01;1;7;0;2;1;2;1;
202300026510;155 633 574;A01;1;7;0;2;1;15;1;
202300026510;155 633 577;B01;2;50;0;2;1;1;3;
202300026511;155 633 573;A01;1;7;0;2;2;13;1;
202300026511;155 633 575;B01;1;7;0;2;6;1;1;
202300026511;155 633 581;C01;1;7;0;2;5;1;3;
202300026512;155 633 569;A01;2;7;3;0;2;14;1;
202300026513;155 633 567;A01;3;10;0;2;3;1;1;
202300026513;155 633 570;B01;3;7;0;2;3;1;1;
202300026514;155 633 566;B01;3;7;0;2;6;1;1;
202300026514;155 633 571;A01;3;15;0;2;7;9;1;
202300026515;155 633 565;A01;3;33;0;2;5;18;1;
202300026515;155 633 568;B01;3;14;0;2;2;1;1;
202300026516;155 633 561;B01;3;50;0;2;7;1;3;
202300026516;155 633 564;A01;1;7;0;2;1;1;1;
202300026517;155 633 562;A01;1;7;0;1;2;1;1;
202300026518;155 633 563;A01;3;30;8;0;1;13;1;
202300026519;155 633 558;A01;3;7;1;0;1;1;1;
202300026520;155 633 559;A01;1;1;0;2;4;9;5;
202300026520;155 633 560;B01;1;7;0;2;1;1;3;
202300026521;155 633 556;A01;2;7;2;0;1;1;1;
202300026522;155 633 554;A01;1;7;12;2;3;16;1;
202300026523;155 633 555;A01;1;1;0;1;1;1;5;
202300026524;155 633 553;A01;1;7;0;2;5;0;1;
202300026524;155 633 557;B01;1;10;0;2;3;0;1;
202300026525;155 633 551;B01;1;50;0;2;8;2;3;
202300026525;155 633 552;A01;1;7;0;2;5;16;2;
202300026526;155 633 547;A01;1;7;0;1;5;0;1;
202300026527;155 633 548;A01;1;1;0;2;4;15;5;
202300026527;155 633 550;Z01;1;7;0;2;0;2;0;
202300026528;155 633 545;Z01;1;7;12;1;1;15;1;
202300026529;155 633 540;A01;2;1;1;0;1;1;5;
202300026529;155 633 543;B01;2;7;1;0;3;16;2;
202300026530;155 633 538;B01;2;7;0;2;3;1;1;
202300026530;155 633 542;A01;1;7;0;2;3;15;1;
202300026531;155 633 537;B01;1;7;0;2;1;5;1;
202300026531;155 633 539;A01;2;7;0;2;1;5;1;
202300026532;155 633 532;A01;3;7;0;1;4;20;1;
202300026533;155 633 530;A01;3;30;0;2;1;15;1;
202300026533;155 633 533;B01;3;33;0;2;3;1;1;
202300026534;155 633 534;A01;1;80;0;0;7;1;3;
202300026535;155 633 529;B01;2;1;14;0;0;0;5;
202300026535;155 633 531;A01;2;7;14;0;2;2;0;
202300026536;155 633 527;A01;1;7;0;1;8;2;2;
202300026537;155 633 524;B01;3;7;0;2;6;2;1;
202300026537;155 633 528;A01;3;7;0;2;2;2;1;
202300026538;155 633 522;A01;2;7;0;2;3;15;1;
202300026538;155 633 525;B01;2;33;0;2;1;1;1;
202300026539;155 633 520;Z01;1;7;0;2;1;1;1;
202300026539;155 633 521;A01;1;7;0;2;4;23;1;
202300026540;155 633 518;B01;2;7;0;2;4;2;0;
202300026540;155 633 519;A01;2;7;0;2;1;2;0;
202300026541;155 633 523;A01;3;7;0;2;3;15;1;
202300026541;155 633 526;B01;3;7;0;2;3;1;1;
202300026542;155 633 517;A01;2;7;14;0;7;1;1;
202300026543;155 633 515;A01;1;7;0;2;7;17;1;
202300026543;155 633 516;B01;1;32;0;2;8;1;1;
202300026544;155 633 514;A01;0;31;16;0;8;15;1;
202300026545;155 633 507;B01;1;7;0;2;8;1;1;
202300026545;155 633 511;A01;2;7;0;2;2;15;1;
202300026546;155 633 508;A01;1;10;0;2;8;22;1;
202300026546;155 633 513;B01;1;1;1;0;3;2;5;
202300026547;155 633 509;B01;0;1;0;2;4;1;5;
202300026547;155 633 510;A01;0;43;0;2;1;18;1;
202300026548;155 633 506;A01;1;7;0;2;1;1;1;
202300026548;155 633 512;B01;2;7;0;2;1;1;1;
202300026549;155 633 502;A01;1;7;3;0;1;13;0;
202300026549;155 633 504;B01;2;7;0;2;1;0;3;
202300026550;155 633 499;A01;3;7;0;2;2;26;0;
202300026550;155 633 505;B01;1;7;0;0;3;1;1;
202300026551;155 633 500;A01;1;1;0;2;1;2;5;
202300026551;155 633 503;B01;2;1;0;2;1;1;5;
202300026552;155 633 498;A01;3;2;0;2;4;1;1;
202300026552;155 633 501;B01;3;7;0;2;2;0;1;
202300026553;155 633 495;B01;2;33;0;0;0;0;0;
202300026553;155 633 497;A01;1;7;0;2;8;10;0;
202300026554;155 633 493;A01;2;30;0;2;1;2;1;
202300026554;155 633 496;B01;2;7;0;2;4;2;1;
202300026555;155 633 490;A01;3;7;0;2;3;1;1;
202300026555;155 633 492;B01;3;50;0;2;1;26;3;
202300026556;155 633 487;A01;2;7;15;1;1;16;1;
202300026557;155 633 489;B01;3;7;0;2;7;1;1;
202300026557;155 633 494;A01;3;7;0;2;1;1;1;
202300026558;155 633 486;A01;2;7;0;1;1;19;1;
202300026559;155 633 484;A01;3;7;0;2;1;15;1;
202300026559;155 633 485;B01;0;7;0;2;3;1;1;
202300026560;155 633 483;A01;1;7;0;1;7;9;1;
202300026561;155 633 482;A01;3;7;0;1;1;1;1;
202300026562;155 633 480;A01;3;7;6;0;1;1;1;
202300026563;155 633 479;A01;0;7;0;2;1;1;1;
202300026563;155 633 481;B01;3;7;0;2;3;16;1;
202300026564;155 633 476;B01;1;10;0;2;1;15;1;
202300026564;155 633 478;A01;2;2;0;2;1;1;1;
202300026565;155 633 475;A01;2;7;0;2;3;15;1;
202300026565;155 633 477;B01;1;1;0;2;1;1;5;
202300026566;155 633 474;A01;0;7;0;1;2;1;2;
202300026567;155 633 472;A01;1;7;8;0;3;1;1;
202300026568;155 633 471;A01;0;7;0;2;1;1;1;
202300026568;155 633 473;B01;0;7;0;2;2;1;2;
202300026569;155 633 470;A01;3;7;8;0;1;2;1;
202300026570;155 633 468;A01;0;2;0;0;0;0;0;
202300026571;155 633 469;A01;1;7;0;1;1;1;1;
202300026572;155 633 466;B01;1;50;0;0;4;1;3;
202300026572;155 633 467;A01;3;7;0;2;1;1;1;
202300026573;155 633 463;A01;3;7;0;2;8;10;1;
202300026573;155 633 465;B01;3;31;0;2;1;21;1;
202300026574;155 633 462;A01;3;37;1;0;1;2;1;2
202300026574;155 633 464;B01;3;37;0;2;4;24;1;1
202300026575;155 633 459;B01;1;7;0;2;6;1;1;
202300026575;155 633 461;A01;1;10;0;2;2;2;1;
202300026576;155 633 458;A01;2;7;0;2;2;1;1;
202300026576;155 633 460;B01;1;7;0;2;1;1;1;
202300026577;155 633 457;A01;1;1;0;0;0;1;5;
202300026578;155 633 455;A01;0;7;13;0;3;1;1;
202300026579;155 633 454;A01;2;7;13;0;8;1;1;
202300026580;155 633 453;A01;1;7;0;2;1;2;1;
202300026580;155 633 456;B01;1;30;0;2;4;1;1;
202300026581;155 633 451;A01;1;7;0;9;2;2;0;
202300026581;155 633 452;B01;1;1;0;2;0;1;5;
202300026582;155 633 449;A01;1;7;6;0;2;14;1;
202300026583;155 633 447;A01;2;33;0;0;9;1;1;
202300026584;155 633 448;B01;2;33;0;2;2;0;1;
202300026584;155 633 450;A01;1;2;0;2;1;9;1;
202300026585;155 633 446;A01;1;31;0;9;1;1;1;
202300026586;155 633 443;A01;1;7;0;0;3;15;1;
202300026586;155 633 445;B01;2;31;0;0;0;1;1;
202300026587;155 633 442;B01;1;7;13;2;6;1;1;
202300026587;155 633 444;A01;1;7;0;2;2;1;1;
202300026588;155 633 440;B01;1;33;0;0;1;1;1;
202300026588;155 633 441;A01;2;10;0;0;7;19;1;
202300026589;155 633 439;A01;1;7;0;1;1;16;1;
202300026590;155 633 436;A01;1;7;0;2;4;2;1;
202300026590;155 633 437;B01;1;7;0;2;1;2;1;
202300026590;155 633 438;C01;1;7;0;2;4;2;1;
202300026591;155 633 434;A01;3;7;0;9;1;26;1;
202300026591;155 633 435;B01;3;50;0;2;7;1;3;
202300026592;155 633 432;A01;2;7;0;2;2;15;0;
202300026592;155 633 433;B01;1;32;0;2;1;1;1;
202300026593;155 633 430;A01;1;7;0;1;7;1;1;
202300026594;155 633 427;A01;1;2;0;2;1;2;0;
202300026594;155 633 428;B01;1;13;0;0;4;2;0;
202300026595;155 633 426;Z01;2;0;0;1;0;0;0;
202300026596;155 633 425;A01;1;7;15;0;3;13;1;
202300026597;155 633 422;B01;2;7;0;2;4;1;1;
202300026597;155 633 424;A01;2;10;0;2;1;2;1;
202300026598;155 633 421;A01;2;7;0;2;8;1;1;
202300026598;155 633 423;B01;1;31;0;2;8;5;1;
202300026599;155 633 418;A01;2;7;0;9;2;1;0;
202300026599;155 633 420;B01;1;31;0;2;2;5;1;
202300026600;155 633 419;A01;2;7;0;1;8;1;1;
202300026601;155 633 416;A01;1;7;13;2;1;5;1;
202300026601;155 633 417;B01;2;10;0;2;8;1;1;
202300026602;155 633 415;A01;3;7;8;0;1;1;1;
202300026603;155 633 413;A01;1;7;0;2;3;15;0;
202300026603;155 633 414;B01;1;33;0;2;2;17;0;
202300026604;155 633 411;A01;2;7;0;0;0;20;1;
202300026604;155 633 412;B01;2;1;6;0;1;1;5;
202300026605;155 633 407;A01;3;7;0;2;1;13;1;
202300026605;155 633 409;B01;3;7;0;2;1;1;1;
202300026605;155 633 410;C01;3;7;0;2;1;2;1;
202300026606;155 633 404;A01;1;33;0;2;1;1;1;
202300026606;155 633 405;B01;1;7;0;2;4;1;0;
202300026607;155 633 406;A01;2;7;0;2;8;13;2;
202300026607;155 633 408;B01;2;7;0;2;7;17;1;
202300026608;155 633 402;A01;2;7;0;2;1;1;1;
202300026608;155 633 403;B01;1;7;0;2;3;1;1;
202300026609;155 633 401;A01;3;33;0;0;0;1;1;
202300026610;155 633 399;A01;1;7;2;0;3;1;1;
202300026611;155 633 397;A01;0;7;0;2;1;2;1;
202300026611;155 633 398;B01;3;7;0;2;4;23;1;
202300026611;155 633 400;C01;0;7;0;2;4;23;1;
202300026612;155 633 395;A01;1;10;13;0;2;1;1;
202300026613;155 633 393;A01;1;7;0;1;1;1;1;
202300026614;155 633 392;A01;2;7;0;2;1;1;1;
202300026614;155 633 394;B01;2;3;0;2;4;15;1;
202300026615;155 633 391;A01;3;33;0;0;5;0;1;
202300026616;155 633 390;A01;2;80;0;0;1;16;3;
202300026617;155 633 389;A01;0;1;9;0;1;1;5;
202300026618;155 633 387;A01;2;7;0;1;1;2;1;
202300026619;155 633 386;A01;1;33;3;0;8;1;1;
202300026620;155 633 383;A01;1;50;0;0;0;1;3;
202300026621;155 633 381;B01;1;7;0;2;2;15;1;
202300026621;155 633 382;A01;3;1;0;2;1;19;5;
202300026622;155 633 380;Z01;3;13;0;2;0;0;0;
202300026622;155 633 384;A01;3;7;0;2;6;0;1;
202300026623;155 633 379;A01;1;33;13;0;1;1;1;
202300026624;155 633 378;A01;3;33;14;0;1;1;1;
202300026625;155 633 375;C01;1;7;0;2;1;2;1;
202300026625;155 633 376;A01;1;7;0;2;1;2;1;
202300026625;155 633 377;B01;1;10;0;2;4;2;0;
202300026626;155 633 373;A01;2;7;0;2;1;5;1;
202300026626;155 633 374;B01;1;7;0;2;6;1;1;
202300026627;155 633 372;A01;1;7;0;6;1;1;1;
202300026628;155 633 369;A01;3;33;6;0;1;0;0;
202300026629;155 633 368;A01;3;7;0;2;1;15;1;
202300026629;155 633 371;B01;2;1;0;2;7;1;5;
202300026630;155 633 367;A01;3;7;0;2;1;2;1;
202300026630;155 633 370;B01;3;7;0;2;4;2;1;
202300026631;155 633 364;B01;3;60;0;2;2;1;5;
202300026631;155 633 366;A01;3;7;0;2;2;1;0;
202300026632;155 633 362;A01;2;7;0;2;8;19;1;
202300026632;155 633 365;B01;1;33;0;2;3;1;1;
202300026633;155 633 363;A01;1;7;1;1;1;1;1;
202300026634;155 633 360;A01;3;7;0;1;1;1;0;
202300026635;155 633 358;A01;0;7;0;9;1;15;1;
202300026635;155 633 361;B01;0;33;0;0;3;1;1;
202300026636;155 633 357;A01;1;7;0;2;8;11;1;
202300026636;155 633 359;B01;1;30;0;2;7;3;3;
202300026637;155 633 355;A01;2;7;13;0;1;0;1;
202300026638;155 633 354;B01;1;50;0;2;7;1;3;
202300026638;155 633 356;A01;3;7;0;2;3;9;1;
202300026639;155 633 353;Z01;3;7;0;1;2;1;1;
202300026640;155 633 351;A01;1;7;1;0;2;14;1;
202300026641;155 633 350;B01;2;7;0;2;3;1;1;
202300026641;155 633 352;A01;2;7;0;2;1;1;1;
202300026642;155 633 348;A01;2;40;0;1;1;1;3;
202300026643;155 633 346;B01;3;2;0;2;6;1;1;
202300026643;155 633 349;A01;3;33;0;2;3;1;1;
202300026644;155 633 345;A01;3;7;0;2;1;19;1;
202300026644;155 633 347;B01;2;7;0;2;7;1;1;
202300026645;155 633 344;A01;2;7;0;1;3;1;1;
202300026646;155 633 342;A01;1;7;16;0;0;15;1;
202300026647;155 633 343;A01;2;37;0;1;2;1;4;1
202300026648;155 633 339;B01;3;7;0;2;1;1;1;
202300026648;155 633 341;A01;3;7;0;2;1;11;1;
202300026649;155 633 338;A01;2;32;0;1;1;21;1;
202300026650;155 633 337;A01;0;7;0;2;3;1;1;
202300026650;155 633 340;B01;3;7;0;2;3;13;1;
202300026651;155 633 334;A01;2;32;0;0;1;0;1;
202300026652;155 633 335;B01;1;1;0;2;7;2;5;
202300026652;155 633 336;A01;1;7;0;2;3;2;1;
202300026653;155 633 331;A01;1;1;0;2;6;13;5;
202300026653;155 633 333;B01;2;80;0;2;3;1;3;
202300026654;155 633 330;A01;0;7;0;1;2;2;1;
202300026655;155 633 329;B01;1;15;0;2;1;1;1;
202300026655;155 633 332;A01;0;7;0;2;8;9;1;
202300026656;155 633 327;A01;1;33;0;1;1;17;1;
202300026657;155 633 326;A01;1;30;0;2;1;1;3;
202300026657;155 633 328;B01;1;1;0;2;4;1;5;
202300026658;155 633 323;A01;1;33;6;0;1;1;1;
202300026659;155 633 322;A01;1;7;0;1;2;1;1;
202300026660;155 633 321;A01;1;1;12;0;8;13;5;
202300026661;155 633 319;A01;2;7;0;2;1;13;1;
202300026661;155 633 320;B01;1;7;0;2;3;1;1;
202300026662;155 633 312;A01;1;7;0;2;1;2;1;
202300026662;155 633 316;B01;1;7;0;2;4;1;1;
202300026662;155 633 318;C01;1;7;0;2;4;2;1;
202300026663;155 633 314;A01;1;10;0;2;7;15;1;
202300026663;155 633 317;B01;2;33;0;2;1;1;1;
202300026664;155 633 310;A01;1;7;0;1;1;1;1;
202300026665;155 633 307;A01;1;10;0;2;3;24;0;
202300026665;155 633 309;B01;1;1;0;2;2;26;5;
202300026666;155 633 306;C01;1;50;0;2;5;1;3;
202300026666;155 633 308;A01;1;7;0;2;3;1;0;
202300026666;155 633 311;B01;1;50;0;2;5;1;3;
202300026667;155 633 305;A01;1;7;4;0;1;15;1;
202300026668;155 633 303;A01;3;7;0;1;1;15;1;
202300026669;155 633 301;B01;1;7;0;2;1;1;1;
202300026669;155 633 304;A01;1;10;0;2;5;1;1;
202300026670;155 633 300;A01;2;10;0;2;1;15;3;
202300026670;155 633 302;B01;1;33;0;2;1;1;1;
202300026671;155 633 297;A01;2;7;0;2;5;12;0;
202300026671;155 633 299;B01;2;30;0;2;1;1;0;
202300026672;155 633 296;A01;2;7;0;2;2;15;1;
202300026672;155 633 298;B01;1;33;0;2;1;1;1;
202300026673;155 633 294;A01;3;7;0;2;1;5;1;
202300026673;155 633 295;B01;3;7;0;2;1;1;1;
202300026674;155 633 291;A01;2;13;0;2;2;2;1;
202300026674;155 633 293;B01;3;37;0;2;0;0;1;1
202300026675;155 633 290;B01;1;7;0;2;3;1;1;
202300026675;155 633 292;A01;1;2;0;2;1;19;1;
202300026676;155 633 288;A01;2;7;0;1;4;20;1;
202300026677;155 633 285;C01;2;7;0;2;4;2;1;
202300026677;155 633 286;A01;2;7;0;2;1;2;1;
202300026677;155 633 289;B01;2;7;0;2;1;2;1;
202300026678;155 633 282;A01;1;99;1;0;1;26;0;
202300026678;155 633 284;B01;2;10;0;2;7;24;1;
202300026679;155 633 283;A01;3;7;0;2;2;17;3;
202300026679;155 633 287;B01;3;33;0;2;8;13;1;
202300026680;155 633 281;A01;1;31;9;0;1;1;1;
202300026681;155 633 279;A01;1;33;0;0;7;21;1;
202300026682;155 633 278;B01;1;33;0;2;1;1;1;
202300026682;155 633 280;A01;2;7;0;2;3;13;1;
202300026683;155 633 277;A01;1;7;0;1;2;1;1;
202300026684;155 633 274;A01;2;7;0;9;8;1;1;
202300026684;155 633 276;B01;2;1;0;2;7;2;5;
202300026685;155 633 272;A01;0;21;0;2;3;16;1;
202300026685;155 633 275;B01;1;7;0;2;2;1;1;
202300026686;155 633 271;A01;3;7;0;2;3;1;2;
202300026686;155 633 273;B01;3;1;0;2;7;1;5;
202300026687;155 633 269;A01;2;7;0;1;8;15;1;
202300026688;155 633 268;A01;2;7;0;9;3;19;3;
202300026688;155 633 270;B01;3;1;0;2;6;19;5;
202300026689;155 633 264;A01;1;7;13;0;2;14;1;
202300026690;155 633 265;B01;3;7;0;2;3;15;1;
202300026690;155 633 267;A01;2;2;0;2;7;1;1;
202300026691;155 633 263;B01;3;7;0;2;3;1;1;
202300026691;155 633 266;A01;3;7;0;2;3;1;1;
202300026692;155 633 262;A01;3;2;0;0;7;16;1;
202300026693;155 633 261;A01;3;7;9;0;1;15;1;
202300026694;155 633 260;A01;2;7;0;0;1;0;1;
202300026695;155 633 257;B01;0;7;0;2;5;1;1;
202300026695;155 633 259;A01;1;1;0;2;1;2;5;
202300026696;155 633 255;A01;1;7;0;1;1;1;0;
202300026697;155 633 253;A01;1;7;9;0;1;14;1;
202300026698;155 633 252;A01;2;10;0;2;3;13;1;
202300026698;155 633 254;B01;1;7;0;2;3;1;1;
202300026699;155 633 250;A01;3;7;0;1;3;15;1;
202300026700;155 633 249;A01;3;7;2;2;0;5;1;
202300026700;155 633 251;B01;3;7;0;2;1;2;1;
202300026701;155 633 246;A01;1;7;8;0;1;1;2;
202300026702;155 633 245;A01;1;33;0;2;1;1;1;
202300026702;155 633 247;B01;3;7;0;2;3;15;1;
202300026703;155 633 248;A01;1;7;0;1;6;16;1;