Num_Acc;id_vehicule;num_veh;senc;catv;obs;obsm;choc;manv;motor;occutc
202300027262;155 632 242;A01;1;33;4;0;1;2;0;
202300027263;155 632 240;A01;2;33;0;2;1;1;1;
202300027263;155 632 241;B01;2;7;0;2;4;1;1;
202300027264;155 632 237;B01;1;7;0;2;4;2;1;
202300027264;155 632 238;C01;1;7;0;2;4;2;1;
202300027264;155 632 239;A01;1;7;0;2;1;2;1;
202300027265;155 632 235;B01;2;33;0;2;8;2;1;
202300027265;155 632 236;A01;2;7;0;2;5;0;1;
202300027266;155 632 233;A01;2;7;0;2;5;12;1;
202300027266;155 632 234;B01;2;33;0;2;8;1;1;
202300027267;155 632 231;A01;2;10;0;2;8;11;1;
202300027267;155 632 232;B01;2;33;0;2;7;3;1;
202300027268;155 632 228;A01;1;10;0;2;2;1;1;
202300027268;155 632 229;B01;1;7;0;2;3;1;1;
202300027268;155 632 230;C01;1;33;0;2;1;1;1;
202300027269;155 632 226;A01;2;33;0;2;2;3;1;
202300027269;155 632 227;B01;2;7;0;2;6;11;1;
202300027270;155 632 224;A01;2;7;0;2;1;1;1;
202300027270;155 632 225;B01;2;7;0;2;4;1;1;
202300027271;155 632 222;B01;2;33;0;2;7;1;1;
202300027271;155 632 223;A01;2;33;0;2;8;13;1;
202300027272;155 632 220;B01;1;33;0;2;7;1;1;
202300027272;155 632 221;A01;1;7;0;2;8;11;1;
202300027273;155 632 218;B01;1;2;0;2;1;1;1;
202300027273;155 632 219;A01;1;7;0;2;6;13;1;
202300027274;155 632 214;A01;2;7;3;2;7;5;1;
202300027274;155 632 215;C01;1;7;0;2;1;1;1;
202300027274;155 632 216;D01;1;7;0;9;1;1;1;
202300027274;155 632 217;B01;1;7;0;2;3;1;1;
202300027275;155 632 213;A01;2;7;2;0;1;1;1;
202300027276;155 632 211;A01;2;7;0;2;2;16;1;
202300027276;155 632 212;B01;2;33;8;2;3;18;1;
202300027277;155 632 209;A01;3;7;0;2;7;2;1;
202300027277;155 632 210;B01;3;37;0;2;6;23;1;1
202300027278;155 632 207;A01;2;33;0;2;4;2;1;
202300027278;155 632 208;B01;2;2;0;2;4;2;1;
202300027279;155 632 205;B01;2;7;0;2;3;1;1;
202300027279;155 632 206;A01;1;30;0;2;1;13;1;
202300027280;155 632 201;B01;1;7;0;2;4;2;1;
202300027280;155 632 202;C01;1;7;0;2;4;2;1;
202300027280;155 632 203;D01;1;7;0;2;4;2;1;
202300027280;155 632 204;A01;2;7;0;2;1;2;1;
202300027281;155 632 200;A01;3;50;1;0;1;21;3;
202300027282;155 632 198;B01;1;2;0;2;4;15;1;
202300027282;155 632 199;A01;1;7;0;2;1;2;2;
202300027283;155 632 197;A01;1;2;0;0;8;1;1;
202300027284;155 632 195;A01;1;2;0;2;7;1;1;
202300027284;155 632 196;B01;0;7;0;9;3;19;0;
202300027285;155 632 193;A01;1;7;0;2;5;15;1;
202300027285;155 632 194;B01;1;33;0;2;1;1;1;
202300027286;155 632 192;A01;1;7;9;0;1;26;0;
202300027287;155 632 190;A01;1;7;0;2;3;11;3;
202300027287;155 632 191;B01;1;34;0;2;7;12;1;
202300027288;155 632 189;A01;1;7;0;1;1;1;1;
202300027289;155 632 187;A01;2;7;0;2;1;1;1;
202300027289;155 632 188;B01;1;43;0;2;8;1;1;
202300027290;155 632 186;A01;3;7;2;0;8;26;1;
202300027291;155 632 185;A01;3;99;0;1;1;2;0;
202300027292;155 632 183;B01;3;7;0;0;3;15;1;
202300027292;155 632 184;A01;3;33;0;2;6;1;1;
202300027293;155 632 178;A01;2;7;0;1;1;26;1;
202300027294;155 632 176;B01;3;31;0;2;7;2;1;
202300027294;155 632 177;A01;3;7;0;2;3;15;1;
202300027295;155 632 174;B01;1;7;0;2;6;1;0;
202300027295;155 632 175;A01;2;7;0;2;1;2;0;
202300027296;155 632 172;B01;1;7;0;2;3;1;1;
202300027296;155 632 173;A01;2;99;15;2;2;1;1;
202300027297;155 632 171;A01;1;80;0;0;8;1;3;
202300027298;155 632 169;A01;2;21;0;2;2;9;1;
202300027298;155 632 170;B01;1;7;0;2;1;9;2;
202300027299;155 632 167;B01;1;31;0;2;1;1;1;
202300027299;155 632 168;A01;2;7;0;2;1;15;1;
202300027300;155 632 166;A01;1;7;2;0;1;1;1;
202300027301;155 632 164;A01;3;7;0;2;2;17;1;
202300027301;155 632 165;B01;3;1;0;2;4;1;5;
202300027302;155 632 162;A01;1;7;0;2;2;16;1;
202300027302;155 632 163;Y01;1;1;0;2;8;2;5;
202300027303;155 632 160;A01;2;7;0;2;3;15;1;
202300027303;155 632 161;B01;2;2;0;2;1;1;1;
202300027304;155 632 159;A01;1;7;0;1;1;1;0;
202300027305;155 632 157;A01;1;7;1;0;3;22;1;
202300027305;155 632 158;B01;1;1;0;2;1;0;5;
202300027306;155 632 155;A01;1;7;11;0;3;1;1;
202300027307;155 632 153;A01;0;50;0;2;0;0;3;
202300027307;155 632 154;Z01;0;7;0;9;0;0;0;
202300027308;155 632 151;B01;3;1;0;2;3;1;5;
202300027308;155 632 152;Z01;0;7;0;2;0;17;0;
202300027309;155 632 149;B01;2;7;0;9;7;1;1;
202300027309;155 632 150;A01;1;50;0;2;2;5;3;
202300027310;155 632 146;A01;1;7;4;0;1;5;1;
202300027311;155 632 144;B01;1;7;0;2;6;6;1;
202300027311;155 632 145;A01;2;33;0;2;1;17;1;
202300027312;155 632 142;B01;3;10;0;2;1;1;1;
202300027312;155 632 143;A01;1;34;8;2;8;1;1;
202300027313;155 632 139;B01;3;60;0;0;7;1;5;
202300027313;155 632 140;A01;3;7;0;2;1;1;1;
202300027314;155 632 137;B01;3;1;0;2;1;1;5;
202300027314;155 632 138;A01;1;7;0;2;3;16;1;
202300027315;155 632 135;A01;2;7;0;2;1;5;1;
202300027315;155 632 136;B01;1;7;0;2;1;1;1;
202300027316;155 632 133;B01;1;33;0;2;1;1;1;
202300027316;155 632 134;A01;1;7;0;2;3;9;1;
202300027317;155 632 132;A01;2;33;0;0;0;17;1;
202300027318;155 632 131;A01;3;10;3;0;1;0;0;
202300027319;155 632 129;A01;3;50;0;2;1;26;3;
202300027319;155 632 130;B01;3;7;0;2;5;1;1;
202300027320;155 632 127;A01;3;33;0;2;8;16;1;
202300027320;155 632 128;B01;3;33;0;2;8;15;1;
202300027321;155 632 126;A01;1;7;0;1;7;15;1;
202300027322;155 632 124;A01;2;7;0;2;3;24;1;
202300027322;155 632 125;B01;2;50;0;2;0;0;3;
202300027323;155 632 121;A01;2;7;0;2;1;1;1;
202300027323;155 632 122;B01;2;7;0;2;4;1;1;
202300027323;155 632 123;C01;2;7;0;2;4;1;1;
202300027324;155 632 120;A01;3;33;0;0;0;0;1;
202300027325;155 632 117;C01;2;10;0;2;4;2;1;
202300027325;155 632 118;A01;2;10;0;2;1;2;1;
202300027325;155 632 119;B01;2;10;0;2;4;2;1;
202300027326;155 632 115;B01;3;7;0;2;3;1;1;
202300027326;155 632 116;A01;3;7;0;2;3;5;1;
202300027327;155 632 113;A01;1;1;0;2;8;19;5;
202300027327;155 632 114;B01;1;7;0;0;0;0;1;
202300027328;155 632 111;A01;1;50;0;2;1;13;3;
202300027328;155 632 112;B01;2;1;0;2;1;1;5;
202300027329;155 632 110;A01;1;7;0;1;1;16;1;
202300027330;155 632 107;C01;1;7;0;2;4;1;1;
202300027330;155 632 108;A01;1;33;0;2;1;1;1;
202300027330;155 632 109;B01;1;7;0;2;4;1;1;
202300027331;155 632 106;A01;1;7;0;1;3;15;1;
202300027332;155 632 104;B01;1;33;0;2;0;9;1;
202300027332;155 632 105;A01;1;7;0;2;8;16;1;
202300027333;155 632 102;A01;2;7;0;2;8;22;1;
202300027333;155 632 103;B01;2;80;1;0;2;1;3;
202300027334;155 632 100;A01;2;7;0;2;5;15;1;
202300027334;155 632 101;B01;2;33;0;2;1;1;1;
202300027335;155 632 099;A01;2;7;15;0;1;1;1;
202300027336;155 632 097;A01;2;7;0;2;1;1;1;
202300027336;155 632 098;B01;1;30;0;2;1;15;0;
202300027337;155 632 096;A01;3;7;0;1;5;4;1;
202300027338;155 632 094;A01;1;7;0;2;6;10;1;
202300027338;155 632 095;B01;1;31;0;2;1;7;1;
202300027339;155 632 093;A01;1;33;1;0;1;13;1;
202300027340;155 632 092;A01;2;2;0;2;1;21;1;
202300027341;155 632 088;B01;1;7;0;2;1;1;1;
202300027341;155 632 089;A01;1;1;0;2;7;19;5;
202300027342;155 632 087;A01;2;7;0;1;3;1;1;
202300027343;155 632 085;A01;3;7;0;0;0;15;1;
202300027343;155 632 086;B01;3;33;0;0;0;1;1;
202300027344;155 632 083;B01;2;7;0;2;8;11;1;
202300027344;155 632 084;A01;2;32;0;2;1;17;1;
202300027345;155 632 082;A01;1;7;0;1;3;1;1;
202300027346;155 632 081;A01;2;7;0;1;2;1;1;
202300027347;155 632 080;A01;3;7;0;1;3;1;1;
202300027348;155 632 076;B01;2;7;0;2;1;1;1;
202300027348;155 632 077;A01;1;7;0;2;2;15;1;
202300027349;155 632 074;A01;3;7;0;2;8;15;1;
202300027349;155 632 075;B01;2;50;0;2;1;0;3;
202300027350;155 632 072;B01;1;7;0;2;4;2;1;
202300027350;155 632 073;A01;1;7;0;2;1;2;1;
202300027351;155 632 071;A01;1;7;4;0;0;1;1;
202300027352;155 632 069;A01;2;7;0;2;1;1;1;
202300027352;155 632 070;B01;2;7;0;2;4;1;1;
202300027353;155 632 067;A01;1;7;1;2;1;26;1;
202300027353;155 632 068;B01;1;7;0;2;4;24;1;
202300027354;155 632 064;A01;1;7;0;2;4;2;1;
202300027354;155 632 065;B01;1;7;0;2;4;2;1;
202300027354;155 632 066;C01;1;10;1;2;1;2;1;
202300027355;155 632 062;A01;2;33;0;2;1;3;1;
202300027355;155 632 063;B01;2;10;0;2;6;11;1;
202300027356;155 632 060;A01;1;7;0;2;2;0;1;
202300027356;155 632 061;B01;1;7;0;2;6;0;1;
202300027357;155 632 059;A01;1;7;0;9;1;1;1;
202300027358;155 632 058;A01;1;7;4;0;2;1;1;
202300027359;155 632 057;A01;1;7;4;0;2;14;1;
202300027360;155 632 056;A01;3;7;0;1;7;16;1;
202300027361;155 632 053;A01;1;2;0;0;0;2;1;
202300027362;155 632 052;A01;2;7;0;0;9;21;1;
202300027363;155 632 051;A01;1;7;0;1;2;21;1;
202300027364;155 632 049;A01;3;1;0;2;1;13;5;
202300027364;155 632 050;B01;3;7;0;9;1;1;1;
202300027365;155 632 047;A01;2;7;0;2;1;2;1;
202300027365;155 632 048;B01;2;7;0;2;4;2;1;
202300027366;155 632 045;A01;1;7;0;2;2;2;0;
202300027366;155 632 046;B01;1;7;0;2;6;1;0;
202300027367;155 632 043;A01;2;7;0;2;3;13;1;
202300027367;155 632 044;B01;1;7;0;2;3;1;1;
202300027368;155 632 040;A01;1;33;14;0;1;2;1;
202300027368;155 632 041;B01;1;7;14;0;4;23;1;
202300027368;155 632 042;C01;1;7;0;0;4;23;1;
202300027369;155 632 038;B01;2;50;0;2;3;1;3;
202300027369;155 632 039;A01;2;10;0;0;5;16;1;
202300027370;155 632 036;A01;1;30;0;2;7;1;1;
202300027370;155 632 037;B01;1;7;0;2;8;16;2;
202300027371;155 632 034;B01;1;13;0;2;1;1;1;
202300027371;155 632 035;A01;2;7;0;2;1;6;1;
202300027372;155 632 033;A01;2;10;0;1;2;15;1;
202300027373;155 632 032;B01;2;1;1;0;7;21;5;
202300027374;155 632 030;B01;1;7;0;0;1;1;1;
202300027374;155 632 031;A01;3;7;0;2;5;5;1;
202300027375;155 632 029;A01;1;7;4;0;1;1;1;
202300027376;155 632 028;A01;0;50;1;0;1;14;3;
202300027377;155 632 027;A01;3;7;14;0;2;1;1;
202300027378;155 632 026;A01;2;7;15;0;1;9;1;
202300027379;155 632 024;B01;2;1;0;2;5;1;5;
202300027379;155 632 025;A01;2;7;0;2;1;9;2;
202300027380;155 632 022;A01;2;32;0;0;7;1;1;
202300027380;155 632 023;B01;1;7;0;0;0;15;1;
202300027381;155 632 019;C01;1;7;0;0;4;15;1;
202300027381;155 632 020;A01;1;7;0;2;1;1;2;
202300027381;155 632 021;B01;1;7;0;2;4;0;1;
202300027382;155 632 017;A01;1;10;0;2;1;0;1;
202300027382;155 632 018;B01;1;10;0;0;4;1;1;
202300027383;155 632 016;A01;1;50;0;0;0;1;3;
202300027384;155 632 014;B01;1;33;0;2;4;1;1;
202300027384;155 632 015;A01;1;7;0;2;2;2;1;
202300027385;155 632 008;B01;2;7;0;2;7;15;1;
202300027385;155 632 009;A01;1;7;0;2;1;11;1;
202300027386;155 632 006;A01;2;7;0;9;3;19;1;
202300027386;155 632 007;B01;2;2;0;2;8;1;1;
202300027387;155 632 005;A01;2;7;0;1;1;20;1;
202300027388;155 632 001;A01;2;7;0;2;2;15;1;
202300027388;155 632 003;B01;1;50;0;2;0;0;3;
202300027389;155 631 999;A01;2;7;0;2;3;20;1;
202300027389;155 632 000;B01;2;30;0;2;3;2;1;
202300027390;155 631 997;A01;1;7;0;2;1;1;1;
202300027390;155 631 998;B01;1;10;0;2;4;1;1;
202300027391;155 631 995;A01;3;7;0;2;2;15;0;
202300027391;155 631 996;B01;3;7;0;2;1;1;1;
202300027392;155 631 993;A01;1;10;0;2;1;13;1;
202300027392;155 631 994;B01;3;10;0;2;1;1;1;
202300027393;155 631 989;B01;1;33;0;2;7;3;1;
202300027393;155 631 992;A01;1;7;0;2;2;15;1;
202300027394;155 631 990;A01;3;7;0;2;2;15;1;
202300027394;155 631 991;B01;3;2;0;2;1;1;1;
202300027395;155 631 986;A01;2;7;0;2;0;0;6;
202300027395;155 631 988;B01;2;7;0;2;6;0;0;
202300027396;155 631 983;B01;2;7;0;2;4;2;1;
202300027396;155 631 985;C01;2;7;0;2;4;2;1;
202300027396;155 631 987;A01;2;7;0;2;1;1;1;
202300027397;155 631 982;A01;2;7;0;2;1;2;1;
202300027397;155 631 984;B01;2;7;0;2;4;2;1;
202300027398;155 631 979;B01;1;7;0;2;8;1;1;
202300027398;155 631 981;A01;2;30;0;2;8;16;1;
202300027399;155 631 978;A01;0;7;0;2;1;2;1;
202300027399;155 631 980;B01;0;7;0;0;4;23;1;
202300027400;155 631 976;A01;1;7;0;2;6;26;1;
202300027400;155 631 977;B01;1;34;0;2;2;21;0;
202300027401;155 631 974;B01;1;31;0;2;1;1;-1;
202300027401;155 631 975;A01;1;7;0;2;2;15;-1;
202300027402;155 631 971;B01;2;7;0;2;4;2;1;
202300027402;155 631 972;A01;1;7;0;2;1;2;1;
202300027403;155 631 970;B01;3;31;0;2;3;1;1;
202300027403;155 631 973;A01;3;7;0;2;6;15;1;
202300027404;155 631 969;A01;1;2;0;0;8;16;1;
202300027405;155 631 966;A01;2;7;0;2;1;9;1;
202300027405;155 631 968;B01;1;7;0;2;3;9;1;
202300027406;155 631 967;A01;2;7;0;1;1;1;3;
202300027407;155 631 964;B01;1;7;0;2;5;1;0;
202300027407;155 631 965;A01;1;43;0;2;3;3;1;
202300027408;155 631 963;A01;2;7;6;0;1;19;1;
202300027409;155 631 961;B01;0;50;0;2;0;26;3;
202300027409;155 631 962;A01;0;7;0;2;1;1;1;
202300027410;155 631 959;A01;0;7;9;0;1;26;1;
202300027411;155 631 957;A01;1;7;0;2;1;9;1;
202300027411;155 631 958;B01;1;1;0;2;4;1;5;
202300027412;155 631 955;A01;0;7;0;2;7;15;1;
202300027412;155 631 956;B01;0;34;0;2;1;1;1;
202300027413;155 631 953;A01;0;30;0;2;1;1;1;
202300027413;155 631 954;B01;0;10;0;2;4;2;1;
202300027414;155 631 951;A01;1;7;0;2;2;15;1;
202300027414;155 631 952;B01;1;33;0;2;1;1;1;
202300027415;155 631 950;A01;1;7;4;0;1;13;1;
202300027416;155 631 948;B01;2;7;0;2;3;16;1;
202300027416;155 631 949;A01;2;7;0;2;3;13;1;
202300027417;155 631 946;B01;3;1;0;2;2;16;5;
202300027417;155 631 947;A01;3;7;0;2;3;15;1;
202300027418;155 631 944;A01;3;7;1;2;1;3;1;
202300027418;155 631 945;B01;3;7;14;2;1;21;1;
202300027419;155 631 942;A01;2;1;0;2;3;9;5;
202300027419;155 631 943;B01;1;7;0;2;3;1;1;
202300027420;155 631 940;B01;2;7;0;2;8;1;1;
202300027420;155 631 941;A01;2;7;0;2;1;5;1;
202300027421;155 631 939;A01;1;3;0;1;0;1;0;
202300027422;155 631 937;A01;3;33;0;2;8;26;1;
202300027422;155 631 938;B01;3;30;0;2;8;26;1;
202300027423;155 631 936;A01;3;7;0;1;1;16;1;
202300027424;155 631 934;A01;1;21;0;2;6;1;1;
202300027424;155 631 935;B01;1;33;0;2;2;17;1;
202300027425;155 631 932;B01;2;7;0;2;4;2;1;
202300027425;155 631 933;A01;2;7;0;2;1;2;1;
202300027426;155 631 930;B01;1;7;0;2;7;1;1;
202300027426;155 631 931;A01;2;1;0;2;1;25;5;
202300027427;155 631 929;A01;3;33;0;0;0;16;1;
202300027428;155 631 927;A01;3;7;0;2;1;2;1;
202300027428;155 631 928;B01;1;1;0;2;4;2;5;
202300027429;155 631 925;B01;1;7;0;2;4;2;1;
202300027429;155 631 926;A01;0;7;0;2;3;2;1;
202300027430;155 631 923;B01;2;33;0;2;1;1;1;
202300027430;155 631 924;A01;1;7;0;2;5;15;1;
202300027431;155 631 960;A01;1;7;0;1;1;1;1;
202300027432;155 631 920;A01;2;30;0;2;1;13;1;
202300027432;155 631 922;B01;1;7;0;0;3;0;0;
202300027433;155 631 919;A01;2;7;0;2;2;18;1;
202300027433;155 631 921;B01;2;2;0;2;8;1;1;
202300027434;155 631 917;A01;1;7;0;1;1;2;1;
202300027435;155 631 916;B01;1;30;0;2;1;1;1;
202300027435;155 631 918;Z01;2;7;0;2;1;1;0;
202300027436;155 631 914;A01;2;32;4;0;8;13;1;
202300027437;155 631 912;A01;2;17;0;2;2;12;1;
202300027437;155 631 913;B01;2;7;0;2;8;1;1;
202300027438;155 631 911;A01;1;7;0;2;3;15;1;
202300027438;155 631 915;B01;1;30;0;2;2;17;1;
202300027439;155 631 908;A01;2;7;0;2;2;10;2;
202300027439;155 631 910;B01;1;33;0;2;3;1;1;
202300027440;155 631 907;B01;3;7;0;2;6;2;1;
202300027440;155 631 909;A01;3;7;0;2;2;2;1;
202300027441;155 631 906;A01;2;1;12;0;1;19;5;
202300027442;155 631 904;A01;1;33;0;2;1;1;1;
202300027442;155 631 905;B01;1;7;0;2;6;15;1;
202300027443;155 631 903;A01;1;7;0;1;1;1;1;
202300027444;155 631 901;B01;1;50;0;2;1;1;3;
202300027444;155 631 902;A01;2;7;0;2;2;16;1;
202300027445;155 631 899;A01;3;7;0;2;2;1;1;
202300027445;155 631 900;B01;3;50;0;2;6;1;3;
202300027446;155 631 898;A01;3;7;0;1;1;1;1;
202300027447;155 631 897;A01;2;1;0;1;1;16;5;
202300027448;155 631 896;A01;1;30;12;-1;-1;1;1;
202300027449;155 631 892;B01;1;7;0;2;4;12;1;
202300027449;155 631 894;A01;1;7;0;2;1;2;1;
202300027450;155 631 893;A01;1;2;0;2;1;1;3;
202300027450;155 631 895;B01;3;1;0;2;4;1;5;
202300027451;155 631 890;B01;1;7;0;2;6;1;1;
202300027451;155 631 891;A01;2;7;0;2;1;9;1;
202300027452;155 631 888;A01;1;7;0;2;3;13;2;
202300027452;155 631 889;B01;1;50;0;2;2;17;3;
202300027453;155 631 886;A01;3;7;0;2;0;0;0;
202300027453;155 631 887;B01;3;33;0;2;7;26;1;
202300027454;155 631 885;A01;1;33;0;0;7;16;1;
202300027455;155 631 884;A01;1;33;8;0;1;9;1;
202300027456;155 631 882;A01;2;1;0;2;7;15;5;
202300027456;155 631 883;B01;1;7;0;2;3;1;2;
202300027457;155 631 880;A01;1;32;0;2;1;1;1;
202300027457;155 631 881;B01;1;10;0;2;4;1;1;
202300027458;155 631 878;A01;3;50;0;2;3;1;3;
202300027458;155 631 879;B01;3;10;0;2;1;1;5;
202300027459;155 631 877;A01;2;7;0;1;2;15;1;
202300027460;155 631 874;B01;1;31;0;2;1;1;1;
202300027460;155 631 876;A01;1;7;0;2;5;15;1;
202300027461;155 631 873;B01;3;7;0;9;5;19;1;
202300027461;155 631 875;A01;3;80;0;2;1;1;3;
202300027462;155 631 871;A01;3;50;0;2;1;5;3;
202300027462;155 631 872;B01;3;10;0;2;3;1;1;
202300027463;155 631 869;A01;3;7;8;9;3;1;1;
202300027463;155 631 870;B01;3;50;0;2;1;11;3;
202300027464;155 631 868;A01;0;33;1;0;8;1;1;
202300027465;155 631 864;A01;2;1;0;0;0;1;5;
202300027466;155 631 863;A01;2;7;0;2;1;2;1;
202300027466;155 631 866;B01;2;10;0;2;4;2;1;
202300027467;155 631 865;A01;2;1;0;9;3;5;5;
202300027467;155 631 867;B01;1;37;0;9;3;1;0;2
202300027468;155 631 862;A01;3;43;4;0;1;14;1;
202300027469;155 631 861;A01;3;33;8;0;0;9;1;
202300027470;155 631 860;A01;1;10;0;1;6;4;1;
202300027471;155 631 859;A01;3;7;0;1;4;20;1;
202300027472;155 631 858;A01;2;7;8;0;2;2;1;
202300027473;155 631 857;A01;1;10;1;1;1;5;1;
202300027474;155 631 855;A01;1;10;4;0;1;1;0;
202300027475;155 631 853;A01;1;1;0;2;8;19;5;
202300027475;155 631 854;B01;2;32;0;2;1;1;1;
202300027476;155 631 852;B01;2;7;0;2;4;2;0;
202300027476;155 631 856;A01;2;7;0;2;1;1;0;
202300027477;155 631 850;A01;0;7;0;1;1;1;1;
202300027478;155 631 847;Z01;2;2;0;1;7;1;0;
202300027479;155 631 846;C01;1;7;0;2;2;1;1;
202300027479;155 631 848;A01;1;7;0;2;1;1;1;
202300027479;155 631 849;B01;1;7;0;2;4;1;1;
202300027480;155 631 843;A01;1;10;0;1;2;1;1;
202300027481;155 631 844;B01;2;7;0;2;0;11;0;
202300027481;155 631 845;A01;2;31;0;2;8;3;1;
202300027482;155 631 842;A01;1;36;0;0;0;13;1;
202300027483;155 631 839;B01;1;1;0;2;3;2;5;
202300027483;155 631 841;A01;0;7;0;2;3;2;1;
202300027484;155 631 838;A01;1;7;4;0;1;0;1;
202300027485;155 631 837;B01;1;7;0;2;5;12;1;
202300027485;155 631 840;A01;1;33;0;2;1;3;1;
202300027486;155 631 836;A01;2;7;0;1;2;17;2;
202300027487;155 631 835;A01;3;10;0;1;1;15;1;
202300027488;155 631 834;A01;2;7;0;1;6;20;1;
202300027489;155 631 832;B01;1;7;0;2;1;2;1;
202300027489;155 631 833;A01;1;37;1;0;4;23;1;1
202300027490;155 631 829;B01;2;7;0;2;7;15;1;
202300027490;155 631 831;A01;1;33;0;2;0;1;1;
202300027491;155 631 826;A01;1;10;0;2;3;10;0;
202300027491;155 631 828;B01;1;33;0;2;0;0;0;
202300027492;155 631 827;B01;1;30;0;2;8;17;1;
202300027492;155 631 830;A01;2;30;0;2;8;1;1;
202300027493;155 631 824;A01;0;7;0;1;3;1;1;
202300027494;155 631 822;B01;3;7;0;2;4;1;1;
202300027494;155 631 823;A01;3;31;0;2;1;2;1;
202300027495;155 631 819;B01;3;33;0;0;0;1;1;
202300027495;155 631 821;A01;1;7;0;2;0;20;1;
202300027496;155 631 818;B01;3;31;0;2;1;2;1;
202300027496;155 631 820;A01;3;7;0;0;4;2;1;
202300027497;155 631 817;A01;2;7;0;1;2;1;1;
202300027498;155 631 816;A01;2;7;0;1;2;26;1;
202300027499;155 631 815;A01;1;7;13;0;0;1;1;
202300027500;155 631 814;A01;0;1;0;0;0;14;5;
202300027501;155 631 812;B01;2;33;0;2;3;13;1;
202300027501;155 631 813;A01;1;10;0;2;8;1;1;
202300027502;155 631 810;A01;3;7;0;1;1;1;1;
202300027503;155 631 811;A01;1;7;0;1;1;1;2;
202300027504;155 631 808;A01;1;2;0;0;0;1;0;
202300027505;155 631 807;A01;1;7;0;2;1;0;1;
202300027505;155 631 809;B01;2;7;0;2;1;0;1;
202300027506;155 631 806;A01;2;7;7;0;1;15;1;
202300027507;155 631 804;A01;1;7;0;2;1;2;1;
202300027507;155 631 805;B01;1;2;0;2;4;2;1;
202300027508;155 631 803;A01;3;14;2;0;0;1;0;
202300027509;155 631 800;A01;2;1;1;0;2;15;5;
202300027510;155 631 799;B01;1;31;0;2;0;3;1;
202300027510;155 631 801;C01;1;7;0;2;6;1;1;
202300027510;155 631 802;A01;1;10;0;2;8;9;1;
202300027511;155 631 798;A01;3;7;1;1;1;1;6;
202300027512;155 631 794;B01;1;7;0;2;1;1;1;
202300027512;155 631 796;A01;1;7;0;2;3;20;1;
202300027513;155 631 795;A01;1;33;0;2;7;17;1;
202300027513;155 631 797;B01;1;7;0;2;8;15;1;
202300027514;155 631 791;A01;1;7;2;0;1;1;1;
202300027515;155 631 793;A01;1;30;12;0;7;18;3;
202300027516;155 631 790;A01;2;7;1;2;1;2;1;
202300027516;155 631 792;B01;2;7;0;0;4;1;1;
202300027517;155 631 785;B01;1;1;0;2;8;15;5;
202300027517;155 631 788;A01;1;7;0;2;1;17;1;
202300027518;155 631 786;A01;1;2;0;2;8;15;1;
202300027518;155 631 789;B01;1;10;0;2;1;1;1;
202300027519;155 631 784;A01;3;33;0;2;2;3;1;
202300027519;155 631 787;B01;3;7;0;2;3;1;1;
202300027520;155 631 782;A01;1;7;0;1;3;1;1;
202300027521;155 631 783;A01;3;10;0;1;1;1;0;
202300027522;155 631 780;A01;1;7;13;0;3;13;1;
202300027523;155 631 779;A01;2;7;0;2;2;15;0;
202300027523;155 631 781;B01;1;2;0;2;1;26;1;
202300027524;155 631 776;A01;2;7;0;2;1;2;1;
202300027524;155 631 777;C01;1;7;7;0;3;1;1;
202300027524;155 631 778;B01;2;7;5;0;6;15;1;
202300027525;155 631 773;A01;2;7;0;2;1;17;1;
202300027525;155 631 775;B01;1;10;0;2;1;1;1;
202300027526;155 631 772;A01;1;7;0;2;3;10;0;
202300027526;155 631 774;B01;1;31;0;2;7;1;1;
202300027527;155 631 770;B01;3;33;0;2;1;1;1;
202300027527;155 631 771;A01;3;7;0;2;6;19;1;
202300027528;155 631 767;B01;1;7;0;2;2;1;1;
202300027528;155 631 769;A01;2;7;0;2;3;1;1;
202300027529;155 631 766;A01;1;10;0;1;2;20;0;
202300027530;155 631 768;A01;1;10;3;0;3;1;1;
202300027531;155 631 765;A01;1;37;0;1;2;1;1;1
202300027532;155 631 764;A01;2;7;2;0;1;1;1;
202300027533;155 631 762;A01;1;1;0;2;8;19;5;
202300027533;155 631 763;B01;1;7;0;2;1;2;1;
202300027534;155 631 760;A01;1;10;0;2;2;2;1;
202300027534;155 631 761;B01;1;7;0;2;8;2;1;
202300027535;155 631 758;A01;1;7;1;0;2;1;3;
202300027535;155 631 759;B01;1;10;0;0;4;23;1;
202300027536;155 631 757;A01;2;7;0;1;2;1;1;
202300027537;155 631 755;A01;2;7;8;0;7;17;1;
202300027538;155 631 753;A01;1;7;0;2;1;1;1;
202300027538;155 631 756;B01;1;1;0;2;7;1;5;
202300027539;155 631 752;A01;1;10;0;2;1;19;1;
202300027539;155 631 754;B01;2;14;0;2;2;1;1;
202300027540;155 631 750;A01;2;10;0;2;1;1;1;
202300027540;155 631 751;B01;2;10;0;2;4;16;1;
202300027541;155 631 749;A01;1;7;2;0;1;1;1;
202300027542;155 631 747;A01;0;7;0;2;0;0;1;
202300027542;155 631 748;B01;0;7;0;2;0;0;1;
202300027543;155 631 746;A01;1;7;0;1;3;1;1;
202300027544;155 631 745;A01;0;7;0;1;2;1;1;
202300027545;155 631 741;A01;2;10;0;2;3;2;1;
202300027545;155 631 744;B01;1;2;0;2;0;2;1;
202300027546;155 631 740;B01;1;7;0;2;1;1;1;
202300027546;155 631 742;A01;2;7;0;2;3;17;1;