Num_Acc;id_vehicule;num_veh;senc;catv;obs;obsm;choc;manv;motor;occutc
202300027547;155 631 739;A01;1;7;13;0;0;0;0;
202300027548;155 631 738;A01;2;7;15;0;1;1;1;
202300027549;155 631 736;A01;1;10;12;0;9;21;1;
202300027550;155 631 735;B01;0;2;0;2;3;1;0;
202300027550;155 631 737;A01;3;7;0;2;8;1;0;
202300027551;155 631 733;A01;1;7;0;2;1;9;1;
202300027551;155 631 734;B01;1;1;0;0;4;1;5;
202300027552;155 631 730;B01;2;1;0;0;4;2;5;
202300027552;155 631 731;A01;2;7;0;0;1;17;1;
202300027553;155 631 725;B01;2;33;0;2;1;1;1;
202300027553;155 631 726;A01;1;10;0;2;2;15;1;
202300027554;155 631 724;C01;3;7;0;2;7;1;1;
202300027554;155 631 727;B01;3;33;0;2;8;13;1;
202300027554;155 631 732;A01;3;7;0;9;0;1;1;
202300027555;155 631 722;B01;2;7;0;2;1;1;1;
202300027555;155 631 723;A01;1;3;0;2;1;13;1;
202300027556;155 631 719;B01;2;7;0;2;2;2;0;
202300027556;155 631 721;A01;2;1;0;2;4;2;5;
202300027557;155 631 717;B01;1;2;0;0;4;1;1;
202300027557;155 631 720;A01;1;7;0;2;2;1;1;
202300027558;155 631 718;A01;3;1;0;0;7;0;5;
202300027559;155 631 716;A01;3;1;16;0;0;0;5;
202300027560;155 631 714;A01;2;14;14;0;1;13;1;
202300027561;155 631 713;A01;1;10;0;2;3;15;1;
202300027561;155 631 715;B01;1;50;0;2;2;6;3;
202300027562;155 631 710;A01;1;7;0;1;1;1;1;
202300027563;155 631 711;B01;1;7;4;2;4;1;1;
202300027563;155 631 712;A01;1;7;0;2;1;1;2;
202300027564;155 631 706;B01;2;7;0;0;4;2;1;
202300027564;155 631 709;A01;2;31;0;2;1;2;1;
202300027565;155 631 703;C01;2;7;0;2;1;1;1;
202300027565;155 631 705;B01;2;7;0;2;4;1;1;
202300027565;155 631 708;A01;2;7;0;0;4;1;1;
202300027566;155 631 704;A01;1;30;0;1;1;1;1;
202300027566;155 631 707;B01;1;7;0;2;3;1;0;
202300027567;155 631 700;A01;3;2;0;9;0;0;1;
202300027567;155 631 702;B01;3;2;0;2;3;1;1;
202300027568;155 631 698;A01;1;7;0;2;1;13;1;
202300027568;155 631 701;B01;2;7;0;2;1;1;1;
202300027569;155 631 699;A01;1;7;1;0;1;1;1;
202300027570;155 631 695;A01;2;7;0;2;3;1;1;
202300027570;155 631 696;B01;1;10;0;2;3;1;1;
202300027571;155 631 692;A01;1;1;0;4;7;26;5;
202300027571;155 631 694;B01;0;39;0;9;1;0;3;
202300027572;155 631 690;B01;1;7;0;2;1;1;1;
202300027572;155 631 691;A01;1;1;0;0;8;19;5;
202300027573;155 631 693;A01;2;34;0;1;1;1;1;
202300027574;155 631 689;A01;2;7;2;0;1;1;1;
202300027575;155 631 687;A01;2;7;0;2;1;2;3;
202300027575;155 631 688;B01;2;2;0;2;4;2;1;
202300027576;155 631 683;A01;1;33;0;2;1;1;1;
202300027576;155 631 685;B01;1;7;0;2;3;9;1;
202300027577;155 631 681;B01;1;7;0;2;1;1;1;
202300027577;155 631 684;A01;2;7;0;2;1;13;1;
202300027578;155 631 680;A01;1;31;0;2;3;3;1;
202300027578;155 631 682;B01;1;15;0;2;2;1;1;
202300027578;155 631 686;C01;1;10;0;2;0;23;1;
202300027579;155 631 677;A01;1;15;3;2;1;1;1;
202300027579;155 631 679;B01;1;7;3;2;7;15;1;
202300027580;155 631 676;A01;2;7;0;2;1;13;1;
202300027580;155 631 678;B01;1;7;0;2;1;1;1;
202300027581;155 631 675;A01;1;7;0;1;2;16;1;
202300027582;155 631 674;A01;3;2;0;0;7;1;1;
202300027583;155 631 671;A01;1;2;0;2;1;2;1;
202300027583;155 631 673;B01;1;7;0;0;4;1;1;
202300027584;155 631 669;A01;1;7;0;9;2;2;1;
202300027584;155 631 672;B01;1;1;0;2;4;2;5;
202300027585;155 631 668;B01;1;2;0;2;1;1;1;
202300027585;155 631 670;A01;3;7;0;0;6;19;1;
202300027586;155 631 667;A01;0;10;0;0;9;0;1;
202300027587;155 631 665;B01;2;7;0;2;3;26;0;
202300027587;155 631 666;A01;1;7;0;2;2;1;0;
202300027588;155 631 663;A01;1;31;0;0;8;1;1;
202300027589;155 631 662;B01;2;7;0;2;1;1;1;
202300027589;155 631 664;A01;1;7;0;2;1;0;1;
202300027590;155 631 661;A01;0;7;13;0;7;21;1;
202300027591;155 631 660;A01;0;36;2;0;0;1;1;
202300027592;155 631 658;A01;3;7;0;2;2;15;0;
202300027592;155 631 659;B01;3;2;0;2;1;1;0;
202300027593;155 631 657;A01;0;7;0;0;3;26;0;
202300027594;155 631 655;B01;1;7;0;2;2;2;1;
202300027594;155 631 656;A01;2;7;0;2;1;5;1;
202300027595;155 631 653;A01;2;7;0;2;3;15;1;
202300027595;155 631 654;B01;1;7;0;2;2;1;1;
202300027596;155 631 650;B01;2;32;0;2;8;1;1;
202300027596;155 631 652;A01;1;7;0;2;3;15;1;
202300027597;155 631 651;A01;1;7;0;1;1;1;2;
202300027598;155 631 646;A01;0;7;0;2;1;0;1;
202300027598;155 631 649;B01;3;31;0;2;8;0;1;
202300027599;155 631 647;A01;3;33;0;0;1;5;1;
202300027600;155 631 644;A01;1;33;0;0;0;0;1;
202300027601;155 631 642;B01;1;7;13;2;3;1;1;
202300027601;155 631 645;A01;2;7;0;2;3;13;1;
202300027601;155 631 648;C01;2;10;0;2;8;26;1;
202300027602;155 631 641;A01;0;7;0;2;3;22;1;
202300027602;155 631 643;B01;2;1;1;0;7;1;5;
202300027603;155 631 637;A01;1;7;0;0;4;1;1;
202300027603;155 631 639;B01;1;7;0;0;1;2;1;
202300027604;155 631 631;A01;1;33;0;2;1;17;1;
202300027604;155 631 633;B01;1;35;0;2;8;15;1;
202300027605;155 631 628;B01;0;2;0;2;0;0;1;
202300027605;155 631 635;A01;0;34;0;2;0;0;1;
202300027606;155 631 629;A01;2;10;4;2;1;2;1;
202300027606;155 631 630;B01;2;10;4;2;4;2;1;
202300027606;155 631 632;C01;2;7;4;2;1;2;1;
202300027606;155 631 634;D01;2;7;4;2;4;2;1;
202300027606;155 631 636;E01;2;7;4;2;4;2;1;
202300027606;155 631 638;F01;2;7;4;2;1;2;1;
202300027606;155 631 640;G01;2;7;4;2;4;2;1;
202300027607;155 631 626;B01;1;7;0;0;0;2;1;
202300027607;155 631 627;A01;1;2;0;2;0;2;1;
202300027608;155 631 625;A01;1;15;4;0;1;1;1;
202300027609;155 631 622;B01;3;33;0;2;1;1;1;
202300027609;155 631 624;A01;3;7;0;2;8;26;1;
202300027610;155 631 621;B01;1;17;0;2;1;1;1;
202300027610;155 631 623;A01;1;7;4;0;3;1;1;
202300027611;155 631 620;A01;2;33;0;2;7;3;1;
202300027612;155 631 618;A01;1;33;0;0;7;0;1;
202300027613;155 631 616;B01;1;7;0;2;1;1;1;
202300027613;155 631 619;A01;2;7;0;2;1;17;1;
202300027614;155 631 615;A01;2;7;3;0;1;1;1;
202300027615;155 631 614;B01;1;1;0;2;6;15;5;
202300027615;155 631 617;A01;1;7;0;2;3;1;1;
202300027616;155 631 612;B01;3;10;0;2;2;1;1;
202300027616;155 631 613;A01;3;7;4;2;2;13;1;
202300027617;155 631 610;A01;1;7;0;2;8;1;1;
202300027617;155 631 611;B01;1;13;0;2;7;12;1;
202300027618;155 631 608;A01;2;7;3;0;3;1;1;
202300027619;155 631 609;A01;1;7;8;0;3;13;1;
202300027620;155 631 607;A01;1;7;5;0;1;1;1;
202300027621;155 631 605;A01;1;7;13;0;2;14;1;
202300027622;155 631 604;B01;2;7;0;2;3;9;1;
202300027622;155 631 606;A01;2;2;0;2;1;1;1;
202300027623;155 631 603;A01;2;7;4;0;2;1;2;
202300027624;155 631 599;B01;1;15;0;0;1;23;1;
202300027624;155 631 601;A01;2;7;0;2;1;5;1;
202300027625;155 631 598;A01;1;80;0;2;8;15;3;
202300027625;155 631 600;B01;1;7;0;2;2;2;1;
202300027626;155 631 597;A01;1;7;0;2;1;13;1;
202300027626;155 631 602;B01;2;14;0;2;3;14;1;
202300027627;155 631 596;A01;1;30;13;0;0;1;1;
202300027628;155 631 595;A01;1;7;0;1;2;13;1;
202300027629;155 631 592;B01;1;2;0;2;1;1;1;
202300027629;155 631 594;A01;2;7;0;2;3;15;1;
202300027630;155 631 593;A01;3;7;6;0;2;0;1;
202300027631;155 631 590;A01;1;30;5;2;3;17;6;
202300027631;155 631 591;B01;2;7;0;0;0;0;0;
202300027632;155 631 588;A01;2;7;2;0;1;13;1;
202300027633;155 631 586;A01;2;7;0;2;1;2;1;
202300027633;155 631 587;B01;2;7;0;2;4;2;1;
202300027634;155 631 589;A01;3;7;2;0;1;25;1;
202300027635;155 631 583;A01;1;80;0;0;0;0;3;
202300027636;155 631 582;B01;2;7;0;2;3;17;0;
202300027636;155 631 585;A01;2;2;0;2;2;17;1;
202300027637;155 631 581;A01;2;7;0;2;2;17;1;
202300027637;155 631 584;B01;2;7;0;2;6;1;1;
202300027638;155 631 579;A01;3;7;17;0;1;13;1;
202300027639;155 631 580;A01;3;7;0;1;4;4;1;
202300027640;155 631 575;B01;2;7;0;2;1;1;1;
202300027640;155 631 577;A01;1;7;0;0;8;19;1;
202300027641;155 631 576;A01;2;7;0;2;4;23;1;
202300027641;155 631 578;B01;2;7;0;2;1;1;0;
202300027642;155 631 573;A01;2;10;0;2;1;2;1;
202300027642;155 631 574;B01;2;7;0;2;4;1;1;
202300027643;155 631 567;A01;2;33;0;2;1;13;1;
202300027643;155 631 569;B01;1;7;0;2;3;1;1;
202300027644;155 631 568;A01;1;7;0;9;1;16;1;
202300027644;155 631 571;B01;1;50;0;2;7;1;3;
202300027645;155 631 566;A01;2;7;0;2;1;13;1;
202300027645;155 631 570;B01;1;7;0;2;1;1;1;
202300027646;155 631 564;A01;1;1;0;0;5;10;5;
202300027646;155 631 565;B01;1;7;0;2;2;1;3;
202300027647;155 631 563;A01;2;7;10;0;7;1;1;
202300027648;155 631 560;A01;1;7;0;2;1;2;1;
202300027648;155 631 561;B01;1;7;4;2;4;1;1;
202300027648;155 631 562;C01;1;14;0;2;1;2;1;
202300027649;155 631 558;B01;2;7;0;2;5;12;1;
202300027649;155 631 559;A01;2;33;0;2;1;2;1;
202300027650;155 631 557;A01;3;7;0;1;3;1;1;
202300027651;155 631 556;A01;0;7;0;1;4;4;1;
202300027652;155 631 553;A01;2;7;0;1;1;23;1;
202300027653;155 631 554;A01;3;2;1;0;1;1;1;
202300027654;155 631 552;B01;2;7;0;2;8;1;1;
202300027654;155 631 555;A01;2;7;0;2;5;12;1;
202300027655;155 631 549;A01;2;43;0;2;1;13;1;
202300027655;155 631 551;B01;1;7;0;2;3;1;1;
202300027656;155 631 547;B01;2;7;0;2;2;11;1;
202300027656;155 631 550;A01;2;7;0;2;1;26;1;
202300027657;155 631 545;B01;2;33;0;2;3;3;1;
202300027657;155 631 548;A01;2;7;0;2;5;14;1;
202300027658;155 631 541;A01;1;7;13;5;1;1;1;
202300027658;155 631 543;B01;1;13;0;5;2;1;1;
202300027658;155 631 544;C01;1;7;0;5;7;1;2;
202300027658;155 631 546;D01;1;7;14;0;1;1;1;
202300027659;155 631 535;A01;0;31;0;0;0;1;1;
202300027660;155 631 532;A01;1;7;0;2;1;1;1;
202300027660;155 631 534;E01;1;7;0;2;6;2;1;
202300027660;155 631 536;D01;1;10;0;2;1;2;1;
202300027660;155 631 538;C01;1;7;0;2;1;2;1;
202300027660;155 631 539;B01;1;7;0;2;4;2;1;
202300027661;155 631 533;B01;2;10;0;2;3;19;1;
202300027661;155 631 537;A01;2;7;0;2;2;1;1;
202300027662;155 631 528;B01;2;7;0;2;3;1;1;
202300027662;155 631 530;A01;2;7;0;2;2;12;1;
202300027663;155 631 529;B01;3;37;0;2;5;1;0;1
202300027663;155 631 531;A01;3;7;0;2;1;11;1;
202300027664;155 631 527;A01;3;7;17;0;2;0;1;
202300027665;155 631 524;B01;2;33;0;2;1;3;1;
202300027665;155 631 526;A01;2;7;0;2;6;11;1;
202300027666;155 631 522;A01;3;7;0;2;1;5;1;
202300027666;155 631 525;B01;3;10;0;2;1;1;1;
202300027667;155 631 523;A01;1;7;4;0;2;1;0;
202300027668;155 631 521;A01;2;33;0;0;8;21;1;
202300027669;155 631 520;A01;1;7;2;0;7;1;1;
202300027670;155 631 517;A01;2;7;0;2;2;1;1;
202300027670;155 631 518;B01;2;1;0;2;8;13;5;
202300027671;155 631 516;A01;1;50;0;2;2;1;3;
202300027671;155 631 519;B01;1;10;0;2;3;1;1;
202300027672;155 631 513;B01;1;15;0;2;3;2;1;
202300027672;155 631 514;A01;1;7;11;2;4;17;1;
202300027673;155 631 511;A01;2;10;0;2;3;5;1;
202300027673;155 631 515;B01;1;7;0;2;1;15;1;
202300027674;155 631 510;A01;1;7;0;2;8;13;1;
202300027674;155 631 512;B01;2;10;0;2;8;1;1;
202300027675;155 631 508;A01;1;7;0;1;2;1;2;
202300027676;155 631 509;A01;2;17;3;0;3;13;1;
202300027677;155 631 505;A01;2;7;1;0;2;14;1;
202300027677;155 631 506;B01;2;10;0;2;6;24;1;
202300027678;155 631 503;A01;3;30;0;2;1;1;1;
202300027678;155 631 507;B01;3;10;0;2;3;1;1;
202300027679;155 631 502;A01;1;14;0;0;6;2;1;
202300027679;155 631 504;B01;1;10;0;2;1;2;1;
202300027680;155 631 500;A01;1;2;0;2;1;1;1;
202300027680;155 631 501;B01;1;7;0;2;4;1;1;
202300027681;155 631 497;A01;1;30;0;2;4;2;1;
202300027681;155 631 499;B01;1;7;0;2;4;2;1;
202300027682;155 631 495;B01;1;7;3;2;0;0;1;
202300027682;155 631 498;A01;1;7;3;2;0;0;1;
202300027683;155 631 494;A01;1;7;0;2;1;1;1;
202300027683;155 631 496;B01;2;60;0;2;7;1;5;
202300027684;155 631 492;A01;1;33;13;0;8;2;1;
202300027685;155 631 491;A01;1;33;0;0;0;0;1;
202300027686;155 631 490;B01;3;10;0;2;6;2;1;
202300027686;155 631 493;A01;3;7;0;2;3;2;1;
202300027687;155 631 485;A01;2;2;0;2;1;1;1;
202300027687;155 631 489;B01;3;7;0;2;2;15;1;
202300027688;155 631 486;A01;3;7;1;0;7;0;0;
202300027688;155 631 488;Z01;0;0;1;0;0;0;0;
202300027689;155 631 483;A01;2;31;13;0;1;14;1;
202300027690;155 631 482;A01;1;2;0;1;1;17;1;
202300027691;155 631 481;C01;1;7;0;2;1;0;0;
202300027691;155 631 484;B01;1;7;0;2;1;0;1;
202300027691;155 631 487;A01;1;7;0;2;1;0;1;
202300027692;155 631 479;A01;3;14;0;1;8;16;1;
202300027693;155 631 478;A01;2;7;0;2;1;17;1;
202300027693;155 631 480;B01;1;15;0;2;2;1;1;
202300027694;155 631 476;A01;1;1;0;0;0;1;5;
202300027695;155 631 475;A01;3;7;0;2;1;26;0;
202300027695;155 631 477;B01;3;7;0;2;6;23;0;
202300027696;155 631 473;A01;1;7;0;1;3;1;1;
202300027697;155 631 471;B01;0;50;0;2;7;9;3;
202300027697;155 631 474;A01;0;7;0;2;1;9;1;
202300027698;155 631 470;B01;1;7;0;2;1;15;1;
202300027698;155 631 472;A01;1;10;0;2;1;1;1;
202300027699;155 631 469;A01;0;7;0;1;2;16;0;
202300027700;155 631 468;A01;0;7;0;1;1;16;1;
202300027701;155 631 466;B01;2;80;1;0;0;21;3;
202300027701;155 631 467;A01;2;10;0;2;8;22;1;
202300027702;155 631 462;B01;3;7;0;2;3;0;0;
202300027702;155 631 464;A01;3;10;0;2;7;1;0;
202300027703;155 631 463;A01;3;50;0;1;1;1;3;
202300027704;155 631 461;A01;2;21;0;0;0;1;1;
202300027705;155 631 459;A01;1;7;0;2;0;15;1;
202300027705;155 631 460;B01;1;2;0;2;0;1;1;
202300027706;155 631 458;A01;3;1;0;1;1;25;5;
202300027707;155 631 457;A01;1;7;0;1;5;4;1;
202300027708;155 631 456;A01;1;7;6;0;2;13;1;
202300027709;155 631 455;A01;1;7;6;0;1;1;1;
202300027710;155 631 453;A01;1;7;0;2;1;1;1;
202300027711;155 631 452;A01;2;50;12;0;7;1;3;
202300027712;155 631 450;A01;1;10;0;0;4;1;0;
202300027712;155 631 451;C01;1;7;0;0;1;0;0;
202300027712;155 631 454;B01;1;7;0;0;1;1;0;
202300027713;155 631 447;B01;1;7;0;2;1;1;1;
202300027713;155 631 449;A01;2;7;0;2;7;5;1;
202300027714;155 631 448;A01;2;7;0;1;3;1;1;
202300027715;155 631 446;A01;2;7;11;0;2;1;1;
202300027716;155 631 443;A01;2;7;0;9;7;15;1;
202300027716;155 631 445;B01;1;50;0;2;1;1;3;
202300027717;155 631 442;B01;1;1;0;2;6;1;5;
202300027717;155 631 444;A01;1;7;0;2;7;1;1;
202300027718;155 631 441;A01;2;33;11;0;1;9;1;
202300027719;155 631 440;A01;2;7;0;1;1;1;1;
202300027720;155 631 438;Z01;1;7;0;2;0;0;0;
202300027720;155 631 439;B01;1;60;0;2;7;1;5;
202300027721;155 631 437;A01;1;21;14;0;1;26;1;
202300027722;155 631 433;A01;1;10;0;2;4;2;1;
202300027722;155 631 435;B01;1;7;0;2;4;1;1;
202300027723;155 631 432;B01;3;1;0;0;4;11;5;
202300027723;155 631 434;A01;3;7;0;9;2;1;1;
202300027724;155 631 431;A01;3;33;0;2;5;1;1;
202300027724;155 631 436;B01;3;7;0;2;2;1;1;
202300027725;155 631 428;B01;1;30;0;2;1;1;1;
202300027725;155 631 429;A01;2;7;0;2;7;15;1;
202300027726;155 631 427;B01;1;50;9;0;7;9;3;
202300027726;155 631 430;A01;2;31;9;0;1;1;0;
202300027727;155 631 426;A01;2;7;0;1;2;1;1;
202300027728;155 631 424;A01;3;7;15;0;3;1;1;
202300027729;155 631 423;A01;2;15;0;2;2;1;1;
202300027729;155 631 425;B01;0;7;0;2;3;16;1;
202300027730;155 631 419;A01;3;7;0;2;1;13;1;
202300027730;155 631 422;B01;3;7;0;2;1;26;1;
202300027731;155 631 417;A01;3;50;0;2;2;9;3;
202300027731;155 631 420;B01;3;7;0;2;3;1;1;
202300027732;155 631 418;A01;2;7;0;2;3;15;1;
202300027732;155 631 421;B01;2;31;0;2;2;17;1;
202300027733;155 631 414;A01;1;7;6;0;1;1;1;
202300027734;155 631 412;A01;2;7;0;2;3;15;1;
202300027734;155 631 415;B01;1;30;0;2;3;1;1;
202300027735;155 631 416;A01;1;7;0;0;0;17;1;
202300027736;155 631 413;A01;1;33;1;0;1;0;0;
202300027737;155 631 411;A01;0;7;16;0;9;1;1;
202300027738;155 631 407;B01;3;37;0;2;1;0;0;1
202300027738;155 631 409;A01;3;7;0;2;1;17;1;
202300027739;155 631 404;A01;1;7;0;2;2;15;1;
202300027739;155 631 406;B01;2;2;0;2;1;1;1;
202300027740;155 631 403;B01;3;1;12;2;4;19;5;
202300027740;155 631 408;A01;1;7;12;2;8;1;1;
202300027741;155 631 405;B01;2;7;0;2;4;2;1;
202300027741;155 631 410;A01;2;33;0;2;1;2;1;
202300027742;155 631 400;A01;2;7;0;2;8;1;1;
202300027742;155 631 402;B01;1;7;0;2;3;13;1;
202300027743;155 631 399;A01;1;10;0;2;5;1;1;
202300027743;155 631 401;B01;1;7;0;2;1;1;1;
202300027744;155 631 397;A01;0;7;0;1;3;1;1;
202300027745;155 631 394;B01;1;7;0;2;2;1;1;
202300027745;155 631 396;A01;1;1;0;2;3;19;5;
202300027746;155 631 390;B01;2;7;0;2;1;1;1;
202300027746;155 631 393;A01;2;7;0;2;1;15;1;
202300027747;155 631 388;A01;1;10;0;2;3;9;1;
202300027747;155 631 389;B01;2;41;0;2;1;1;3;
202300027748;155 631 387;B01;0;1;0;0;0;0;5;
202300027748;155 631 392;A01;0;7;0;0;0;17;1;
202300027749;155 631 386;B01;1;7;0;2;1;2;1;
202300027749;155 631 391;A01;1;7;0;2;3;23;1;
202300027750;155 631 383;A01;3;7;0;2;1;15;1;
202300027750;155 631 385;B01;3;10;0;2;1;19;1;
202300027751;155 631 382;A01;2;7;0;2;4;23;1;
202300027751;155 631 384;B01;1;34;0;2;1;2;1;
202300027752;155 631 381;A01;3;7;0;1;1;15;0;
202300027753;155 631 379;A01;1;38;0;1;2;0;6;1
202300027754;155 631 378;B01;1;7;0;2;1;2;1;
202300027754;155 631 380;A01;1;10;0;2;4;2;1;
202300027755;155 631 376;A01;3;7;0;1;1;1;1;
202300027756;155 631 374;A01;0;7;0;1;4;4;1;
202300027757;155 631 375;A01;2;30;14;0;1;5;1;
202300027757;155 631 377;B01;1;7;0;2;3;23;1;
202300027758;155 631 371;B01;3;7;12;2;7;1;0;
202300027758;155 631 373;A01;3;7;0;2;1;1;0;
202300027759;155 631 367;A01;2;33;0;2;1;2;1;
202300027759;155 631 370;B01;2;7;0;0;0;2;1;
202300027760;155 631 364;A01;1;7;4;0;9;26;0;
202300027761;155 631 365;B01;1;2;0;2;1;1;1;
202300027761;155 631 369;A01;1;7;0;2;7;19;1;
202300027762;155 631 363;A01;2;7;0;2;1;2;1;
202300027762;155 631 366;D01;2;7;0;2;4;2;1;
202300027762;155 631 368;C01;1;7;0;2;1;2;1;
202300027762;155 631 372;B01;2;7;0;2;4;2;1;
202300027763;155 631 362;A01;2;7;13;0;1;14;1;
202300027764;155 631 360;A01;3;7;0;2;1;19;1;
202300027764;155 631 361;B01;3;7;0;2;7;26;1;
202300027765;155 631 359;A01;1;7;4;0;0;0;1;
202300027766;155 631 357;A01;1;7;13;0;2;14;1;
202300027767;155 631 356;A01;2;31;14;0;1;1;1;
202300027768;155 631 355;MB01;1;60;0;2;3;19;5;
202300027768;155 631 358;A01;1;3;0;2;2;1;3;
202300027769;155 631 354;A01;2;7;2;0;1;19;1;
202300027770;155 631 350;B01;1;32;0;2;1;2;1;
202300027770;155 631 352;A01;2;7;0;2;4;4;1;
202300027771;155 631 351;B01;1;1;0;2;0;1;5;
202300027771;155 631 353;A01;2;7;0;0;0;15;1;
202300027772;155 631 348;A01;2;2;0;0;8;1;1;
202300027773;155 631 343;A01;2;7;0;2;1;1;1;
202300027773;155 631 346;B01;2;7;0;2;4;1;1;
202300027774;155 631 344;A01;2;10;0;2;1;13;1;
202300027774;155 631 349;B01;2;14;0;2;1;1;1;
202300027775;155 631 345;A01;1;7;0;2;1;1;1;
202300027775;155 631 347;B01;1;7;0;2;4;0;1;
202300027776;155 631 341;A01;3;10;0;2;4;4;1;
202300027776;155 631 342;B01;0;30;0;2;1;14;3;
202300027777;155 631 337;A01;2;14;0;2;2;16;1;
202300027777;155 631 340;B01;2;33;0;2;3;1;1;
202300027778;155 631 336;A01;0;7;1;0;1;1;1;
202300027779;155 631 333;B01;1;7;0;2;8;15;1;
202300027779;155 631 335;A01;1;37;0;2;1;1;4;2
202300027780;155 631 329;A01;2;7;0;2;3;9;1;
202300027780;155 631 332;B01;2;33;0;2;1;1;1;
202300027781;155 631 328;A01;3;7;0;2;2;1;1;
202300027781;155 631 331;B01;3;1;0;2;6;19;5;
202300027782;155 631 326;A01;1;34;0;2;4;3;1;
202300027782;155 631 330;B01;1;33;0;2;4;3;1;
202300027782;155 631 334;C01;1;7;0;2;7;1;1;
202300027782;155 631 338;D01;1;7;0;2;2;1;1;
202300027782;155 631 339;E01;1;7;0;2;4;1;1;
202300027783;155 631 323;A01;1;7;2;0;1;13;1;
202300027784;155 631 325;A01;2;10;0;2;2;15;1;
202300027784;155 631 327;B01;1;1;0;2;1;1;5;
202300027785;155 631 322;A01;2;7;0;2;8;11;1;
202300027785;155 631 324;B01;2;33;0;2;7;1;1;
202300027786;155 631 321;A01;1;7;4;0;1;2;1;
202300027787;155 631 318;A01;1;7;0;2;3;1;1;
202300027787;155 631 320;B01;3;1;0;2;1;0;5;
202300027788;155 631 316;A01;1;17;0;2;2;12;1;
202300027788;155 631 317;B01;1;7;0;2;8;1;1;
202300027789;155 631 314;A01;2;33;6;0;1;1;1;
202300027790;155 631 313;B01;1;7;0;2;0;0;1;
202300027790;155 631 319;A01;1;2;0;2;0;2;1;
202300027791;155 631 312;B01;2;7;0;2;4;2;1;
202300027791;155 631 315;Z01;2;7;0;2;0;0;0;
202300027792;155 631 309;A01;3;50;12;0;1;13;3;
202300027793;155 631 305;A01;2;33;0;2;1;2;1;
202300027793;155 631 307;B01;2;7;0;2;4;2;1;
202300027794;155 631 301;B01;2;7;0;2;1;0;1;
202300027794;155 631 304;A01;1;7;0;2;1;0;1;
202300027795;155 631 298;B01;2;50;0;2;7;1;3;
202300027795;155 631 302;A01;1;7;0;2;1;16;2;
202300027796;155 631 299;A01;1;7;0;2;2;0;1;
202300027796;155 631 303;B01;3;50;0;2;1;26;3;
202300027797;155 631 295;B01;2;1;0;2;8;1;5;
202300027797;155 631 297;A01;1;7;0;2;1;15;1;
202300027798;155 631 289;B01;2;7;0;2;3;0;1;
202300027798;155 631 291;A01;1;7;0;2;1;13;1;
202300027799;155 631 292;A01;2;10;0;1;7;16;3;
202300027800;155 631 290;A01;2;10;0;2;1;2;1;
202300027800;155 631 294;B01;2;7;0;2;4;2;1;
202300027800;155 631 296;C01;2;7;0;2;4;2;1;
202300027800;155 631 300;D01;2;7;0;2;4;2;1;
202300027801;155 631 288;A01;2;7;0;2;3;9;1;
202300027801;155 631 293;B01;2;43;0;2;2;1;1;
202300027802;155 631 286;A01;2;7;0;0;8;13;1;
202300027803;155 631 284;A01;1;7;4;0;1;1;1;
202300027804;155 631 285;A01;1;32;0;0;8;17;1;
202300027805;155 631 283;B01;3;50;0;2;1;1;3;
202300027805;155 631 287;A01;3;7;0;2;2;16;1;
202300027806;155 631 280;A01;2;30;12;2;1;1;1;
202300027806;155 631 281;B01;2;7;0;2;7;14;1;
202300027807;155 631 279;A01;2;10;0;2;3;9;1;
202300027807;155 631 282;B01;1;50;0;2;7;1;3;
202300027808;155 631 278;A01;2;7;5;0;1;26;1;
202300027809;155 631 275;A01;1;7;4;0;2;17;1;
202300027810;155 631 274;B01;1;32;9;2;3;18;1;
202300027810;155 631 277;A01;1;10;0;2;7;16;1;
202300027811;155 631 273;B01;1;7;0;2;8;1;0;
202300027811;155 631 276;A01;2;33;0;2;7;1;1;
202300027812;155 631 268;A01;1;7;0;0;0;15;0;
202300027812;155 631 272;B01;0;2;6;0;1;1;1;
202300027813;155 631 267;A01;3;80;0;1;7;1;3;
202300027814;155 631 264;C01;1;31;0;2;6;14;1;
202300027814;155 631 269;A01;1;33;0;2;7;14;1;
202300027814;155 631 271;B01;1;33;0;2;5;14;1;
202300027815;155 631 263;C01;2;7;0;2;8;1;1;
202300027815;155 631 266;B01;2;7;0;2;8;1;1;
202300027815;155 631 270;A01;1;7;6;2;1;1;1;
202300027816;155 631 262;Z01;2;7;0;2;6;23;2;
202300027816;155 631 265;A01;2;2;0;2;3;21;0;
202300027817;155 631 260;A01;3;7;0;1;1;15;1;
202300027818;155 631 259;A01;2;7;0;2;2;16;1;
202300027818;155 631 261;B01;2;1;0;2;1;1;5;
202300027819;155 631 255;B01;0;7;0;2;3;11;1;
202300027819;155 631 257;A01;1;2;0;2;1;1;1;
202300027820;155 631 253;B01;2;7;0;2;5;16;1;
202300027820;155 631 256;VA01;2;33;0;2;1;7;1;
202300027821;155 631 251;A01;3;1;0;2;7;1;5;
202300027821;155 631 254;B01;3;7;0;2;2;1;1;
202300027822;155 631 249;A01;2;7;0;2;3;13;1;
202300027822;155 631 252;B01;1;7;0;2;3;1;1;
202300027823;155 631 247;B01;3;31;0;2;1;17;1;
202300027823;155 631 250;A01;3;10;0;2;3;15;1;
202300027824;155 631 244;A01;1;2;0;0;7;1;1;
202300027825;155 631 243;A01;0;7;0;2;1;26;0;