Num_Acc;id_vehicule;num_veh;senc;catv;obs;obsm;choc;manv;motor;occutc
202300027825;155 631 245;B01;0;32;0;0;0;0;0;
202300027826;155 631 246;B01;2;1;0;2;1;1;5;
202300027826;155 631 248;A01;2;7;0;2;2;16;1;
202300027827;155 631 242;A01;3;7;0;1;1;1;1;
202300027828;155 631 235;B01;0;2;0;2;1;1;3;
202300027828;155 631 239;A01;0;7;0;2;8;15;1;
202300027829;155 631 237;A01;3;7;0;2;7;15;1;
202300027829;155 631 241;B01;3;33;0;2;1;1;1;
202300027830;155 631 238;A01;1;7;0;0;3;0;1;
202300027831;155 631 234;A01;3;10;0;2;1;1;1;
202300027831;155 631 240;B01;3;7;0;2;1;1;1;
202300027832;155 631 233;B01;1;7;0;2;0;0;0;
202300027832;155 631 236;A01;1;50;0;2;1;1;3;
202300027833;155 631 228;A01;1;3;0;2;1;5;0;
202300027833;155 631 231;B01;1;7;0;2;1;1;0;
202300027834;155 631 226;B01;1;1;0;2;1;1;5;
202300027834;155 631 230;A01;1;7;0;2;5;26;1;
202300027835;155 631 227;A01;3;2;0;2;0;0;1;
202300027835;155 631 232;B01;3;7;0;2;0;0;1;
202300027836;155 631 224;B01;1;50;0;2;3;9;3;
202300027836;155 631 229;A01;2;30;0;2;1;1;1;
202300027837;155 631 223;A01;2;33;0;2;8;10;1;
202300027837;155 631 225;B01;2;33;0;2;1;1;1;
202300027838;155 631 222;A01;3;7;6;0;2;1;1;
202300027839;155 631 221;A01;1;10;0;1;2;1;1;
202300027840;155 631 220;A01;1;7;4;0;1;1;1;
202300027841;155 631 219;A01;1;7;0;1;1;19;1;
202300027842;155 631 218;A01;3;32;0;0;0;26;1;
202300027843;155 631 215;A01;1;33;0;2;1;17;1;
202300027843;155 631 217;B01;1;10;0;2;3;23;1;
202300027844;155 631 214;A01;2;10;0;9;1;2;1;
202300027844;155 631 216;B01;2;80;0;2;7;2;3;
202300027845;155 631 212;A01;1;7;0;1;1;1;1;
202300027846;155 631 211;B01;1;7;0;2;7;0;1;
202300027846;155 631 213;A01;2;34;0;2;1;21;1;
202300027847;155 631 208;A01;1;7;0;2;1;1;1;
202300027847;155 631 210;B01;1;7;0;2;4;1;1;
202300027848;155 631 206;A01;2;32;3;2;1;14;1;
202300027848;155 631 209;B01;2;7;0;2;1;1;2;
202300027849;155 631 205;A01;2;10;0;2;1;1;1;
202300027849;155 631 207;B01;2;7;0;2;4;1;3;
202300027850;155 631 201;A01;1;7;0;2;1;9;1;
202300027850;155 631 203;B01;1;7;0;2;4;1;1;
202300027851;155 631 200;B01;3;7;0;2;5;1;1;
202300027851;155 631 204;A01;2;30;0;2;1;1;1;
202300027852;155 631 199;A01;1;1;1;0;1;1;5;
202300027852;155 631 202;B01;1;7;0;2;6;24;1;
202300027853;155 631 196;A01;3;7;0;2;3;1;1;
202300027853;155 631 198;B01;1;60;0;2;1;19;5;
202300027854;155 631 197;A01;2;33;12;0;3;13;1;
202300027855;155 631 194;A01;2;7;0;1;3;1;3;
202300027856;155 631 193;B01;2;7;0;2;4;2;1;
202300027856;155 631 195;A01;2;7;0;2;1;2;1;
202300027857;155 631 192;A01;1;7;9;0;1;14;1;
202300027858;155 631 189;A01;2;33;0;2;1;1;1;
202300027858;155 631 190;B01;2;7;0;2;6;11;1;
202300027859;155 631 187;A01;2;33;0;2;1;1;1;
202300027859;155 631 191;B01;3;7;0;2;2;15;1;
202300027860;155 631 186;A01;1;1;0;1;1;1;5;
202300027861;155 631 185;B01;1;30;0;2;6;1;1;
202300027861;155 631 188;A01;1;17;0;2;1;1;1;
202300027862;155 631 177;A01;1;7;0;2;1;1;1;
202300027862;155 631 184;B01;2;7;0;2;5;15;1;
202300027863;155 631 176;B01;2;30;0;2;1;1;1;
202300027863;155 631 181;A01;1;7;0;2;7;13;1;
202300027864;155 631 175;B01;3;33;0;2;3;17;1;
202300027864;155 631 178;A01;3;7;0;2;3;15;2;
202300027865;155 631 180;A01;1;7;0;2;3;1;1;
202300027865;155 631 183;B01;1;1;0;2;3;19;5;
202300027866;155 631 174;A01;1;7;0;2;6;19;1;
202300027866;155 631 179;B01;2;10;0;2;3;1;1;
202300027866;155 631 182;C01;1;10;0;2;1;1;1;
202300027867;155 631 172;A01;1;50;0;0;2;1;3;
202300027868;155 631 169;B01;1;31;0;2;1;1;3;
202300027868;155 631 171;A01;1;10;0;2;4;15;1;
202300027869;155 631 168;A01;2;2;0;2;7;17;1;
202300027869;155 631 173;B01;3;7;0;2;1;1;0;
202300027870;155 631 165;A01;0;7;0;1;1;1;1;
202300027871;155 631 164;Z01;3;7;0;2;1;1;0;
202300027871;155 631 166;C01;3;7;0;2;3;1;0;
202300027871;155 631 170;B01;3;7;0;2;7;15;0;
202300027872;155 631 163;A01;2;7;0;9;2;2;1;
202300027872;155 631 167;B01;2;1;0;0;4;2;5;
202300027873;155 631 162;A01;1;32;0;1;1;7;1;
202300027874;155 631 161;A01;2;7;0;1;1;1;1;
202300027875;155 631 156;Z01;3;7;0;2;1;1;0;
202300027875;155 631 160;B01;3;50;0;2;8;1;3;
202300027876;155 631 155;A01;2;7;0;2;1;15;0;
202300027876;155 631 159;B01;0;1;0;2;0;16;5;
202300027877;155 631 154;A01;1;10;0;2;1;13;1;
202300027877;155 631 158;B01;2;10;0;2;3;1;1;
202300027878;155 631 152;B01;2;10;0;2;3;1;1;
202300027878;155 631 157;A01;1;32;0;2;1;11;1;
202300027879;155 631 151;B01;1;1;0;2;1;1;5;
202300027879;155 631 153;A01;1;7;0;2;1;16;1;
202300027880;155 631 146;A01;1;7;0;2;4;13;1;
202300027880;155 631 149;B01;2;10;0;2;1;2;1;
202300027881;155 631 148;A01;1;10;0;2;1;2;1;
202300027881;155 631 150;B01;1;7;0;2;4;23;1;
202300027882;155 631 143;A01;3;7;0;2;8;9;1;
202300027882;155 631 145;B01;1;32;0;2;1;2;1;
202300027883;155 631 144;A01;1;34;0;1;1;25;1;
202300027884;155 631 141;A01;2;30;14;0;1;17;6;
202300027885;155 631 138;B01;2;1;0;2;4;2;5;
202300027885;155 631 140;A01;2;7;0;2;2;2;1;
202300027886;155 631 139;A01;1;2;0;0;0;26;1;
202300027886;155 631 142;B01;1;10;0;2;3;1;1;
202300027887;155 631 134;A01;2;50;15;1;4;2;3;
202300027888;155 631 132;A01;1;7;0;1;3;1;1;
202300027889;155 631 130;B01;2;99;0;1;1;1;3;
202300027890;155 631 129;B01;2;10;0;2;2;17;0;
202300027890;155 631 133;A01;2;7;0;2;3;11;0;
202300027891;155 631 128;A01;3;7;0;2;3;1;1;
202300027891;155 631 131;B01;3;30;0;2;1;15;1;
202300027892;155 631 125;A01;0;7;0;2;0;0;1;
202300027892;155 631 127;B01;0;7;0;2;1;2;4;
202300027893;155 631 122;A01;2;7;0;2;3;1;1;
202300027893;155 631 126;B01;1;7;1;2;3;23;1;
202300027894;155 631 121;A01;1;7;0;1;2;26;1;
202300027895;155 631 123;A01;1;7;2;0;1;1;1;
202300027896;155 631 120;A01;1;10;0;2;7;1;1;
202300027896;155 631 124;B01;1;21;0;2;8;1;1;
202300027897;155 631 118;B01;1;50;0;2;1;1;3;
202300027897;155 631 119;A01;1;7;0;0;0;0;1;
202300027898;155 631 117;A01;3;3;0;9;9;21;1;
202300027899;155 631 112;B01;2;7;0;2;1;2;1;
202300027899;155 631 115;A01;1;30;0;2;1;18;1;
202300027900;155 631 109;A01;2;7;0;2;1;1;1;
202300027900;155 631 113;B01;0;7;2;2;5;15;1;
202300027901;155 631 110;A01;1;32;0;2;0;9;1;
202300027901;155 631 114;B01;1;7;0;0;0;1;1;
202300027902;155 631 111;A01;1;2;0;2;1;1;1;
202300027902;155 631 116;B01;2;7;0;2;2;15;1;
202300027903;155 631 106;A01;2;7;2;0;1;5;1;
202300027904;155 631 105;C01;2;7;0;2;4;2;1;
202300027904;155 631 107;B01;2;7;0;2;4;2;1;
202300027904;155 631 108;A01;2;10;0;2;1;2;3;
202300027905;155 631 104;A01;2;7;1;0;1;1;1;
202300027906;155 631 103;B01;2;7;0;0;0;9;1;
202300027907;155 631 102;A01;2;7;0;2;3;2;0;
202300027908;155 631 099;A01;1;7;0;1;2;2;1;
202300027909;155 631 098;B01;1;7;0;2;1;9;1;
202300027909;155 631 101;A01;1;7;0;2;1;9;1;
202300027910;155 631 097;A01;1;7;0;2;8;5;1;
202300027910;155 631 100;B01;1;10;0;2;3;1;1;
202300027911;155 631 096;A01;1;32;0;1;1;1;1;
202300027912;155 631 094;A01;1;34;0;1;3;2;1;
202300027913;155 631 092;B01;3;7;0;2;6;1;1;
202300027913;155 631 095;A01;0;34;0;2;1;1;1;
202300027914;155 631 093;A01;3;7;6;0;3;13;1;
202300027915;155 631 090;A01;1;43;0;1;1;14;1;
202300027916;155 631 088;A01;1;7;0;2;1;19;1;
202300027916;155 631 089;B01;2;33;0;2;8;1;1;
202300027917;155 631 087;B01;3;1;0;2;4;1;5;
202300027917;155 631 091;A01;3;7;0;2;2;2;1;
202300027918;155 631 080;A01;2;2;0;2;1;21;1;
202300027918;155 631 083;C01;2;2;0;2;2;2;1;
202300027918;155 631 086;B01;1;7;0;2;7;15;0;
202300027919;155 631 082;A01;3;7;0;2;8;22;1;
202300027919;155 631 085;B01;3;50;1;0;1;1;3;
202300027920;155 631 081;A01;3;7;0;2;8;9;1;
202300027920;155 631 084;B01;3;33;0;2;1;3;1;
202300027921;155 631 076;B01;2;10;0;2;1;1;1;
202300027921;155 631 078;A01;1;7;0;2;1;15;1;
202300027922;155 631 074;A01;1;31;0;2;1;1;1;
202300027922;155 631 077;B01;1;7;0;2;5;1;1;
202300027923;155 631 073;B01;2;10;0;2;2;1;1;
202300027923;155 631 079;A01;1;7;0;2;3;15;1;
202300027924;155 631 071;A01;1;7;0;1;3;1;1;
202300027925;155 631 070;A01;2;30;0;1;1;5;3;
202300027926;155 631 072;B01;1;10;0;2;0;0;1;
202300027926;155 631 075;A01;1;7;0;2;0;0;1;
202300027927;155 631 067;B01;2;1;1;0;7;1;5;
202300027927;155 631 069;A01;2;14;0;2;3;22;1;
202300027928;155 631 066;A01;1;10;0;1;2;1;1;
202300027929;155 631 064;A01;2;10;2;0;7;1;1;
202300027930;155 631 061;B01;3;7;0;2;2;22;0;
202300027930;155 631 062;A01;3;10;0;2;3;1;0;
202300027931;155 631 060;B01;2;10;0;2;5;1;1;
202300027931;155 631 063;A01;2;33;0;2;3;3;1;
202300027932;155 631 065;B01;2;7;0;2;4;1;1;
202300027932;155 631 068;A01;2;7;0;2;1;1;1;
202300027933;155 631 057;A01;2;7;0;2;1;13;1;
202300027933;155 631 059;B01;2;31;0;2;1;2;1;
202300027934;155 631 054;B01;1;7;0;2;2;20;1;
202300027934;155 631 056;A01;1;34;0;2;1;1;1;
202300027935;155 631 052;A01;2;1;0;1;1;21;5;
202300027936;155 631 053;B01;2;7;0;2;3;2;1;
202300027936;155 631 058;A01;1;7;0;2;3;17;1;
202300027937;155 631 051;A01;1;21;0;0;9;14;1;
202300027938;155 631 048;A01;1;80;0;0;6;1;3;
202300027938;155 631 049;Z01;1;7;0;2;6;1;0;
202300027939;155 631 050;B01;1;7;0;2;8;1;1;
202300027939;155 631 055;A01;2;7;0;2;1;1;1;
202300027940;155 631 045;A01;2;7;0;1;1;1;2;
202300027941;155 631 043;A01;2;7;0;2;1;1;0;
202300027941;155 631 046;B01;2;7;9;2;7;15;1;
202300027942;155 631 044;A01;3;1;0;0;5;9;5;
202300027942;155 631 047;B01;3;7;0;2;3;1;1;
202300027943;155 631 042;A01;1;7;13;0;9;1;-1;
202300027944;155 631 039;B01;2;2;0;2;1;1;1;
202300027944;155 631 041;A01;2;7;0;2;3;9;1;
202300027945;155 631 037;A01;1;7;0;1;1;1;0;
202300027946;155 631 036;B01;1;7;9;2;5;1;1;
202300027946;155 631 038;A01;1;7;0;2;3;16;1;
202300027947;155 631 035;B01;2;7;0;2;3;1;1;
202300027947;155 631 040;A01;1;7;0;2;3;5;1;
202300027948;155 631 032;B01;3;33;0;2;4;23;1;
202300027948;155 631 034;A01;3;7;0;2;1;2;1;
202300027949;155 631 031;A01;1;7;2;0;1;1;1;
202300027950;155 631 028;A01;3;50;0;1;1;21;3;
202300027951;155 631 025;A01;1;30;0;2;2;23;1;
202300027951;155 631 027;B01;1;37;0;0;6;7;1;1
202300027952;155 631 026;A01;1;33;0;2;1;21;1;
202300027952;155 631 029;B01;1;7;0;2;1;1;1;
202300027952;155 631 030;C01;1;7;0;2;8;9;1;
202300027952;155 631 033;D01;1;7;0;2;3;1;1;
202300027953;155 631 024;A01;1;15;0;0;9;14;1;
202300027954;155 631 021;B01;0;33;0;2;2;17;1;
202300027954;155 631 023;A01;0;7;0;2;3;10;1;
202300027955;155 631 020;A01;1;10;0;2;2;9;1;
202300027955;155 631 022;B01;2;33;0;2;2;1;1;
202300027956;155 631 015;B01;2;1;0;2;2;1;5;
202300027956;155 631 018;A01;2;10;0;2;6;24;1;
202300027957;155 631 016;A01;2;2;0;0;0;1;1;
202300027958;155 631 012;A01;1;1;3;0;2;1;5;
202300027959;155 631 013;B01;1;7;0;2;1;1;1;
202300027959;155 631 019;A01;2;7;0;2;2;15;1;
202300027960;155 631 009;A01;0;7;0;2;2;16;1;
202300027960;155 631 011;B01;0;31;0;2;8;18;1;
202300027961;155 631 005;D01;2;1;0;2;8;1;5;
202300027961;155 631 008;C01;2;7;0;2;1;13;1;
202300027961;155 631 010;B01;2;7;0;2;1;1;1;
202300027961;155 631 014;E01;2;1;0;2;0;1;5;
202300027961;155 631 017;A01;1;7;0;2;1;5;1;
202300027962;155 631 006;A01;2;7;0;1;4;4;0;
202300027963;155 631 004;B01;0;7;0;2;2;0;1;
202300027963;155 631 007;A01;0;7;0;2;8;0;1;
202300027964;155 631 002;A01;1;50;0;2;8;15;3;
202300027964;155 631 003;B01;1;7;0;2;2;1;1;
202300027965;155 631 001;A01;3;14;6;0;3;4;1;
202300027966;155 630 999;A01;3;7;0;1;1;15;1;
202300027967;155 630 998;B01;2;15;0;2;1;24;1;
202300027967;155 631 000;A01;1;7;1;0;1;14;1;
202300027968;155 630 996;A01;1;33;0;1;2;15;1;
202300027969;155 630 995;A01;2;7;0;2;1;13;1;
202300027969;155 630 997;B01;1;10;0;2;1;1;1;
202300027970;155 630 990;A01;1;2;0;0;7;14;1;
202300027971;155 630 989;A01;1;30;0;2;1;0;1;
202300027971;155 630 993;B01;1;7;0;2;5;1;1;
202300027971;155 630 994;C01;1;7;0;2;4;1;1;
202300027972;155 630 988;A01;3;7;0;2;3;16;1;
202300027972;155 630 992;B01;2;34;0;2;1;1;1;
202300027973;155 630 987;A01;2;7;0;2;7;12;2;
202300027973;155 630 991;B01;2;32;0;2;8;11;3;
202300027974;155 630 985;A01;3;7;0;2;1;1;1;
202300027974;155 630 986;B01;3;33;0;2;4;0;1;
202300027975;155 630 980;B01;1;3;0;2;5;23;1;
202300027975;155 630 983;C01;1;7;0;2;4;23;1;
202300027975;155 630 984;Z01;1;7;0;2;3;2;1;
202300027976;155 630 978;A01;1;50;0;2;1;1;3;
202300027976;155 630 982;B01;3;33;0;2;6;19;1;
202300027977;155 630 981;A01;1;7;3;0;2;14;1;
202300027978;155 630 977;B01;1;33;0;2;1;1;1;
202300027978;155 630 979;A01;2;7;0;2;7;19;1;
202300027979;155 630 974;A01;1;7;13;0;1;1;1;
202300027980;155 630 973;B01;2;33;0;2;8;1;1;
202300027980;155 630 976;A01;2;7;0;2;2;15;3;
202300027981;155 630 971;A01;0;7;0;2;1;15;0;
202300027981;155 630 975;B01;0;7;6;2;1;1;0;
202300027982;155 630 968;A01;2;7;0;2;1;2;1;
202300027982;155 630 970;B01;2;10;0;2;1;2;1;
202300027982;155 630 972;C01;2;7;0;2;4;2;1;
202300027983;155 630 966;B01;2;7;0;2;2;1;2;
202300027983;155 630 967;A01;2;1;0;2;3;21;5;
202300027984;155 630 964;A01;2;7;0;1;1;1;1;
202300027985;155 630 962;C01;1;7;0;0;4;1;1;
202300027985;155 630 965;B01;1;7;0;2;4;1;1;
202300027985;155 630 969;A01;1;7;0;2;1;1;1;
202300027986;155 630 960;A01;2;1;12;2;7;1;5;
202300027987;155 630 958;A01;3;7;0;2;1;1;1;
202300027987;155 630 961;B01;3;7;0;2;1;1;1;
202300027987;155 630 963;C01;3;7;0;2;1;1;1;
202300027988;155 630 957;A01;3;30;0;0;0;1;1;
202300027989;155 630 956;A01;1;7;0;2;1;1;1;
202300027989;155 630 959;B01;2;7;0;2;2;15;1;
202300027990;155 630 955;A01;2;1;0;1;8;1;5;
202300027991;155 630 954;A01;0;10;9;0;3;15;1;
202300027992;155 630 953;A01;2;7;0;1;1;1;1;
202300027993;155 630 950;A01;2;7;0;0;9;1;1;
202300027994;155 630 948;B01;1;13;0;2;2;1;1;
202300027994;155 630 952;A01;2;7;0;2;5;1;1;
202300027995;155 630 949;B01;0;7;0;2;8;15;1;
202300027995;155 630 951;A01;0;32;0;2;2;17;3;
202300027996;155 630 947;A01;1;7;0;1;1;0;1;
202300027997;155 630 946;A01;1;7;2;0;1;14;1;
202300027998;155 630 944;A01;0;10;0;1;2;16;0;
202300027999;155 630 941;B01;1;7;0;2;5;2;1;
202300027999;155 630 945;A01;1;33;0;2;1;13;1;
202300028000;155 630 940;A01;1;7;0;0;7;1;1;
202300028001;155 630 939;A01;1;1;0;2;1;13;5;
202300028001;155 630 942;C01;2;21;0;2;1;1;1;
202300028001;155 630 943;B01;1;1;0;2;1;13;5;
202300028002;155 630 936;A01;1;34;0;2;8;19;1;
202300028002;155 630 938;B01;2;13;0;2;1;1;1;
202300028003;155 630 933;A01;1;37;6;2;1;5;1;1
202300028003;155 630 935;B01;2;7;3;2;1;1;1;
202300028004;155 630 932;A01;1;33;0;2;3;1;1;
202300028004;155 630 934;B01;1;7;0;2;5;12;1;
202300028004;155 630 937;C01;1;10;0;2;6;1;1;
202300028005;155 630 929;B01;1;33;8;2;5;1;1;
202300028005;155 630 930;A01;1;7;0;2;3;15;1;
202300028006;155 630 928;A01;1;10;0;2;1;1;1;
202300028006;155 630 931;B01;1;7;0;0;4;15;1;
202300028007;155 630 927;A01;1;7;6;0;8;1;1;
202300028008;155 630 924;A01;1;17;0;2;7;12;1;
202300028008;155 630 926;B01;1;7;0;2;8;1;1;
202300028009;155 630 918;A01;1;7;0;2;3;1;1;
202300028009;155 630 922;B01;2;10;0;2;3;1;1;
202300028010;155 630 919;A01;1;7;1;0;1;2;1;
202300028010;155 630 921;B01;1;7;0;2;4;24;1;
202300028010;155 630 925;C01;1;7;0;2;4;24;3;
202300028011;155 630 920;B01;1;7;0;2;1;1;1;
202300028011;155 630 923;A01;2;7;0;2;1;13;1;
202300028012;155 630 917;A01;2;7;0;1;1;1;1;
202300028013;155 630 914;A01;0;33;0;2;3;1;1;
202300028014;155 630 911;B01;1;2;0;2;0;14;3;
202300028014;155 630 916;A01;2;7;0;2;2;1;1;
202300028015;155 630 913;A01;1;80;0;2;8;13;3;
202300028015;155 630 915;B01;1;17;0;2;2;17;6;
202300028016;155 630 910;A01;1;7;0;0;4;23;1;
202300028016;155 630 912;B01;1;10;1;0;7;14;1;
202300028017;155 630 908;B01;1;33;0;2;3;2;1;
202300028017;155 630 909;A01;1;7;1;2;3;14;1;
202300028018;155 630 907;A01;1;33;0;2;1;11;1;
202300028019;155 630 903;A01;2;7;0;2;3;15;1;
202300028019;155 630 905;B01;1;1;0;2;1;1;5;
202300028020;155 630 900;A01;0;32;0;2;2;1;1;
202300028020;155 630 904;B01;0;1;0;2;3;15;5;
202300028021;155 630 901;A01;2;10;0;2;8;15;1;
202300028021;155 630 906;B01;1;7;0;2;1;1;1;
202300028022;155 630 896;B01;1;7;0;2;4;2;1;
202300028022;155 630 898;C01;1;7;0;0;4;23;1;
202300028022;155 630 899;D01;1;15;0;0;7;2;1;
202300028022;155 630 902;A01;1;10;0;2;1;2;1;
202300028023;155 630 895;B01;1;1;0;0;0;1;5;
202300028023;155 630 897;A01;1;7;0;0;0;16;1;
202300028024;155 630 894;A01;2;33;3;0;8;13;1;
202300028025;155 630 893;A01;0;7;0;1;1;26;1;
202300028026;155 630 892;A01;3;2;9;0;1;1;1;
202300028027;155 630 891;A01;2;7;9;0;2;2;2;
202300028028;155 630 889;A01;2;1;7;0;1;14;5;
202300028029;155 630 887;A01;1;7;4;0;9;1;1;
202300028030;155 630 888;A01;2;37;0;1;1;1;1;3
202300028031;155 630 883;A01;2;7;0;1;1;1;1;
202300028032;155 630 885;A01;2;2;0;0;0;1;1;
202300028033;155 630 886;A01;1;10;0;1;4;4;1;
202300028034;155 630 882;A01;2;7;0;2;2;15;1;
202300028034;155 630 884;B01;1;1;0;2;1;18;5;
202300028035;155 630 879;A01;1;10;7;2;3;13;1;
202300028035;155 630 881;B01;2;7;0;2;3;1;1;
202300028036;155 630 876;A01;1;7;0;0;0;1;1;
202300028036;155 630 878;B01;1;7;0;2;0;1;1;
202300028037;155 630 875;A01;3;7;0;1;2;1;1;
202300028038;155 630 873;A01;2;7;0;0;9;1;1;
202300028039;155 630 872;D01;1;7;0;0;0;0;0;
202300028039;155 630 874;A01;1;7;0;0;4;2;1;
202300028039;155 630 877;B01;1;7;0;0;0;0;1;
202300028040;155 630 871;A01;2;7;2;0;1;14;1;
202300028041;155 630 869;A01;3;7;1;0;2;0;1;
202300028042;155 630 866;A01;2;10;0;1;4;4;1;
202300028043;155 630 868;A01;2;30;0;2;1;0;0;
202300028043;155 630 870;B01;1;7;0;2;1;17;1;
202300028044;155 630 867;A01;3;7;16;0;1;16;1;
202300028045;155 630 865;A01;1;7;13;0;3;13;1;
202300028046;155 630 863;A01;2;7;0;1;1;26;0;
202300028047;155 630 861;A01;2;7;4;0;1;0;1;
202300028048;155 630 858;B01;2;7;0;2;3;1;1;
202300028048;155 630 859;C01;2;7;0;2;1;1;1;
202300028048;155 630 862;A01;1;10;0;2;9;5;1;
202300028049;155 630 860;A01;2;7;0;2;3;13;3;
202300028049;155 630 864;B01;1;2;0;2;1;0;1;
202300028050;155 630 856;A01;0;7;13;0;1;0;1;
202300028051;155 630 853;A01;3;7;13;0;7;1;1;
202300028052;155 630 851;A01;1;99;0;1;4;4;1;
202300028053;155 630 852;A01;2;37;15;0;4;23;1;1
202300028053;155 630 855;B01;2;7;0;2;1;0;1;
202300028054;155 630 850;B01;1;7;0;2;1;1;0;
202300028054;155 630 854;A01;2;10;0;2;0;19;0;
202300028055;155 630 848;A01;0;7;0;0;1;1;1;
202300028055;155 630 849;B01;0;7;0;0;1;1;1;
202300028056;155 630 844;A01;1;7;4;0;3;1;1;
202300028057;155 630 843;A01;2;43;0;2;1;1;1;
202300028057;155 630 847;B01;2;7;0;2;8;1;1;
202300028058;155 630 841;B01;3;99;0;2;1;1;3;
202300028058;155 630 846;A01;3;7;0;2;2;15;2;
202300028059;155 630 839;C01;1;3;0;2;3;1;1;
202300028059;155 630 842;B01;2;7;0;2;3;1;1;
202300028059;155 630 845;A01;1;33;0;2;0;3;1;
202300028060;155 630 838;A01;1;7;0;1;3;15;1;
202300028061;155 630 837;B01;2;7;0;2;4;2;1;
202300028061;155 630 840;A01;2;7;0;2;1;2;1;
202300028062;155 630 832;B01;1;7;0;2;0;0;1;
202300028062;155 630 834;A01;1;7;0;2;1;2;2;
202300028063;155 630 833;A01;2;7;0;2;3;13;1;
202300028063;155 630 835;B01;1;15;0;2;3;0;1;
202300028064;155 630 831;A01;1;10;8;0;1;1;1;
202300028065;155 630 830;A01;2;7;0;2;5;23;1;
202300028065;155 630 836;B01;2;7;0;2;3;2;1;
202300028066;155 630 827;A01;1;7;0;1;4;4;1;
202300028067;155 630 825;A01;2;10;13;0;1;1;1;
202300028068;155 630 824;A01;0;1;0;1;1;1;5;
202300028069;155 630 823;D01;2;7;0;2;4;2;1;
202300028069;155 630 826;C01;2;7;0;2;4;2;1;
202300028069;155 630 828;A01;2;10;0;2;1;2;1;
202300028069;155 630 829;B01;2;7;0;2;4;2;1;
202300028070;155 630 821;A01;2;7;0;1;3;2;1;
202300028071;155 630 820;A01;2;7;3;0;7;12;1;
202300028072;155 630 819;A01;1;7;0;0;0;19;1;
202300028072;155 630 822;B01;1;7;3;0;1;21;1;
202300028073;155 630 817;A01;2;7;0;0;4;1;0;
202300028073;155 630 818;B01;2;7;0;2;1;1;0;
202300028074;155 630 814;A01;1;7;0;2;3;22;1;
202300028074;155 630 816;B01;1;1;1;0;2;1;5;
202300028075;155 630 812;A01;1;10;0;0;5;12;1;
202300028075;155 630 815;B01;1;31;0;2;1;1;1;
202300028076;155 630 809;A01;2;7;0;2;3;1;1;
202300028076;155 630 813;B01;1;33;0;2;8;1;1;
202300028077;155 630 810;A01;3;10;0;2;2;16;0;
202300028077;155 630 811;B01;3;10;0;2;5;15;0;
202300028078;155 630 805;A01;1;10;0;2;5;16;1;
202300028078;155 630 808;B01;1;32;0;2;8;1;1;
202300028079;155 630 803;A01;2;7;0;2;1;1;1;
202300028079;155 630 806;B01;2;7;0;2;1;1;1;
202300028079;155 630 807;C01;2;7;0;0;4;1;1;
202300028080;155 630 802;A01;2;7;0;2;3;2;1;
202300028080;155 630 804;B01;2;31;0;2;4;2;1;
202300028081;155 630 800;A01;2;7;0;0;7;1;1;
202300028082;155 630 799;Z01;1;14;1;0;0;20;0;
202300028082;155 630 801;B01;1;1;1;0;0;26;5;
202300028083;155 630 795;B01;2;7;0;2;4;1;1;
202300028083;155 630 797;A01;2;7;0;2;1;2;1;
202300028084;155 630 792;A01;1;30;0;2;8;1;1;
202300028084;155 630 796;B01;1;7;0;2;3;1;1;
202300028085;155 630 791;A01;1;31;0;2;1;18;1;
202300028085;155 630 794;B01;1;7;0;2;5;15;1;
202300028086;155 630 790;A01;0;7;1;0;2;17;0;
202300028086;155 630 793;B01;0;37;0;2;6;24;0;1
202300028087;155 630 787;A01;2;21;0;0;2;1;1;
202300028088;155 630 788;A01;3;7;0;1;3;2;1;
202300028089;155 630 785;B01;1;10;0;2;1;1;0;
202300028089;155 630 786;A01;1;10;0;2;4;1;0;
202300028090;155 630 783;A01;1;10;0;2;2;1;1;
202300028090;155 630 789;B01;1;41;0;2;8;15;1;
202300028091;155 630 782;B01;1;10;0;2;3;15;4;
202300028091;155 630 784;A01;1;33;15;2;1;17;1;
202300028092;155 630 779;A01;1;7;0;2;2;17;1;
202300028092;155 630 780;B01;1;7;0;2;3;15;1;
202300028093;155 630 777;A01;1;32;0;1;0;1;1;
202300028094;155 630 776;A01;2;10;16;0;0;13;1;
202300028095;155 630 775;C01;2;7;0;2;1;1;1;
202300028095;155 630 778;B01;2;7;0;2;4;1;1;
202300028095;155 630 781;A01;2;7;0;1;1;1;1;
202300028096;155 630 770;B01;1;7;0;2;4;1;0;
202300028096;155 630 773;A01;1;7;0;2;1;2;0;
202300028097;155 630 771;B01;1;30;0;2;2;23;1;
202300028097;155 630 774;A01;1;7;0;2;3;15;1;
202300028098;155 630 767;A01;0;99;0;1;3;19;6;
202300028099;155 630 766;A01;1;7;0;2;3;13;1;
202300028099;155 630 768;B01;2;14;2;2;1;26;1;
202300028100;155 630 764;A01;1;33;0;2;1;2;1;
202300028100;155 630 765;B01;1;10;0;0;4;2;1;
202300028101;155 630 761;A01;0;7;0;2;2;17;1;
202300028101;155 630 763;B01;0;10;0;0;3;15;3;
202300028102;155 630 759;A01;2;7;0;2;3;5;1;
202300028102;155 630 762;B01;1;10;0;2;3;1;1;
202300028103;155 630 758;A01;1;7;0;2;2;17;1;
202300028103;155 630 760;B01;1;21;0;2;6;15;1;
202300028104;155 630 755;B01;3;31;0;0;8;13;3;
202300028104;155 630 757;A01;3;7;0;0;0;15;1;