Num_Acc;id_vehicule;num_veh;senc;catv;obs;obsm;choc;manv;motor;occutc
202300028105;155 630 750;A01;3;7;0;2;3;15;1;
202300028106;155 630 748;A01;3;1;0;6;1;1;5;
202300028107;155 630 747;A01;1;7;0;2;1;5;1;
202300028107;155 630 749;B01;2;10;0;2;1;23;1;
202300028108;155 630 746;A01;3;7;0;1;1;15;1;
202300028109;155 630 743;A01;2;7;0;2;2;15;2;
202300028109;155 630 745;B01;1;33;0;2;1;1;1;
202300028110;155 630 741;A01;3;1;0;0;7;1;5;
202300028111;155 630 739;A01;2;35;0;0;0;1;1;
202300028112;155 630 738;A01;1;7;0;9;3;1;1;
202300028112;155 630 740;B01;2;1;0;2;7;0;5;
202300028113;155 630 737;Z01;0;10;0;1;0;16;0;
202300028114;155 630 735;A01;1;7;16;0;0;13;1;
202300028115;155 630 734;B01;2;10;0;2;2;14;1;
202300028115;155 630 736;A01;2;14;0;0;6;23;1;
202300028116;155 630 731;B01;0;60;1;0;1;1;5;
202300028116;155 630 733;A01;0;10;0;2;8;22;1;
202300028117;155 630 730;A01;2;7;2;0;1;13;1;
202300028118;155 630 727;A01;1;7;16;0;9;1;1;
202300028119;155 630 726;B01;2;7;0;2;6;1;1;
202300028119;155 630 729;A01;2;31;0;2;1;21;1;
202300028120;155 630 725;B01;2;7;0;2;5;2;1;
202300028120;155 630 728;A01;2;32;0;2;1;2;1;
202300028121;155 630 722;A01;1;80;0;2;8;13;3;
202300028121;155 630 724;B01;1;33;0;2;2;17;1;
202300028122;155 630 720;A01;2;7;0;1;1;1;1;
202300028123;155 630 717;D01;2;7;0;2;1;1;1;
202300028123;155 630 719;B01;2;7;0;2;1;1;1;
202300028123;155 630 721;A01;1;7;0;2;1;26;0;
202300028123;155 630 723;C01;2;10;0;2;1;1;1;
202300028124;155 630 716;A01;3;7;0;2;1;17;0;
202300028124;155 630 718;B01;3;3;0;2;3;15;0;
202300028125;155 630 714;A01;2;7;0;2;1;15;0;
202300028125;155 630 715;B01;1;33;0;2;1;1;0;
202300028126;155 630 708;A01;1;7;0;2;1;1;1;
202300028126;155 630 711;B01;2;33;0;2;1;17;1;
202300028127;155 630 710;A01;2;7;3;2;0;1;1;
202300028127;155 630 712;B01;2;7;0;2;0;2;1;
202300028127;155 630 713;C01;2;7;0;2;1;2;1;
202300028128;155 630 707;A01;3;7;0;2;3;1;1;
202300028128;155 630 709;B01;3;33;0;2;1;26;1;
202300028129;155 630 703;A01;2;43;1;0;1;1;1;
202300028129;155 630 706;B01;2;10;0;2;4;23;1;
202300028130;155 630 704;A01;2;15;3;0;2;14;1;
202300028131;155 630 702;A01;2;33;0;2;2;1;1;
202300028131;155 630 705;B01;3;7;0;2;3;9;1;
202300028132;155 630 701;A01;1;7;2;0;2;1;1;
202300028133;155 630 698;A01;1;7;0;2;1;2;1;
202300028133;155 630 700;B01;1;14;0;2;4;1;1;
202300028134;155 630 697;A01;2;7;0;0;6;9;1;
202300028134;155 630 699;B01;1;33;0;2;3;1;1;
202300028135;155 630 694;A01;1;7;0;2;3;13;1;
202300028135;155 630 696;B01;2;7;0;2;3;1;1;
202300028136;155 630 691;A01;2;7;0;2;8;13;0;
202300028136;155 630 693;B01;1;7;0;0;3;1;1;
202300028137;155 630 690;A01;2;10;0;2;1;2;1;
202300028137;155 630 692;B01;2;7;0;2;4;2;1;
202300028137;155 630 695;C01;2;7;0;2;4;2;1;
202300028138;155 630 687;A01;1;31;0;0;7;0;3;
202300028139;155 630 685;B01;1;10;0;0;6;16;1;
202300028139;155 630 688;A01;1;33;0;0;1;1;1;
202300028140;155 630 684;A01;1;7;0;2;1;15;1;
202300028140;155 630 686;B01;1;7;0;2;1;1;1;
202300028140;155 630 689;C01;2;7;0;2;1;1;1;
202300028141;155 630 680;B01;1;33;0;2;1;2;1;
202300028141;155 630 683;A01;1;7;0;2;4;2;1;
202300028142;155 630 677;A01;1;10;0;1;1;15;1;
202300028143;155 630 676;B01;2;10;0;0;0;1;1;
202300028143;155 630 678;A01;1;80;12;0;9;21;3;
202300028144;155 630 675;C01;2;7;0;0;6;1;1;
202300028144;155 630 679;A01;2;7;0;2;1;1;1;
202300028144;155 630 681;B01;1;10;0;2;1;1;1;
202300028145;155 630 674;A01;2;1;0;0;0;21;5;
202300028146;155 630 673;A01;3;7;0;0;2;0;1;
202300028147;155 630 672;A01;1;15;2;0;3;1;1;
202300028148;155 630 671;A01;3;30;0;0;0;16;1;
202300028149;155 630 668;A01;1;7;0;2;2;19;1;
202300028149;155 630 669;B01;2;2;0;2;1;1;3;
202300028150;155 630 666;A01;2;7;17;0;1;1;1;
202300028151;155 630 665;A01;1;7;0;2;2;16;1;
202300028151;155 630 667;B01;1;1;0;2;1;1;5;
202300028152;155 630 663;A01;2;7;0;0;2;2;1;
202300028152;155 630 664;B01;2;7;0;0;6;24;1;
202300028153;155 630 660;B01;2;80;0;2;7;19;3;
202300028153;155 630 661;A01;1;7;0;2;1;17;1;
202300028154;155 630 654;A01;1;7;0;1;1;1;1;
202300028155;155 630 652;A01;1;7;17;0;1;17;0;
202300028156;155 630 653;A01;1;7;0;2;1;1;1;
202300028156;155 630 655;B01;1;31;0;2;4;23;1;
202300028157;155 630 650;B01;1;1;0;2;0;1;5;
202300028157;155 630 651;A01;1;7;13;9;7;1;1;
202300028158;155 630 649;A01;1;2;14;0;7;13;1;
202300028159;155 630 647;B01;2;7;0;2;6;1;2;
202300028159;155 630 648;A01;2;80;0;2;6;1;3;
202300028160;155 630 644;A01;2;7;0;2;3;13;1;
202300028160;155 630 646;B01;1;7;0;2;3;1;0;
202300028161;155 630 643;A01;1;7;0;2;3;19;1;
202300028161;155 630 645;B01;1;13;0;2;1;1;1;
202300028162;155 630 641;B01;2;1;0;2;2;1;5;
202300028162;155 630 642;A01;2;80;0;2;3;15;3;
202300028163;155 630 639;A01;2;2;0;2;1;1;1;
202300028163;155 630 640;B01;1;7;0;9;3;1;1;
202300028164;155 630 638;A01;1;7;0;1;2;0;1;
202300028165;155 630 635;B01;2;7;0;2;4;23;1;
202300028165;155 630 636;A01;2;1;0;2;1;1;5;
202300028166;155 630 634;B01;3;37;0;2;3;1;1;1
202300028166;155 630 637;A01;3;1;0;2;7;5;5;
202300028167;155 630 630;A01;1;7;0;2;3;15;1;
202300028167;155 630 632;B01;2;7;0;2;1;1;1;
202300028167;155 630 633;C01;1;7;0;2;1;23;1;
202300028168;155 630 628;A01;2;7;0;2;3;13;1;
202300028168;155 630 631;B01;1;7;0;2;3;1;1;
202300028169;155 630 627;A01;2;1;0;2;1;1;5;
202300028169;155 630 629;Z01;2;7;0;2;0;22;1;
202300028170;155 630 626;A01;2;2;0;0;0;1;1;
202300028171;155 630 623;A01;2;7;0;2;3;13;1;
202300028171;155 630 625;B01;2;7;0;2;3;1;0;
202300028172;155 630 621;A01;1;7;0;2;1;2;1;
202300028172;155 630 622;B01;1;7;0;0;4;1;1;
202300028173;155 630 618;B01;1;1;0;2;1;1;5;
202300028173;155 630 619;A01;2;7;0;2;2;16;1;
202300028174;155 630 617;A01;1;7;2;0;1;1;1;
202300028175;155 630 615;A01;1;7;6;0;1;13;1;
202300028176;155 630 613;A01;2;2;0;1;1;17;1;
202300028177;155 630 614;B01;2;7;0;2;3;1;1;
202300028177;155 630 616;A01;1;7;0;2;3;13;1;
202300028178;155 630 611;B01;1;15;0;0;4;23;1;
202300028178;155 630 612;A01;1;1;0;2;4;2;5;
202300028179;155 630 607;A01;2;33;0;2;8;1;1;
202300028179;155 630 609;B01;2;1;0;2;7;2;5;
202300028180;155 630 608;A01;2;7;3;0;1;2;1;
202300028180;155 630 610;B01;2;7;3;0;4;23;1;
202300028181;155 630 604;A01;1;7;0;1;1;1;1;
202300028182;155 630 605;B01;1;7;0;2;3;15;1;
202300028182;155 630 606;A01;1;33;0;2;1;17;1;
202300028183;155 630 602;A01;1;2;0;2;1;0;1;
202300028183;155 630 603;B01;1;7;0;2;3;16;1;
202300028184;155 630 599;B01;1;2;0;2;8;2;1;
202300028184;155 630 601;A01;2;7;0;2;2;17;1;
202300028185;155 630 597;A01;3;33;0;2;1;15;1;
202300028185;155 630 600;B01;3;10;0;2;8;1;1;
202300028186;155 630 596;A01;1;7;13;0;9;1;1;
202300028187;155 630 593;A01;2;2;0;2;3;13;1;
202300028187;155 630 595;B01;1;7;0;2;3;1;1;
202300028188;155 630 591;C01;3;7;0;0;4;2;0;
202300028188;155 630 592;B01;3;7;0;2;4;2;1;
202300028188;155 630 594;A01;3;7;0;2;1;2;1;
202300028189;155 630 589;A01;3;2;12;0;8;1;1;
202300028190;155 630 588;A01;2;7;0;2;2;1;0;
202300028190;155 630 590;B01;2;2;0;2;9;5;0;
202300028191;155 630 587;A01;2;7;1;0;2;1;1;
202300028192;155 630 582;B01;3;7;0;2;3;15;1;
202300028192;155 630 586;A01;3;2;0;2;7;1;1;
202300028193;155 630 581;A01;3;7;0;2;2;17;1;
202300028193;155 630 584;B01;3;7;0;2;6;1;1;
202300028194;155 630 580;A01;1;17;0;2;1;2;1;
202300028194;155 630 583;B01;1;10;0;2;9;2;1;
202300028194;155 630 585;C01;1;10;0;0;4;2;1;
202300028195;155 630 577;A01;2;33;0;2;7;17;1;
202300028195;155 630 579;B01;2;7;0;2;3;15;1;
202300028196;155 630 574;A01;1;33;0;2;1;17;1;
202300028196;155 630 576;B01;1;7;0;2;8;1;1;
202300028196;155 630 578;C01;1;7;0;2;4;1;1;
202300028197;155 630 572;A01;1;17;0;0;6;23;1;
202300028197;155 630 573;B01;1;10;0;2;9;23;1;
202300028197;155 630 575;C01;1;10;0;2;1;1;1;
202300028198;155 630 569;A01;1;7;0;2;1;2;0;
202300028198;155 630 571;B01;2;7;0;2;8;9;0;
202300028199;155 630 568;B01;2;15;0;2;1;2;1;
202300028199;155 630 570;A01;2;7;0;2;4;0;1;
202300028200;155 630 566;A01;1;7;4;0;1;2;1;
202300028201;155 630 564;A01;2;7;5;2;8;18;1;
202300028201;155 630 567;B01;2;15;0;2;7;1;1;
202300028202;155 630 563;B01;2;33;0;2;1;1;1;
202300028202;155 630 565;A01;2;7;0;2;8;11;1;
202300028203;155 630 560;A01;1;34;0;2;1;12;1;
202300028203;155 630 562;B01;1;14;0;0;4;1;1;
202300028204;155 630 561;A01;2;7;13;0;7;26;1;
202300028205;155 630 554;A01;1;7;3;0;2;17;1;
202300028205;155 630 557;B01;1;7;0;0;6;13;1;
202300028206;155 630 553;A01;1;7;0;2;3;10;1;
202300028206;155 630 556;B01;1;43;0;2;1;17;1;
202300028207;155 630 552;A01;2;13;0;2;1;2;1;
202300028207;155 630 555;C01;2;7;0;2;4;2;1;
202300028207;155 630 558;B01;2;7;0;2;4;2;1;
202300028207;155 630 559;D01;2;7;0;2;4;2;1;
202300028208;155 630 548;A01;1;7;3;0;3;21;1;
202300028209;155 630 547;A01;1;2;0;2;1;13;1;
202300028209;155 630 550;B01;2;15;0;2;1;13;1;
202300028210;155 630 546;C01;2;7;0;2;1;2;6;
202300028210;155 630 549;A01;2;7;3;0;6;1;6;
202300028210;155 630 551;B01;2;7;3;2;2;11;6;
202300028211;155 630 542;A01;1;7;6;0;1;0;0;
202300028212;155 630 541;A01;1;33;0;2;7;2;1;
202300028212;155 630 544;B01;1;7;0;2;8;2;1;
202300028213;155 630 543;B01;1;7;0;2;1;1;1;
202300028213;155 630 545;A01;2;7;0;2;1;15;1;
202300028214;155 630 538;A01;1;7;0;2;2;21;1;
202300028214;155 630 540;B01;1;7;0;2;6;2;1;
202300028215;155 630 534;B01;2;10;0;0;3;1;1;
202300028215;155 630 536;A01;1;7;14;0;1;13;0;
202300028216;155 630 535;A01;1;7;0;2;1;13;1;
202300028216;155 630 537;B01;2;7;0;2;1;1;1;
202300028216;155 630 539;C01;2;10;0;2;1;1;1;
202300028217;155 630 533;A01;2;7;4;0;1;1;1;
202300028218;155 630 530;A01;1;15;13;2;3;21;1;
202300028218;155 630 532;B01;2;7;13;2;3;13;1;
202300028219;155 630 528;A01;1;10;0;1;3;1;1;
202300028220;155 630 527;A01;1;33;0;0;6;1;1;
202300028221;155 630 524;A01;2;7;0;2;2;13;1;
202300028221;155 630 526;B01;1;7;0;2;1;1;1;
202300028222;155 630 523;B01;1;7;0;2;4;1;1;
202300028222;155 630 525;A01;1;7;0;2;1;26;1;
202300028223;155 630 521;B01;3;17;0;2;8;1;1;
202300028223;155 630 522;A01;3;7;0;2;3;1;1;
202300028224;155 630 516;C01;2;7;0;2;4;1;1;
202300028224;155 630 518;A01;2;7;0;2;8;13;1;
202300028224;155 630 519;B01;2;32;0;2;1;3;1;
202300028225;155 630 517;A01;1;10;0;2;6;1;1;
202300028225;155 630 520;B01;1;7;0;2;1;1;1;
202300028226;155 630 514;A01;1;10;0;2;1;13;1;
202300028226;155 630 515;B01;2;7;0;2;3;1;1;
202300028227;155 630 513;A01;2;7;13;0;2;1;1;
202300028228;155 630 511;A01;1;33;0;0;0;21;1;
202300028229;155 630 508;C01;2;7;0;2;5;1;1;
202300028229;155 630 510;B01;2;7;0;2;8;13;1;
202300028229;155 630 512;A01;2;33;0;2;8;3;1;
202300028230;155 630 506;A01;1;7;3;0;3;2;0;
202300028231;155 630 502;A01;2;33;0;2;2;3;1;
202300028231;155 630 505;B01;2;10;0;2;6;1;1;
202300028232;155 630 500;C01;1;7;0;0;5;19;1;
202300028232;155 630 503;B01;1;33;0;2;1;1;1;
202300028233;155 630 494;A01;2;7;3;2;1;13;1;
202300028233;155 630 497;C01;2;7;0;2;1;1;1;
202300028233;155 630 499;D01;2;17;0;0;8;1;1;
202300028233;155 630 501;E01;2;7;0;0;1;1;1;
202300028233;155 630 504;B01;2;10;0;2;1;1;1;
202300028234;155 630 492;D01;2;7;0;2;4;2;1;
202300028234;155 630 495;A01;2;10;0;2;1;2;1;
202300028234;155 630 496;B01;2;7;0;2;4;1;1;
202300028234;155 630 498;C01;2;7;0;2;4;2;1;
202300028235;155 630 491;B01;1;7;0;0;4;1;1;
202300028235;155 630 493;A01;1;7;0;2;1;2;1;
202300028236;155 630 490;A01;1;7;0;1;3;0;1;
202300028237;155 630 487;A01;3;30;0;2;0;13;0;
202300028237;155 630 489;B01;3;7;0;2;3;1;1;
202300028238;155 630 486;B01;3;7;0;2;1;1;1;
202300028238;155 630 488;A01;3;7;0;2;1;1;1;
202300028239;155 630 485;A01;1;7;6;0;1;1;1;
202300028240;155 630 482;A01;1;7;0;2;1;1;1;
202300028240;155 630 484;B01;1;7;0;2;3;1;1;
202300028241;155 630 479;A01;2;7;0;0;4;1;0;
202300028241;155 630 481;B01;2;31;0;2;1;1;0;
202300028241;155 630 483;C01;1;7;0;9;2;1;0;
202300028242;155 630 478;A01;1;32;0;1;8;5;1;
202300028243;155 630 477;B01;3;7;0;2;1;1;1;
202300028243;155 630 480;A01;3;2;0;2;5;1;1;
202300028244;155 630 474;B01;2;7;13;2;1;1;1;
202300028244;155 630 476;A01;2;7;13;2;3;19;1;
202300028245;155 630 473;A01;2;7;0;1;2;1;1;
202300028246;155 630 472;A01;1;7;0;2;3;1;1;
202300028246;155 630 475;B01;1;7;1;0;3;16;1;
202300028247;155 630 471;A01;1;10;13;0;1;0;1;
202300028248;155 630 468;A01;2;7;0;2;1;15;1;
202300028248;155 630 470;B01;1;7;0;2;1;1;1;
202300028249;155 630 466;A01;2;1;0;2;6;1;5;
202300028249;155 630 469;B01;2;7;0;2;1;2;0;
202300028250;155 630 465;A01;2;7;0;2;1;1;0;
202300028250;155 630 467;B01;0;2;0;2;0;0;0;
202300028251;155 630 464;A01;0;7;9;0;1;0;1;
202300028252;155 630 462;B01;1;1;0;2;7;19;5;
202300028252;155 630 463;A01;1;7;0;2;1;1;1;
202300028253;155 630 459;A01;3;7;6;0;7;1;0;
202300028254;155 630 456;B01;2;2;0;2;1;1;1;
202300028254;155 630 458;A01;1;10;0;2;2;19;1;
202300028255;155 630 454;A01;1;40;0;2;1;9;3;
202300028255;155 630 457;B01;2;1;0;4;6;19;5;
202300028256;155 630 453;B01;1;7;-1;-1;-1;19;1;
202300028256;155 630 455;A01;1;10;0;0;1;1;1;
202300028257;155 630 450;B01;1;7;0;2;1;2;1;
202300028257;155 630 452;A01;1;33;0;0;4;1;1;
202300028258;155 630 449;B01;3;7;0;2;3;1;1;
202300028258;155 630 451;A01;1;7;0;2;3;1;1;
202300028259;155 630 447;A01;1;33;0;2;1;17;1;
202300028259;155 630 448;B01;1;7;0;2;8;15;1;
202300028260;155 630 443;C01;1;10;0;2;1;21;1;
202300028260;155 630 445;A01;1;10;0;2;4;1;1;
202300028260;155 630 446;B01;1;7;0;2;1;2;1;
202300028261;155 630 441;A01;1;7;0;2;1;1;1;
202300028261;155 630 444;B01;2;50;0;2;7;19;3;
202300028262;155 630 440;A01;2;7;0;2;3;1;1;
202300028262;155 630 442;B01;1;7;0;2;3;1;1;
202300028263;155 630 434;A01;2;7;0;2;4;1;1;
202300028263;155 630 438;B01;2;7;0;2;1;2;1;
202300028263;155 630 439;C01;2;10;0;2;1;2;1;
202300028264;155 630 435;A01;3;2;0;2;3;1;1;
202300028264;155 630 437;B01;3;7;0;2;3;1;1;
202300028265;155 630 436;A01;1;7;0;1;1;13;1;
202300028266;155 630 432;A01;2;7;0;0;1;0;1;
202300028267;155 630 430;A01;1;7;0;2;3;1;1;
202300028267;155 630 433;B01;2;7;0;0;3;13;1;
202300028268;155 630 429;A01;0;10;0;2;2;26;1;
202300028268;155 630 431;B01;0;33;0;0;0;0;1;
202300028269;155 630 427;A01;1;7;4;0;1;1;1;
202300028270;155 630 426;A01;2;7;0;2;6;21;1;
202300028270;155 630 428;B01;2;7;0;2;2;0;1;
202300028271;155 630 424;A01;2;7;0;2;2;12;1;
202300028271;155 630 425;B01;2;33;0;2;3;1;1;
202300028272;155 630 421;A01;2;7;0;2;2;1;1;
202300028272;155 630 423;B01;2;7;0;2;6;1;1;
202300028273;155 630 420;A01;2;33;0;2;0;3;1;
202300028273;155 630 422;B01;2;7;0;2;6;12;1;
202300028274;155 630 419;A01;2;7;0;1;2;13;1;
202300028275;155 630 418;A01;1;7;4;0;1;1;1;
202300028276;155 630 415;A01;2;7;0;1;1;1;1;
202300028277;155 630 413;A01;1;7;0;2;1;2;1;
202300028277;155 630 416;B01;1;10;0;2;4;1;1;
202300028277;155 630 417;C01;1;10;0;2;4;1;1;
202300028278;155 630 412;B01;2;7;0;2;2;15;1;
202300028278;155 630 414;A01;1;32;0;2;1;8;1;
202300028279;155 630 410;B01;1;7;0;2;6;2;1;
202300028279;155 630 411;A01;1;7;3;2;1;2;1;
202300028280;155 630 407;A01;2;7;0;2;0;13;1;
202300028280;155 630 409;B01;1;7;0;2;1;1;1;
202300028281;155 630 406;A01;2;33;0;2;8;2;1;
202300028281;155 630 408;B01;2;7;0;2;7;2;1;
202300028282;155 630 405;A01;2;99;0;1;2;1;1;
202300028283;155 630 402;A01;2;7;0;2;1;2;1;
202300028283;155 630 404;B01;2;10;0;2;4;1;1;
202300028284;155 630 398;A01;3;7;0;2;1;17;1;
202300028284;155 630 401;B01;3;7;6;2;3;15;1;
202300028285;155 630 399;A01;1;7;0;1;2;1;1;
202300028286;155 630 396;B01;1;7;0;2;4;1;1;
202300028286;155 630 400;A01;1;10;0;2;1;1;1;
202300028286;155 630 403;C01;1;7;0;2;4;1;1;
202300028287;155 630 395;A01;2;7;0;2;1;2;1;
202300028287;155 630 397;B01;2;7;0;2;4;2;1;
202300028288;155 630 394;A01;1;7;0;2;1;15;1;
202300028289;155 630 392;A01;1;7;4;0;3;13;0;
202300028290;155 630 390;A01;2;7;0;2;1;5;1;
202300028290;155 630 393;B01;1;7;0;2;1;1;1;
202300028291;155 630 388;A01;1;42;4;0;2;1;1;
202300028292;155 630 384;A01;1;7;0;2;4;1;1;
202300028292;155 630 387;B01;1;7;0;2;4;1;1;
202300028292;155 630 389;C01;1;10;0;2;5;1;1;
202300028292;155 630 391;D01;1;43;0;2;1;3;1;
202300028293;155 630 382;A01;1;7;1;2;2;17;0;
202300028293;155 630 385;B01;1;7;0;2;1;20;0;
202300028294;155 630 383;A01;1;7;4;2;1;0;1;
202300028294;155 630 386;B01;1;10;0;0;0;0;1;
202300028295;155 630 379;A01;3;15;0;2;2;12;1;
202300028295;155 630 381;B01;1;7;0;2;8;1;1;
202300028296;155 630 376;A01;1;7;0;2;1;2;1;
202300028296;155 630 380;B01;1;7;0;2;4;2;1;
202300028297;155 630 375;A01;1;34;0;2;3;9;1;
202300028297;155 630 378;B01;1;7;0;2;2;1;1;
202300028298;155 630 370;D01;1;7;3;0;1;1;1;
202300028298;155 630 373;A01;1;7;0;2;8;3;1;
202300028298;155 630 374;B01;1;7;0;2;7;1;1;
202300028298;155 630 377;C01;1;7;3;2;3;1;2;
202300028299;155 630 369;A01;1;7;1;2;3;2;1;
202300028300;155 630 372;A01;1;33;0;1;1;1;1;
202300028301;155 630 368;B01;1;7;0;2;4;2;1;
202300028301;155 630 371;A01;1;33;0;2;1;2;1;
202300028302;155 630 362;B01;2;7;0;2;3;0;1;
202300028302;155 630 367;A01;1;7;0;2;0;13;1;
202300028303;155 630 361;A01;2;43;0;2;2;3;1;
202300028303;155 630 366;B01;2;7;0;2;6;11;1;
202300028304;155 630 360;C01;1;7;0;2;4;1;1;
202300028304;155 630 363;B01;1;7;0;2;2;14;1;
202300028304;155 630 365;A01;1;33;0;2;3;3;1;
202300028305;155 630 364;A01;2;80;0;1;8;2;3;
202300028306;155 630 358;A01;2;7;4;0;1;1;1;
202300028307;155 630 355;B01;1;7;0;2;8;11;1;
202300028307;155 630 357;A01;1;15;0;2;1;1;1;
202300028308;155 630 354;A01;2;7;0;1;7;1;1;
202300028309;155 630 353;A01;3;0;0;2;4;26;-1;
202300028309;155 630 356;C01;3;7;1;2;1;26;2;
202300028309;155 630 359;B01;3;7;0;2;1;1;2;
202300028310;155 630 352;A01;1;7;3;0;1;2;1;
202300028311;155 630 348;B01;1;32;0;2;4;11;1;
202300028311;155 630 351;A01;1;32;0;2;2;1;1;
202300028312;155 630 343;B01;1;7;0;2;2;1;1;
202300028312;155 630 345;A01;1;7;0;2;5;19;1;
202300028313;155 630 346;A01;2;7;0;2;2;15;6;
202300028313;155 630 350;B01;2;2;0;2;1;1;3;
202300028314;155 630 341;A01;1;7;0;2;1;3;1;
202300028314;155 630 344;B01;1;7;0;2;4;2;1;
202300028314;155 630 347;C01;1;7;0;2;5;2;1;
202300028314;155 630 349;D01;1;7;0;2;6;2;1;
202300028315;155 630 340;B01;2;33;0;2;3;0;1;
202300028315;155 630 342;A01;2;7;0;2;2;12;1;
202300028316;155 630 335;A01;1;43;0;2;2;1;1;
202300028316;155 630 339;B01;1;7;0;2;8;1;1;
202300028317;155 630 334;A01;2;43;0;2;7;3;1;
202300028317;155 630 338;Z01;2;7;0;2;8;11;1;
202300028318;155 630 337;A01;1;50;0;1;1;17;3;
202300028319;155 630 333;A01;2;7;0;2;1;12;1;
202300028319;155 630 336;B01;2;33;0;2;4;1;1;
202300028320;155 630 331;A01;1;7;4;0;1;1;1;
202300028321;155 630 326;B01;2;7;0;2;4;2;1;
202300028321;155 630 328;C01;2;7;0;2;4;2;3;
202300028321;155 630 332;A01;2;7;0;2;1;2;1;
202300028322;155 630 324;B01;2;7;0;2;2;2;2;
202300028322;155 630 327;C01;2;7;0;2;3;2;1;
202300028322;155 630 330;A01;2;7;0;2;6;1;1;
202300028323;155 630 325;A01;1;10;0;2;0;1;1;
202300028323;155 630 329;B01;1;7;0;2;0;16;1;
202300028324;155 630 320;B01;1;7;0;2;4;23;1;
202300028324;155 630 322;A01;1;7;0;2;1;1;1;
202300028325;155 630 319;A01;2;7;0;2;2;1;1;
202300028325;155 630 323;B01;2;7;0;2;0;0;1;
202300028326;155 630 317;A01;2;50;0;0;0;1;3;
202300028327;155 630 311;A01;3;7;0;2;3;13;1;
202300028327;155 630 313;B01;3;31;0;2;1;1;1;
202300028328;155 630 310;F01;1;15;0;2;1;1;0;
202300028328;155 630 312;E01;1;7;0;2;6;1;1;
202300028328;155 630 315;D01;1;13;0;2;4;1;4;
202300028328;155 630 316;A01;1;15;0;2;4;1;1;
202300028328;155 630 318;C01;1;15;0;2;4;1;1;
202300028328;155 630 321;B01;1;7;0;2;4;1;1;
202300028329;155 630 309;A01;2;7;0;2;7;15;1;
202300028329;155 630 314;B01;1;33;0;2;1;1;1;
202300028330;155 630 307;A01;1;1;0;2;4;2;5;
202300028330;155 630 308;Z01;1;7;0;2;1;1;0;
202300028331;155 630 305;A01;1;7;0;1;1;2;2;
202300028332;155 630 304;A01;2;33;0;2;1;26;1;
202300028332;155 630 306;B01;2;7;0;2;2;12;1;
202300028333;155 630 303;A01;3;7;7;0;1;13;1;
202300028334;155 630 299;A01;2;7;4;0;8;13;1;
202300028335;155 630 300;A01;2;1;0;2;1;1;5;
202300028335;155 630 302;B01;1;1;0;2;1;1;5;
202300028336;155 630 298;A01;3;7;0;2;1;1;1;
202300028336;155 630 301;B01;3;7;0;2;5;9;1;
202300028337;155 630 290;A01;1;7;6;2;1;2;1;
202300028337;155 630 293;B01;1;7;14;2;1;2;1;
202300028337;155 630 296;C01;1;7;14;2;1;2;1;
202300028338;155 630 291;Z01;1;1;0;1;3;16;5;
202300028339;155 630 289;B01;1;7;0;2;4;23;1;
202300028339;155 630 292;C01;1;7;0;2;4;23;1;
202300028339;155 630 295;A01;1;7;0;2;1;1;1;
202300028340;155 630 286;Z01;3;1;0;1;1;0;5;
202300028341;155 630 284;A01;1;7;8;0;1;6;1;
202300028342;155 630 285;B01;1;43;0;2;1;1;1;
202300028342;155 630 288;A01;1;7;0;2;1;15;1;
202300028343;155 630 283;B01;1;7;0;2;1;1;1;
202300028343;155 630 287;A01;1;1;0;2;7;19;5;
202300028344;155 630 282;A01;3;33;0;1;1;1;1;
202300028345;155 630 279;A01;1;7;0;2;7;19;1;
202300028345;155 630 281;B01;1;7;0;2;8;0;1;
202300028346;155 630 280;A01;1;7;1;0;3;13;1;
202300028347;155 630 278;A01;1;7;0;1;1;15;1;
202300028348;155 630 275;A01;3;10;0;2;1;26;0;
202300028348;155 630 277;B01;3;7;0;2;4;1;0;
202300028349;155 630 273;A01;1;7;0;2;3;9;1;
202300028349;155 630 276;B01;2;33;0;2;7;1;1;
202300028350;155 630 270;B01;1;1;0;2;1;1;5;
202300028350;155 630 274;A01;2;32;0;2;1;1;1;
202300028351;155 630 268;A01;3;7;0;2;1;1;1;
202300028351;155 630 271;B01;3;7;0;2;4;1;1;
202300028352;155 630 267;A01;1;7;0;2;1;1;2;
202300028352;155 630 269;B01;1;7;0;2;4;1;1;
202300028352;155 630 272;C01;1;7;0;2;4;1;1;
202300028353;155 630 264;A01;1;30;0;0;4;3;1;
202300028353;155 630 265;B01;1;7;0;2;2;21;1;
202300028354;155 630 263;A01;2;30;0;2;1;1;1;
202300028354;155 630 266;B01;3;13;0;2;8;16;1;
202300028355;155 630 262;A01;0;7;0;0;0;0;6;
202300028356;155 630 257;A01;2;31;0;2;1;12;3;
202300028356;155 630 260;B01;0;7;0;2;0;10;1;
202300028357;155 630 259;A01;2;7;0;2;2;17;1;
202300028357;155 630 261;B01;2;7;0;2;6;0;2;
202300028358;155 630 254;A01;1;50;0;2;1;5;3;
202300028358;155 630 258;B01;2;7;0;2;3;16;1;
202300028359;155 630 255;A01;2;7;0;2;2;9;0;
202300028359;155 630 256;B01;2;2;0;0;0;0;0;
202300028360;155 630 250;A01;1;7;0;2;3;1;2;
202300028360;155 630 253;B01;2;32;0;2;1;15;1;
202300028361;155 630 249;B01;2;50;0;1;1;5;3;
202300028362;155 630 248;A01;2;33;0;2;1;1;1;