Num_Acc;id_vehicule;num_veh;senc;catv;obs;obsm;choc;manv;motor;occutc
202300028362;155 630 251;Z01;2;7;0;0;0;0;0;
202300028363;155 630 247;A01;2;7;0;9;3;15;1;
202300028363;155 630 252;B01;1;80;0;2;3;1;3;
202300028364;155 630 246;A01;0;7;0;1;4;20;1;
202300028365;155 630 243;A01;2;7;0;2;1;1;0;
202300028365;155 630 245;B01;2;7;0;2;0;0;2;
202300028366;155 630 242;A01;1;7;0;2;1;1;1;
202300028366;155 630 244;B01;1;7;0;2;4;1;1;
202300028367;155 630 241;A01;3;1;0;1;1;25;5;
202300028368;155 630 238;A01;2;33;0;2;4;1;1;
202300028368;155 630 240;B01;2;0;0;2;1;2;0;
202300028369;155 630 237;A01;1;10;0;1;2;1;6;
202300028370;155 630 236;A01;3;2;12;0;9;19;1;
202300028370;155 630 239;B01;3;7;0;2;1;1;1;
202300028371;155 630 232;A01;1;2;0;2;1;13;1;
202300028371;155 630 235;B01;1;2;0;2;1;1;1;
202300028372;155 630 231;A01;1;7;0;2;2;1;1;
202300028372;155 630 233;B01;2;99;0;2;8;19;3;
202300028373;155 630 229;A01;1;30;0;2;1;2;1;
202300028373;155 630 234;B01;2;30;0;2;1;15;1;
202300028374;155 630 228;A01;2;2;0;2;1;13;1;
202300028374;155 630 230;B01;1;7;0;2;3;1;1;
202300028375;155 630 226;A01;2;7;0;2;2;14;3;
202300028376;155 630 223;Z01;2;7;0;2;2;2;0;
202300028376;155 630 227;A01;2;50;0;2;8;2;3;
202300028377;155 630 221;A01;2;7;0;2;1;1;1;
202300028377;155 630 224;B01;1;10;0;2;7;15;1;
202300028378;155 630 220;C01;1;7;0;0;4;1;1;
202300028378;155 630 222;A01;1;10;0;0;1;1;1;
202300028378;155 630 225;B01;1;7;0;0;4;1;1;
202300028379;155 630 219;A01;3;30;5;0;1;1;1;
202300028380;155 630 217;A01;2;7;13;0;3;19;2;
202300028381;155 630 215;B01;1;7;0;2;1;1;1;
202300028381;155 630 218;A01;1;33;0;2;4;23;1;
202300028382;155 630 213;A01;3;7;0;1;1;26;1;
202300028383;155 630 214;A01;1;7;0;2;5;15;0;
202300028383;155 630 216;B01;2;7;0;2;1;1;1;
202300028384;155 630 211;A01;1;2;0;2;7;5;1;
202300028384;155 630 212;B01;1;7;0;2;6;2;1;
202300028385;155 630 210;A01;2;7;2;0;9;13;0;
202300028386;155 630 208;A01;1;7;0;2;7;15;0;
202300028386;155 630 209;B01;1;33;0;2;1;1;0;
202300028387;155 630 206;A01;-1;7;0;1;1;0;1;
202300028388;155 630 207;A01;1;33;0;1;7;1;1;
202300028389;155 630 204;A01;1;31;0;2;1;17;0;
202300028389;155 630 205;B01;1;7;0;2;3;15;0;
202300028390;155 630 199;A01;2;7;16;0;0;1;0;
202300028391;155 630 201;B01;1;1;1;0;1;0;5;
202300028391;155 630 203;A01;3;7;0;2;3;23;1;
202300028392;155 630 198;B01;1;33;0;2;7;1;1;
202300028392;155 630 202;A01;2;7;0;2;6;15;1;
202300028393;155 630 192;A01;2;7;0;2;1;5;1;
202300028393;155 630 194;B01;2;7;0;2;1;1;1;
202300028393;155 630 195;C01;2;7;0;2;3;1;1;
202300028394;155 630 191;A01;1;0;0;1;1;26;0;
202300028395;155 630 190;B01;2;7;0;2;5;23;1;
202300028395;155 630 197;A01;2;7;3;2;5;17;1;
202300028395;155 630 200;C01;2;7;0;2;6;23;1;
202300028396;155 630 187;A01;3;7;0;2;1;2;1;
202300028396;155 630 188;B01;3;32;0;0;4;23;1;
202300028397;155 630 185;A01;1;7;0;2;3;17;1;
202300028397;155 630 189;B01;1;7;0;2;6;15;1;
202300028398;155 630 184;A01;1;2;0;2;1;17;1;
202300028398;155 630 186;B01;1;7;0;0;8;10;1;
202300028399;155 630 182;B01;0;7;0;2;3;1;1;
202300028399;155 630 183;A01;0;7;0;2;3;5;1;
202300028400;155 630 180;A01;3;7;0;0;1;1;1;
202300028401;155 630 181;A01;3;7;3;0;1;1;1;
202300028402;155 630 176;A01;1;7;0;2;1;2;0;
202300028402;155 630 178;B01;1;2;0;2;4;2;0;
202300028402;155 630 179;C01;1;7;0;0;4;2;0;
202300028403;155 630 173;A01;1;7;0;1;2;0;1;
202300028404;155 630 172;A01;1;7;3;2;2;14;1;
202300028404;155 630 175;B01;1;33;0;2;6;3;1;
202300028405;155 630 168;A01;2;33;14;0;8;1;1;
202300028406;155 630 167;B01;2;7;4;2;3;1;1;
202300028406;155 630 170;C01;2;33;0;2;8;1;1;
202300028406;155 630 171;A01;1;7;0;2;1;13;1;
202300028407;155 630 165;A01;3;31;1;2;1;18;1;
202300028407;155 630 169;B01;3;10;0;2;2;20;1;
202300028408;155 630 163;A01;2;7;13;0;1;0;1;
202300028409;155 630 161;B01;3;7;0;2;4;2;0;
202300028409;155 630 164;C01;3;7;0;2;4;2;0;
202300028409;155 630 166;A01;3;7;0;2;1;2;0;
202300028410;155 630 160;A01;1;7;0;2;1;0;1;
202300028410;155 630 162;B01;2;7;0;2;1;0;1;
202300028411;155 630 159;A01;1;10;0;0;9;1;1;
202300028412;155 630 158;A01;1;7;13;0;1;16;1;
202300028413;155 630 155;B01;0;2;0;2;7;1;1;
202300028413;155 630 157;A01;3;7;0;2;3;26;1;
202300028414;155 630 153;A01;1;7;16;0;2;1;1;
202300028415;155 630 149;A01;3;7;0;1;3;9;1;
202300028416;155 630 146;A01;3;31;6;0;0;13;1;
202300028417;155 630 148;A01;1;33;0;2;1;11;1;
202300028417;155 630 150;B01;1;21;0;0;4;2;1;
202300028418;155 630 144;A01;3;50;14;0;1;1;3;
202300028419;155 630 141;A01;2;7;0;2;3;13;1;
202300028419;155 630 145;B01;2;7;0;2;3;15;1;
202300028420;155 630 140;A01;3;7;0;2;2;1;1;
202300028420;155 630 142;B01;3;2;0;2;1;1;1;
202300028421;155 630 137;A01;1;7;0;2;2;15;1;
202300028421;155 630 139;B01;1;7;0;2;1;1;1;
202300028422;155 630 135;A01;3;7;0;1;2;1;1;
202300028423;155 630 136;B01;1;33;0;2;4;23;1;
202300028423;155 630 138;A01;1;99;0;2;1;1;1;
202300028424;155 630 133;B01;1;33;0;2;1;2;1;
202300028424;155 630 134;A01;1;7;0;0;4;23;1;
202300028425;155 630 130;A01;1;7;0;2;3;13;1;
202300028425;155 630 132;B01;2;7;0;2;3;1;1;
202300028426;155 630 131;A01;1;7;15;0;6;26;1;
202300028427;155 630 128;A01;3;10;0;1;1;1;1;
202300028428;155 630 126;B01;2;7;0;2;1;1;1;
202300028428;155 630 129;A01;1;7;0;2;1;1;1;
202300028429;155 630 123;A01;1;33;0;2;1;11;1;
202300028429;155 630 127;B01;2;7;0;2;1;1;1;
202300028430;155 630 121;A01;3;7;2;0;1;1;1;
202300028431;155 630 120;A01;2;7;0;2;3;10;1;
202300028431;155 630 122;B01;1;31;0;2;1;1;1;
202300028432;155 630 118;A01;3;7;0;2;3;15;0;
202300028432;155 630 119;B01;3;1;0;2;1;16;5;
202300028433;155 630 117;A01;0;10;0;1;0;15;0;
202300028434;155 630 114;A01;1;7;2;0;1;14;1;
202300028435;155 630 115;A01;0;7;6;0;7;1;1;
202300028436;155 630 113;A01;1;7;0;2;8;13;1;
202300028436;155 630 116;B01;2;2;0;2;8;1;1;
202300028437;155 630 112;A01;1;7;0;1;3;1;1;
202300028438;155 630 109;A01;1;7;13;0;1;1;1;
202300028439;155 630 108;B01;2;7;0;2;8;9;1;
202300028439;155 630 111;A01;2;33;0;2;2;1;1;
202300028440;155 630 107;A01;1;7;0;1;1;1;1;
202300028441;155 630 106;A01;1;33;0;2;7;19;1;
202300028441;155 630 110;B01;1;7;0;2;3;16;1;
202300028442;155 630 105;A01;2;38;3;0;1;1;1;3
202300028443;155 630 104;A01;1;50;12;0;0;1;3;
202300028444;155 630 102;A01;1;7;0;1;2;1;1;
202300028445;155 630 101;A01;1;38;0;0;0;1;1;2
202300028446;155 630 099;B01;0;7;0;2;1;1;1;
202300028446;155 630 103;A01;0;1;0;2;1;1;5;
202300028447;155 630 098;A01;2;1;0;2;1;1;5;
202300028447;155 630 100;B01;1;7;0;2;2;11;1;
202300028448;155 630 095;A01;1;33;0;0;8;12;1;
202300028449;155 630 096;A01;1;7;0;2;1;20;1;
202300028449;155 630 097;B01;2;33;0;2;1;1;1;
202300028450;155 630 093;A01;0;7;2;0;7;0;1;
202300028451;155 630 091;A01;1;7;13;0;1;0;1;
202300028452;155 630 089;B01;1;10;0;2;4;23;1;
202300028452;155 630 090;A01;1;2;0;2;1;2;1;
202300028453;155 630 088;A01;1;32;0;1;3;1;0;
202300028454;155 630 087;A01;1;7;0;1;2;16;0;
202300028455;155 630 085;A01;2;33;0;2;1;1;1;
202300028455;155 630 086;B01;1;7;0;2;2;19;1;
202300028456;155 630 083;B01;0;7;0;2;4;1;1;
202300028456;155 630 084;A01;0;7;0;2;1;9;1;
202300028457;155 630 082;A01;2;7;0;1;3;1;2;
202300028458;155 630 080;A01;2;7;11;0;1;1;1;
202300028459;155 630 079;A01;1;7;0;2;4;1;0;
202300028459;155 630 081;B01;1;7;0;2;3;1;1;
202300028460;155 630 077;A01;0;7;0;2;1;1;1;
202300028460;155 630 078;B01;0;7;0;2;4;23;1;
202300028461;155 630 074;B01;2;7;0;2;1;2;1;
202300028461;155 630 076;A01;2;15;0;0;6;1;1;
202300028462;155 630 075;A01;2;2;0;1;1;1;1;
202300028463;155 630 070;A01;1;7;13;0;1;1;1;
202300028464;155 630 067;B01;1;33;0;2;1;1;1;
202300028464;155 630 071;A01;2;1;0;2;1;5;5;
202300028465;155 630 066;B01;0;7;0;2;4;2;1;
202300028465;155 630 069;A01;0;7;0;2;1;2;1;
202300028466;155 630 065;A01;3;7;0;0;0;1;0;
202300028467;155 630 061;B01;2;10;9;2;1;5;0;
202300028467;155 630 064;C01;2;10;0;2;1;2;0;
202300028467;155 630 068;D01;2;10;0;2;6;5;0;
202300028467;155 630 072;A01;2;10;0;2;1;5;0;
202300028468;155 630 059;A01;1;7;0;2;7;12;1;
202300028468;155 630 062;B01;1;32;0;2;4;1;1;
202300028469;155 630 060;A01;2;10;0;2;8;15;1;
202300028469;155 630 063;B01;1;2;0;2;1;1;1;
202300028470;155 630 058;A01;3;7;0;1;2;1;0;
202300028471;155 630 057;A01;3;7;8;0;3;20;1;
202300028472;155 630 053;A01;1;2;0;2;1;1;1;
202300028472;155 630 055;B01;3;7;0;2;2;1;0;
202300028473;155 630 052;B01;1;7;0;2;4;1;1;
202300028473;155 630 054;C01;1;7;0;2;4;1;1;
202300028473;155 630 056;A01;1;7;0;2;1;26;1;
202300028474;155 630 049;A01;2;7;0;2;1;1;1;
202300028474;155 630 051;B01;2;80;0;0;8;15;3;
202300028475;155 630 048;B01;2;10;0;2;1;2;1;
202300028475;155 630 050;A01;2;7;0;2;4;2;1;
202300028476;155 630 046;A01;2;33;0;0;1;1;1;
202300028477;155 630 044;A01;2;7;0;1;1;1;1;
202300028478;155 630 045;A01;3;14;0;2;7;16;1;
202300028478;155 630 047;B01;3;1;0;2;1;1;5;
202300028479;155 630 042;A01;0;7;0;2;3;9;1;
202300028479;155 630 043;B01;2;2;0;2;1;1;1;
202300028480;155 630 039;B01;1;7;0;2;4;1;1;
202300028480;155 630 041;A01;1;10;0;2;1;1;1;
202300028481;155 630 038;B01;1;7;0;2;1;1;1;
202300028481;155 630 040;A01;2;7;7;2;2;19;1;
202300028482;155 630 037;A01;0;7;0;1;3;16;1;
202300028483;155 630 035;A01;1;7;0;2;2;1;1;
202300028483;155 630 036;B01;2;7;0;2;7;15;1;
202300028484;155 630 033;A01;1;7;0;2;2;12;1;
202300028484;155 630 034;B01;1;7;0;2;8;1;1;
202300028485;155 630 032;A01;1;7;0;1;1;1;0;
202300028486;155 630 031;A01;2;7;2;0;1;1;1;
202300028487;155 630 029;B01;3;1;0;2;0;1;5;
202300028487;155 630 030;A01;3;7;0;2;2;19;1;
202300028488;155 630 028;A01;1;7;6;0;1;13;1;
202300028489;155 630 026;A01;3;7;0;0;9;0;1;
202300028490;155 630 025;A01;1;7;0;2;1;2;1;
202300028490;155 630 027;B01;1;7;0;2;4;2;1;
202300028491;155 630 022;A01;2;50;0;2;8;15;3;
202300028491;155 630 024;B01;2;7;0;2;7;16;1;
202300028492;155 630 021;A01;1;50;0;9;4;1;3;
202300028492;155 630 023;B01;1;7;15;2;3;2;1;
202300028493;155 630 019;A01;1;33;0;0;1;1;1;
202300028494;155 630 017;A01;2;31;0;6;2;21;1;
202300028495;155 630 018;B01;1;2;0;2;3;1;1;
202300028495;155 630 020;Z01;2;7;0;2;1;15;0;
202300028496;155 630 016;A01;2;7;6;0;3;1;1;
202300028497;155 630 014;A01;1;7;1;0;3;0;1;
202300028498;155 630 013;B01;2;7;0;2;2;1;1;
202300028498;155 630 015;A01;1;31;0;2;1;13;1;
202300028499;155 630 010;A01;2;7;0;2;5;14;1;
202300028499;155 630 012;B01;2;33;0;2;1;3;1;
202300028500;155 630 008;A01;1;33;2;0;1;21;1;
202300028501;155 630 006;B01;2;7;0;2;4;1;1;
202300028501;155 630 007;A01;2;10;0;2;1;1;1;
202300028502;155 630 004;A01;1;7;0;1;1;2;1;
202300028503;155 630 001;A01;2;7;0;2;8;11;1;
202300028503;155 630 002;B01;2;7;0;2;7;12;0;
202300028504;155 630 000;A01;1;7;0;2;1;1;1;
202300028504;155 630 003;B01;2;33;0;2;1;13;1;
202300028504;155 630 005;C01;2;33;0;2;1;13;1;
202300028505;155 629 998;A01;2;7;0;2;1;5;1;
202300028505;155 629 999;B01;1;7;0;2;3;1;1;
202300028506;155 629 997;A01;1;13;13;0;2;1;1;
202300028507;155 629 996;A01;3;7;1;0;1;1;1;
202300028508;155 629 993;A01;3;2;12;0;1;21;1;
202300028509;155 629 992;A01;3;34;0;2;7;1;1;
202300028509;155 629 995;B01;3;32;0;2;3;1;1;
202300028510;155 629 991;B01;2;7;0;2;4;1;1;
202300028510;155 629 994;A01;2;33;0;2;1;1;1;
202300028511;155 629 988;A01;2;7;3;0;1;1;1;
202300028512;155 629 986;B01;1;33;0;2;1;19;1;
202300028512;155 629 990;A01;1;7;0;2;1;15;1;
202300028513;155 629 985;A01;0;7;0;2;1;16;0;
202300028513;155 629 987;B01;1;42;0;2;7;1;1;
202300028513;155 629 989;C01;2;37;0;2;1;1;1;1
202300028514;155 629 983;B01;1;7;0;2;6;1;1;
202300028514;155 629 984;A01;1;7;0;2;1;11;1;
202300028515;155 629 980;A01;1;7;6;0;2;11;1;
202300028515;155 629 982;B01;1;7;6;0;2;1;1;
202300028516;155 629 978;B01;1;33;0;2;4;23;1;
202300028516;155 629 981;Z01;1;7;14;0;1;2;1;
202300028517;155 629 979;A01;2;33;3;0;0;26;1;
202300028518;155 629 974;A01;1;7;0;2;2;13;1;
202300028518;155 629 977;B01;2;33;0;2;1;2;1;
202300028519;155 629 973;A01;1;7;0;2;0;26;0;
202300028519;155 629 976;B01;1;31;0;2;7;26;0;
202300028520;155 629 971;A01;1;10;0;0;4;2;1;
202300028520;155 629 972;B01;1;7;0;2;1;2;1;
202300028520;155 629 975;C01;1;7;0;2;1;2;2;
202300028521;155 629 968;B01;2;7;0;2;1;21;1;
202300028521;155 629 970;A01;1;34;0;2;1;26;1;
202300028522;155 629 967;B01;3;7;0;0;0;24;0;
202300028522;155 629 969;A01;3;7;1;0;2;1;1;
202300028523;155 629 965;A01;2;33;0;2;7;3;1;
202300028523;155 629 966;B01;2;7;0;2;8;13;1;
202300028524;155 629 964;A01;1;7;6;0;2;1;1;
202300028525;155 629 963;A01;2;7;1;0;1;1;1;
202300028526;155 629 961;A01;0;21;16;0;0;1;0;
202300028527;155 629 960;A01;1;15;0;2;2;26;1;
202300028527;155 629 962;B01;1;7;4;2;4;11;1;
202300028528;155 629 955;A01;1;30;0;2;1;1;1;
202300028528;155 629 958;B01;1;7;0;2;4;23;1;
202300028529;155 629 954;B01;1;7;0;2;3;15;1;
202300028529;155 629 957;A01;1;34;0;2;1;17;1;
202300028530;155 629 956;B01;3;1;0;2;8;0;5;
202300028530;155 629 959;A01;2;7;0;9;3;0;1;
202300028531;155 629 950;A01;1;7;0;2;6;10;1;
202300028531;155 629 953;B01;1;34;0;2;1;0;1;
202300028532;155 629 948;B01;1;7;0;2;1;1;1;
202300028532;155 629 951;A01;2;2;0;2;1;13;1;
202300028533;155 629 949;A01;3;7;0;2;3;1;1;
202300028533;155 629 952;B01;3;7;0;2;2;9;1;
202300028534;155 629 946;A01;2;10;0;2;3;15;1;
202300028534;155 629 947;B01;2;33;0;2;7;17;1;
202300028535;155 629 945;A01;3;7;0;1;2;13;0;
202300028536;155 629 944;A01;2;33;0;0;7;9;1;
202300028537;155 629 943;A01;3;7;10;0;2;0;1;
202300028538;155 629 941;A01;3;7;0;0;3;7;1;
202300028538;155 629 942;Y01;3;1;0;2;1;19;5;
202300028539;155 629 940;A01;1;7;13;0;9;1;1;
202300028540;155 629 939;A01;2;7;0;1;3;1;1;
202300028541;155 629 936;A01;0;7;0;2;3;1;0;
202300028541;155 629 938;B01;0;34;0;2;8;0;0;
202300028542;155 629 935;A01;2;7;13;0;9;2;1;
202300028543;155 629 934;B01;2;2;0;2;1;1;2;
202300028543;155 629 937;A01;1;7;0;2;3;1;2;
202300028544;155 629 933;A01;1;7;0;0;2;0;6;
202300028545;155 629 932;A01;2;3;14;0;9;26;1;
202300028546;155 629 930;B01;2;2;0;2;7;1;3;
202300028546;155 629 931;A01;2;7;0;2;3;9;1;
202300028547;155 629 929;A01;1;10;6;0;1;1;1;
202300028548;155 629 927;B01;0;2;0;2;2;1;1;
202300028548;155 629 928;A01;0;7;0;2;3;15;1;
202300028549;155 629 924;A01;1;7;0;0;9;2;1;
202300028550;155 629 926;A01;2;7;11;0;1;21;1;
202300028551;155 629 923;A01;1;33;0;2;1;1;1;
202300028551;155 629 925;B01;1;7;0;2;6;15;1;
202300028552;155 629 919;A01;1;7;0;2;2;22;2;
202300028552;155 629 921;B01;1;80;1;0;3;1;3;
202300028553;155 629 920;A01;2;32;0;2;1;26;1;
202300028553;155 629 922;B01;1;33;0;2;3;1;1;
202300028554;155 629 917;A01;1;33;0;6;0;0;1;
202300028555;155 629 916;A01;1;7;13;0;1;19;1;
202300028556;155 629 915;B01;2;2;0;2;7;1;3;
202300028556;155 629 918;A01;2;1;0;2;1;1;5;
202300028557;155 629 912;B01;1;33;0;2;1;1;0;
202300028557;155 629 914;A01;1;7;0;2;6;15;0;
202300028558;155 629 909;B01;1;7;0;2;3;1;1;
202300028558;155 629 911;A01;1;33;0;2;5;15;0;
202300028559;155 629 906;A01;2;7;0;2;1;17;0;
202300028559;155 629 908;B01;1;7;0;2;1;0;0;
202300028560;155 629 903;A01;3;7;0;1;1;15;0;
202300028561;155 629 904;E01;2;7;0;2;1;1;0;
202300028561;155 629 905;A01;2;7;0;2;1;13;0;
202300028561;155 629 907;B01;2;7;0;2;6;1;0;
202300028561;155 629 910;C01;1;7;0;2;1;1;0;
202300028561;155 629 913;D01;2;7;0;2;1;1;0;
202300028562;155 629 901;A01;0;7;12;0;9;1;1;
202300028563;155 629 900;A01;3;7;0;2;1;9;1;
202300028563;155 629 902;B01;3;50;0;2;1;1;3;
202300028564;155 629 898;B01;1;7;0;2;2;1;0;
202300028564;155 629 899;A01;2;2;0;2;3;15;1;
202300028565;155 629 895;A01;3;30;0;2;1;13;1;
202300028565;155 629 897;B01;3;7;0;2;1;1;1;
202300028566;155 629 894;A01;2;7;0;2;3;1;1;
202300028566;155 629 896;B01;1;31;0;2;1;17;1;
202300028567;155 629 893;A01;1;33;3;0;3;1;1;
202300028568;155 629 892;A01;1;7;0;1;2;1;1;
202300028569;155 629 891;A01;2;10;0;1;1;1;1;
202300028570;155 629 889;A01;2;50;0;1;1;1;3;
202300028571;155 629 887;A01;2;7;0;1;3;14;1;
202300028572;155 629 888;A01;2;33;0;2;2;17;1;
202300028572;155 629 890;B01;2;7;0;2;3;15;1;
202300028573;155 629 885;A01;1;1;0;0;0;0;5;
202300028574;155 629 881;A01;1;7;0;2;5;17;1;
202300028574;155 629 883;B01;1;33;0;2;3;1;1;
202300028575;155 629 880;C01;1;7;0;2;4;1;1;
202300028575;155 629 884;B01;1;7;0;2;4;1;1;
202300028575;155 629 886;A01;1;7;0;2;1;1;1;
202300028576;155 629 876;B01;2;7;0;2;3;1;1;
202300028576;155 629 878;A01;1;34;0;2;1;13;1;
202300028577;155 629 873;B01;2;7;0;2;3;1;1;
202300028577;155 629 877;A01;1;7;0;2;1;2;1;
202300028578;155 629 874;A01;1;7;1;2;1;2;1;
202300028578;155 629 875;B01;1;7;1;0;4;2;1;
202300028578;155 629 879;C01;1;7;0;0;4;2;1;
202300028579;155 629 872;A01;3;7;0;1;3;1;1;
202300028580;155 629 871;A01;3;7;1;0;2;1;1;
202300028581;155 629 869;A01;1;13;0;2;3;13;1;
202300028581;155 629 870;B01;1;50;0;2;1;2;3;
202300028582;155 629 865;A01;2;33;0;2;2;1;1;
202300028582;155 629 868;B01;2;7;0;0;0;11;1;
202300028583;155 629 864;A01;2;7;0;2;3;15;1;
202300028583;155 629 866;B01;1;2;0;2;1;1;1;
202300028584;155 629 863;A01;2;7;0;2;3;13;1;
202300028584;155 629 867;B01;1;7;0;2;2;1;1;
202300028585;155 629 861;A01;1;7;0;2;7;15;1;
202300028585;155 629 862;B01;2;33;0;2;1;1;1;
202300028586;155 629 859;A01;1;7;17;0;1;13;1;
202300028587;155 629 858;A01;2;7;0;2;1;2;0;
202300028587;155 629 860;B01;2;7;0;2;4;2;0;
202300028588;155 629 857;A01;1;43;0;6;2;1;1;
202300028589;155 629 854;A01;2;7;0;1;1;1;2;
202300028590;155 629 852;A01;2;33;0;2;8;2;1;
202300028590;155 629 855;B01;1;7;0;2;8;15;1;
202300028591;155 629 853;A01;2;7;0;2;3;15;1;
202300028591;155 629 856;B01;2;50;0;2;-1;19;3;
202300028592;155 629 848;A01;1;7;1;0;1;1;1;
202300028592;155 629 851;B01;1;7;13;2;0;23;1;
202300028593;155 629 847;A01;2;7;0;2;8;15;1;
202300028593;155 629 850;B01;1;33;0;2;1;1;1;
202300028594;155 629 846;A01;1;7;0;2;3;1;1;
202300028594;155 629 849;B01;2;50;0;2;1;19;3;
202300028595;155 629 845;A01;2;33;0;0;0;1;1;
202300028596;155 629 842;A01;1;33;0;2;1;17;1;
202300028596;155 629 843;B01;2;7;0;2;1;26;1;
202300028597;155 629 841;A01;1;1;0;2;0;1;5;
202300028597;155 629 844;B01;1;15;0;9;0;17;1;
202300028598;155 629 839;B01;1;7;0;0;1;2;0;
202300028598;155 629 840;A01;2;7;0;0;2;2;0;
202300028599;155 629 837;A01;2;2;3;0;7;26;1;
202300028600;155 629 836;A01;1;7;0;2;1;1;1;
202300028600;155 629 838;B01;1;7;0;2;4;0;1;
202300028601;155 629 835;A01;1;7;0;0;9;1;1;
202300028602;155 629 832;A01;1;1;0;0;7;1;5;
202300028603;155 629 831;A01;3;10;0;2;3;15;1;
202300028603;155 629 834;B01;3;33;0;2;2;1;1;
202300028604;155 629 830;A01;1;7;0;2;2;19;1;
202300028604;155 629 833;B01;1;2;0;2;1;1;1;
202300028605;155 629 829;A01;2;7;2;0;1;1;1;
202300028606;155 629 827;A01;1;50;0;1;1;0;3;
202300028607;155 629 826;A01;1;7;0;2;3;13;1;
202300028607;155 629 828;B01;2;10;0;2;3;21;1;
202300028608;155 629 825;A01;1;7;15;0;1;14;1;
202300028609;155 629 824;A01;3;7;1;0;1;26;0;
202300028610;155 629 823;A01;1;7;6;0;1;1;1;
202300028611;155 629 820;A01;2;50;0;2;0;0;3;
202300028611;155 629 821;B01;1;7;0;9;2;15;1;
202300028612;155 629 819;B01;2;7;0;2;1;1;3;
202300028612;155 629 822;A01;1;7;0;2;2;1;1;
202300028613;155 629 817;A01;2;7;0;0;3;2;1;
202300028613;155 629 818;B01;2;7;4;0;5;2;1;
202300028614;155 629 816;A01;2;7;0;1;1;1;3;
202300028615;155 629 812;A01;2;33;4;0;3;13;1;
202300028616;155 629 813;A01;1;7;0;2;2;1;1;
202300028616;155 629 815;B01;1;50;0;2;1;15;3;
202300028617;155 629 814;A01;1;10;0;1;1;1;0;
202300028618;155 629 808;B01;2;7;0;2;7;16;1;
202300028618;155 629 811;A01;1;2;0;2;1;2;1;
202300028619;155 629 807;B01;1;7;3;0;4;2;1;
202300028619;155 629 810;A01;1;7;0;2;1;2;1;
202300028620;155 629 806;A01;3;7;0;2;1;1;1;
202300028620;155 629 809;B01;3;7;0;2;8;0;1;
202300028621;155 629 805;A01;3;31;0;0;0;1;1;
202300028622;155 629 803;A01;2;10;0;2;2;11;1;
202300028622;155 629 804;B01;2;15;0;2;6;11;1;
202300028623;155 629 801;A01;2;1;8;0;1;26;5;
202300028624;155 629 800;A01;3;7;0;2;1;1;1;
202300028624;155 629 802;B01;0;7;0;2;3;17;1;
202300028625;155 629 798;A01;2;2;6;9;7;1;1;
202300028626;155 629 797;A01;1;10;13;2;2;17;1;
202300028626;155 629 799;B01;1;7;7;2;3;9;1;
202300028627;155 629 796;A01;1;10;13;0;1;9;1;
202300028628;155 629 794;A01;1;7;6;0;7;1;1;
202300028629;155 629 793;B01;2;33;0;2;1;2;1;
202300028629;155 629 795;A01;2;7;0;2;5;1;1;
202300028630;155 629 788;B01;1;7;0;2;7;1;1;
202300028630;155 629 792;A01;3;7;0;2;1;1;1;
202300028631;155 629 787;A01;2;7;0;2;8;15;2;
202300028631;155 629 790;B01;2;33;0;2;2;17;1;
202300028632;155 629 782;A01;1;7;0;2;4;1;1;
202300028632;155 629 784;Z01;1;32;0;2;1;1;1;
202300028633;155 629 781;B01;1;7;0;2;3;1;1;
202300028633;155 629 786;A01;3;10;0;2;7;19;1;
202300028634;155 629 780;B01;0;50;0;2;1;1;3;
202300028634;155 629 783;C01;0;50;0;2;1;2;3;
202300028634;155 629 785;A01;0;7;0;2;3;10;1;
202300028635;155 629 778;A01;3;7;0;2;4;1;1;
202300028635;155 629 779;B01;3;7;0;2;1;2;1;
202300028636;155 629 777;A01;3;7;0;1;2;1;1;
202300028637;155 629 776;A01;0;7;0;1;3;16;1;
202300028638;155 629 775;A01;1;7;4;0;1;13;1;
202300028639;155 629 774;A01;1;7;6;0;1;1;1;
202300028640;155 629 772;A01;1;7;4;2;1;5;1;
202300028640;155 629 773;B01;2;7;0;2;1;1;1;
202300028641;155 629 771;A01;1;7;9;0;1;1;1;
202300028642;155 629 769;B01;2;7;0;2;6;1;1;
202300028642;155 629 770;A01;2;15;0;2;1;13;1;
202300028643;155 629 768;A01;2;7;0;1;3;1;1;
202300028644;155 629 767;A01;3;7;0;1;3;1;1;
202300028645;155 629 765;A01;1;7;6;0;4;0;1;
202300028646;155 629 763;A01;3;7;0;1;1;1;1;
202300028647;155 629 764;A01;2;7;4;2;2;14;1;
202300028647;155 629 766;B01;2;10;0;2;3;1;1;
202300028648;155 629 760;A01;3;7;0;2;3;15;1;
202300028648;155 629 762;B01;3;1;0;2;0;1;5;
202300028649;155 629 758;A01;1;7;0;2;1;1;1;
202300028649;155 629 759;B01;1;7;0;2;4;1;1;
202300028650;155 629 757;A01;2;7;8;0;0;5;1;
202300028651;155 629 756;B01;3;37;0;2;3;1;3;7
202300028651;155 629 761;A01;3;7;0;2;2;1;2;
202300028652;155 629 754;A01;2;7;0;1;3;15;1;
202300028653;155 629 753;A01;2;10;0;2;1;0;1;
202300028653;155 629 755;B01;2;7;0;2;4;23;1;
202300028654;155 629 752;A01;3;7;0;1;1;1;1;
202300028655;155 629 750;A01;3;7;0;1;2;1;1;
202300028656;155 629 748;A01;2;10;0;2;1;2;1;