Num_Acc;id_vehicule;num_veh;senc;catv;obs;obsm;choc;manv;motor;occutc
202300028656;155 629 749;B01;2;7;0;2;4;2;1;
202300028656;155 629 751;C01;2;7;0;2;4;2;1;
202300028657;155 629 746;A01;1;7;6;0;2;25;1;
202300028658;155 629 745;A01;3;33;0;2;6;18;1;
202300028658;155 629 747;B01;3;7;0;2;3;2;1;
202300028659;155 629 744;A01;1;7;13;0;1;0;1;
202300028660;155 629 743;A01;1;33;0;0;0;1;1;
202300028661;155 629 741;A01;1;7;2;0;1;1;1;
202300028662;155 629 739;B01;2;7;0;2;1;1;1;
202300028662;155 629 742;A01;1;7;0;2;7;1;1;
202300028663;155 629 737;A01;1;33;2;0;2;13;1;
202300028664;155 629 735;B01;2;7;0;2;6;2;1;
202300028664;155 629 738;A01;2;7;0;2;2;12;1;
202300028664;155 629 740;C01;2;7;0;2;6;2;1;
202300028665;155 629 733;B01;2;50;0;2;1;1;3;
202300028665;155 629 736;A01;1;7;0;2;2;15;6;
202300028666;155 629 732;A01;3;7;0;2;1;19;1;
202300028666;155 629 734;B01;1;7;0;0;8;1;1;
202300028667;155 629 730;B01;1;7;0;2;7;12;1;
202300028667;155 629 731;A01;1;33;0;2;1;3;1;
202300028668;155 629 728;B01;1;33;0;2;8;13;1;
202300028668;155 629 729;A01;2;10;0;2;8;0;1;
202300028669;155 629 726;A01;3;7;0;2;1;1;6;
202300028669;155 629 727;B01;3;7;0;2;4;23;0;
202300028670;155 629 724;A01;1;31;0;2;1;2;1;
202300028670;155 629 725;B01;1;7;0;2;6;2;1;
202300028671;155 629 720;B01;2;7;0;2;1;9;1;
202300028671;155 629 723;A01;2;7;0;2;2;1;1;
202300028672;155 629 721;B01;1;7;0;0;4;19;1;
202300028672;155 629 722;A01;1;7;6;2;1;19;1;
202300028673;155 629 717;A01;3;31;0;2;1;2;1;
202300028673;155 629 719;B01;3;7;0;2;2;16;1;
202300028674;155 629 716;A01;1;7;0;2;7;13;1;
202300028674;155 629 718;B01;2;7;0;2;7;13;1;
202300028675;155 629 714;A01;1;7;0;2;1;1;1;
202300028675;155 629 715;B01;1;7;0;2;4;15;1;
202300028676;155 629 712;A01;3;50;0;1;2;1;3;
202300028677;155 629 711;A01;2;7;0;2;1;26;1;
202300028677;155 629 713;B01;1;7;0;2;1;1;1;
202300028678;155 629 709;A01;1;7;0;2;1;1;1;
202300028678;155 629 710;B01;1;1;0;2;7;1;5;
202300028679;155 629 708;A01;3;7;0;1;0;9;1;
202300028680;155 629 703;B01;1;1;0;2;1;1;5;
202300028680;155 629 705;A01;2;7;0;2;3;9;1;
202300028681;155 629 702;Z01;1;2;0;2;0;0;0;
202300028681;155 629 704;A01;1;10;0;2;1;15;1;
202300028682;155 629 701;B01;2;7;0;1;8;16;1;
202300028683;155 629 697;A01;2;33;0;2;1;16;1;
202300028683;155 629 700;B01;2;15;0;2;3;1;1;
202300028684;155 629 696;A01;1;7;0;2;3;5;6;
202300028684;155 629 699;B01;2;7;0;2;3;1;0;
202300028685;155 629 695;B01;2;50;0;2;1;1;3;
202300028685;155 629 698;A01;1;30;0;2;7;15;1;
202300028686;155 629 692;A01;1;7;0;2;1;0;0;
202300028686;155 629 693;B01;1;7;0;2;8;0;0;
202300028687;155 629 691;B01;1;33;0;2;2;1;1;
202300028687;155 629 694;A01;2;7;0;2;3;15;1;
202300028688;155 629 689;A01;1;7;0;2;8;15;2;
202300028688;155 629 690;B01;1;2;0;2;1;21;1;
202300028689;155 629 688;A01;3;15;0;1;2;1;0;
202300028690;155 629 686;B01;-1;0;-1;-1;-1;-1;-1;
202300028690;155 629 687;A01;3;33;0;2;1;1;1;
202300028691;155 629 683;A01;3;10;0;2;2;1;1;
202300028691;155 629 685;B01;3;0;0;2;2;19;6;
202300028692;155 629 684;A01;2;7;0;1;3;1;1;
202300028693;155 629 680;A01;3;33;0;2;1;3;1;
202300028693;155 629 681;B01;3;7;0;2;1;9;1;
202300028694;155 629 678;B01;1;7;0;2;1;1;1;
202300028694;155 629 679;A01;1;7;0;2;8;19;1;
202300028695;155 629 677;A01;3;7;13;0;8;3;1;
202300028696;155 629 674;A01;2;32;0;2;9;9;1;
202300028697;155 629 673;A01;2;7;6;0;1;1;1;
202300028698;155 629 670;A01;2;33;0;2;1;13;1;
202300028698;155 629 671;B01;2;7;0;2;5;1;3;
202300028699;155 629 669;B01;2;1;0;2;2;1;5;
202300028699;155 629 672;A01;1;7;0;2;1;1;1;
202300028700;155 629 668;A01;3;10;0;1;5;26;3;
202300028701;155 629 666;A01;2;7;0;2;7;16;1;
202300028701;155 629 667;B01;2;1;0;2;6;1;5;
202300028702;155 629 664;B01;1;2;0;0;2;16;0;
202300028702;155 629 665;A01;2;7;0;2;3;16;1;
202300028703;155 629 661;A01;2;7;0;2;1;15;1;
202300028703;155 629 662;B01;0;33;0;2;1;1;1;
202300028704;155 629 659;A01;3;7;0;1;3;0;0;
202300028705;155 629 660;B01;1;50;0;2;4;0;3;
202300028705;155 629 663;A01;2;7;0;2;3;1;1;
202300028706;155 629 658;A01;1;7;0;1;1;15;1;
202300028707;155 629 657;A01;2;37;0;1;2;1;1;1
202300028708;155 629 655;A01;3;7;0;9;1;1;0;
202300028708;155 629 656;B01;3;1;0;2;1;5;5;
202300028709;155 629 654;A01;2;7;0;1;1;19;1;
202300028710;155 629 651;A01;3;1;0;2;2;26;5;
202300028710;155 629 653;B01;3;7;0;2;2;16;1;
202300028711;155 629 647;A01;1;7;15;2;9;13;1;
202300028711;155 629 648;B01;2;7;0;2;8;1;3;
202300028711;155 629 649;C01;2;7;0;2;8;1;0;
202300028712;155 629 645;A01;3;7;0;2;2;15;1;
202300028712;155 629 646;B01;3;7;0;2;1;1;1;
202300028713;155 629 643;A01;2;7;14;0;2;1;1;
202300028713;155 629 644;B01;2;80;0;2;4;23;3;
202300028714;155 629 640;A01;1;7;0;2;2;9;2;
202300028714;155 629 641;B01;2;1;0;2;0;0;5;
202300028715;155 629 639;A01;0;7;0;2;7;1;1;
202300028715;155 629 642;B01;1;7;0;2;1;1;1;
202300028716;155 629 637;A01;2;80;0;0;7;1;3;
202300028717;155 629 635;A01;1;7;0;2;1;5;1;
202300028717;155 629 636;B01;1;7;0;2;1;1;1;
202300028718;155 629 632;A01;1;7;0;2;2;15;1;
202300028718;155 629 633;B01;2;2;0;2;1;1;1;
202300028719;155 629 628;B01;0;13;0;2;7;26;1;
202300028719;155 629 629;A01;0;7;0;2;1;26;1;
202300028720;155 629 626;A01;1;30;0;0;0;1;1;
202300028721;155 629 625;B01;1;33;0;2;1;1;1;
202300028721;155 629 627;A01;1;10;0;2;3;16;1;
202300028722;155 629 620;B01;1;7;0;2;1;1;1;
202300028722;155 629 621;A01;1;7;0;2;8;1;1;
202300028723;155 629 617;A01;3;7;0;2;2;15;1;
202300028723;155 629 618;B01;3;30;0;2;1;1;1;
202300028724;155 629 614;A01;2;7;0;1;1;1;2;
202300028725;155 629 611;B01;1;7;0;2;1;19;1;
202300028725;155 629 613;A01;1;7;0;2;1;19;1;
202300028726;155 629 610;B01;2;7;0;9;6;24;1;
202300028726;155 629 612;A01;2;7;1;0;1;1;1;
202300028727;155 629 606;A01;2;7;0;2;2;15;1;
202300028727;155 629 608;B01;1;7;0;2;3;1;1;
202300028728;155 629 607;B01;3;1;0;9;1;26;5;
202300028728;155 629 609;A01;3;7;0;9;3;22;1;
202300028729;155 629 604;A01;1;7;0;2;3;22;2;
202300028729;155 629 605;B01;1;1;1;0;1;22;5;
202300028730;155 629 602;A01;0;7;0;2;7;15;1;
202300028730;155 629 603;B01;0;7;9;2;1;1;1;
202300028731;155 629 600;B01;2;50;0;2;2;1;3;
202300028731;155 629 601;A01;2;7;0;2;8;22;1;
202300028732;155 629 597;B01;0;1;0;2;4;2;5;
202300028732;155 629 599;A01;3;7;0;9;1;1;1;
202300028733;155 629 596;A01;1;7;0;1;1;1;1;
202300028734;155 629 592;A01;3;7;0;2;2;1;1;
202300028734;155 629 594;B01;3;33;0;2;3;16;1;
202300028735;155 629 593;A01;0;7;0;2;7;15;1;
202300028735;155 629 595;B01;0;7;0;2;1;1;0;
202300028736;155 629 591;A01;1;7;0;1;1;15;1;
202300028737;155 629 588;A01;1;7;0;1;2;1;1;
202300028738;155 629 589;A01;3;10;0;2;1;19;1;
202300028738;155 629 590;B01;3;7;0;2;2;1;1;
202300028739;155 629 586;A01;1;7;0;2;2;15;1;
202300028739;155 629 587;B01;0;32;0;2;3;1;1;
202300028740;155 629 584;A01;3;50;0;2;7;26;3;
202300028740;155 629 585;B01;3;7;0;2;1;26;1;
202300028741;155 629 582;B01;0;7;0;2;2;1;0;
202300028741;155 629 583;A01;0;7;0;2;3;1;0;
202300028742;155 629 579;A01;1;7;1;2;2;1;1;
202300028743;155 629 580;A01;3;1;0;2;7;26;5;
202300028743;155 629 581;B01;0;7;0;2;1;26;1;
202300028744;155 629 578;A01;1;7;0;1;3;1;1;
202300028745;155 629 577;A01;1;7;3;0;1;1;1;
202300028746;155 629 575;A01;2;7;0;1;1;15;1;
202300028747;155 629 574;A01;0;7;0;2;1;1;1;
202300028747;155 629 576;B01;0;7;0;2;1;1;1;
202300028748;155 629 572;A01;0;1;14;0;1;1;5;
202300028748;155 629 573;B01;3;1;0;9;1;1;5;
202300028749;155 629 570;A01;3;7;0;2;6;15;1;
202300028749;155 629 571;B01;3;50;0;2;1;1;3;
202300028750;155 629 569;A01;2;7;0;1;1;17;1;
202300028751;155 629 566;A01;1;7;0;2;0;0;1;
202300028751;155 629 568;B01;1;10;0;2;3;2;1;
202300028752;155 629 563;A01;2;33;0;2;0;13;1;
202300028752;155 629 564;B01;1;7;0;2;3;1;1;
202300028753;155 629 565;B01;3;50;0;2;8;19;3;
202300028753;155 629 567;A01;3;7;0;2;1;1;1;
202300028754;155 629 561;A01;1;33;1;0;1;0;1;
202300028755;155 629 560;A01;2;7;8;0;3;0;1;
202300028755;155 629 562;B01;2;7;8;0;3;0;1;
202300028756;155 629 558;A01;1;7;0;0;4;20;1;
202300028757;155 629 557;A01;1;7;0;2;1;15;1;
202300028757;155 629 559;B01;1;50;0;2;7;1;3;
202300028758;155 629 555;A01;2;7;0;2;2;2;0;
202300028758;155 629 556;B01;2;7;0;2;2;2;0;
202300028759;155 629 554;A01;3;7;0;1;2;16;1;
202300028760;155 629 553;A01;2;10;0;1;3;1;1;
202300028761;155 629 550;A01;3;33;12;0;1;1;1;
202300028762;155 629 551;A01;1;32;0;2;1;2;1;
202300028762;155 629 552;B01;1;7;0;2;6;1;0;
202300028763;155 629 549;A01;1;7;17;0;1;0;1;
202300028764;155 629 547;A01;2;7;2;0;3;1;1;
202300028765;155 629 546;A01;3;50;0;2;7;1;3;
202300028765;155 629 548;B01;3;7;0;2;1;1;1;
202300028766;155 629 543;A01;2;30;1;0;1;14;1;
202300028767;155 629 542;A01;1;33;0;1;1;1;1;
202300028767;155 629 544;B01;1;10;0;0;3;2;1;
202300028767;155 629 545;C01;1;7;0;0;6;2;1;
202300028768;155 629 540;A01;1;7;15;0;2;14;1;
202300028769;155 629 539;A01;2;7;0;2;3;1;1;
202300028769;155 629 541;B01;2;7;0;2;5;0;1;
202300028770;155 629 536;A01;2;80;0;2;7;26;3;
202300028770;155 629 538;B01;1;7;0;2;1;9;1;
202300028771;155 629 535;B01;2;7;0;2;2;1;2;
202300028771;155 629 537;A01;1;7;0;2;8;15;1;
202300028772;155 629 533;A01;1;7;0;9;2;15;1;
202300028772;155 629 534;B01;2;1;0;2;1;1;5;
202300028773;155 629 532;A01;1;7;0;1;1;1;1;
202300028774;155 629 530;A01;2;7;0;0;0;0;0;
202300028775;155 629 529;A01;3;2;0;2;1;1;1;
202300028775;155 629 531;B01;3;7;0;2;3;1;1;
202300028776;155 629 526;B01;3;33;0;2;1;1;0;
202300028776;155 629 528;A01;3;7;0;2;2;19;0;
202300028777;155 629 525;A01;2;7;0;2;0;16;1;
202300028777;155 629 527;B01;1;1;0;2;0;1;5;
202300028778;155 629 524;A01;1;33;4;0;0;1;1;
202300028779;155 629 520;B01;1;33;0;2;6;2;1;
202300028779;155 629 522;A01;1;33;0;2;2;2;1;
202300028780;155 629 521;A01;2;7;12;0;3;1;1;
202300028780;155 629 523;B01;0;1;12;0;1;0;5;
202300028781;155 629 519;A01;1;7;0;1;1;20;0;
202300028782;155 629 518;A01;3;33;0;0;0;0;1;
202300028783;155 629 515;B01;1;7;0;0;4;15;1;
202300028783;155 629 517;A01;1;33;0;2;2;2;1;
202300028784;155 629 514;B01;1;2;0;2;5;1;1;
202300028784;155 629 516;A01;2;7;0;2;3;9;1;
202300028785;155 629 512;A01;1;7;0;0;3;15;1;
202300028785;155 629 513;B01;1;2;0;2;1;17;1;
202300028786;155 629 511;A01;1;7;0;1;1;16;1;
202300028787;155 629 510;A01;2;7;7;0;1;0;1;
202300028788;155 629 508;A01;2;7;2;0;6;0;1;
202300028789;155 629 509;A01;1;38;0;1;0;16;1;1
202300028790;155 629 505;A01;1;7;0;2;2;16;1;
202300028790;155 629 507;B01;2;1;0;2;1;1;5;
202300028791;155 629 504;A01;2;7;0;2;3;20;1;
202300028791;155 629 506;B01;2;1;0;2;1;1;5;
202300028792;155 629 501;A01;2;7;0;2;2;1;1;
202300028792;155 629 503;B01;1;2;0;2;2;15;1;
202300028793;155 629 500;A01;0;7;0;2;2;26;1;
202300028793;155 629 502;B01;1;50;0;2;3;25;3;
202300028794;155 629 496;B01;3;50;0;2;1;1;3;
202300028794;155 629 497;A01;1;7;0;2;3;9;1;
202300028795;155 629 493;A01;2;30;0;2;1;13;1;
202300028795;155 629 494;B01;1;33;0;2;3;1;1;
202300028796;155 629 495;A01;3;7;2;0;7;14;1;
202300028797;155 629 490;A01;2;7;0;2;8;15;1;
202300028797;155 629 492;B01;2;33;0;2;1;1;1;
202300028798;155 629 491;A01;1;7;2;0;1;13;1;
202300028799;155 629 489;A01;2;33;0;1;1;17;1;
202300028800;155 629 488;A01;1;7;0;1;3;1;1;
202300028801;155 629 487;A01;1;1;0;0;0;0;5;
202300028802;155 629 485;A01;3;7;0;2;7;1;1;
202300028802;155 629 486;B01;3;30;0;2;3;1;1;
202300028803;155 629 484;A01;3;33;0;1;3;1;1;
202300028804;155 629 482;B01;0;1;0;2;7;1;5;
202300028804;155 629 483;A01;3;7;0;2;2;9;1;
202300028805;155 629 480;B01;1;30;0;2;4;2;1;
202300028805;155 629 481;A01;1;7;0;2;1;2;1;
202300028806;155 629 479;A01;2;7;13;0;1;1;1;
202300028807;155 629 478;A01;3;7;0;1;1;19;1;
202300028808;155 629 475;A01;3;7;0;1;4;4;1;
202300028809;155 629 476;A01;2;7;0;2;3;15;1;
202300028809;155 629 477;B01;1;7;0;2;2;1;1;
202300028810;155 629 472;A01;2;1;0;2;6;0;5;
202300028810;155 629 473;B01;2;10;0;2;5;17;1;
202300028811;155 629 468;B01;3;7;0;2;4;23;1;
202300028811;155 629 470;C01;3;7;0;2;4;23;1;
202300028811;155 629 474;A01;3;37;0;2;2;16;1;2
202300028812;155 629 467;A01;1;31;6;0;0;0;0;
202300028813;155 629 465;A01;2;7;0;2;6;23;1;
202300028813;155 629 466;B01;3;36;0;2;2;1;1;
202300028814;155 629 464;A01;3;33;12;0;7;13;1;
202300028815;155 629 459;B01;2;2;0;2;8;1;1;
202300028815;155 629 461;C01;2;7;0;2;3;1;1;
202300028815;155 629 463;A01;1;10;0;2;3;13;1;
202300028816;155 629 458;A01;1;7;13;0;1;1;1;
202300028817;155 629 460;A01;3;7;0;9;2;15;2;
202300028817;155 629 462;B01;3;50;0;2;1;2;3;
202300028818;155 629 455;B01;2;31;0;0;0;0;3;
202300028818;155 629 456;A01;1;7;0;2;3;11;1;
202300028819;155 629 453;A01;2;7;0;2;1;2;1;
202300028819;155 629 454;B01;2;7;0;2;1;2;0;
202300028819;155 629 457;C01;2;7;0;0;4;2;1;
202300028820;155 629 452;A01;2;10;0;1;1;1;1;
202300028821;155 629 451;A01;2;33;3;0;1;19;1;
202300028822;155 629 450;A01;2;7;15;0;9;0;1;
202300028823;155 629 448;A01;1;7;0;2;2;1;1;
202300028823;155 629 449;B01;2;80;0;2;1;15;3;
202300028824;155 629 447;A01;1;7;3;0;1;1;2;
202300028825;155 629 446;A01;2;7;0;1;1;11;1;
202300028826;155 629 445;A01;1;7;6;0;2;26;1;
202300028827;155 629 443;A01;2;10;0;2;3;15;1;
202300028827;155 629 444;B01;1;10;0;2;2;17;1;
202300028828;155 629 441;A01;2;33;0;2;1;17;1;
202300028828;155 629 442;B01;1;7;0;2;1;1;1;
202300028829;155 629 439;A01;2;33;0;2;1;2;1;
202300028829;155 629 440;B01;2;1;0;2;4;2;5;
202300028830;155 629 438;A01;1;7;2;0;1;1;1;
202300028831;155 629 436;B01;3;10;0;2;8;1;1;
202300028831;155 629 437;A01;3;7;0;2;8;1;1;
202300028832;155 629 435;A01;2;7;17;0;3;13;1;
202300028833;155 629 433;A01;3;7;0;9;5;1;0;
202300028833;155 629 434;B01;3;1;0;2;1;1;5;
202300028834;155 629 431;A01;1;7;2;0;1;1;1;
202300028835;155 629 430;B01;2;7;0;2;4;1;1;
202300028835;155 629 432;A01;1;31;1;0;1;1;1;
202300028836;155 629 429;A01;3;7;0;1;2;26;1;
202300028837;155 629 428;A01;1;7;0;1;1;1;2;
202300028838;155 629 427;A01;3;7;0;9;2;2;1;
202300028839;155 629 424;A01;3;7;0;2;7;15;0;
202300028839;155 629 425;B01;3;1;0;2;1;19;5;
202300028840;155 629 423;B01;2;80;0;2;1;1;3;
202300028840;155 629 426;A01;1;7;0;2;2;16;2;
202300028841;155 629 422;A01;1;7;1;0;2;1;1;
202300028842;155 629 418;A01;2;30;0;2;1;1;1;
202300028842;155 629 421;B01;1;7;0;2;5;15;1;
202300028843;155 629 419;A01;2;10;0;2;2;21;1;
202300028843;155 629 420;B01;2;7;0;2;6;23;1;
202300028844;155 629 416;A01;1;31;11;0;1;0;1;
202300028845;155 629 415;A01;2;7;0;2;7;16;1;
202300028845;155 629 417;B01;1;1;0;2;1;15;5;
202300028846;155 629 412;A01;2;80;0;6;0;1;3;
202300028847;155 629 411;A01;1;7;0;1;2;1;1;
202300028848;155 629 409;A01;1;7;0;2;3;10;1;
202300028848;155 629 410;B01;1;2;0;2;1;1;1;
202300028849;155 629 405;A01;1;7;0;2;1;1;1;
202300028849;155 629 406;B01;1;7;0;2;1;5;1;
202300028850;155 629 403;A01;1;33;0;0;1;1;1;
202300028851;155 629 404;A01;1;33;0;0;6;2;1;
202300028851;155 629 407;B01;1;33;0;2;1;21;1;
202300028851;155 629 408;C01;1;33;0;9;0;21;1;
202300028852;155 629 400;B01;1;7;0;2;5;2;1;
202300028852;155 629 401;C01;1;33;0;2;1;3;1;
202300028852;155 629 402;A01;1;7;0;2;6;2;1;
202300028853;155 629 398;B01;2;7;0;2;3;1;1;
202300028853;155 629 399;A01;2;7;0;2;5;1;1;
202300028854;155 629 395;C01;2;7;0;2;1;1;1;
202300028854;155 629 396;A01;2;7;0;2;4;11;1;
202300028854;155 629 397;B01;2;15;0;2;2;1;1;
202300028855;155 629 393;A01;2;7;4;2;1;14;1;
202300028855;155 629 394;B01;2;7;0;2;4;1;1;
202300028856;155 629 391;A01;2;7;0;2;1;1;1;
202300028856;155 629 392;B01;2;7;0;2;4;1;1;
202300028857;155 629 389;B01;1;99;0;2;4;12;1;
202300028857;155 629 390;A01;1;33;0;2;1;3;1;
202300028858;155 629 386;A01;2;7;0;2;1;1;1;
202300028858;155 629 387;B01;2;7;0;2;4;2;1;
202300028858;155 629 388;C01;2;10;0;2;4;12;1;
202300028859;155 629 384;A01;2;33;0;2;1;3;1;
202300028859;155 629 385;B01;2;7;0;2;6;2;1;
202300028860;155 629 380;A01;2;10;1;0;1;2;1;
202300028860;155 629 381;B01;2;7;0;2;6;24;1;
202300028860;155 629 382;C01;2;33;0;2;4;26;1;
202300028860;155 629 383;D01;2;7;0;2;4;26;1;
202300028861;155 629 378;A01;2;7;0;2;2;2;3;
202300028861;155 629 379;B01;2;33;0;2;3;3;1;
202300028862;155 629 375;B01;1;10;0;2;4;2;1;
202300028862;155 629 376;A01;1;10;0;2;1;2;1;
202300028862;155 629 377;C01;1;7;0;2;4;0;1;
202300028863;155 629 373;B01;1;7;0;2;6;1;1;
202300028863;155 629 374;A01;1;7;0;2;2;1;1;
202300028864;155 629 371;A01;0;7;0;2;0;2;1;
202300028864;155 629 372;B01;0;7;0;2;4;2;1;
202300028865;155 629 370;A01;3;7;1;0;2;16;1;
202300028866;155 629 368;A01;1;7;6;2;8;15;1;
202300028866;155 629 369;B01;1;33;6;2;7;15;1;
202300028867;155 629 366;A01;2;7;0;2;1;2;1;
202300028867;155 629 367;B01;2;14;0;2;4;2;1;
202300028868;155 629 365;A01;1;2;11;0;3;13;1;
202300028869;155 629 363;A01;2;7;0;2;1;15;1;
202300028869;155 629 364;B01;2;2;0;2;8;1;1;
202300028870;155 629 362;A01;2;7;11;0;2;0;1;
202300028871;155 629 361;A01;0;7;8;0;1;1;1;
202300028872;155 629 360;A01;2;7;0;1;1;1;1;
202300028873;155 629 358;A01;2;31;0;2;4;1;1;
202300028873;155 629 359;B01;2;7;0;2;1;2;1;
202300028874;155 629 355;B01;3;7;0;2;3;26;0;
202300028874;155 629 357;A01;3;37;0;2;3;11;0;2
202300028875;155 629 354;A01;1;10;0;2;4;2;1;
202300028875;155 629 356;Z01;1;7;0;2;1;2;0;
202300028876;155 629 352;B01;2;7;0;1;1;1;2;
202300028877;155 629 351;B01;3;10;0;2;3;1;1;
202300028877;155 629 353;A01;3;30;0;2;1;26;1;
202300028878;155 629 349;A01;2;33;0;2;1;26;1;
202300028878;155 629 350;B01;2;7;0;2;6;11;1;
202300028879;155 629 348;A01;1;7;0;1;2;1;2;
202300028880;155 629 345;A01;2;33;0;2;1;3;1;
202300028880;155 629 347;B01;2;7;0;2;6;1;1;
202300028881;155 629 344;B01;3;1;0;2;1;1;5;
202300028881;155 629 346;A01;3;50;0;2;1;1;3;
202300028882;155 629 342;B01;2;31;0;2;3;3;1;
202300028882;155 629 343;Z01;2;7;0;2;2;12;1;
202300028883;155 629 340;A01;0;7;0;2;2;16;1;
202300028883;155 629 341;B01;3;1;0;2;0;0;5;
202300028884;155 629 338;B01;1;7;0;2;5;11;1;
202300028884;155 629 339;A01;1;34;0;2;1;11;1;
202300028885;155 629 336;A01;2;7;0;9;2;1;1;
202300028885;155 629 337;B01;3;1;0;2;5;19;5;
202300028886;155 629 334;A01;2;43;0;2;1;3;1;
202300028886;155 629 335;B01;2;7;0;2;4;0;1;
202300028887;155 629 333;A01;3;7;0;1;7;16;1;
202300028888;155 629 331;A01;1;7;0;2;1;2;1;
202300028888;155 629 332;B01;1;7;13;2;4;2;1;
202300028889;155 629 329;A01;3;50;0;2;1;9;3;
202300028889;155 629 330;B01;2;50;0;2;3;1;3;
202300028890;155 629 328;A01;2;7;15;1;2;16;1;
202300028891;155 629 325;A01;2;10;0;1;8;2;1;
202300028892;155 629 323;A01;1;7;0;1;2;1;1;
202300028893;155 629 322;A01;1;10;0;1;2;19;1;
202300028894;155 629 320;A01;1;7;0;1;8;1;1;
202300028895;155 629 318;A01;0;7;0;1;2;16;0;
202300028896;155 629 316;A01;1;7;0;2;3;19;1;
202300028896;155 629 317;B01;1;37;0;2;2;1;1;4
202300028897;155 629 314;A01;1;32;0;0;4;0;1;
202300028898;155 629 313;A01;1;7;8;2;1;2;1;
202300028898;155 629 315;B01;1;7;0;2;4;23;1;
202300028899;155 629 311;A01;1;7;0;2;1;1;1;
202300028899;155 629 312;B01;2;1;0;2;1;11;5;
202300028900;155 629 310;A01;3;7;0;1;2;17;1;
202300028901;155 629 307;A01;1;0;0;2;7;7;0;
202300028902;155 629 305;A01;1;2;0;2;0;26;3;
202300028902;155 629 306;B01;1;7;0;2;2;13;1;
202300028903;155 629 308;A01;1;7;0;2;1;10;0;
202300028903;155 629 309;B01;1;2;0;2;1;1;1;
202300028904;155 629 302;A01;1;7;0;2;1;2;1;
202300028904;155 629 303;B01;1;10;0;2;4;23;3;
202300028904;155 629 304;C01;1;10;0;2;4;23;1;
202300028905;155 629 300;A01;2;10;0;2;7;14;1;
202300028905;155 629 301;B01;2;7;4;2;8;1;1;
202300028906;155 629 298;B01;2;2;0;2;1;1;1;
202300028906;155 629 299;A01;1;7;0;2;5;9;1;
202300028907;155 629 297;A01;1;7;0;1;1;1;1;
202300028908;155 629 296;A01;1;7;0;1;1;1;1;
202300028909;155 629 294;A01;2;50;0;2;1;1;3;
202300028909;155 629 295;B01;2;7;0;2;6;1;1;
202300028910;155 629 292;A01;3;7;0;2;3;15;1;
202300028910;155 629 293;B01;2;33;0;2;3;1;1;
202300028911;155 629 291;A01;3;7;1;1;2;1;1;
202300028912;155 629 289;A01;1;50;0;2;1;19;3;
202300028912;155 629 290;B01;2;7;0;2;3;1;1;
202300028913;155 629 286;B01;1;7;0;2;3;1;1;
202300028913;155 629 287;A01;2;50;0;2;1;17;3;
202300028914;155 629 284;A01;0;7;0;0;0;0;1;
202300028914;155 629 285;B01;0;7;0;2;4;26;1;
202300028915;155 629 282;B01;3;33;0;2;7;1;1;
202300028915;155 629 283;A01;3;7;0;2;8;15;1;
202300028916;155 629 280;B01;3;7;0;2;2;1;1;
202300028916;155 629 281;A01;3;1;0;2;1;5;5;
202300028917;155 629 278;A01;1;33;0;2;1;5;1;
202300028917;155 629 279;B01;1;7;0;2;2;9;1;
202300028918;155 629 276;A01;1;1;0;2;1;21;5;
202300028918;155 629 277;B01;2;1;0;2;1;1;5;
202300028919;155 629 274;A01;2;7;0;2;1;2;1;
202300028919;155 629 275;B01;2;7;0;2;4;2;1;
202300028920;155 629 272;A01;3;7;0;2;2;15;1;
202300028920;155 629 273;B01;3;33;0;2;1;1;1;
202300028921;155 629 270;A01;2;7;0;2;3;9;1;
202300028921;155 629 271;B01;2;33;0;2;2;0;1;
202300028922;155 629 269;A01;1;7;1;0;9;1;1;
202300028923;155 629 267;A01;0;7;0;2;2;15;1;
202300028923;155 629 268;B01;1;32;0;2;1;1;1;
202300028924;155 629 266;A01;1;7;0;1;2;1;1;
202300028925;155 629 264;A01;3;7;0;2;2;19;1;
202300028925;155 629 265;B01;3;33;0;2;2;3;1;
202300028926;155 629 263;A01;3;50;0;0;0;1;3;
202300028927;155 629 261;A01;1;7;0;2;2;16;1;
202300028927;155 629 262;B01;1;1;0;2;1;1;5;
202300028928;155 629 259;B01;1;80;0;2;0;1;3;
202300028928;155 629 260;A01;1;7;0;2;2;20;1;
202300028929;155 629 258;A01;1;30;13;0;1;1;1;
202300028930;155 629 256;B01;0;80;9;2;7;2;0;
202300028930;155 629 257;A01;0;1;0;2;1;9;5;
202300028931;155 629 255;A01;0;10;6;0;2;14;1;
202300028932;155 629 254;A01;2;7;0;1;5;4;1;
202300028933;155 629 253;A01;3;50;0;1;1;25;3;
202300028934;155 629 251;A01;3;7;0;2;3;9;3;
202300028934;155 629 252;B01;3;80;0;2;7;1;3;
202300028935;155 629 249;B01;1;7;0;2;4;9;1;
202300028935;155 629 250;A01;1;10;0;2;1;2;1;
202300028936;155 629 247;A01;3;50;0;2;1;2;3;
202300028936;155 629 248;B01;1;7;0;2;2;20;1;
202300028937;155 629 245;A01;2;7;0;2;3;1;1;
202300028937;155 629 246;B01;1;1;0;2;8;23;5;
202300028938;155 629 243;A01;2;7;0;2;4;2;1;
202300028938;155 629 244;B01;2;7;0;2;4;2;1;
202300028939;155 629 242;A01;3;30;13;0;0;26;1;
202300028940;155 629 240;B01;3;1;0;9;7;1;5;
202300028940;155 629 241;A01;3;7;0;2;8;22;1;