Num_Acc;id_vehicule;num_veh;senc;catv;obs;obsm;choc;manv;motor;occutc
202300028941;155 629 238;A01;0;30;0;2;5;26;1;
202300028941;155 629 239;Z01;0;7;0;2;0;0;0;
202300028942;155 629 237;A01;2;7;0;1;7;15;1;
202300028943;155 629 236;B01;1;43;0;0;0;0;1;
202300028944;155 629 231;A01;1;7;4;0;8;0;1;
202300028945;155 629 229;A01;1;33;0;2;8;1;1;
202300028945;155 629 230;B01;1;7;0;2;7;16;1;
202300028946;155 629 227;B01;1;1;0;0;0;0;5;
202300028946;155 629 228;A01;1;7;0;2;1;2;0;
202300028947;155 629 226;A01;2;1;2;0;2;1;5;
202300028948;155 629 224;A01;1;10;0;2;5;17;1;
202300028948;155 629 225;B01;0;1;0;0;0;0;5;
202300028949;155 629 223;A01;1;7;0;1;3;26;1;
202300028950;155 629 220;A01;3;7;0;2;8;1;2;
202300028950;155 629 221;B01;3;7;0;2;0;1;1;
202300028950;155 629 222;C01;3;7;0;2;0;0;1;
202300028951;155 629 218;A01;1;32;0;2;1;2;1;
202300028951;155 629 219;B01;1;7;0;0;4;2;1;
202300028952;155 629 217;A01;1;14;0;1;1;1;1;
202300028953;155 629 215;A01;1;7;0;2;5;1;1;
202300028953;155 629 216;B01;1;2;0;2;3;1;1;
202300028954;155 629 213;A01;3;7;0;2;1;1;1;
202300028954;155 629 214;B01;3;99;0;2;1;9;2;
202300028955;155 629 212;A01;3;10;0;9;2;26;1;
202300028956;155 629 210;A01;3;30;0;2;1;17;1;
202300028956;155 629 211;B01;3;7;0;2;5;15;1;
202300028957;155 629 207;C01;2;7;0;2;8;1;1;
202300028957;155 629 208;A01;2;7;0;2;7;22;2;
202300028957;155 629 209;B01;2;31;0;2;1;3;1;
202300028958;155 629 205;B01;1;7;0;2;6;1;3;
202300028958;155 629 206;A01;1;34;0;2;2;9;1;
202300028959;155 629 202;A01;1;30;0;2;1;2;1;
202300028959;155 629 203;B01;1;10;0;2;2;2;1;
202300028959;155 629 204;C01;1;7;0;2;3;2;1;
202300028960;155 629 200;B01;1;10;0;2;5;23;1;
202300028960;155 629 201;A01;1;31;0;2;1;2;1;
202300028961;155 629 198;A01;1;34;0;2;1;3;1;
202300028961;155 629 199;B01;1;10;0;2;3;11;3;
202300028962;155 629 197;A01;3;31;0;1;1;1;1;
202300028963;155 629 195;A01;1;7;0;2;2;16;1;
202300028963;155 629 196;B01;1;1;0;2;1;1;5;
202300028964;155 629 193;A01;1;2;0;2;1;2;1;
202300028964;155 629 194;B01;1;33;0;2;4;23;4;
202300028965;155 629 192;A01;2;7;0;1;1;1;1;
202300028966;155 629 190;B01;2;7;0;2;2;1;1;
202300028966;155 629 191;A01;3;30;0;2;3;16;1;
202300028967;155 629 188;A01;1;7;0;2;3;16;2;
202300028967;155 629 189;B01;1;80;0;2;1;1;3;
202300028968;155 629 187;A01;1;50;0;0;3;14;3;
202300028969;155 629 185;A01;2;33;0;2;1;16;1;
202300028969;155 629 186;B01;2;7;0;2;7;16;1;
202300028970;155 629 183;A01;3;1;0;2;1;1;5;
202300028970;155 629 184;B01;3;14;0;2;6;23;0;
202300028971;155 629 181;Z01;3;7;0;2;1;9;0;
202300028971;155 629 182;Y01;3;1;0;2;4;25;5;
202300028972;155 629 179;B01;2;80;1;0;2;1;3;
202300028972;155 629 180;A01;2;7;0;2;3;22;1;
202300028973;155 629 177;B01;2;1;0;2;8;1;5;
202300028973;155 629 178;A01;1;7;8;2;3;15;1;
202300028974;155 629 176;A01;2;50;0;1;1;1;3;
202300028975;155 629 174;A01;2;7;0;2;1;1;0;
202300028975;155 629 175;B01;2;1;0;2;8;1;5;
202300028976;155 629 172;A01;1;7;0;2;1;1;1;
202300028976;155 629 173;B01;1;7;0;0;4;23;2;
202300028977;155 629 171;A01;0;33;1;0;1;1;1;
202300028978;155 629 169;A01;1;10;0;2;4;4;1;
202300028978;155 629 170;B01;1;32;0;2;8;1;1;
202300028979;155 629 167;A01;3;10;0;2;8;22;1;
202300028979;155 629 168;B01;1;1;0;2;1;1;5;
202300028980;155 629 165;A01;1;7;0;2;3;23;1;
202300028980;155 629 166;B01;1;10;0;2;2;1;3;
202300028981;155 629 163;A01;2;30;0;2;1;15;1;
202300028981;155 629 164;B01;1;7;0;2;1;1;1;
202300028982;155 629 162;Z01;3;7;0;1;1;1;1;
202300028983;155 629 160;A01;2;14;0;2;2;16;1;
202300028983;155 629 161;B01;2;7;0;2;6;16;2;
202300028984;155 629 158;B01;0;10;0;2;2;15;0;
202300028984;155 629 159;A01;1;33;0;2;1;1;0;
202300028985;155 629 155;B01;2;10;0;2;3;1;1;
202300028985;155 629 156;A01;1;34;0;2;2;26;1;
202300028986;155 629 153;A01;2;30;0;2;1;1;1;
202300028986;155 629 154;B01;3;1;0;2;0;19;5;
202300028987;155 629 151;B01;3;7;0;2;1;2;1;
202300028987;155 629 152;A01;3;7;0;2;7;15;1;
202300028988;155 629 149;A01;3;10;8;2;1;9;1;
202300028988;155 629 150;B01;0;7;8;2;4;1;1;
202300028989;155 629 148;A01;2;7;1;1;5;2;2;
202300028990;155 629 146;A01;1;7;0;2;7;15;1;
202300028990;155 629 147;B01;2;31;0;2;1;1;1;
202300028991;155 629 144;A01;2;7;0;2;8;15;1;
202300028991;155 629 145;B01;2;43;0;2;1;1;1;
202300028992;155 629 142;A01;2;30;0;2;1;18;1;
202300028992;155 629 143;B01;2;10;0;2;7;22;1;
202300028993;155 629 140;A01;1;7;0;0;8;15;1;
202300028993;155 629 141;B01;1;43;0;0;7;1;1;
202300028994;155 629 138;A01;2;3;0;0;0;24;1;
202300028994;155 629 139;B01;2;1;1;0;1;1;5;
202300028995;155 629 136;A01;2;7;0;2;2;10;0;
202300028995;155 629 137;B01;1;50;0;2;1;0;3;
202300028996;155 629 135;A01;1;7;0;1;0;1;1;
202300028997;155 629 133;B01;0;33;0;2;3;15;1;
202300028997;155 629 134;A01;0;37;0;2;8;13;1;1
202300028998;155 629 132;A01;1;50;0;0;8;1;3;
202300028999;155 629 131;A01;1;10;0;1;4;20;1;
202300029000;155 629 129;B01;1;2;0;2;1;1;3;
202300029000;155 629 130;A01;1;7;0;2;3;1;1;
202300029001;155 629 128;A01;2;50;0;1;1;1;3;
202300029002;155 629 126;A01;1;14;0;2;5;1;1;
202300029002;155 629 127;B01;1;1;0;2;3;1;5;
202300029003;155 629 123;A01;2;7;0;2;1;5;1;
202300029003;155 629 124;B01;1;7;0;2;1;1;1;
202300029003;155 629 125;C01;2;7;0;2;1;1;1;
202300029004;155 629 121;A01;-1;7;0;2;1;15;1;
202300029004;155 629 122;B01;-1;7;0;2;7;1;1;
202300029005;155 629 119;A01;2;15;0;0;6;1;1;
202300029005;155 629 120;B01;2;7;0;2;2;1;1;
202300029006;155 629 118;A01;2;33;13;0;9;1;1;
202300029007;155 629 117;A01;2;7;2;0;1;1;0;
202300029008;155 629 115;A01;1;7;0;2;1;16;1;
202300029008;155 629 116;B01;2;7;0;2;3;1;1;
202300029009;155 629 114;A01;1;33;7;0;0;1;1;
202300029010;155 629 112;A01;3;1;0;2;1;5;5;
202300029010;155 629 113;B01;3;14;0;9;3;1;1;
202300029011;155 629 109;A01;1;10;0;2;1;1;1;
202300029011;155 629 110;B01;2;7;0;2;1;1;1;
202300029011;155 629 111;C01;2;7;0;2;3;1;1;
202300029012;155 629 107;B01;2;7;0;2;2;17;0;
202300029012;155 629 108;A01;2;7;0;2;3;15;0;
202300029013;155 629 105;A01;2;33;0;2;1;13;1;
202300029013;155 629 106;B01;1;10;0;2;3;1;1;
202300029014;155 629 103;A01;1;33;0;2;1;17;1;
202300029014;155 629 104;B01;2;7;0;2;3;1;0;
202300029015;155 629 101;A01;1;7;0;2;3;13;1;
202300029015;155 629 102;B01;2;7;0;2;3;1;1;
202300029016;155 629 099;B01;1;7;0;2;3;1;1;
202300029016;155 629 100;A01;3;7;0;2;2;9;1;
202300029017;155 629 097;A01;2;7;0;2;8;26;1;
202300029017;155 629 098;B01;2;7;7;2;1;1;0;
202300029018;155 629 095;B01;1;33;0;2;2;1;1;
202300029018;155 629 096;A01;2;7;0;2;7;15;1;
202300029019;155 629 092;A01;3;10;0;2;3;15;1;
202300029019;155 629 093;B01;3;2;0;0;8;1;1;
202300029019;155 629 094;C01;3;7;0;0;8;23;1;
202300029020;155 629 090;A01;1;7;0;0;2;1;1;
202300029020;155 629 091;B01;2;7;0;0;1;1;1;
202300029021;155 629 089;A01;-1;99;0;1;0;0;0;
202300029022;155 629 087;A01;2;7;0;2;2;9;1;
202300029022;155 629 088;B01;2;33;0;2;1;1;1;
202300029023;155 629 084;A01;2;7;8;0;1;1;1;
202300029024;155 629 081;B01;1;7;0;2;3;0;1;
202300029024;155 629 082;C01;2;31;0;9;0;1;1;
202300029024;155 629 083;A01;2;31;0;2;1;13;1;
202300029025;155 629 080;A01;2;33;2;0;1;1;1;
202300029026;155 629 079;A01;2;33;5;0;2;1;1;
202300029027;155 629 077;B01;3;32;0;2;2;5;1;
202300029027;155 629 078;A01;3;7;0;2;3;1;1;
202300029028;155 629 076;A01;3;2;0;0;0;1;1;
202300029029;155 629 074;B01;2;33;0;2;0;1;1;
202300029029;155 629 075;A01;1;33;0;2;0;13;1;
202300029030;155 629 070;B01;1;7;0;2;4;0;0;
202300029030;155 629 071;C01;1;7;0;2;4;0;0;
202300029030;155 629 072;D01;1;7;0;0;4;0;0;
202300029030;155 629 073;A01;1;10;0;2;1;0;0;
202300029031;155 629 067;A01;3;1;0;2;1;19;5;
202300029031;155 629 068;B01;3;2;0;2;1;1;1;
202300029032;155 629 065;B01;2;1;0;0;4;2;5;
202300029032;155 629 066;A01;2;10;0;0;2;17;1;
202300029033;155 629 064;A01;1;21;0;6;8;21;1;
202300029034;155 629 062;B01;1;37;0;2;3;26;1;1
202300029034;155 629 063;A01;1;7;0;2;7;1;1;
202300029035;155 629 060;A01;1;33;0;2;1;17;0;
202300029035;155 629 061;B01;2;7;0;2;1;9;1;
202300029036;155 629 058;B01;1;33;0;0;1;1;1;
202300029036;155 629 059;A01;2;7;0;2;1;15;1;
202300029037;155 629 057;A01;1;33;0;0;0;1;1;
202300029038;155 629 055;A01;2;7;0;2;1;13;1;
202300029038;155 629 056;B01;1;13;0;2;1;1;1;
202300029039;155 629 053;A01;2;10;0;2;2;20;1;
202300029039;155 629 054;B01;2;30;0;2;3;1;0;
202300029040;155 629 051;A01;1;7;0;2;8;1;1;
202300029040;155 629 052;B01;2;7;0;2;3;13;0;
202300029041;155 629 049;A01;0;7;0;2;2;19;1;
202300029041;155 629 050;B01;0;33;0;2;1;1;1;
202300029042;155 629 047;A01;1;7;0;2;3;16;1;
202300029042;155 629 048;B01;2;10;0;2;3;1;1;
202300029043;155 629 045;B01;2;32;0;2;7;1;1;
202300029043;155 629 046;A01;0;10;0;2;6;19;1;
202300029044;155 629 042;A01;3;1;0;2;1;15;5;
202300029044;155 629 043;B01;3;7;0;9;1;23;1;
202300029045;155 629 040;A01;2;7;0;2;2;14;1;
202300029045;155 629 041;B01;2;33;0;0;4;1;1;
202300029046;155 629 038;B01;1;17;0;0;5;2;1;
202300029046;155 629 039;A01;1;10;3;2;1;2;1;
202300029047;155 629 036;A01;1;7;0;2;3;13;1;
202300029047;155 629 037;B01;2;7;0;2;3;1;1;
202300029048;155 629 033;A01;1;7;0;2;1;1;1;
202300029048;155 629 034;B01;2;7;0;2;1;1;1;
202300029048;155 629 035;C01;2;7;0;2;1;1;1;
202300029049;155 629 032;A01;0;7;15;9;0;0;1;
202300029050;155 629 029;A01;2;33;0;2;1;1;1;
202300029050;155 629 030;B01;2;33;0;2;1;1;1;
202300029050;155 629 031;C01;1;10;0;2;3;13;1;
202300029051;155 629 027;A01;1;10;0;2;7;15;1;
202300029051;155 629 028;B01;2;31;0;2;1;1;1;
202300029052;155 629 026;A01;0;7;0;1;2;1;0;
202300029053;155 629 025;A01;1;33;0;1;0;13;1;
202300029054;155 629 023;A01;1;7;0;2;3;13;1;
202300029054;155 629 024;B01;2;7;2;2;3;1;1;
202300029055;155 629 019;A01;1;7;0;2;2;17;1;
202300029055;155 629 020;B01;1;15;0;0;6;0;1;
202300029056;155 629 018;A01;2;21;7;0;7;14;1;
202300029057;155 629 017;A01;1;7;0;0;1;0;1;
202300029058;155 629 015;A01;1;33;0;2;1;1;0;
202300029058;155 629 016;B01;2;7;0;2;3;15;0;
202300029059;155 629 013;A01;2;7;0;2;3;1;1;
202300029059;155 629 014;B01;2;7;6;2;3;10;1;
202300029060;155 629 012;A01;1;7;6;0;1;15;1;
202300029061;155 629 011;A01;3;7;0;0;0;0;0;
202300029062;155 629 009;A01;1;7;0;2;1;14;0;
202300029062;155 629 010;B01;2;7;0;2;1;1;1;
202300029063;155 629 007;A01;1;7;0;2;2;15;1;
202300029063;155 629 008;B01;2;1;0;2;8;1;5;
202300029064;155 629 005;A01;3;7;0;0;8;9;1;
202300029064;155 629 006;B01;3;33;0;2;1;1;1;
202300029065;155 629 004;A01;0;7;13;0;2;0;1;
202300029066;155 629 002;A01;1;7;0;0;0;17;1;
202300029066;155 629 003;B01;1;33;0;0;8;17;1;
202300029067;155 629 001;A01;1;7;0;0;1;0;1;
202300029068;155 628 999;A01;3;10;0;2;7;1;0;
202300029068;155 629 000;B01;3;10;0;0;1;1;0;
202300029069;155 628 996;A01;1;7;0;2;1;1;1;
202300029069;155 628 997;B01;1;7;0;2;4;23;1;
202300029069;155 628 998;C01;1;7;0;2;4;23;1;
202300029070;155 628 993;A01;2;14;0;2;4;1;1;
202300029070;155 628 994;B01;2;7;0;2;6;2;1;
202300029070;155 628 995;C01;2;7;0;2;2;14;1;
202300029071;155 628 991;A01;1;32;0;2;1;14;1;
202300029071;155 628 992;B01;1;7;0;2;6;1;2;
202300029072;155 628 989;A01;1;7;4;2;2;14;1;
202300029072;155 628 990;B01;1;10;4;2;3;1;1;
202300029073;155 628 986;C01;2;7;0;2;5;23;1;
202300029073;155 628 987;A01;2;7;0;2;3;18;1;
202300029073;155 628 988;B01;2;7;0;2;7;23;1;
202300029074;155 628 984;A01;2;33;0;2;1;2;1;
202300029074;155 628 985;B01;2;7;0;2;4;1;1;
202300029075;155 628 982;A01;0;7;0;2;1;15;1;
202300029075;155 628 983;B01;2;1;0;2;8;1;5;
202300029076;155 628 979;A01;2;7;0;2;1;1;1;
202300029076;155 628 980;B01;2;7;0;2;4;1;1;
202300029076;155 628 981;C01;2;7;0;2;4;1;1;
202300029077;155 628 978;A01;1;30;0;0;0;1;1;
202300029078;155 628 975;A01;3;7;0;0;3;15;1;
202300029078;155 628 976;B01;3;2;0;2;0;0;1;
202300029078;155 628 977;C01;3;7;0;0;0;0;2;
202300029079;155 628 973;B01;1;7;0;2;2;15;1;
202300029079;155 628 974;A01;2;33;0;2;1;1;1;
202300029080;155 628 971;B01;3;7;0;2;1;1;1;
202300029080;155 628 972;A01;1;30;0;2;7;16;1;
202300029081;155 628 969;A01;2;80;0;2;8;1;3;
202300029081;155 628 970;B01;2;7;0;2;7;16;1;
202300029082;155 628 967;A01;1;7;0;2;1;12;1;
202300029082;155 628 968;B01;1;7;0;0;4;0;2;
202300029083;155 628 965;A01;1;10;0;2;3;2;1;
202300029083;155 628 966;B01;1;1;0;2;0;0;5;
202300029084;155 628 963;A01;1;7;0;2;0;0;1;
202300029084;155 628 964;B01;3;50;0;2;0;0;3;
202300029085;155 628 961;B01;1;7;0;2;7;1;1;
202300029085;155 628 962;A01;1;50;0;2;1;5;3;
202300029086;155 628 959;A01;2;7;0;2;1;9;1;
202300029086;155 628 960;B01;2;7;0;2;7;15;1;
202300029087;155 628 957;A01;3;10;4;2;3;21;1;
202300029087;155 628 958;B01;2;7;10;0;4;23;1;
202300029088;155 628 956;A01;3;7;0;1;8;15;1;
202300029089;155 628 954;B01;2;7;0;9;3;16;1;
202300029089;155 628 955;A01;1;1;0;2;1;19;5;
202300029090;155 628 952;A01;3;10;0;2;1;2;1;
202300029090;155 628 953;B01;3;7;0;2;7;2;1;
202300029091;155 628 950;Z01;1;0;0;9;2;26;0;
202300029091;155 628 951;A01;2;50;0;2;1;15;3;
202300029092;155 628 948;B01;1;1;0;2;4;1;5;
202300029092;155 628 949;A01;1;7;0;2;2;9;1;
202300029093;155 628 944;A01;1;7;8;0;1;0;2;
202300029094;155 628 942;B01;2;7;0;2;2;21;1;
202300029094;155 628 943;A01;2;7;0;2;6;1;0;
202300029095;155 628 941;A01;3;7;9;1;1;14;1;
202300029096;155 628 940;A01;1;7;9;0;1;0;1;
202300029097;155 628 938;B01;1;7;0;2;4;2;1;
202300029097;155 628 939;A01;1;30;0;2;1;2;1;
202300029098;155 628 937;A01;1;10;0;1;1;1;1;
202300029099;155 628 936;A01;0;7;0;1;1;1;3;
202300029100;155 628 935;A01;1;7;0;1;2;9;1;
202300029101;155 628 933;B01;1;2;0;2;1;1;1;
202300029101;155 628 934;A01;1;10;0;2;3;15;3;
202300029102;155 628 930;A01;1;7;0;2;1;2;1;
202300029102;155 628 931;B01;1;7;0;2;4;2;1;
202300029102;155 628 932;C01;1;7;0;2;4;2;0;
202300029103;155 628 928;A01;2;7;0;2;2;15;1;
202300029103;155 628 929;B01;2;30;0;2;1;1;1;
202300029104;155 628 926;A01;0;1;0;2;4;0;5;
202300029104;155 628 927;B01;0;7;0;9;5;16;1;
202300029105;155 628 925;A01;1;7;12;1;2;1;1;
202300029106;155 628 923;A01;2;13;0;2;6;4;1;
202300029106;155 628 924;B01;2;37;0;2;3;26;1;4
202300029107;155 628 922;A01;1;7;1;1;1;21;1;
202300029108;155 628 921;A01;2;1;0;0;1;26;5;
202300029109;155 628 919;A01;1;7;0;2;3;16;1;
202300029109;155 628 920;B01;1;2;0;2;2;2;0;
202300029110;155 628 917;A01;1;7;0;2;2;0;1;
202300029110;155 628 918;B01;2;7;0;2;3;0;1;
202300029111;155 628 914;A01;2;7;0;2;2;12;1;
202300029111;155 628 915;B01;2;43;0;2;1;3;1;
202300029111;155 628 916;C01;2;7;0;2;4;1;1;
202300029112;155 628 912;B01;1;7;0;2;4;2;1;
202300029112;155 628 913;A01;1;7;0;2;1;2;1;
202300029113;155 628 911;A01;2;10;0;1;3;16;1;
202300029114;155 628 910;A01;2;33;0;1;1;16;1;
202300029115;155 628 908;A01;3;10;0;2;6;14;1;
202300029115;155 628 909;B01;3;1;0;2;1;1;5;
202300029116;155 628 907;A01;2;50;0;0;1;1;3;
202300029117;155 628 906;A01;1;34;0;0;8;1;1;
202300029118;155 628 904;A01;1;7;0;2;1;9;1;
202300029118;155 628 905;B01;2;1;0;2;7;5;5;
202300029119;155 628 902;A01;2;7;0;2;3;16;1;
202300029119;155 628 903;B01;1;80;0;2;1;1;3;
202300029120;155 628 900;A01;2;7;0;2;3;9;1;
202300029120;155 628 901;B01;2;30;0;2;1;1;3;
202300029121;155 628 898;A01;1;7;0;2;7;20;1;
202300029121;155 628 899;B01;1;30;0;2;3;18;1;
202300029122;155 628 896;A01;1;10;0;2;1;1;1;
202300029122;155 628 897;B01;2;50;0;2;2;1;3;
202300029123;155 628 895;A01;3;33;1;0;2;20;1;
202300029124;155 628 892;A01;1;50;0;2;1;13;3;
202300029124;155 628 893;B01;2;80;0;2;1;1;3;
202300029125;155 628 890;B01;2;37;0;2;5;17;1;1
202300029125;155 628 891;A01;1;1;0;2;3;21;5;
202300029126;155 628 887;B01;1;7;0;2;6;2;1;
202300029126;155 628 888;C01;1;7;0;2;4;2;1;
202300029126;155 628 889;A01;1;10;0;2;1;2;1;
202300029127;155 628 886;A01;2;1;0;1;1;1;5;
202300029128;155 628 884;Z01;1;10;0;2;3;15;0;
202300029128;155 628 885;B01;2;80;0;2;1;1;3;
202300029129;155 628 883;A01;1;1;0;1;1;1;5;
202300029130;155 628 881;B01;0;10;0;2;6;9;1;
202300029130;155 628 882;A01;2;7;0;2;1;1;1;
202300029131;155 628 879;A01;0;7;0;2;6;1;6;
202300029131;155 628 880;B01;0;33;0;2;2;15;0;
202300029132;155 628 877;B01;0;33;0;2;4;23;0;
202300029132;155 628 878;A01;0;10;0;2;1;1;0;
202300029133;155 628 876;A01;1;7;0;1;1;16;0;
202300029134;155 628 874;A01;2;7;0;2;3;15;1;
202300029134;155 628 875;B01;1;43;0;2;1;1;1;
202300029135;155 628 873;A01;2;34;0;1;1;1;1;
202300029136;155 628 872;A01;3;7;0;1;1;15;1;
202300029137;155 628 871;A01;3;7;0;1;2;1;1;
202300029138;155 628 868;A01;0;7;0;2;1;2;1;
202300029138;155 628 869;B01;0;10;0;2;4;2;1;
202300029138;155 628 870;C01;0;7;0;2;4;2;1;
202300029139;155 628 867;A01;0;7;2;0;1;0;1;
202300029140;155 628 865;B01;3;1;0;2;0;15;5;
202300029140;155 628 866;A01;1;10;0;2;3;16;1;
202300029141;155 628 863;A01;3;7;0;2;1;15;1;
202300029141;155 628 864;B01;0;7;0;2;3;1;1;
202300029142;155 628 861;A01;0;7;0;2;2;16;3;
202300029142;155 628 862;B01;0;30;0;2;1;1;1;
202300029143;155 628 859;B01;1;60;0;2;1;19;5;
202300029143;155 628 860;A01;1;10;0;9;1;15;1;
202300029144;155 628 858;A01;3;60;0;0;1;25;5;
202300029145;155 628 857;A01;2;7;6;0;1;26;1;
202300029146;155 628 856;A01;1;7;0;1;1;1;1;
202300029147;155 628 854;C01;3;31;0;2;7;1;0;
202300029147;155 628 855;A01;0;1;0;2;7;1;5;
202300029148;155 628 853;A01;1;50;0;1;1;1;3;
202300029149;155 628 850;A01;3;7;0;2;3;1;1;
202300029149;155 628 851;C01;1;7;0;2;3;23;2;
202300029149;155 628 852;B01;0;7;0;2;2;9;1;
202300029150;155 628 848;A01;2;50;0;2;1;26;3;
202300029150;155 628 849;B01;2;7;0;2;4;23;0;
202300029151;155 628 846;A01;1;32;0;2;8;0;1;
202300029151;155 628 847;B01;0;7;0;0;0;0;0;
202300029152;155 628 844;A01;0;7;0;2;1;0;0;
202300029152;155 628 845;B01;0;34;0;2;4;1;1;
202300029153;155 628 842;B01;1;1;0;2;7;26;5;
202300029153;155 628 843;A01;1;10;0;2;3;26;1;
202300029154;155 628 840;A01;1;3;1;0;2;14;1;
202300029154;155 628 841;B01;0;7;0;2;6;23;1;
202300029155;155 628 839;A01;2;7;14;1;3;21;0;
202300029156;155 628 838;A01;1;17;3;0;3;13;1;
202300029157;155 628 836;A01;3;16;0;9;5;1;1;
202300029157;155 628 837;B01;3;1;0;2;0;1;5;
202300029158;155 628 835;A01;3;7;13;0;3;26;1;
202300029159;155 628 833;A01;2;7;0;2;1;13;1;
202300029159;155 628 834;B01;1;7;6;2;3;1;1;
202300029160;155 628 832;A01;3;2;8;0;0;21;3;
202300029161;155 628 831;A01;1;7;2;0;1;1;1;
202300029162;155 628 829;B01;1;33;0;2;1;1;1;
202300029162;155 628 830;A01;2;7;0;2;1;15;1;
202300029163;155 628 827;A01;2;7;0;2;3;9;1;
202300029163;155 628 828;B01;1;33;0;2;1;17;1;
202300029164;155 628 826;A01;1;33;0;0;7;16;1;
202300029165;155 628 824;B01;2;7;0;0;1;1;1;
202300029165;155 628 825;A01;1;10;0;2;8;1;1;
202300029166;155 628 823;A01;2;7;0;1;6;4;1;
202300029167;155 628 822;A01;2;33;0;0;8;1;1;
202300029168;155 628 821;A01;1;7;13;0;3;0;1;
202300029169;155 628 819;A01;3;36;0;2;1;13;1;
202300029169;155 628 820;B01;3;1;0;2;1;1;5;
202300029170;155 628 818;A01;1;36;15;0;8;1;1;
202300029171;155 628 816;A01;1;33;0;2;1;13;1;
202300029171;155 628 817;B01;2;7;0;2;8;1;1;
202300029172;155 628 814;A01;2;7;8;0;9;1;1;
202300029173;155 628 813;A01;1;33;13;0;1;16;1;
202300029174;155 628 812;A01;2;20;0;0;7;1;1;
202300029175;155 628 811;A01;0;31;13;0;7;1;1;
202300029176;155 628 809;A01;2;7;0;2;1;13;1;
202300029176;155 628 810;B01;1;7;0;2;1;1;1;
202300029177;155 628 808;A01;1;33;0;0;0;1;1;
202300029178;155 628 807;A01;2;33;13;0;1;0;1;
202300029179;155 628 806;A01;2;7;0;1;1;1;1;
202300029180;155 628 805;A01;3;33;0;0;0;16;1;
202300029181;155 628 803;A01;3;7;0;2;1;19;1;
202300029181;155 628 804;B01;2;1;0;2;6;1;5;
202300029182;155 628 801;A01;1;7;0;2;7;19;1;
202300029182;155 628 802;C01;1;7;0;2;3;1;1;
202300029183;155 628 799;A01;2;38;0;2;3;1;1;1
202300029183;155 628 800;B01;1;7;0;2;3;13;1;
202300029184;155 628 797;A01;2;31;0;2;9;21;1;
202300029184;155 628 798;B01;1;7;0;2;8;1;1;
202300029185;155 628 795;A01;2;30;0;2;1;2;1;
202300029185;155 628 796;B01;2;7;0;0;5;23;1;
202300029186;155 628 791;A01;1;7;0;2;3;13;1;
202300029186;155 628 792;B01;2;15;0;2;3;1;1;
202300029186;155 628 793;C01;1;7;0;2;6;1;1;
202300029186;155 628 794;D01;1;7;0;9;1;1;1;
202300029187;155 628 789;A01;2;7;0;2;1;1;1;
202300029187;155 628 790;B01;1;7;0;2;8;9;3;
202300029188;155 628 788;A01;1;7;16;0;9;1;1;
202300029189;155 628 786;A01;2;7;0;0;1;13;1;
202300029189;155 628 787;B01;1;7;14;2;1;1;1;
202300029190;155 628 785;A01;2;1;0;0;0;0;5;
202300029191;155 628 783;A01;2;33;0;2;0;0;1;
202300029191;155 628 784;B01;2;30;0;2;0;0;1;
202300029192;155 628 782;A01;1;7;0;1;2;1;0;
202300029193;155 628 780;A01;2;7;0;0;-1;10;1;
202300029193;155 628 781;B01;1;33;10;0;9;21;1;
202300029194;155 628 779;A01;1;33;13;0;9;17;1;
202300029195;155 628 777;B01;1;7;0;0;6;1;0;
202300029195;155 628 778;A01;2;33;0;2;1;19;0;
202300029196;155 628 775;A01;2;10;0;2;6;9;1;
202300029196;155 628 776;B01;1;33;0;2;1;1;1;
202300029197;155 628 773;A01;2;33;0;2;2;17;1;
202300029197;155 628 774;B01;2;38;0;9;8;15;1;1
202300029198;155 628 772;A01;2;3;0;1;2;0;1;
202300029199;155 628 770;A01;1;7;0;2;6;19;1;
202300029199;155 628 771;B01;1;7;0;2;1;1;1;
202300029200;155 628 768;B01;1;7;0;2;1;1;1;
202300029200;155 628 769;A01;2;7;0;2;7;13;1;
202300029201;155 628 766;A01;2;1;0;2;8;13;5;
202300029201;155 628 767;B01;1;21;0;9;6;1;1;
202300029202;155 628 764;A01;2;10;0;2;2;12;1;
202300029202;155 628 765;B01;2;33;3;2;6;1;1;
202300029203;155 628 762;A01;1;7;0;2;2;15;1;
202300029203;155 628 763;B01;2;33;0;2;2;1;1;
202300029204;155 628 761;A01;1;7;2;0;1;0;1;
202300029205;155 628 760;A01;2;33;0;6;2;19;6;
202300029206;155 628 756;B01;1;7;0;2;8;13;1;
202300029206;155 628 757;A01;1;43;0;2;3;7;1;
202300029207;155 628 754;A01;1;7;0;2;4;2;1;
202300029207;155 628 755;B01;1;7;0;2;1;2;1;
202300029208;155 628 752;A01;1;15;4;2;1;1;1;
202300029208;155 628 753;B01;2;10;0;2;6;1;1;
202300029209;155 628 751;A01;1;7;3;0;8;13;1;
202300029210;155 628 748;A01;1;15;0;2;2;12;1;
202300029210;155 628 749;B01;1;7;0;2;8;18;1;
202300029210;155 628 750;C01;1;10;0;2;7;1;1;
202300029211;155 628 746;A01;1;7;0;2;4;1;1;
202300029211;155 628 747;B01;1;33;0;2;1;2;1;
202300029212;155 628 744;A01;2;7;0;2;1;1;0;
202300029212;155 628 745;B01;2;10;0;2;4;1;0;