Num_Acc;id_vehicule;num_veh;senc;catv;obs;obsm;choc;manv;motor;occutc
202300029506;155 628 240;B01;1;1;0;0;4;1;5;
202300029507;155 628 236;A01;1;7;7;0;9;1;1;
202300029508;155 628 235;B01;2;7;0;2;4;23;0;
202300029508;155 628 238;A01;2;7;0;2;1;1;1;
202300029509;155 628 232;A01;1;10;0;2;3;13;1;
202300029509;155 628 233;B01;1;7;0;2;1;1;1;
202300029510;155 628 234;A01;1;7;0;2;2;26;1;
202300029510;155 628 237;B01;2;43;0;2;1;26;1;
202300029511;155 628 230;A01;1;1;0;2;1;1;5;
202300029511;155 628 231;B01;1;7;0;2;2;22;1;
202300029512;155 628 229;A01;3;10;0;0;0;4;1;
202300029513;155 628 227;A01;1;37;0;1;2;9;3;1
202300029514;155 628 226;A01;2;7;3;2;1;17;1;
202300029514;155 628 228;B01;2;38;0;2;1;1;1;1
202300029515;155 628 223;A01;0;7;0;2;3;15;2;
202300029515;155 628 224;B01;3;43;0;2;1;1;1;
202300029516;155 628 221;B01;1;33;0;2;2;17;1;
202300029516;155 628 222;A01;1;7;0;2;3;15;1;
202300029517;155 628 217;A01;3;1;0;2;1;5;5;
202300029517;155 628 220;B01;3;1;0;2;1;1;5;
202300029518;155 628 216;B01;2;14;0;2;2;1;1;
202300029518;155 628 218;A01;3;7;0;2;8;19;1;
202300029519;155 628 219;A01;2;7;2;0;3;13;1;
202300029520;155 628 213;A01;1;7;0;9;2;1;1;
202300029520;155 628 215;B01;1;1;0;9;0;0;5;
202300029521;155 628 211;B01;1;7;0;2;3;1;1;
202300029521;155 628 214;A01;2;7;0;2;3;13;1;
202300029522;155 628 212;A01;2;7;0;0;0;1;1;
202300029523;155 628 208;A01;1;7;0;1;2;1;1;
202300029524;155 628 209;A01;1;7;0;1;2;1;1;
202300029525;155 628 207;A01;2;7;0;2;3;15;0;
202300029525;155 628 210;B01;1;7;0;2;1;1;0;
202300029526;155 628 205;A01;2;7;0;1;1;21;1;
202300029527;155 628 204;A01;2;7;4;0;3;1;1;
202300029528;155 628 201;A01;1;7;2;0;3;13;1;
202300029529;155 628 200;A01;1;7;0;2;2;11;1;
202300029529;155 628 203;B01;1;7;0;2;3;1;1;
202300029530;155 628 199;B01;2;7;0;0;6;23;1;
202300029530;155 628 202;A01;2;10;0;2;2;2;1;
202300029531;155 628 198;A01;1;7;0;1;3;1;1;
202300029532;155 628 196;A01;2;1;0;0;0;1;5;
202300029533;155 628 195;A01;1;10;0;2;2;1;1;
202300029533;155 628 197;B01;1;10;0;2;1;16;1;
202300029534;155 628 191;A01;2;7;4;0;1;12;6;
202300029535;155 628 192;A01;3;7;0;2;1;13;1;
202300029535;155 628 193;B01;3;10;0;2;3;1;1;
202300029536;155 628 190;B01;1;2;0;2;1;1;1;
202300029536;155 628 194;A01;1;10;0;2;3;19;1;
202300029537;155 628 189;A01;3;7;1;0;2;1;1;
202300029538;155 628 188;A01;2;14;15;0;2;2;1;
202300029539;155 628 184;A01;2;7;4;0;3;13;1;
202300029540;155 628 185;B01;2;10;0;2;3;1;1;
202300029540;155 628 187;A01;2;33;0;2;3;13;1;
202300029541;155 628 183;B01;2;7;0;2;8;1;1;
202300029541;155 628 186;A01;2;14;0;2;3;9;1;
202300029542;155 628 180;A01;1;10;0;2;6;26;1;
202300029542;155 628 182;B01;1;2;0;2;1;0;1;
202300029543;155 628 178;C01;2;2;0;2;1;1;1;
202300029543;155 628 179;A01;2;7;0;2;1;10;1;
202300029543;155 628 181;B01;2;7;0;2;2;1;1;
202300029544;155 628 176;A01;1;7;13;0;2;14;1;
202300029545;155 628 175;A01;1;7;1;2;8;13;4;
202300029546;155 628 174;A01;2;33;0;2;1;5;1;
202300029546;155 628 177;B01;1;7;0;2;3;1;1;
202300029547;155 628 172;A01;3;1;0;1;1;1;5;
202300029548;155 628 171;A01;2;7;0;2;3;15;1;
202300029548;155 628 173;B01;1;2;0;2;1;0;1;
202300029549;155 628 167;A01;2;30;0;2;4;1;1;
202300029549;155 628 170;Z01;1;7;0;2;1;1;1;
202300029550;155 628 166;A01;1;7;0;2;3;1;0;
202300029550;155 628 168;B01;1;7;0;2;3;1;0;
202300029551;155 628 162;A01;0;7;0;2;1;5;0;
202300029551;155 628 163;B01;0;7;0;2;1;1;0;
202300029551;155 628 165;C01;0;7;0;2;8;1;0;
202300029552;155 628 161;B01;1;50;0;2;1;1;3;
202300029552;155 628 164;A01;2;7;0;2;3;15;1;
202300029553;155 628 158;A01;2;7;0;2;7;21;0;
202300029553;155 628 160;B01;2;2;0;2;8;1;1;
202300029554;155 628 157;A01;2;10;0;2;8;15;1;
202300029554;155 628 159;B01;2;2;0;2;3;1;1;
202300029555;155 628 156;A01;1;7;2;0;3;13;1;
202300029556;155 628 152;A01;2;7;0;2;1;17;1;
202300029556;155 628 154;B01;1;7;0;2;3;1;1;
202300029557;155 628 153;A01;1;7;0;2;2;17;1;
202300029557;155 628 155;B01;1;2;0;0;6;15;1;
202300029558;155 628 148;A01;1;7;0;2;3;15;1;
202300029558;155 628 151;B01;2;33;0;2;1;17;1;
202300029559;155 628 149;A01;3;33;0;0;0;23;1;
202300029560;155 628 147;A01;1;7;0;2;1;2;1;
202300029560;155 628 150;B01;1;7;4;0;4;2;1;
202300029561;155 628 146;A01;3;2;16;0;7;1;3;
202300029562;155 628 140;A01;2;7;4;2;2;2;1;
202300029562;155 628 144;B01;2;15;0;0;6;2;1;
202300029563;155 628 141;B01;1;7;0;0;5;1;1;
202300029563;155 628 143;A01;1;33;9;0;1;1;1;
202300029564;155 628 139;B01;1;33;0;2;1;1;1;
202300029564;155 628 142;C01;1;33;0;2;1;1;1;
202300029564;155 628 145;A01;1;7;0;2;4;15;0;
202300029565;155 628 137;A01;1;2;8;0;2;14;1;
202300029566;155 628 136;A01;0;7;0;2;7;1;1;
202300029566;155 628 138;B01;0;10;15;2;1;1;1;
202300029567;155 628 133;A01;2;7;0;0;8;9;1;
202300029567;155 628 135;B01;2;30;0;2;1;1;1;
202300029568;155 628 134;A01;1;7;13;0;3;13;1;
202300029569;155 628 131;B01;3;7;0;2;2;1;1;
202300029569;155 628 132;A01;3;2;0;2;1;5;1;
202300029570;155 628 130;A01;0;7;0;1;1;1;1;
202300029571;155 628 129;A01;0;34;6;0;1;1;1;
202300029572;155 628 127;A01;3;7;2;2;3;1;3;
202300029572;155 628 128;B01;3;7;2;2;3;17;1;
202300029573;155 628 126;A01;3;7;0;1;1;1;1;
202300029574;155 628 122;A01;1;33;0;0;3;1;1;
202300029575;155 628 120;A01;1;7;0;2;4;15;1;
202300029575;155 628 123;B01;1;7;0;2;1;1;1;
202300029576;155 628 121;A01;2;31;0;2;2;21;1;
202300029576;155 628 124;B01;2;7;0;2;6;23;1;
202300029576;155 628 125;C01;1;7;0;2;1;1;1;
202300029577;155 628 118;A01;1;7;0;2;3;20;1;
202300029577;155 628 119;B01;2;7;0;2;3;1;1;
202300029578;155 628 117;A01;1;7;2;0;1;1;1;
202300029579;155 628 114;A01;3;7;0;1;1;1;1;
202300029580;155 628 113;A01;3;7;0;2;3;15;1;
202300029580;155 628 116;B01;3;2;0;2;1;1;1;
202300029581;155 628 112;A01;3;10;0;2;3;9;1;
202300029581;155 628 115;B01;1;7;0;0;2;1;1;
202300029582;155 628 111;A01;1;7;13;0;3;13;1;
202300029583;155 628 109;A01;1;3;0;2;3;13;1;
202300029583;155 628 110;B01;2;7;0;2;3;1;1;
202300029584;155 628 105;A01;1;33;0;2;1;17;1;
202300029584;155 628 107;B01;1;33;0;0;4;15;1;
202300029585;155 628 104;B01;3;7;0;2;1;1;1;
202300029585;155 628 108;A01;3;7;0;2;1;13;1;
202300029586;155 628 100;A01;2;7;0;2;7;9;1;
202300029586;155 628 103;B01;2;31;0;2;3;2;1;
202300029587;155 628 102;A01;3;33;0;2;1;19;1;
202300029587;155 628 106;B01;2;7;0;0;6;1;1;
202300029588;155 628 098;A01;2;7;0;2;3;3;1;
202300029588;155 628 099;B01;1;7;0;2;2;2;1;
202300029588;155 628 101;C01;1;7;0;2;1;1;1;
202300029589;155 628 096;A01;1;2;0;2;1;1;1;
202300029589;155 628 097;B01;1;2;0;0;4;1;1;
202300029590;155 628 093;A01;0;7;0;2;1;1;1;
202300029590;155 628 095;B01;0;50;0;2;8;19;3;
202300029591;155 628 092;A01;3;1;0;0;9;26;5;
202300029592;155 628 091;B01;2;1;0;2;1;26;5;
202300029592;155 628 094;A01;1;7;0;9;2;21;1;
202300029593;155 628 089;A01;2;2;0;2;4;1;1;
202300029593;155 628 090;B01;2;7;0;2;1;2;1;
202300029594;155 628 087;A01;2;33;0;2;1;1;1;
202300029594;155 628 088;B01;1;7;0;0;8;15;1;
202300029595;155 628 086;A01;1;7;7;0;9;1;4;
202300029596;155 628 083;A01;2;7;0;2;7;19;1;
202300029596;155 628 085;B01;2;2;0;2;1;1;1;
202300029597;155 628 079;A01;1;7;13;0;0;11;1;
202300029598;155 628 078;A01;2;16;0;2;6;14;1;
202300029598;155 628 080;C01;1;3;0;2;3;14;1;
202300029599;155 628 076;A01;3;7;0;1;4;4;1;
202300029600;155 628 073;A01;1;2;0;2;7;1;1;
202300029600;155 628 075;B01;1;10;0;2;1;1;1;
202300029601;155 628 074;B01;1;7;0;2;1;17;1;
202300029601;155 628 077;A01;2;7;0;2;1;1;1;
202300029601;155 628 084;C01;1;7;5;2;6;1;1;
202300029602;155 628 071;B01;1;7;0;2;1;1;1;
202300029602;155 628 072;A01;2;7;0;2;1;5;1;
202300029603;155 628 068;A01;1;7;6;0;7;14;1;
202300029604;155 628 067;B01;1;7;0;2;1;1;1;
202300029604;155 628 069;A01;1;7;0;2;2;1;1;
202300029605;155 628 064;A01;1;7;0;2;2;11;1;
202300029605;155 628 065;B01;1;7;0;2;6;1;1;
202300029606;155 628 063;A01;0;7;0;1;3;1;0;
202300029607;155 628 066;A01;2;33;0;2;1;1;1;
202300029607;155 628 070;B01;2;10;0;0;4;1;1;
202300029608;155 628 061;A01;2;50;0;2;1;5;3;
202300029608;155 628 062;B01;2;1;0;2;1;1;5;
202300029609;155 628 059;A01;1;10;2;0;3;1;1;
202300029610;155 628 057;A01;1;7;13;2;3;1;1;
202300029610;155 628 058;B01;2;0;0;2;0;1;0;
202300029611;155 628 055;B01;1;7;0;2;2;16;1;
202300029611;155 628 056;A01;1;1;0;2;6;2;5;
202300029612;155 628 053;A01;1;1;0;0;1;1;5;
202300029613;155 628 048;A01;1;7;15;2;8;19;1;
202300029613;155 628 052;B01;2;7;0;2;2;1;1;
202300029614;155 628 049;A01;1;7;0;2;2;17;1;
202300029614;155 628 050;B01;2;33;0;2;8;1;1;
202300029615;155 628 051;A01;2;7;0;2;2;1;1;
202300029615;155 628 054;B01;1;7;0;2;3;1;1;
202300029616;155 628 046;A01;2;7;13;0;1;1;1;
202300029617;155 628 045;B01;1;2;0;0;4;0;1;
202300029617;155 628 047;A01;2;7;0;2;1;0;1;
202300029618;155 628 044;A01;1;7;0;1;2;1;1;
202300029619;155 628 043;A01;0;3;2;0;1;1;1;
202300029620;155 628 039;A01;2;7;2;2;8;11;0;
202300029620;155 628 040;B01;1;7;0;2;1;1;0;
202300029621;155 628 042;A01;2;33;0;0;8;2;1;
202300029622;155 628 038;A01;1;7;0;2;5;15;1;
202300029622;155 628 041;B01;2;7;0;2;2;1;2;
202300029623;155 628 036;Z01;1;7;0;0;0;0;0;
202300029623;155 628 037;A01;1;7;0;2;1;1;1;
202300029624;155 628 033;A01;0;2;0;2;1;1;1;
202300029624;155 628 035;B01;0;21;0;2;6;1;1;
202300029625;155 628 032;A01;2;7;6;0;1;1;1;
202300029626;155 628 034;A01;3;7;4;0;2;1;1;
202300029627;155 628 031;A01;2;33;3;0;7;3;1;
202300029628;155 628 030;A01;3;7;2;0;1;13;0;
202300029629;155 628 027;B01;1;7;0;2;6;1;1;
202300029629;155 628 029;A01;1;7;0;2;2;2;1;
202300029630;155 628 026;A01;3;7;0;2;3;15;1;
202300029630;155 628 028;B01;2;33;0;2;1;1;1;
202300029631;155 628 023;A01;1;7;13;0;1;14;1;
202300029632;155 628 022;A01;1;7;11;2;1;6;1;
202300029632;155 628 025;B01;2;7;0;2;3;1;1;
202300029633;155 628 024;A01;2;7;3;0;1;14;1;
202300029634;155 628 020;A01;2;7;0;2;1;14;1;
202300029634;155 628 021;B01;2;7;0;2;8;1;1;
202300029635;155 628 019;A01;3;7;0;1;3;1;1;
202300029636;155 628 018;A01;1;7;6;0;1;0;2;
202300029637;155 628 017;A01;1;7;0;1;0;1;1;
202300029638;155 628 015;B01;2;1;0;2;2;1;5;
202300029638;155 628 016;A01;2;7;0;9;6;9;1;
202300029639;155 628 014;A01;3;7;0;1;3;16;1;
202300029640;155 628 008;B01;2;1;0;2;3;1;5;
202300029640;155 628 011;A01;2;17;0;2;5;16;1;
202300029641;155 628 010;A01;0;7;16;0;0;1;1;
202300029642;155 628 005;Z01;1;7;0;1;1;1;0;
202300029643;155 628 004;A01;2;7;3;2;1;26;1;
202300029643;155 628 006;C01;2;7;0;2;4;0;1;
202300029643;155 628 007;D01;2;7;3;2;0;0;1;
202300029643;155 628 009;E01;2;7;3;2;0;21;1;
202300029643;155 628 012;F01;2;14;0;2;2;21;1;
202300029643;155 628 013;B01;2;10;0;2;0;21;1;
202300029644;155 628 003;A01;0;1;0;1;1;1;5;
202300029645;155 628 000;A01;1;30;0;2;1;13;1;
202300029645;155 628 002;B01;2;32;0;2;1;1;1;
202300029646;155 627 999;A01;1;7;0;1;4;20;1;
202300029647;155 627 998;A01;2;7;0;2;3;15;0;
202300029647;155 628 001;B01;2;2;0;2;1;17;0;
202300029648;155 627 996;A01;2;7;0;2;3;13;1;
202300029648;155 627 997;B01;1;14;0;2;3;1;6;
202300029649;155 627 995;Z01;2;7;0;1;0;1;0;
202300029650;155 627 992;A01;3;3;0;2;8;19;1;
202300029650;155 627 994;B01;1;17;0;2;1;1;1;
202300029651;155 627 991;A01;3;1;0;1;3;1;5;
202300029652;155 627 990;A01;2;21;0;2;8;15;1;
202300029652;155 627 993;B01;2;33;0;2;1;17;1;
202300029653;155 627 988;A01;2;7;0;2;2;5;1;
202300029653;155 627 989;B01;1;7;0;2;2;1;1;
202300029654;155 627 987;A01;2;50;0;1;1;1;3;
202300029655;155 627 986;A01;1;7;8;0;1;13;1;
202300029656;155 627 984;A01;2;7;0;2;3;2;0;
202300029656;155 627 985;B01;1;2;0;2;1;1;0;
202300029657;155 627 983;A01;1;7;0;1;2;16;1;
202300029658;155 627 981;A01;1;33;0;0;7;3;1;
202300029659;155 627 980;A01;1;33;0;2;1;1;1;
202300029659;155 627 982;B01;1;7;0;2;3;10;1;
202300029660;155 627 979;Z01;2;7;0;1;2;16;1;
202300029661;155 627 977;A01;2;7;0;1;2;0;1;
202300029662;155 627 976;B01;1;33;0;2;3;1;1;
202300029662;155 627 978;A01;1;10;0;2;1;19;1;
202300029663;155 627 974;A01;3;7;0;2;2;16;2;
202300029663;155 627 975;B01;3;1;0;2;3;1;5;
202300029664;155 627 973;A01;2;7;17;0;2;1;1;
202300029665;155 627 971;B01;3;7;0;2;3;1;1;
202300029665;155 627 972;A01;3;7;0;2;3;17;1;
202300029666;155 627 970;A01;1;50;0;0;0;1;3;
202300029667;155 627 968;A01;1;1;0;0;4;2;5;
202300029667;155 627 969;B01;1;7;0;9;1;1;1;
202300029668;155 627 966;B01;2;34;0;2;8;1;1;
202300029668;155 627 967;A01;1;7;8;2;2;15;1;
202300029669;155 627 964;A01;2;33;0;0;0;17;1;
202300029670;155 627 965;Z01;1;32;0;1;1;1;0;
202300029671;155 627 963;A01;1;33;0;0;7;1;1;
202300029672;155 627 959;A01;3;7;0;1;0;15;0;
202300029673;155 627 960;A01;2;7;11;0;3;15;1;
202300029673;155 627 962;B01;2;7;11;0;1;19;1;
202300029674;155 627 958;A01;1;10;0;2;1;19;1;
202300029674;155 627 961;B01;2;33;0;2;1;1;1;
202300029675;155 627 957;A01;0;7;0;1;1;0;1;
202300029676;155 627 956;A01;2;30;9;0;1;0;1;
202300029677;155 627 955;A01;1;7;2;0;2;1;1;
202300029678;155 627 952;A01;3;7;0;2;3;1;1;
202300029678;155 627 954;B01;3;7;0;2;3;1;1;
202300029679;155 627 948;B01;1;33;0;2;1;0;1;
202300029679;155 627 951;A01;2;33;0;2;1;0;1;
202300029680;155 627 950;B01;3;2;0;2;1;1;1;
202300029680;155 627 953;A01;3;7;0;2;2;15;1;
202300029681;155 627 947;A01;1;7;0;2;1;1;1;
202300029681;155 627 949;B01;2;7;0;2;1;5;1;
202300029682;155 627 945;A01;3;7;0;1;1;26;1;
202300029683;155 627 944;B01;1;1;1;0;1;1;5;
202300029683;155 627 946;A01;1;14;0;2;6;24;1;
202300029684;155 627 942;A01;1;7;0;2;2;12;1;
202300029684;155 627 943;B01;1;7;8;2;8;0;1;
202300029685;155 627 939;A01;1;7;0;0;4;2;0;
202300029685;155 627 941;B01;1;7;0;2;1;2;0;
202300029686;155 627 940;A01;2;31;11;0;1;17;1;
202300029687;155 627 938;A01;2;7;2;0;0;13;1;
202300029688;155 627 936;A01;1;7;0;1;1;1;1;
202300029689;155 627 935;B01;1;7;0;2;7;17;1;
202300029689;155 627 937;A01;1;2;0;2;8;15;1;
202300029690;155 627 932;B01;0;7;0;2;4;2;1;
202300029690;155 627 933;A01;0;7;0;2;1;2;1;
202300029691;155 627 931;A01;1;7;0;2;1;15;1;
202300029691;155 627 934;B01;2;31;0;2;1;1;3;
202300029692;155 627 930;A01;2;33;0;0;2;1;1;
202300029693;155 627 927;B01;0;60;0;2;0;0;5;
202300029693;155 627 929;A01;1;42;0;2;1;19;1;
202300029694;155 627 926;A01;2;7;0;0;8;0;0;
202300029694;155 627 928;B01;2;1;0;0;1;1;5;
202300029695;155 627 924;B01;1;7;0;2;3;1;1;
202300029695;155 627 925;A01;1;7;0;2;3;17;1;
202300029696;155 627 923;A01;1;2;0;0;0;2;1;
202300029697;155 627 921;A01;1;7;0;2;1;13;1;
202300029697;155 627 922;B01;2;7;0;2;1;26;3;
202300029698;155 627 920;A01;3;2;9;0;1;13;1;
202300029699;155 627 918;A01;3;10;0;2;2;2;1;
202300029699;155 627 919;B01;3;2;0;0;4;26;1;
202300029700;155 627 916;B01;2;10;0;2;1;1;1;
202300029700;155 627 917;A01;2;7;0;0;4;1;1;
202300029701;155 627 914;A01;1;7;0;2;4;1;1;
202300029701;155 627 915;B01;1;7;0;2;1;1;1;
202300029702;155 627 912;A01;2;7;14;0;0;26;1;
202300029702;155 627 913;B01;1;7;0;2;4;17;1;
202300029703;155 627 907;A01;2;7;0;2;1;2;0;
202300029703;155 627 909;C01;2;7;0;2;4;2;0;
202300029703;155 627 910;B01;2;7;0;2;4;2;0;
202300029704;155 627 908;A01;1;7;0;2;4;1;1;
202300029704;155 627 911;B01;1;7;0;2;1;1;1;
202300029705;155 627 904;B01;1;7;0;2;8;1;2;
202300029705;155 627 906;A01;1;7;0;2;2;14;1;
202300029706;155 627 899;D01;2;7;0;2;4;1;1;
202300029706;155 627 900;A01;2;10;0;2;1;14;1;
202300029706;155 627 901;B01;2;7;0;2;4;1;1;
202300029706;155 627 903;C01;2;7;0;2;4;1;1;
202300029707;155 627 902;B01;2;7;0;2;1;2;1;
202300029707;155 627 905;A01;2;7;0;2;4;23;1;
202300029708;155 627 898;A01;2;7;0;0;-1;26;2;
202300029709;155 627 896;A01;2;7;0;2;6;1;1;
202300029709;155 627 897;B01;2;33;0;2;1;3;1;
202300029710;155 627 894;A01;2;7;0;2;3;1;1;
202300029710;155 627 895;B01;1;7;0;2;3;1;1;
202300029711;155 627 890;B01;1;7;0;2;1;0;0;
202300029711;155 627 891;C01;1;7;0;2;1;0;0;
202300029711;155 627 892;D01;1;7;0;2;1;0;0;
202300029711;155 627 893;A01;1;10;0;2;1;1;1;
202300029712;155 627 886;A01;2;7;0;2;1;2;1;
202300029712;155 627 887;B01;2;7;0;2;1;2;1;
202300029712;155 627 888;C01;2;7;0;2;2;0;1;
202300029712;155 627 889;D01;2;7;0;2;4;2;1;
202300029713;155 627 884;A01;1;7;0;2;1;2;1;
202300029713;155 627 885;B01;1;7;0;2;4;1;1;
202300029714;155 627 882;B01;2;7;3;2;2;12;1;
202300029714;155 627 883;A01;2;33;3;2;3;18;1;
202300029715;155 627 878;A01;2;7;0;2;5;14;1;
202300029715;155 627 879;B01;2;33;0;2;1;3;1;
202300029716;155 627 876;B01;2;7;0;2;6;1;1;
202300029716;155 627 877;A01;2;7;3;2;3;1;1;
202300029717;155 627 873;C01;2;7;0;2;6;1;1;
202300029717;155 627 874;B01;2;7;0;2;7;1;1;
202300029717;155 627 875;A01;2;33;0;2;3;1;1;
202300029718;155 627 871;A01;2;33;0;2;1;3;1;
202300029718;155 627 872;B01;2;33;0;2;4;3;1;
202300029719;155 627 870;A01;2;10;0;1;2;1;1;
202300029720;155 627 868;A01;2;7;3;0;4;26;1;
202300029720;155 627 869;B01;2;10;0;2;1;2;1;
202300029721;155 627 866;B01;1;7;0;2;4;23;1;
202300029721;155 627 867;A01;1;10;14;0;1;2;1;
202300029722;155 627 863;A01;2;7;1;0;2;1;1;
202300029723;155 627 861;C01;2;15;0;0;3;23;1;
202300029723;155 627 862;A01;2;7;0;2;4;11;1;
202300029723;155 627 864;D01;2;33;1;0;1;17;1;
202300029723;155 627 865;B01;2;30;0;0;4;0;1;
202300029724;155 627 859;A01;2;7;0;2;4;23;1;
202300029724;155 627 860;B01;2;7;0;2;1;2;1;
202300029725;155 627 855;A01;0;7;1;2;1;13;1;
202300029725;155 627 857;B01;3;10;0;2;1;1;1;
202300029726;155 627 856;B01;1;14;0;2;0;2;1;
202300029726;155 627 858;A01;1;7;0;2;1;2;1;
202300029727;155 627 851;B01;1;7;0;2;1;2;1;
202300029727;155 627 853;C01;1;7;0;1;1;2;2;
202300029727;155 627 854;A01;1;7;0;1;1;26;1;
202300029728;155 627 850;B01;1;33;0;2;7;1;1;
202300029728;155 627 852;A01;1;7;0;2;3;17;1;
202300029729;155 627 848;B01;2;7;0;2;8;1;1;
202300029729;155 627 849;A01;2;2;0;2;1;1;1;
202300029730;155 627 847;A01;3;7;2;0;9;1;1;
202300029731;155 627 843;A01;1;33;0;2;1;17;0;
202300029731;155 627 845;B01;1;7;0;0;8;1;1;
202300029731;155 627 846;C01;2;7;0;2;1;1;0;
202300029732;155 627 841;A01;2;7;0;1;5;4;1;
202300029733;155 627 842;B01;1;7;0;2;2;1;1;
202300029733;155 627 844;A01;1;7;0;2;1;15;1;
202300029734;155 627 838;B01;3;50;0;0;7;2;3;
202300029734;155 627 840;A01;2;7;0;0;3;2;1;
202300029735;155 627 837;B01;3;50;0;2;1;0;3;
202300029735;155 627 839;A01;2;30;0;2;1;26;1;
202300029736;155 627 836;A01;1;37;0;1;1;1;0;1
202300029737;155 627 832;A01;1;7;0;2;1;15;1;
202300029737;155 627 835;B01;0;33;0;2;1;1;1;
202300029738;155 627 829;B01;2;7;0;2;1;2;1;
202300029738;155 627 830;C01;2;7;0;2;4;2;1;
202300029738;155 627 831;A01;2;7;0;2;1;2;1;
202300029739;155 627 824;A01;1;7;0;2;1;2;1;
202300029739;155 627 826;C01;1;7;0;2;4;0;1;
202300029739;155 627 827;B01;1;7;0;2;4;1;1;
202300029740;155 627 825;A01;2;7;0;2;8;9;1;
202300029740;155 627 828;B01;0;7;0;2;2;1;1;
202300029741;155 627 822;A01;2;10;0;9;1;9;0;
202300029741;155 627 823;B01;2;50;0;2;7;15;3;
202300029742;155 627 821;A01;3;7;1;1;1;1;1;
202300029743;155 627 819;B01;2;7;0;2;2;0;1;
202300029743;155 627 820;A01;2;33;0;2;1;1;1;
202300029744;155 627 817;A01;2;7;0;0;2;14;1;
202300029745;155 627 816;A01;1;2;0;2;2;1;1;
202300029745;155 627 818;B01;1;14;0;2;1;1;1;
202300029746;155 627 815;A01;1;7;2;0;1;1;1;
202300029747;155 627 812;A01;0;7;0;2;3;9;1;
202300029747;155 627 814;B01;0;33;0;2;1;1;1;
202300029748;155 627 810;A01;3;50;0;1;1;5;3;
202300029749;155 627 806;A01;2;10;0;0;8;15;1;
202300029749;155 627 808;B01;2;33;0;2;1;17;1;
202300029749;155 627 809;C01;2;7;0;0;6;15;1;
202300029749;155 627 811;D01;2;31;0;2;1;2;1;
202300029750;155 627 805;A01;1;33;0;2;1;3;1;
202300029750;155 627 807;B01;1;7;0;2;5;12;1;
202300029751;155 627 804;A01;2;7;8;0;9;1;1;
202300029752;155 627 803;A01;3;36;0;0;6;13;1;
202300029753;155 627 801;A01;2;7;1;2;5;12;1;
202300029753;155 627 802;B01;2;33;0;2;3;3;1;
202300029754;155 627 797;A01;1;7;0;2;1;13;1;
202300029754;155 627 798;B01;2;7;0;2;1;1;1;
202300029755;155 627 794;B01;2;33;0;2;1;1;1;
202300029755;155 627 796;A01;1;7;0;2;1;13;1;
202300029756;155 627 795;A01;1;33;0;0;0;1;1;
202300029757;155 627 790;A01;1;33;0;0;0;3;1;
202300029758;155 627 791;A01;1;7;0;2;2;2;1;
202300029758;155 627 793;B01;1;50;0;2;1;15;3;
202300029759;155 627 787;B01;2;7;0;2;3;0;1;
202300029759;155 627 789;A01;2;7;0;2;5;0;1;
202300029760;155 627 785;B01;2;7;0;2;4;2;1;
202300029760;155 627 788;A01;2;32;0;2;1;2;1;
202300029761;155 627 784;A01;3;7;0;2;3;1;1;
202300029761;155 627 786;B01;3;7;0;2;5;19;1;
202300029762;155 627 782;B01;2;10;0;2;1;2;1;
202300029762;155 627 783;A01;2;7;0;2;4;2;1;
202300029763;155 627 781;A01;1;32;0;1;2;1;1;
202300029764;155 627 778;B01;3;7;0;2;4;2;1;
202300029764;155 627 780;A01;3;7;0;2;1;2;1;
202300029765;155 627 777;A01;1;7;0;2;4;2;1;
202300029765;155 627 779;B01;1;7;0;2;1;2;1;
202300029766;155 627 776;A01;1;50;0;1;1;1;3;
202300029767;155 627 771;B01;2;32;0;2;4;1;1;
202300029767;155 627 773;A01;2;7;0;2;1;12;1;
202300029768;155 627 769;A01;3;7;0;0;0;0;1;
202300029768;155 627 772;C01;3;7;0;2;1;2;1;
202300029768;155 627 774;B01;3;7;0;2;1;2;1;
202300029768;155 627 775;D01;3;10;0;2;1;2;1;
202300029769;155 627 768;A01;1;7;0;2;2;16;1;
202300029769;155 627 770;B01;1;1;0;2;1;1;5;
202300029770;155 627 764;A01;2;50;0;1;1;25;3;
202300029771;155 627 762;B01;1;7;16;2;6;1;1;
202300029771;155 627 766;U01;1;7;4;2;1;12;1;
202300029771;155 627 767;A01;1;7;0;2;2;12;1;
202300029772;155 627 763;A01;1;7;0;2;2;1;1;
202300029772;155 627 765;B01;3;60;0;2;1;19;5;
202300029773;155 627 757;A01;1;7;0;2;1;12;1;
202300029773;155 627 759;B01;1;7;0;2;6;1;1;
202300029774;155 627 760;B01;1;43;0;2;1;1;1;
202300029774;155 627 761;A01;2;80;0;2;8;19;3;
202300029775;155 627 756;B01;1;7;8;0;8;0;1;
202300029775;155 627 758;A01;3;7;0;2;3;16;1;
202300029776;155 627 754;A01;2;50;0;0;0;1;3;
202300029777;155 627 751;A01;1;34;0;2;3;2;1;
202300029777;155 627 755;B01;1;1;0;2;3;2;5;
202300029778;155 627 750;A01;2;7;0;2;1;2;1;
202300029778;155 627 753;B01;2;7;0;2;4;2;1;
202300029779;155 627 749;B01;1;7;0;2;8;23;3;
202300029779;155 627 752;A01;2;50;0;2;7;5;3;
202300029780;155 627 748;A01;1;7;6;0;1;13;1;
202300029781;155 627 746;A01;2;33;4;0;2;1;0;
202300029782;155 627 747;A01;2;1;0;0;0;1;5;