Num_Acc;id_vehicule;num_veh;senc;catv;obs;obsm;choc;manv;motor;occutc
202300029783;155 627 743;A01;2;7;2;0;1;1;1;
202300029784;155 627 742;B01;3;7;0;2;4;23;1;
202300029784;155 627 744;A01;3;10;0;2;1;2;1;
202300029785;155 627 741;A01;1;7;0;2;4;1;1;
202300029785;155 627 745;B01;1;14;0;2;2;1;1;
202300029786;155 627 740;A01;2;1;0;1;1;1;5;
202300029787;155 627 735;B01;1;7;0;2;1;2;1;
202300029787;155 627 738;C01;1;7;0;2;1;1;1;
202300029787;155 627 739;A01;1;7;0;2;1;2;0;
202300029788;155 627 737;A01;1;7;0;1;3;0;1;
202300029789;155 627 734;A01;3;2;0;2;8;9;1;
202300029789;155 627 736;B01;1;7;0;2;1;1;1;
202300029790;155 627 731;A01;2;33;0;2;1;1;1;
202300029790;155 627 733;C01;1;7;0;2;1;1;2;
202300029791;155 627 729;A01;2;7;0;1;2;1;1;
202300029792;155 627 727;A01;2;7;15;2;1;1;1;
202300029792;155 627 732;B01;1;10;0;2;2;1;1;
202300029793;155 627 726;A01;3;7;0;1;1;9;0;
202300029794;155 627 724;A01;2;7;7;0;1;1;1;
202300029795;155 627 722;A01;2;7;0;2;2;17;1;
202300029795;155 627 723;B01;2;80;0;2;3;13;3;
202300029796;155 627 721;B01;1;7;0;2;2;0;1;
202300029796;155 627 725;A01;2;7;0;2;1;1;1;
202300029797;155 627 720;A01;2;7;2;0;1;0;1;
202300029798;155 627 716;A01;0;7;0;2;3;10;1;
202300029798;155 627 719;B01;3;37;0;2;2;1;0;3
202300029799;155 627 717;A01;3;7;0;1;0;1;0;
202300029800;155 627 715;B01;1;50;0;2;1;1;3;
202300029800;155 627 718;A01;2;7;0;2;2;15;1;
202300029801;155 627 714;A01;1;7;0;1;1;15;1;
202300029802;155 627 711;B01;1;32;0;2;7;1;1;
202300029802;155 627 713;A01;1;7;0;2;8;1;1;
202300029803;155 627 712;A01;2;33;12;0;0;21;1;
202300029804;155 627 708;B01;3;7;0;2;1;15;1;
202300029804;155 627 710;A01;3;31;0;2;1;17;1;
202300029805;155 627 707;A01;2;7;0;2;1;17;3;
202300029805;155 627 709;B01;1;31;0;2;1;1;0;
202300029806;155 627 706;A01;1;7;0;2;0;1;1;
202300029807;155 627 702;A01;1;7;0;2;8;15;1;
202300029807;155 627 705;B01;1;33;0;2;1;17;1;
202300029808;155 627 699;A01;2;7;0;2;2;9;1;
202300029808;155 627 701;B01;1;2;0;2;1;1;1;
202300029809;155 627 697;C01;1;7;0;2;1;23;1;
202300029809;155 627 700;A01;1;7;0;2;3;19;1;
202300029809;155 627 704;B01;1;7;0;2;7;1;1;
202300029810;155 627 694;B01;3;7;0;2;4;2;1;
202300029810;155 627 695;A01;3;15;0;2;1;2;1;
202300029811;155 627 692;B01;1;33;0;2;1;1;1;
202300029811;155 627 693;A01;2;10;0;2;3;10;1;
202300029812;155 627 690;A01;3;7;1;0;2;2;1;
202300029813;155 627 689;A01;1;7;0;2;1;2;1;
202300029813;155 627 691;B01;1;7;0;0;4;0;1;
202300029814;155 627 687;A01;1;7;0;1;3;7;1;
202300029815;155 627 685;B01;3;7;0;2;2;1;1;
202300029815;155 627 688;A01;3;7;0;2;1;9;1;
202300029816;155 627 683;A01;1;7;0;2;1;2;1;
202300029816;155 627 686;B01;1;15;0;0;4;2;1;
202300029817;155 627 682;A01;2;7;13;0;5;14;1;
202300029818;155 627 681;A01;1;7;0;2;4;2;1;
202300029818;155 627 684;B01;1;10;0;2;1;2;1;
202300029819;155 627 677;A01;2;7;7;0;3;26;1;
202300029820;155 627 675;A01;2;7;0;2;4;2;1;
202300029820;155 627 679;B01;2;7;0;2;1;0;1;
202300029821;155 627 676;A01;1;7;0;2;3;16;1;
202300029821;155 627 680;B01;1;7;0;2;3;1;1;
202300029822;155 627 674;B01;2;7;0;2;2;5;0;
202300029822;155 627 678;A01;2;33;0;2;8;15;1;
202300029823;155 627 668;A01;2;7;2;0;1;13;1;
202300029824;155 627 667;B01;0;1;0;0;0;0;5;
202300029824;155 627 670;A01;0;10;1;0;4;24;1;
202300029825;155 627 669;C01;1;10;0;2;6;1;1;
202300029825;155 627 672;A01;1;33;0;2;3;1;1;
202300029825;155 627 673;B01;1;7;0;2;5;1;1;
202300029826;155 627 666;B01;0;37;0;2;8;0;1;1
202300029826;155 627 671;A01;0;7;1;0;1;19;1;
202300029827;155 627 664;A01;3;7;1;0;2;1;1;
202300029828;155 627 662;B01;0;33;0;2;1;1;1;
202300029828;155 627 665;A01;0;7;0;2;3;9;1;
202300029829;155 627 660;A01;1;7;0;2;2;2;0;
202300029829;155 627 663;B01;1;17;0;0;6;2;0;
202300029830;155 627 656;A01;3;7;0;2;2;15;1;
202300029830;155 627 658;B01;3;2;0;2;1;1;1;
202300029831;155 627 659;B01;1;1;0;2;6;2;5;
202300029831;155 627 661;A01;1;7;0;2;2;15;1;
202300029832;155 627 655;A01;1;34;0;2;1;1;1;
202300029832;155 627 657;B01;1;7;0;0;5;4;1;
202300029833;155 627 654;A01;2;7;4;0;9;1;1;
202300029834;155 627 651;B01;1;33;0;2;1;0;1;
202300029834;155 627 653;A01;1;7;0;2;3;19;1;
202300029835;155 627 648;B01;3;7;0;2;4;2;0;
202300029835;155 627 650;A01;3;7;0;2;1;0;1;
202300029836;155 627 649;B01;1;3;0;0;0;0;0;
202300029836;155 627 652;A01;1;32;0;0;0;0;0;
202300029837;155 627 646;A01;1;7;16;0;3;1;1;
202300029838;155 627 643;C01;2;7;3;9;8;0;1;
202300029838;155 627 644;A01;2;10;0;2;1;11;1;
202300029838;155 627 647;B01;1;7;0;2;1;26;1;
202300029839;155 627 641;B01;1;31;0;2;0;1;1;
202300029839;155 627 645;A01;3;7;0;2;2;15;1;
202300029840;155 627 639;A01;2;7;0;1;1;1;1;
202300029841;155 627 640;A01;2;7;0;2;2;1;1;
202300029841;155 627 642;B01;1;7;0;2;1;15;1;
202300029842;155 627 638;A01;0;7;0;1;1;26;0;
202300029843;155 627 637;A01;3;7;0;1;1;1;1;
202300029844;155 627 636;A01;1;7;0;1;0;1;1;
202300029845;155 627 633;A01;3;10;0;2;6;9;1;
202300029845;155 627 634;B01;3;32;0;2;1;1;1;
202300029846;155 627 630;B01;1;7;0;2;0;0;1;
202300029846;155 627 635;A01;2;7;0;2;0;0;0;
202300029847;155 627 631;B01;1;7;0;2;1;1;1;
202300029847;155 627 632;A01;1;7;0;2;2;1;1;
202300029848;155 627 627;A01;1;33;0;2;1;1;1;
202300029848;155 627 629;B01;1;10;0;2;4;1;1;
202300029849;155 627 626;A01;2;7;0;2;1;15;1;
202300029849;155 627 628;B01;1;33;0;2;1;1;1;
202300029850;155 627 624;A01;1;2;0;1;1;26;1;
202300029851;155 627 621;A01;0;7;0;2;1;1;0;
202300029851;155 627 623;B01;0;30;0;2;9;1;0;
202300029851;155 627 625;C01;0;7;0;2;4;1;0;
202300029852;155 627 620;A01;1;31;13;0;1;1;1;
202300029853;155 627 617;A01;2;7;0;2;7;12;1;
202300029853;155 627 619;B01;2;33;0;2;3;1;1;
202300029853;155 627 622;C01;2;7;0;2;1;1;1;
202300029854;155 627 616;A01;3;7;0;2;3;26;1;
202300029854;155 627 618;B01;2;1;0;2;1;1;5;
202300029855;155 627 615;A01;1;7;8;0;2;14;1;
202300029856;155 627 614;A01;1;7;0;0;2;1;1;
202300029857;155 627 611;A01;0;7;0;0;2;2;0;
202300029858;155 627 608;B01;1;7;0;2;4;2;2;
202300029858;155 627 613;A01;1;33;0;2;1;2;1;
202300029859;155 627 607;A01;1;7;0;2;1;1;0;
202300029859;155 627 610;C01;1;10;0;2;4;1;2;
202300029859;155 627 612;B01;1;10;0;2;1;1;1;
202300029860;155 627 606;A01;1;7;0;2;1;19;1;
202300029860;155 627 609;B01;2;7;9;2;6;1;1;
202300029861;155 627 605;A01;2;7;0;1;2;1;1;
202300029862;155 627 604;A01;1;7;0;1;2;15;1;
202300029863;155 627 601;A01;3;7;3;0;2;1;1;
202300029864;155 627 599;A01;2;7;0;2;1;15;1;
202300029864;155 627 602;B01;1;30;0;2;7;1;3;
202300029865;155 627 600;A01;1;33;0;2;2;1;1;
202300029865;155 627 603;B01;1;10;0;2;1;9;0;
202300029866;155 627 595;Z01;2;7;14;2;1;1;1;
202300029866;155 627 598;A01;1;7;14;2;8;1;1;
202300029867;155 627 594;A01;1;10;0;2;1;15;1;
202300029867;155 627 597;B01;2;7;10;2;1;1;1;
202300029868;155 627 592;A01;1;7;15;2;1;1;1;
202300029868;155 627 596;B01;1;1;0;0;4;1;5;
202300029869;155 627 593;A01;0;1;14;0;1;1;5;
202300029870;155 627 588;B01;2;33;0;2;1;17;1;
202300029870;155 627 590;A01;2;7;0;2;8;15;1;
202300029871;155 627 587;A01;1;7;2;0;0;26;1;
202300029872;155 627 589;A01;3;7;0;2;3;15;1;
202300029872;155 627 591;B01;3;43;0;2;1;1;1;
202300029873;155 627 586;A01;1;7;1;0;3;1;0;
202300029874;155 627 585;A01;1;7;3;0;2;1;1;
202300029875;155 627 580;A01;3;33;0;2;3;11;1;
202300029875;155 627 584;B01;3;7;0;2;7;11;1;
202300029876;155 627 579;B01;2;7;0;0;4;23;0;
202300029876;155 627 581;A01;2;80;0;2;1;1;3;
202300029877;155 627 575;C01;2;7;0;2;0;0;3;
202300029877;155 627 577;B01;0;30;0;2;8;2;1;
202300029877;155 627 582;A01;0;7;0;2;1;2;2;
202300029878;155 627 573;A01;1;10;6;2;8;1;1;
202300029878;155 627 578;B01;2;7;0;2;1;19;1;
202300029879;155 627 572;A01;2;33;0;2;6;1;1;
202300029879;155 627 576;B01;1;1;0;2;1;1;5;
202300029880;155 627 570;A01;1;50;0;0;0;1;3;
202300029881;155 627 568;A01;1;34;0;1;1;1;1;
202300029882;155 627 567;A01;2;7;0;2;7;0;1;
202300029882;155 627 571;B01;2;2;0;2;1;1;1;
202300029883;155 627 566;A01;2;7;0;2;8;13;1;
202300029883;155 627 569;B01;1;10;0;2;1;1;1;
202300029884;155 627 565;Z01;2;14;12;1;0;13;0;
202300029885;155 627 563;A01;3;7;0;1;2;1;1;
202300029886;155 627 561;B01;3;7;0;2;4;2;1;
202300029886;155 627 564;A01;3;7;0;2;1;2;1;
202300029887;155 627 560;A01;3;10;0;0;3;1;1;
202300029887;155 627 562;B01;3;80;0;2;1;13;3;
202300029888;155 627 559;A01;3;37;0;1;5;26;6;1
202300029889;155 627 557;A01;0;7;0;1;4;4;1;
202300029890;155 627 558;A01;1;7;0;1;3;1;1;
202300029891;155 627 555;A01;1;7;0;1;3;16;0;
202300029892;155 627 553;A01;1;7;14;2;1;17;1;
202300029892;155 627 556;B01;1;7;14;2;3;2;1;
202300029893;155 627 552;A01;1;10;0;1;5;4;0;
202300029894;155 627 551;A01;1;7;0;2;1;1;0;
202300029894;155 627 554;B01;1;7;0;2;6;15;0;
202300029895;155 627 546;A01;1;7;0;2;3;1;0;
202300029895;155 627 550;B01;2;7;0;2;3;1;0;
202300029896;155 627 545;B01;2;1;0;2;8;16;5;
202300029896;155 627 548;A01;1;7;0;9;2;15;1;
202300029897;155 627 544;A01;3;50;0;2;1;5;3;
202300029897;155 627 549;B01;1;7;0;2;1;16;1;
202300029898;155 627 543;B01;1;34;0;2;1;2;1;
202300029898;155 627 547;A01;2;7;0;2;2;15;1;
202300029899;155 627 541;A01;1;30;0;2;4;1;1;
202300029899;155 627 542;B01;1;7;0;2;1;2;1;
202300029900;155 627 535;B01;3;7;0;2;1;1;1;
202300029900;155 627 538;A01;1;7;0;2;1;5;1;
202300029901;155 627 537;A01;2;7;0;2;1;5;1;
202300029901;155 627 540;B01;1;34;0;2;1;1;1;
202300029902;155 627 536;A01;1;7;0;9;2;16;1;
202300029902;155 627 539;B01;2;50;0;2;1;1;3;
202300029903;155 627 529;C01;1;7;0;2;1;2;1;
202300029903;155 627 532;A01;1;7;0;2;5;1;2;
202300029903;155 627 534;B01;1;7;0;2;4;2;1;
202300029904;155 627 527;A01;1;50;0;2;3;19;3;
202300029904;155 627 533;B01;1;7;0;2;1;1;1;
202300029905;155 627 528;B01;1;1;0;2;8;16;5;
202300029905;155 627 531;A01;1;10;0;2;7;1;1;
202300029906;155 627 526;A01;1;7;0;2;3;15;1;
202300029906;155 627 530;B01;2;2;0;2;8;1;1;
202300029907;155 627 524;A01;2;7;0;1;2;15;1;
202300029908;155 627 522;A01;2;7;0;2;7;12;1;
202300029908;155 627 525;B01;2;7;0;2;6;1;1;
202300029909;155 627 519;A01;3;7;0;2;1;16;1;
202300029910;155 627 520;B01;2;31;0;2;1;21;1;
202300029910;155 627 521;A01;1;7;0;2;1;5;1;
202300029911;155 627 517;C01;2;7;0;2;8;1;4;
202300029911;155 627 518;A01;1;7;0;2;3;13;1;
202300029911;155 627 523;B01;2;15;16;2;3;1;1;
202300029912;155 627 515;A01;2;7;0;1;1;2;1;
202300029913;155 627 514;A01;0;7;0;1;1;1;0;
202300029914;155 627 511;A01;1;7;0;1;7;1;1;
202300029915;155 627 513;B01;2;7;0;2;4;23;1;
202300029915;155 627 516;A01;1;7;0;2;1;1;1;
202300029916;155 627 508;A01;1;7;0;1;8;9;3;
202300029917;155 627 507;B01;3;50;0;2;2;1;3;
202300029917;155 627 510;A01;2;7;0;9;3;9;1;
202300029918;155 627 506;B01;2;7;0;2;8;1;1;
202300029918;155 627 509;A01;2;7;0;2;1;17;1;
202300029919;155 627 505;A01;3;10;0;1;4;4;1;
202300029920;155 627 503;A01;3;7;0;1;2;1;1;
202300029921;155 627 504;A01;1;7;4;0;1;11;1;
202300029922;155 627 500;A01;1;7;0;2;2;15;1;
202300029922;155 627 502;B01;2;2;0;2;1;1;0;
202300029923;155 627 499;A01;1;33;0;2;2;1;0;
202300029923;155 627 501;B01;2;7;0;2;1;10;0;
202300029924;155 627 496;A01;1;7;0;2;2;1;1;
202300029924;155 627 497;B01;1;7;0;2;8;1;1;
202300029925;155 627 495;A01;1;32;4;0;2;1;1;
202300029926;155 627 492;B01;2;7;0;2;1;1;1;
202300029926;155 627 494;A01;2;36;0;2;6;15;1;
202300029927;155 627 486;B01;3;60;0;0;0;0;5;
202300029927;155 627 489;A01;3;14;0;2;4;21;0;
202300029928;155 627 488;B01;2;10;0;2;1;1;2;
202300029928;155 627 491;C01;2;10;0;2;1;1;1;
202300029928;155 627 493;A01;2;7;0;2;1;5;1;
202300029929;155 627 487;B01;1;15;0;2;6;2;1;
202300029929;155 627 490;A01;1;7;4;2;2;14;1;
202300029930;155 627 482;A01;2;7;0;1;3;1;1;
202300029931;155 627 481;B01;2;7;0;2;2;1;1;
202300029931;155 627 484;A01;2;7;0;2;6;11;1;
202300029932;155 627 480;B01;3;7;0;2;3;21;1;
202300029932;155 627 483;A01;3;1;0;2;0;13;5;
202300029933;155 627 479;B01;2;7;0;2;1;1;0;
202300029933;155 627 485;A01;1;7;0;2;8;15;0;
202300029934;155 627 478;A01;2;31;0;1;8;17;3;
202300029935;155 627 477;A01;2;7;4;0;1;1;1;
202300029936;155 627 474;A01;2;7;3;0;1;1;1;
202300029937;155 627 471;A01;1;7;3;0;7;21;1;
202300029938;155 627 470;A01;1;10;0;2;1;1;1;
202300029938;155 627 472;C01;1;7;0;2;4;23;1;
202300029938;155 627 473;B01;1;10;0;2;4;23;1;
202300029939;155 627 467;A01;0;7;14;0;2;17;1;
202300029940;155 627 465;B01;2;7;14;0;1;1;1;
202300029940;155 627 468;A01;2;7;3;0;2;1;1;
202300029940;155 627 469;C01;2;7;14;0;1;1;1;
202300029941;155 627 462;B01;2;7;0;2;0;9;1;
202300029941;155 627 464;A01;2;30;0;2;7;1;1;
202300029942;155 627 463;B01;2;10;0;2;4;2;1;
202300029942;155 627 466;A01;2;33;0;2;1;2;1;
202300029943;155 627 459;A01;2;7;0;0;7;14;1;
202300029944;155 627 457;A01;1;7;6;0;9;1;1;
202300029945;155 627 458;A01;2;7;4;0;1;1;1;
202300029946;155 627 456;C01;1;15;0;2;8;1;1;
202300029946;155 627 460;A01;1;7;13;2;1;17;1;
202300029946;155 627 461;B01;1;7;0;2;1;16;1;
202300029947;155 627 453;A01;2;7;4;0;1;1;1;
202300029948;155 627 452;A01;1;2;0;0;4;1;1;
202300029948;155 627 455;B01;1;10;0;2;1;2;1;
202300029949;155 627 451;A01;1;7;1;0;3;1;1;
202300029949;155 627 454;B01;1;7;0;0;5;24;1;
202300029950;155 627 447;A01;3;7;0;2;3;15;0;
202300029950;155 627 450;B01;3;7;0;2;3;1;0;
202300029951;155 627 448;A01;1;7;4;0;1;1;1;
202300029952;155 627 445;A01;3;1;0;2;1;26;5;
202300029952;155 627 446;B01;3;1;0;2;1;0;5;
202300029953;155 627 444;B01;3;7;0;2;3;1;1;
202300029953;155 627 449;A01;3;7;0;2;2;9;1;
202300029954;155 627 443;A01;1;7;0;1;1;1;1;
202300029955;155 627 442;A01;1;7;4;0;1;16;1;
202300029956;155 627 440;A01;1;7;0;2;7;22;1;
202300029956;155 627 441;B01;1;0;0;2;0;0;0;
202300029957;155 627 439;A01;1;7;10;0;9;17;1;
202300029958;155 627 434;A01;3;7;13;0;1;1;1;
202300029959;155 627 433;A01;2;7;0;1;3;1;1;
202300029960;155 627 432;A01;2;7;0;2;2;12;1;
202300029960;155 627 437;B01;2;37;0;2;8;1;1;1
202300029961;155 627 431;A01;2;7;3;0;3;2;2;
202300029962;155 627 429;A01;2;7;0;1;2;1;1;
202300029963;155 627 427;A01;1;10;0;2;2;2;1;
202300029963;155 627 428;B01;1;7;0;2;4;2;1;
202300029964;155 627 424;B01;2;7;3;0;5;1;1;
202300029964;155 627 426;A01;2;33;0;2;1;2;1;
202300029965;155 627 425;A01;3;36;2;0;2;1;1;
202300029966;155 627 423;A01;2;7;0;1;2;1;1;
202300029967;155 627 420;A01;1;1;0;1;1;0;5;
202300029968;155 627 419;B01;1;7;3;2;2;1;1;
202300029968;155 627 422;A01;1;7;3;2;3;9;1;
202300029969;155 627 418;A01;1;7;0;2;1;14;2;
202300029970;155 627 417;A01;2;99;0;2;1;15;1;
202300029970;155 627 421;B01;2;33;0;2;7;17;1;
202300029971;155 627 413;A01;2;7;0;2;1;1;1;
202300029971;155 627 415;B01;2;7;0;2;8;26;1;
202300029972;155 627 412;A01;3;7;0;2;3;16;1;
202300029972;155 627 416;B01;3;2;0;2;3;15;0;
202300029973;155 627 411;A01;1;7;0;0;6;15;2;
202300029973;155 627 414;B01;1;33;0;2;1;17;1;
202300029974;155 627 410;A01;2;7;2;0;1;1;1;
202300029975;155 627 408;A01;1;2;13;0;0;1;1;
202300029976;155 627 406;A01;1;7;0;2;1;1;1;
202300029976;155 627 407;B01;1;7;0;2;4;23;1;
202300029976;155 627 409;C01;1;7;0;2;4;23;1;
202300029977;155 627 405;A01;1;10;0;1;1;1;1;
202300029978;155 627 404;A01;2;7;0;0;0;1;1;
202300029979;155 627 401;A01;1;7;6;0;1;13;1;
202300029980;155 627 399;A01;3;30;0;0;7;1;6;
202300029981;155 627 398;A01;2;7;13;0;8;1;1;
202300029981;155 627 403;B01;1;7;0;2;1;1;1;
202300029982;155 627 397;A01;3;33;12;0;3;16;1;
202300029983;155 627 395;A01;3;10;0;1;2;15;1;
202300029984;155 627 394;A01;1;7;14;9;1;1;1;
202300029984;155 627 396;B01;1;80;0;2;8;16;3;
202300029985;155 627 391;B01;1;50;0;2;8;19;3;
202300029985;155 627 392;A01;1;7;0;2;1;1;1;
202300029986;155 627 388;A01;1;33;0;2;2;12;0;
202300029986;155 627 389;B01;1;10;0;2;3;2;1;
202300029987;155 627 387;A01;3;3;0;2;2;1;1;
202300029987;155 627 390;B01;3;7;0;2;1;26;1;
202300029988;155 627 385;A01;1;7;0;2;7;19;1;
202300029988;155 627 393;B01;2;7;0;2;1;1;1;
202300029989;155 627 384;B01;0;37;0;0;1;1;1;1
202300029989;155 627 386;A01;0;7;0;2;1;13;1;
202300029990;155 627 382;A01;0;1;0;2;1;15;5;
202300029990;155 627 383;B01;0;7;0;2;1;1;1;
202300029991;155 627 378;A01;3;7;0;1;1;1;1;
202300029991;155 627 380;B01;3;43;0;2;1;2;1;
202300029992;155 627 377;A01;1;7;0;2;3;19;0;
202300029992;155 627 381;B01;1;33;0;2;1;1;1;
202300029993;155 627 374;B01;1;7;0;2;3;1;1;
202300029993;155 627 376;A01;2;10;0;2;1;13;1;
202300029994;155 627 372;A01;1;7;0;2;1;16;1;
202300029994;155 627 375;B01;3;7;0;2;7;1;1;
202300029994;155 627 379;C01;3;7;0;2;6;1;1;
202300029995;155 627 373;A01;1;31;13;0;1;1;1;
202300029996;155 627 369;A01;1;7;6;0;1;13;1;
202300029997;155 627 370;A01;1;80;0;0;9;14;3;
202300029997;155 627 371;B01;2;15;0;0;0;1;1;
202300029998;155 627 367;Z01;1;7;0;1;1;15;1;
202300029999;155 627 366;A01;2;33;0;0;0;1;1;
202300030000;155 627 365;B01;2;37;0;2;6;0;1;2
202300030000;155 627 368;A01;2;2;0;2;7;17;1;
202300030001;155 627 362;B01;1;10;0;2;3;19;1;
202300030001;155 627 364;A01;2;7;0;2;1;1;1;
202300030002;155 627 361;A01;1;33;16;0;1;1;1;
202300030003;155 627 358;A01;1;7;0;2;1;3;1;
202300030003;155 627 360;B01;1;7;0;2;4;1;1;
202300030003;155 627 363;C01;1;7;0;2;0;0;1;
202300030004;155 627 356;A01;2;10;6;0;1;14;1;
202300030005;155 627 355;A01;1;7;15;0;2;14;1;
202300030006;155 627 351;A01;1;33;0;0;2;1;1;
202300030007;155 627 352;B01;2;7;0;2;0;0;1;
202300030007;155 627 354;A01;2;7;0;1;1;13;1;
202300030008;155 627 350;B01;3;7;0;2;7;26;1;
202300030008;155 627 353;C01;3;7;0;2;1;26;1;
202300030008;155 627 357;D01;3;7;0;2;1;26;1;
202300030008;155 627 359;A01;3;7;0;2;9;1;1;
202300030009;155 627 348;B01;1;1;0;2;7;16;5;
202300030009;155 627 349;A01;1;37;0;2;0;11;1;1
202300030010;155 627 344;B01;1;7;0;2;4;23;1;
202300030010;155 627 347;A01;1;7;0;2;1;1;1;
202300030011;155 627 342;B01;2;7;0;2;8;1;1;
202300030011;155 627 345;A01;1;7;0;2;3;13;1;
202300030012;155 627 341;A01;1;7;0;2;1;1;1;
202300030012;155 627 343;B01;1;7;0;2;1;1;1;
202300030012;155 627 346;C01;1;7;0;2;0;1;1;
202300030013;155 627 337;B01;1;50;0;2;8;15;3;
202300030013;155 627 339;A01;1;7;0;2;3;1;1;
202300030014;155 627 338;A01;1;7;0;2;1;1;1;
202300030014;155 627 340;B01;1;7;0;0;8;16;1;
202300030015;155 627 334;A01;1;0;0;0;0;0;0;
202300030015;155 627 335;B01;1;2;0;0;0;0;0;
202300030016;155 627 333;A01;1;7;13;0;9;0;1;
202300030017;155 627 330;A01;3;2;0;2;1;1;1;
202300030017;155 627 332;B01;3;21;0;2;1;1;1;
202300030018;155 627 328;A01;1;7;0;4;1;1;1;
202300030018;155 627 331;B01;1;40;0;2;1;1;3;
202300030019;155 627 327;B01;2;30;0;2;3;1;1;
202300030019;155 627 329;Z01;1;7;0;2;2;15;1;
202300030020;155 627 326;A01;1;7;2;0;3;14;1;
202300030021;155 627 325;A01;2;33;7;0;8;1;1;
202300030022;155 627 322;A01;2;7;0;2;1;1;1;
202300030022;155 627 324;B01;3;50;0;2;7;1;3;
202300030023;155 627 320;B01;3;7;0;2;2;1;1;
202300030023;155 627 323;A01;3;13;0;2;4;19;1;
202300030024;155 627 319;A01;1;7;13;0;1;13;1;
202300030025;155 627 318;A01;1;7;0;2;1;1;1;
202300030025;155 627 321;B01;2;7;0;2;1;1;1;
202300030026;155 627 316;A01;2;37;0;1;7;1;1;1
202300030027;155 627 313;A01;1;30;0;2;1;13;1;
202300030027;155 627 317;B01;2;7;0;2;0;1;1;
202300030028;155 627 312;B01;3;10;0;0;3;1;1;
202300030028;155 627 314;A01;3;33;0;2;1;17;1;
202300030029;155 627 309;A01;1;2;0;2;2;0;0;
202300030029;155 627 310;Z01;2;7;0;2;3;1;0;
202300030030;155 627 307;A01;3;10;17;0;3;13;1;
202300030031;155 627 306;A01;2;33;0;2;8;17;1;
202300030031;155 627 311;B01;1;7;0;2;3;1;1;
202300030032;155 627 305;A01;3;50;0;2;2;13;3;
202300030032;155 627 308;B01;2;50;0;2;2;15;3;
202300030033;155 627 303;A01;2;31;0;2;1;19;1;
202300030033;155 627 304;B01;2;7;0;2;2;11;1;
202300030034;155 627 302;A01;1;7;8;0;3;13;1;
202300030035;155 627 299;A01;2;7;0;1;7;1;1;
202300030036;155 627 298;A01;2;30;0;2;8;1;1;
202300030036;155 627 300;Z01;1;0;0;9;7;16;1;
202300030037;155 627 297;B01;2;33;0;2;3;1;1;
202300030037;155 627 301;A01;1;7;0;2;1;1;1;
202300030038;155 627 295;A01;1;7;0;1;2;16;1;
202300030039;155 627 291;C01;1;17;13;0;0;1;6;
202300030039;155 627 294;A01;2;7;0;0;1;15;1;
202300030039;155 627 296;D01;1;7;0;0;1;23;1;
202300030040;155 627 292;A01;1;7;0;0;9;1;1;
202300030041;155 627 290;A01;1;7;0;1;3;1;1;
202300030042;155 627 289;B01;2;2;0;9;1;1;1;
202300030042;155 627 293;A01;2;7;0;2;7;9;1;
202300030043;155 627 287;A01;1;2;0;2;1;5;1;
202300030043;155 627 288;B01;2;7;0;2;3;1;1;
202300030044;155 627 283;A01;0;7;0;2;2;15;1;
202300030044;155 627 286;B01;0;33;0;2;1;21;1;
202300030045;155 627 282;A01;2;7;0;2;1;2;1;
202300030045;155 627 285;B01;2;7;0;2;4;1;1;
202300030046;155 627 281;B01;2;10;0;2;7;1;1;
202300030046;155 627 284;A01;1;2;0;2;1;1;1;
202300030047;155 627 277;A01;2;33;0;2;1;13;1;
202300030047;155 627 279;B01;1;37;0;2;2;1;1;1
202300030048;155 627 275;B01;3;2;0;2;7;1;1;
202300030048;155 627 278;A01;1;7;0;2;3;9;1;
202300030049;155 627 273;A01;1;7;0;2;1;2;1;
202300030049;155 627 276;B01;1;7;0;2;4;2;1;
202300030050;155 627 272;B01;2;10;0;2;0;15;0;
202300030050;155 627 274;A01;2;33;0;0;7;1;1;
202300030051;155 627 269;A01;1;7;0;2;1;15;1;
202300030051;155 627 270;B01;1;33;0;2;7;1;1;
202300030052;155 627 268;A01;3;50;0;2;2;1;3;
202300030052;155 627 271;B01;3;10;0;9;3;1;1;
202300030053;155 627 266;A01;1;0;0;1;2;1;1;
202300030054;155 627 264;B01;2;10;0;2;1;9;1;
202300030054;155 627 267;A01;2;7;0;2;2;9;1;
202300030055;155 627 262;A01;1;7;0;1;2;1;1;
202300030056;155 627 261;A01;2;36;0;2;0;1;1;
202300030056;155 627 263;B01;1;7;0;2;1;1;1;
202300030056;155 627 265;C01;2;7;0;2;8;1;1;
202300030057;155 627 258;B01;1;7;0;1;1;1;1;
202300030058;155 627 257;B01;2;7;0;2;0;14;0;
202300030058;155 627 260;A01;1;33;0;2;3;1;1;
202300030059;155 627 256;A01;2;7;0;2;2;17;1;
202300030059;155 627 259;B01;1;7;0;2;2;1;3;
202300030060;155 627 255;A01;3;7;0;1;2;1;1;
202300030061;155 627 253;A01;2;7;0;0;1;13;1;
202300030061;155 627 254;B01;2;30;0;2;1;1;1;
202300030062;155 627 250;A01;2;7;2;0;0;1;1;
202300030063;155 627 248;B01;1;7;0;2;4;2;1;
202300030063;155 627 252;A01;1;14;0;2;2;26;1;
202300030064;155 627 249;B01;2;33;0;2;1;1;1;
202300030064;155 627 251;A01;2;7;0;2;3;9;1;
202300030065;155 627 246;B01;3;50;0;2;1;17;3;
202300030065;155 627 247;A01;3;7;0;2;1;15;1;