Num_Acc;id_vehicule;num_veh;senc;catv;obs;obsm;choc;manv;motor;occutc
202300030066;155 627 243;A01;2;7;0;2;1;2;1;
202300030066;155 627 245;B01;2;21;0;2;4;2;1;
202300030067;155 627 242;A01;1;7;8;0;2;1;1;
202300030068;155 627 241;B01;3;7;0;2;3;1;1;
202300030068;155 627 244;A01;3;7;0;2;1;13;1;
202300030069;155 627 240;A01;0;7;1;2;1;1;1;
202300030070;155 627 234;A01;1;7;6;2;3;1;1;
202300030070;155 627 238;B01;1;7;0;2;1;19;1;
202300030071;155 627 233;A01;3;30;0;2;1;26;1;
202300030071;155 627 236;B01;3;7;0;2;2;26;1;
202300030072;155 627 230;B01;1;7;0;2;2;1;1;
202300030072;155 627 232;C01;1;10;0;2;3;1;1;
202300030072;155 627 235;A01;1;7;0;2;1;19;1;
202300030073;155 627 229;A01;1;7;5;0;1;1;1;
202300030074;155 627 227;B01;1;7;0;2;1;2;1;
202300030074;155 627 231;C01;1;7;0;2;4;2;1;
202300030074;155 627 237;D01;1;7;0;2;4;23;1;
202300030074;155 627 239;A01;1;10;0;2;1;1;1;
202300030075;155 627 224;B01;1;1;0;2;0;13;5;
202300030075;155 627 225;A01;2;7;0;9;3;14;2;
202300030076;155 627 223;A01;1;7;0;1;1;1;1;
202300030077;155 627 221;B01;2;10;0;2;8;1;1;
202300030077;155 627 226;C01;2;7;0;2;8;1;1;
202300030077;155 627 228;A01;2;7;0;2;1;1;1;
202300030078;155 627 217;A01;1;1;0;0;0;1;5;
202300030079;155 627 219;A01;3;7;2;0;2;1;0;
202300030080;155 627 216;A01;1;7;0;2;2;14;1;
202300030080;155 627 220;B01;1;33;0;2;8;1;1;
202300030080;155 627 222;C01;1;7;0;2;4;1;1;
202300030081;155 627 215;A01;1;30;0;2;2;3;1;
202300030081;155 627 218;B01;1;7;0;2;3;11;1;
202300030082;155 627 210;B01;2;2;0;2;3;15;1;
202300030082;155 627 214;A01;2;7;0;2;2;15;0;
202300030083;155 627 207;A01;2;7;0;2;1;1;1;
202300030083;155 627 211;B01;2;32;0;2;3;15;1;
202300030084;155 627 206;A01;1;33;4;2;8;3;1;
202300030084;155 627 209;B01;1;7;4;2;6;13;1;
202300030085;155 627 205;B01;1;7;0;2;4;23;1;
202300030085;155 627 208;D01;1;7;0;2;4;23;1;
202300030085;155 627 212;C01;1;7;0;2;4;23;1;
202300030085;155 627 213;A01;1;7;0;2;1;2;1;
202300030086;155 627 204;A01;3;2;0;0;7;2;1;
202300030087;155 627 201;A01;1;7;0;1;0;2;1;
202300030088;155 627 200;A01;1;7;2;0;7;17;1;
202300030089;155 627 198;A01;2;7;0;2;4;2;1;
202300030089;155 627 203;B01;2;7;0;2;1;2;1;
202300030090;155 627 197;C01;0;10;0;2;0;0;1;
202300030090;155 627 199;B01;0;7;0;2;3;13;1;
202300030090;155 627 202;A01;0;33;0;2;4;17;1;
202300030091;155 627 196;A01;2;31;0;0;1;13;1;
202300030092;155 627 193;B01;2;7;0;2;1;15;1;
202300030092;155 627 195;A01;1;7;0;2;1;1;1;
202300030093;155 627 190;A01;1;7;0;2;1;1;2;
202300030093;155 627 194;B01;1;10;0;2;6;0;1;
202300030094;155 627 191;Z01;1;7;0;1;0;0;0;
202300030095;155 627 189;A01;0;7;0;2;3;15;1;
202300030095;155 627 192;B01;0;2;0;2;1;1;1;
202300030096;155 627 188;A01;2;1;0;0;0;1;5;
202300030097;155 627 186;A01;2;41;0;1;1;1;3;
202300030098;155 627 185;A01;1;32;0;2;1;1;1;
202300030098;155 627 187;B01;1;7;0;2;5;1;1;
202300030099;155 627 180;B01;1;7;0;2;8;0;0;
202300030099;155 627 184;A01;1;7;0;2;1;19;0;
202300030100;155 627 181;A01;1;7;0;2;3;11;0;
202300030100;155 627 183;B01;1;33;0;2;7;3;1;
202300030101;155 627 178;B01;0;80;0;2;0;0;3;
202300030101;155 627 182;A01;0;7;0;9;2;16;1;
202300030102;155 627 177;B01;1;7;0;2;8;0;1;
202300030102;155 627 179;A01;1;15;0;2;2;12;1;
202300030103;155 627 176;A01;2;15;3;0;1;1;1;
202300030104;155 627 172;A01;1;7;0;2;2;15;1;
202300030104;155 627 174;B01;2;33;0;2;1;2;1;
202300030105;155 627 170;B01;1;7;0;2;7;1;1;
202300030105;155 627 173;Z01;1;7;0;2;3;11;0;
202300030106;155 627 168;B01;2;14;0;2;1;1;1;
202300030106;155 627 175;A01;2;7;0;2;7;1;1;
202300030107;155 627 169;A01;1;7;4;2;1;11;1;
202300030107;155 627 171;B01;1;7;3;2;5;1;1;
202300030108;155 627 165;A01;3;7;0;1;1;15;1;
202300030109;155 627 162;A01;2;7;4;1;3;23;1;
202300030109;155 627 166;C01;2;7;0;2;1;2;1;
202300030110;155 627 163;A01;2;14;0;2;4;2;1;
202300030110;155 627 167;B01;2;14;0;2;7;2;1;
202300030111;155 627 164;A01;3;7;0;1;4;20;1;
202300030112;155 627 160;A01;1;7;4;0;3;1;1;
202300030113;155 627 158;B01;1;50;0;2;0;0;3;
202300030113;155 627 161;A01;2;7;0;2;0;0;1;
202300030114;155 627 156;A01;2;7;0;2;3;2;1;
202300030114;155 627 159;B01;2;33;0;2;2;21;1;
202300030115;155 627 155;B01;2;7;0;2;2;15;1;
202300030115;155 627 157;A01;2;37;0;2;3;1;1;3
202300030116;155 627 154;A01;1;7;4;0;1;0;1;
202300030117;155 627 140;D01;1;7;0;2;1;1;1;
202300030117;155 627 143;E01;1;7;0;2;1;1;1;
202300030117;155 627 145;B01;1;10;0;2;6;23;1;
202300030117;155 627 149;C01;1;7;0;2;7;1;1;
202300030117;155 627 153;A01;1;10;0;2;2;14;1;
202300030118;155 627 137;B01;0;10;0;0;4;24;2;
202300030118;155 627 142;A01;0;10;1;0;1;2;1;
202300030119;155 627 138;B01;2;7;0;2;4;2;1;
202300030119;155 627 139;A01;2;10;0;2;1;2;3;
202300030120;155 627 131;B01;2;14;0;2;6;23;1;
202300030120;155 627 134;A01;2;7;14;0;2;17;1;
202300030121;155 627 133;B01;3;10;0;2;6;2;1;
202300030121;155 627 135;F01;3;10;0;2;4;2;1;
202300030121;155 627 136;G01;3;10;0;2;4;2;1;
202300030121;155 627 141;C01;3;7;0;2;6;2;1;
202300030121;155 627 144;D01;3;7;0;2;4;2;3;
202300030121;155 627 148;A01;3;14;0;2;1;2;1;
202300030121;155 627 152;E01;3;10;0;2;6;2;1;
202300030122;155 627 130;A01;1;7;0;2;3;1;1;
202300030123;155 627 129;A01;1;7;0;2;0;0;1;
202300030123;155 627 132;B01;1;33;0;0;0;0;1;
202300030124;155 627 126;A01;1;7;0;1;1;2;1;
202300030125;155 627 124;B01;2;33;0;2;2;17;1;
202300030125;155 627 127;A01;2;7;0;2;8;15;1;
202300030126;155 627 123;T01;3;50;0;9;1;0;3;
202300030126;155 627 128;U01;3;50;0;9;1;5;3;
202300030127;155 627 122;A01;1;7;0;2;3;1;1;
202300030127;155 627 125;B01;1;7;0;2;2;0;1;
202300030128;155 627 116;A01;1;7;0;2;1;13;1;
202300030128;155 627 120;B01;1;7;0;2;1;1;1;
202300030129;155 627 117;B01;2;1;0;2;0;0;5;
202300030129;155 627 121;A01;2;7;0;2;1;15;1;
202300030130;155 627 118;A01;3;7;0;1;2;2;1;
202300030131;155 627 119;A01;3;7;0;2;2;26;1;
202300030132;155 627 113;A01;0;34;5;2;9;14;6;
202300030133;155 627 109;A01;1;7;0;2;1;1;1;
202300030133;155 627 111;B01;1;10;0;2;9;11;1;
202300030133;155 627 115;C01;1;7;0;2;8;0;1;
202300030134;155 627 110;B01;1;7;0;2;0;0;1;
202300030134;155 627 114;A01;1;7;0;2;3;16;2;
202300030135;155 627 108;A01;1;7;0;2;3;17;1;
202300030135;155 627 112;B01;1;7;0;2;7;2;1;
202300030136;155 627 107;A01;1;33;0;9;1;26;1;
202300030137;155 627 105;A01;1;32;0;2;7;2;1;
202300030137;155 627 106;B01;1;7;0;2;3;15;3;
202300030138;155 627 103;A01;2;7;0;1;1;9;1;
202300030139;155 627 104;A01;1;33;0;9;8;15;0;
202300030140;155 627 102;A01;1;3;0;1;3;15;3;
202300030141;155 627 101;Z01;3;7;0;1;2;1;1;
202300030142;155 627 098;A01;3;7;0;2;3;9;1;
202300030142;155 627 100;B01;3;33;0;2;1;1;1;
202300030143;155 627 097;A01;2;10;0;1;1;9;1;
202300030144;155 627 096;B01;2;7;0;2;1;1;1;
202300030144;155 627 099;A01;2;50;0;2;2;1;3;
202300030145;155 627 095;A01;3;7;0;1;3;26;1;
202300030146;155 627 094;A01;3;10;0;1;6;4;1;
202300030147;155 627 089;A01;1;7;0;2;1;2;1;
202300030147;155 627 093;B01;1;7;0;2;4;23;1;
202300030148;155 627 088;A01;3;7;0;2;7;10;2;
202300030148;155 627 091;B01;3;14;0;2;1;1;1;
202300030149;155 627 086;B01;1;7;0;2;4;2;1;
202300030149;155 627 090;C01;1;7;0;2;0;0;1;
202300030149;155 627 092;A01;1;7;0;2;3;2;1;
202300030150;155 627 083;A01;1;10;0;2;1;1;1;
202300030150;155 627 085;B01;1;10;0;2;4;1;1;
202300030150;155 627 087;C01;1;10;0;2;4;1;1;
202300030151;155 627 082;A01;1;7;0;1;1;1;1;
202300030152;155 627 081;A01;1;7;0;2;3;1;1;
202300030152;155 627 084;B01;1;1;0;2;1;1;5;
202300030153;155 627 077;A01;3;10;0;1;1;2;1;
202300030154;155 627 079;A01;2;7;1;0;3;13;1;
202300030155;155 627 078;B01;3;3;0;2;1;19;1;
202300030155;155 627 080;A01;1;7;0;2;8;1;1;
202300030156;155 627 075;A01;3;7;0;2;3;1;1;
202300030156;155 627 076;B01;3;7;0;2;1;15;1;
202300030157;155 627 072;A01;1;7;0;2;3;11;1;
202300030157;155 627 074;B01;1;33;0;2;7;3;1;
202300030158;155 627 071;A01;2;7;0;1;2;1;1;
202300030159;155 627 070;A01;2;7;0;2;1;1;1;
202300030159;155 627 073;B01;2;7;0;2;4;1;1;
202300030160;155 627 067;A01;3;31;0;2;1;1;1;
202300030160;155 627 069;B01;3;7;0;2;3;15;1;
202300030161;155 627 064;A01;1;7;0;2;1;15;2;
202300030161;155 627 065;B01;2;2;0;2;8;1;1;
202300030162;155 627 062;B01;3;7;0;2;1;1;1;
202300030162;155 627 068;A01;1;7;0;2;2;1;1;
202300030163;155 627 061;B01;1;7;0;0;0;0;1;
202300030163;155 627 063;C01;1;7;0;0;8;2;1;
202300030163;155 627 066;A01;1;7;0;2;1;21;1;
202300030164;155 627 059;Z01;2;7;0;1;1;1;1;
202300030165;155 627 055;A01;1;10;0;9;7;16;1;
202300030165;155 627 058;B01;1;50;0;2;8;19;3;
202300030166;155 627 054;A01;3;7;0;2;5;19;1;
202300030166;155 627 057;B01;1;38;0;2;1;1;1;1
202300030166;155 627 060;C01;1;7;0;2;8;1;1;
202300030167;155 627 056;A01;2;7;0;1;2;16;1;
202300030168;155 627 052;B01;1;30;0;2;7;21;1;
202300030168;155 627 053;A01;2;1;0;2;0;5;5;
202300030169;155 627 049;A01;3;10;0;2;1;2;1;
202300030169;155 627 051;B01;0;10;0;0;6;10;1;
202300030170;155 627 048;A01;1;7;0;1;2;15;1;
202300030171;155 627 044;B01;1;50;0;2;4;1;3;
202300030171;155 627 046;A01;1;43;0;2;1;1;1;
202300030172;155 627 041;A01;1;7;2;0;0;0;1;
202300030173;155 627 039;A01;1;7;7;0;1;13;1;
202300030174;155 627 036;A01;1;7;0;1;2;1;1;
202300030175;155 627 034;B01;1;1;0;2;1;1;5;
202300030175;155 627 035;A01;2;7;0;2;3;1;1;
202300030176;155 627 032;B01;3;1;0;2;4;19;5;
202300030176;155 627 033;A01;3;7;0;2;1;0;1;
202300030177;155 627 029;A01;1;1;0;0;2;1;5;
202300030178;155 627 030;A01;1;7;0;2;5;24;1;
202300030178;155 627 031;B01;1;7;1;0;3;13;1;
202300030179;155 627 026;B01;1;7;1;0;8;1;1;
202300030179;155 627 028;A01;1;10;0;2;1;16;1;
202300030180;155 627 025;Z01;3;7;0;2;0;13;1;
202300030180;155 627 027;A01;3;31;0;2;5;1;1;
202300030181;155 627 023;B01;1;31;0;5;1;1;1;
202300030182;155 627 020;B01;1;37;0;2;2;2;1;1
202300030182;155 627 021;A01;1;30;0;2;3;2;1;
202300030183;155 627 017;A01;1;7;0;2;8;10;1;
202300030183;155 627 019;B01;1;33;0;2;7;1;1;
202300030184;155 627 016;A01;1;10;0;2;1;13;1;
202300030184;155 627 018;B01;1;7;0;2;1;1;1;
202300030185;155 627 014;B01;1;7;1;2;4;24;1;
202300030185;155 627 015;A01;1;7;0;2;1;1;1;
202300030186;155 627 012;A01;1;7;0;2;3;2;1;
202300030186;155 627 013;B01;1;10;0;2;4;2;1;
202300030187;155 627 011;A01;0;7;0;1;1;1;1;
202300030188;155 627 010;A01;2;7;12;1;1;14;1;
202300030189;155 627 008;A01;3;33;0;2;1;1;1;
202300030189;155 627 009;B01;3;7;0;2;2;15;1;
202300030190;155 627 005;B01;1;31;0;2;3;1;1;
202300030190;155 627 006;A01;1;7;0;2;3;10;1;
202300030191;155 627 004;B01;3;1;0;2;4;12;5;
202300030191;155 627 007;A01;3;7;0;2;3;26;1;
202300030192;155 627 003;A01;2;7;0;1;1;15;1;
202300030193;155 627 000;B01;3;2;0;2;1;1;1;
202300030193;155 627 002;A01;3;7;0;2;2;15;1;
202300030194;155 626 999;A01;1;10;0;2;8;15;1;
202300030194;155 627 001;B01;1;30;0;2;2;17;3;
202300030195;155 626 997;A01;2;1;0;2;8;2;5;
202300030195;155 626 998;B01;2;7;0;2;7;17;-1;
202300030196;155 626 995;A01;2;60;12;0;0;1;3;
202300030197;155 626 994;B01;1;7;0;2;5;1;1;
202300030197;155 626 996;A01;1;1;0;2;1;1;5;
202300030198;155 626 989;B01;2;7;0;2;0;1;2;
202300030198;155 626 991;A01;2;30;0;2;0;1;1;
202300030199;155 626 988;A01;3;7;0;2;1;26;1;
202300030199;155 626 992;B01;1;2;0;2;4;1;1;
202300030200;155 626 987;A01;3;7;0;1;1;15;0;
202300030201;155 626 986;A01;1;7;0;1;1;1;1;
202300030202;155 626 984;B01;3;7;0;9;8;1;1;
202300030202;155 626 985;A01;3;1;0;2;8;19;5;
202300030203;155 626 981;A01;2;7;0;2;2;15;1;
202300030203;155 626 983;B01;1;33;0;2;3;1;1;
202300030204;155 626 980;B01;1;7;0;0;2;16;1;
202300030204;155 626 982;A01;2;50;0;2;1;1;3;
202300030205;155 626 977;B01;3;1;0;2;8;1;5;
202300030205;155 626 979;A01;3;10;0;9;3;15;1;
202300030206;155 626 976;A01;2;33;0;2;1;1;1;
202300030206;155 626 978;B01;1;7;0;2;7;15;1;
202300030207;155 626 975;A01;3;7;0;1;1;0;1;
202300030208;155 626 973;A01;1;7;0;2;2;9;1;
202300030208;155 626 974;B01;1;50;0;2;2;1;3;
202300030209;155 626 970;A01;1;50;0;2;7;15;3;
202300030209;155 626 972;B01;2;7;0;2;2;1;1;
202300030210;155 626 969;B01;2;7;0;2;2;1;1;
202300030210;155 626 971;A01;3;7;0;2;3;15;1;
202300030211;155 626 966;A01;2;7;0;2;9;21;1;
202300030211;155 626 967;B01;2;37;0;2;3;1;1;1
202300030211;155 626 968;C01;2;7;0;2;5;23;1;
202300030212;155 626 963;A01;0;7;12;0;3;1;1;
202300030213;155 626 964;A01;3;7;0;1;1;15;1;
202300030214;155 626 962;B01;1;7;0;2;2;15;1;
202300030214;155 626 965;A01;1;50;0;2;6;1;3;
202300030215;155 626 960;B01;0;7;0;2;1;1;0;
202300030215;155 626 961;A01;0;7;0;2;4;1;1;
202300030216;155 626 958;A01;3;10;0;1;4;20;6;
202300030217;155 626 959;A01;1;7;0;1;3;0;1;
202300030218;155 626 957;A01;1;10;1;0;6;21;0;
202300030219;155 626 951;A01;1;7;0;2;0;0;0;
202300030219;155 626 954;B01;1;30;0;2;5;2;0;
202300030220;155 626 953;A01;2;7;0;9;2;1;1;
202300030220;155 626 955;B01;2;1;0;2;8;1;5;
202300030221;155 626 952;A01;3;30;0;2;1;15;1;
202300030221;155 626 956;B01;1;30;0;2;1;1;1;
202300030222;155 626 947;B01;3;50;0;2;1;1;3;
202300030222;155 626 950;A01;1;7;0;2;3;2;2;
202300030223;155 626 946;A01;1;50;0;4;3;15;3;
202300030223;155 626 949;B01;1;40;0;2;3;15;3;
202300030224;155 626 944;B01;2;7;0;2;1;2;2;
202300030224;155 626 945;C01;2;7;0;2;4;2;1;
202300030224;155 626 948;A01;2;7;0;2;1;2;1;
202300030225;155 626 942;B01;1;7;0;2;3;15;1;
202300030225;155 626 943;A01;1;2;0;2;1;17;1;
202300030226;155 626 938;A01;1;7;8;0;1;1;1;
202300030227;155 626 939;A01;1;30;0;2;8;9;1;
202300030227;155 626 941;B01;1;7;0;2;1;1;1;
202300030228;155 626 937;A01;2;7;0;2;3;10;1;
202300030228;155 626 940;B01;2;34;0;2;3;2;1;
202300030229;155 626 936;A01;2;43;0;0;0;1;1;
202300030230;155 626 931;B01;1;33;0;2;1;15;0;
202300030230;155 626 932;A01;2;7;0;2;3;9;0;
202300030231;155 626 930;C01;2;7;0;2;1;23;1;
202300030231;155 626 934;B01;1;7;0;2;6;1;1;
202300030231;155 626 935;A01;1;7;0;2;1;12;1;
202300030232;155 626 927;B01;2;10;0;2;0;15;1;
202300030232;155 626 929;A01;1;32;0;2;1;1;1;
202300030233;155 626 924;A01;3;3;0;2;1;1;1;
202300030233;155 626 928;B01;3;7;0;2;8;15;1;
202300030234;155 626 925;A01;1;7;0;2;1;15;1;
202300030234;155 626 926;B01;2;33;0;2;1;1;1;
202300030235;155 626 917;A01;2;2;0;2;3;26;1;
202300030235;155 626 919;B01;1;7;0;2;2;1;1;
202300030236;155 626 914;D01;1;7;0;2;3;2;1;
202300030236;155 626 916;C01;1;7;0;2;4;23;1;
202300030236;155 626 920;A01;1;7;0;2;1;2;1;
202300030236;155 626 921;B01;1;7;0;0;6;23;1;
202300030236;155 626 922;E01;1;7;0;2;7;21;1;
202300030236;155 626 923;F01;1;15;0;2;8;1;1;
202300030237;155 626 915;B01;1;7;0;2;1;1;1;
202300030237;155 626 918;A01;2;7;0;2;7;19;1;
202300030238;155 626 909;A01;1;7;0;2;1;13;1;
202300030238;155 626 912;B01;2;7;0;2;1;1;1;
202300030239;155 626 911;A01;2;7;13;0;0;2;1;
202300030240;155 626 908;A01;1;10;0;2;1;2;1;
202300030240;155 626 910;B01;1;7;0;2;4;2;1;
202300030240;155 626 913;C01;1;7;0;2;4;2;1;
202300030241;155 626 906;A01;2;7;0;2;3;1;0;
202300030241;155 626 907;B01;1;7;0;2;8;1;0;
202300030242;155 626 904;A01;1;7;0;1;7;15;0;
202300030243;155 626 903;A01;2;7;0;2;1;0;1;
202300030243;155 626 905;B01;2;7;0;2;4;0;1;
202300030244;155 626 902;A01;2;7;2;0;2;1;1;
202300030245;155 626 897;A01;2;33;0;0;1;17;1;
202300030245;155 626 900;B01;1;7;0;0;1;16;1;
202300030246;155 626 899;A01;3;7;2;0;4;1;1;
202300030247;155 626 898;B01;1;1;0;2;1;1;5;
202300030247;155 626 901;A01;1;7;0;2;5;20;1;
202300030248;155 626 892;A01;3;7;0;2;3;1;1;
202300030248;155 626 895;B01;3;10;0;2;3;1;1;
202300030249;155 626 890;C01;1;7;0;2;1;1;1;
202300030249;155 626 893;B01;1;7;0;2;1;1;1;
202300030249;155 626 896;A01;2;7;8;0;2;1;1;
202300030250;155 626 891;B01;1;7;0;2;7;26;1;
202300030250;155 626 894;A01;1;33;0;2;1;1;1;
202300030251;155 626 889;A01;2;2;0;0;2;21;1;
202300030252;155 626 886;B01;1;7;0;2;8;15;-1;
202300030252;155 626 888;A01;1;33;0;2;2;17;1;
202300030253;155 626 887;A01;2;7;0;1;1;1;1;
202300030254;155 626 883;A01;2;50;14;0;8;1;3;
202300030255;155 626 881;B01;1;7;0;2;2;1;1;
202300030255;155 626 885;A01;2;7;8;2;8;1;1;
202300030256;155 626 880;B01;1;7;0;0;0;26;0;
202300030256;155 626 882;A01;1;7;0;0;8;23;3;
202300030256;155 626 884;C01;1;7;1;0;0;1;0;
202300030257;155 626 878;A01;1;7;0;1;1;1;0;
202300030258;155 626 877;A01;0;7;0;1;1;15;1;
202300030259;155 626 876;A01;2;7;0;2;8;15;1;
202300030259;155 626 879;B01;2;30;0;2;1;1;1;
202300030260;155 626 873;A01;2;7;0;2;3;13;1;
202300030260;155 626 875;B01;1;7;0;2;8;1;1;
202300030261;155 626 872;A01;2;7;0;1;1;23;1;
202300030261;155 626 874;B01;2;7;0;2;1;2;1;
202300030262;155 626 869;A01;1;7;13;0;2;1;1;
202300030263;155 626 870;B01;1;7;0;2;1;1;1;
202300030263;155 626 871;A01;1;7;0;2;6;9;1;
202300030264;155 626 868;A01;1;7;0;1;1;1;1;
202300030265;155 626 865;A01;2;1;0;2;4;2;5;
202300030265;155 626 867;B01;2;7;0;2;0;2;0;
202300030266;155 626 864;A01;2;7;0;9;3;9;1;
202300030266;155 626 866;B01;2;1;0;2;1;1;5;
202300030267;155 626 863;A01;1;7;2;9;1;12;1;
202300030268;155 626 858;C01;1;7;0;0;3;23;1;
202300030268;155 626 860;A01;2;10;0;2;2;2;1;
202300030268;155 626 862;B01;1;10;0;2;1;1;1;
202300030269;155 626 857;A01;2;7;0;1;2;26;1;
202300030270;155 626 859;A01;1;7;11;2;1;6;1;
202300030270;155 626 861;B01;2;7;0;2;1;1;1;
202300030271;155 626 854;A01;3;7;0;1;1;15;3;
202300030272;155 626 856;A01;2;7;9;1;3;25;1;
202300030273;155 626 852;A01;3;7;0;2;4;1;1;
202300030273;155 626 853;C01;3;7;0;2;1;1;1;
202300030273;155 626 855;B01;3;7;0;2;4;1;1;
202300030274;155 626 849;A01;0;7;0;0;4;2;1;
202300030274;155 626 851;B01;0;7;0;2;0;0;1;
202300030275;155 626 846;A01;1;7;0;2;4;1;1;
202300030275;155 626 848;B01;1;7;0;2;1;1;1;
202300030276;155 626 844;A01;3;2;8;0;1;1;1;
202300030277;155 626 843;A01;2;7;6;0;1;1;1;
202300030278;155 626 842;A01;1;33;0;0;9;1;1;
202300030279;155 626 845;A01;1;7;0;1;1;1;1;
202300030280;155 626 840;A01;1;50;0;2;3;15;3;
202300030280;155 626 841;B01;1;7;0;9;2;1;2;
202300030281;155 626 836;A01;1;7;0;2;3;13;1;
202300030281;155 626 838;B01;2;7;0;2;3;1;1;
202300030282;155 626 837;A01;1;50;0;2;1;1;3;
202300030282;155 626 839;B01;1;7;0;2;0;16;0;
202300030283;155 626 835;A01;1;7;0;1;2;1;1;
202300030284;155 626 832;A01;1;7;0;9;3;1;1;
202300030284;155 626 834;B01;2;1;0;2;7;0;5;
202300030285;155 626 830;A01;2;7;6;0;1;14;1;
202300030286;155 626 831;B01;1;1;0;2;0;0;0;
202300030286;155 626 833;A01;1;7;0;2;7;1;1;
202300030287;155 626 829;A01;1;7;6;0;1;1;1;
202300030288;155 626 828;A01;2;7;15;0;1;0;0;
202300030289;155 626 826;B01;1;2;0;2;1;2;1;
202300030289;155 626 827;A01;1;7;1;2;3;10;0;
202300030290;155 626 824;B01;2;7;0;0;6;2;1;
202300030290;155 626 825;A01;2;7;0;2;2;2;3;
202300030291;155 626 820;B01;2;7;0;2;1;1;1;
202300030291;155 626 822;A01;1;33;0;2;1;13;1;
202300030292;155 626 817;A01;3;7;0;9;3;15;1;
202300030292;155 626 819;B01;3;1;0;2;1;5;5;
202300030293;155 626 816;A01;2;7;0;9;2;0;0;
202300030293;155 626 818;B01;2;1;0;2;3;1;5;
202300030294;155 626 814;A01;1;7;0;2;1;1;1;
202300030294;155 626 815;B01;1;7;0;2;4;1;1;
202300030295;155 626 813;A01;3;7;0;1;3;12;1;
202300030296;155 626 810;A01;2;7;2;0;1;14;1;
202300030297;155 626 808;A01;2;7;0;1;2;1;1;
202300030298;155 626 806;A01;2;7;0;0;7;1;0;
202300030299;155 626 807;A01;1;7;0;2;3;10;1;
202300030299;155 626 809;B01;1;7;0;2;2;1;1;
202300030300;155 626 803;B01;1;30;0;0;8;15;1;
202300030300;155 626 805;A01;1;7;0;2;2;17;0;
202300030301;155 626 804;A01;1;7;0;1;2;1;1;
202300030302;155 626 801;B01;2;7;0;2;1;1;1;
202300030302;155 626 802;A01;1;7;0;2;1;13;1;
202300030303;155 626 800;A01;2;7;2;0;2;0;1;
202300030304;155 626 797;A01;3;7;1;0;2;14;1;
202300030305;155 626 798;A01;1;7;0;2;3;9;1;
202300030305;155 626 799;B01;2;31;0;2;7;15;1;
202300030306;155 626 795;A01;1;7;0;2;2;15;1;
202300030306;155 626 796;B01;2;32;0;2;1;1;1;
202300030307;155 626 793;A01;3;7;15;0;1;1;1;
202300030308;155 626 791;A01;2;2;12;0;8;1;1;
202300030309;155 626 790;C01;1;7;0;2;3;1;0;
202300030309;155 626 792;B01;1;7;9;2;3;1;0;
202300030309;155 626 794;A01;2;10;0;2;3;1;1;
202300030310;155 626 788;A01;1;7;3;0;8;13;1;
202300030311;155 626 785;A01;1;7;0;2;1;1;0;
202300030311;155 626 787;B01;1;7;0;2;4;23;0;
202300030311;155 626 789;C01;1;7;0;0;4;23;0;
202300030312;155 626 784;A01;0;7;0;0;9;1;1;
202300030313;155 626 783;A01;2;7;0;9;3;1;1;
202300030313;155 626 786;B01;3;1;0;2;1;1;5;
202300030314;155 626 782;A01;3;7;1;0;2;14;1;
202300030315;155 626 780;A01;1;7;0;1;2;26;0;
202300030316;155 626 779;A01;1;7;0;2;2;0;1;
202300030316;155 626 781;B01;1;7;3;0;4;0;1;
202300030317;155 626 776;A01;1;7;0;2;1;17;1;
202300030317;155 626 778;B01;2;7;0;2;1;1;1;
202300030318;155 626 775;A01;1;50;0;1;1;19;3;
202300030319;155 626 774;A01;2;7;0;2;4;2;0;
202300030319;155 626 777;B01;2;7;0;2;1;2;0;
202300030320;155 626 772;A01;1;17;2;0;8;14;1;
202300030321;155 626 770;B01;1;7;0;2;1;9;1;
202300030321;155 626 773;A01;2;7;0;2;4;1;1;
202300030322;155 626 769;B01;2;10;0;0;8;23;1;
202300030322;155 626 771;A01;2;17;1;0;8;2;1;
202300030323;155 626 767;B01;2;7;0;2;8;15;1;
202300030323;155 626 768;A01;2;2;0;2;1;17;1;
202300030324;155 626 764;A01;1;33;0;2;1;1;1;
202300030324;155 626 765;B01;1;7;0;2;1;1;1;
202300030325;155 626 763;A01;0;7;0;2;7;16;1;
202300030325;155 626 766;B01;0;33;0;2;8;18;1;
202300030326;155 626 760;A01;2;37;0;0;6;1;1;1
202300030326;155 626 762;B01;2;2;0;0;2;1;1;
202300030327;155 626 757;B01;1;7;0;2;3;15;1;
202300030327;155 626 761;A01;1;43;0;2;2;17;1;
202300030328;155 626 758;A01;2;2;0;2;1;1;1;
202300030328;155 626 759;B01;2;7;0;2;4;23;-1;
202300030329;155 626 755;A01;1;7;0;2;5;15;1;
202300030329;155 626 756;B01;1;34;0;2;1;1;1;
202300030330;155 626 752;B01;1;1;0;2;7;16;5;
202300030330;155 626 754;A01;1;2;0;2;4;14;3;
202300030331;155 626 750;B01;2;50;0;2;8;19;3;
202300030331;155 626 753;A01;2;7;0;2;1;15;0;
202300030332;155 626 749;B01;1;2;0;2;8;1;1;
202300030332;155 626 751;A01;1;10;0;2;1;1;1;
202300030333;155 626 747;A01;3;7;2;0;8;13;1;
202300030334;155 626 746;B01;2;43;0;2;1;1;1;
202300030334;155 626 748;A01;2;7;0;2;4;9;1;
202300030335;155 626 744;B01;2;2;0;2;1;1;1;
202300030335;155 626 745;A01;1;7;0;2;2;15;1;
202300030336;155 626 742;A01;0;7;0;2;3;20;1;