Num_Acc;id_vehicule;num_veh;senc;catv;obs;obsm;choc;manv;motor;occutc
202300031193;155 625 246;A01;1;50;12;0;2;1;3;
202300031194;155 625 244;B01;1;1;0;2;1;1;5;
202300031194;155 625 245;A01;1;33;0;2;2;10;1;
202300031195;155 625 243;A01;3;7;9;0;1;15;1;
202300031196;155 625 242;A01;1;7;4;0;3;26;1;
202300031197;155 625 241;A01;2;7;14;0;1;19;1;
202300031198;155 625 240;A01;2;7;4;0;3;21;1;
202300031199;155 625 239;A01;1;33;0;0;0;1;1;
202300031200;155 625 236;A01;2;7;4;2;1;2;1;
202300031200;155 625 237;B01;2;7;4;2;4;2;1;
202300031200;155 625 238;C01;2;7;4;2;6;2;1;
202300031201;155 625 235;A01;2;7;3;0;2;14;1;
202300031202;155 625 233;A01;2;7;0;2;2;14;2;
202300031202;155 625 234;B01;2;34;0;2;4;1;3;
202300031203;155 625 231;B01;1;7;0;2;6;1;1;
202300031203;155 625 232;A01;1;31;0;2;1;17;1;
202300031204;155 625 230;A01;1;7;0;1;1;16;1;
202300031205;155 625 227;A01;1;7;0;2;2;2;1;
202300031205;155 625 228;B01;1;1;0;2;8;9;5;
202300031206;155 625 226;A01;3;2;12;0;1;0;3;
202300031207;155 625 225;A01;3;7;0;1;1;9;1;
202300031208;155 625 224;A01;2;33;0;0;1;1;1;
202300031209;155 625 222;A01;0;7;0;0;1;17;1;
202300031209;155 625 223;B01;0;7;0;0;1;1;1;
202300031210;155 625 221;A01;1;2;0;0;0;1;1;
202300031211;155 625 220;A01;1;7;0;1;2;16;1;
202300031212;155 625 218;B01;1;50;0;2;1;1;3;
202300031212;155 625 219;A01;2;7;0;2;1;15;0;
202300031213;155 625 217;A01;2;1;0;1;1;1;5;
202300031214;155 625 215;A01;2;10;0;2;3;15;1;
202300031214;155 625 216;B01;2;31;0;2;7;3;1;
202300031215;155 625 214;A01;2;10;0;1;6;26;1;
202300031216;155 625 209;A01;3;10;0;2;1;1;1;
202300031216;155 625 210;B01;2;60;0;2;1;5;5;
202300031217;155 625 208;A01;3;7;0;1;1;1;1;
202300031218;155 625 207;A01;1;10;0;1;1;15;1;
202300031219;155 625 206;A01;1;10;0;1;1;1;1;
202300031220;155 625 205;A01;2;7;0;1;2;1;1;
202300031221;155 625 203;B01;2;7;0;2;2;15;1;
202300031221;155 625 204;A01;1;7;0;2;3;1;3;
202300031222;155 625 201;A01;2;30;0;2;1;1;1;
202300031222;155 625 202;B01;1;7;0;2;0;16;1;
202300031223;155 625 200;A01;1;7;12;0;1;1;1;
202300031224;155 625 197;C01;2;7;8;0;1;23;1;
202300031224;155 625 198;B01;2;7;1;2;1;2;1;
202300031224;155 625 199;A01;2;7;1;2;4;2;1;
202300031225;155 625 196;A01;3;7;0;1;2;1;3;
202300031226;155 625 195;A01;2;37;0;1;6;1;1;1
202300031227;155 625 194;A01;1;50;0;2;2;1;1;
202300031228;155 625 192;A01;2;7;0;2;1;1;1;
202300031228;155 625 193;B01;1;7;0;2;4;2;1;
202300031229;155 625 191;A01;1;7;0;1;1;1;1;
202300031230;155 625 189;A01;3;7;0;2;3;15;1;
202300031230;155 625 190;B01;3;7;0;2;3;16;1;
202300031231;155 625 187;B01;3;7;0;2;1;15;1;
202300031231;155 625 188;A01;3;7;0;2;1;1;1;
202300031232;155 625 186;A01;3;7;0;1;1;15;1;
202300031233;155 625 184;B01;2;7;0;2;1;1;1;
202300031233;155 625 185;A01;1;7;0;2;6;1;1;
202300031234;155 625 183;A01;1;10;0;1;1;15;1;
202300031235;155 625 182;A01;1;7;0;1;1;1;1;
202300031236;155 625 180;A01;1;7;0;2;3;16;1;
202300031236;155 625 181;B01;1;7;0;2;2;1;1;
202300031237;155 625 179;A01;1;7;0;0;9;1;1;
202300031238;155 625 177;A01;1;7;0;2;2;15;1;
202300031238;155 625 178;B01;1;50;0;2;1;5;3;
202300031239;155 625 174;A01;1;7;0;2;1;2;1;
202300031239;155 625 175;B01;1;7;0;2;1;0;1;
202300031239;155 625 176;C01;1;7;0;2;4;2;1;
202300031240;155 625 172;B01;1;7;0;0;0;0;1;
202300031240;155 625 173;A01;1;7;0;2;1;19;1;
202300031241;155 625 170;A01;3;7;0;2;4;1;0;
202300031241;155 625 171;B01;3;7;0;2;1;1;0;
202300031242;155 625 168;A01;1;7;0;2;1;1;1;
202300031242;155 625 169;B01;1;7;0;2;3;15;1;
202300031243;155 625 167;A01;1;7;14;0;1;1;1;
202300031244;155 625 165;A01;2;7;0;2;3;16;1;
202300031244;155 625 166;B01;2;50;0;2;5;1;3;
202300031245;155 625 164;A01;1;7;0;1;1;1;1;
202300031246;155 625 163;A01;1;7;0;1;2;1;1;
202300031247;155 625 161;A01;0;7;0;2;8;23;1;
202300031247;155 625 162;B01;0;50;0;2;2;1;3;
202300031248;155 625 159;A01;1;7;0;2;2;1;1;
202300031248;155 625 160;B01;1;3;0;2;1;1;1;
202300031249;155 625 158;A01;1;37;0;1;0;26;1;1
202300031250;155 625 156;B01;2;7;0;2;8;1;1;
202300031250;155 625 157;A01;2;7;0;2;7;1;1;
202300031251;155 625 152;D01;1;7;0;2;1;0;1;
202300031251;155 625 153;A01;1;7;0;2;1;2;1;
202300031251;155 625 154;B01;1;7;0;2;4;2;1;
202300031251;155 625 155;C01;1;7;0;2;1;2;1;
202300031252;155 625 150;B01;1;10;0;2;4;20;1;
202300031252;155 625 151;A01;1;2;0;2;0;1;1;
202300031253;155 625 149;A01;2;10;0;1;3;0;1;
202300031254;155 625 147;A01;1;2;0;2;7;1;1;
202300031254;155 625 148;B01;2;7;0;2;1;13;1;
202300031255;155 625 146;A01;1;10;0;1;2;1;1;
202300031256;155 625 144;B01;3;14;0;2;1;1;1;
202300031256;155 625 145;A01;3;7;0;2;7;1;1;
202300031257;155 625 142;A01;1;7;0;2;3;15;1;
202300031257;155 625 143;B01;2;33;8;2;1;1;1;
202300031258;155 625 140;A01;2;7;0;2;1;1;1;
202300031258;155 625 141;B01;3;1;0;2;4;1;5;
202300031259;155 625 138;B01;1;13;0;2;8;1;1;
202300031259;155 625 139;A01;1;7;3;2;7;14;1;
202300031260;155 625 137;A01;2;7;0;0;9;26;1;
202300031261;155 625 134;C01;1;7;0;2;4;1;0;
202300031261;155 625 135;A01;1;7;0;2;1;1;1;
202300031261;155 625 136;B01;1;7;0;2;4;1;1;
202300031262;155 625 133;A01;0;7;0;1;3;15;0;
202300031263;155 625 131;B01;1;1;0;2;4;1;5;
202300031263;155 625 132;A01;2;7;0;2;1;1;1;
202300031264;155 625 129;B01;3;7;0;2;4;23;2;
202300031264;155 625 130;A01;3;7;0;2;1;1;1;
202300031265;155 625 127;A01;0;7;0;2;3;1;1;
202300031265;155 625 128;B01;3;1;0;2;1;15;5;
202300031266;155 625 126;A01;0;7;0;1;3;1;1;
202300031267;155 625 125;A01;1;7;4;0;3;13;1;
202300031268;155 625 123;A01;0;7;0;2;1;1;1;
202300031268;155 625 124;B01;0;7;0;2;2;1;1;
202300031269;155 625 121;A01;2;7;1;2;2;14;1;
202300031269;155 625 122;B01;2;30;0;2;1;1;1;
202300031270;155 625 119;B01;1;10;0;2;1;1;1;
202300031270;155 625 120;A01;1;50;0;2;8;15;3;
202300031271;155 625 117;A01;1;7;0;2;2;10;0;
202300031271;155 625 118;B01;1;33;0;2;1;1;0;
202300031272;155 625 115;A01;0;7;12;0;1;13;1;
202300031272;155 625 116;B01;0;10;12;0;1;1;1;
202300031273;155 625 113;A01;3;7;0;2;1;5;1;
202300031273;155 625 114;B01;3;7;0;2;1;2;1;
202300031274;155 625 112;A01;1;7;0;1;1;16;0;
202300031275;155 625 111;A01;1;80;0;1;1;0;3;
202300031276;155 625 110;A01;3;7;0;1;3;15;1;
202300031277;155 625 109;A01;3;7;0;1;1;1;1;
202300031278;155 625 107;A01;2;7;0;2;2;2;1;
202300031278;155 625 108;B01;2;7;0;2;6;1;1;
202300031279;155 625 104;C01;2;7;0;2;4;1;1;
202300031279;155 625 105;B01;2;14;0;2;8;1;1;
202300031279;155 625 106;A01;2;32;0;2;2;18;1;
202300031280;155 625 101;C01;2;7;0;2;5;1;3;
202300031280;155 625 102;B01;2;10;0;2;8;1;1;
202300031280;155 625 103;A01;2;32;0;2;7;13;1;
202300031281;155 625 099;A01;2;10;0;2;2;1;1;
202300031281;155 625 100;B01;3;50;0;2;8;19;3;
202300031282;155 625 098;A01;2;7;0;1;3;1;1;
202300031283;155 625 097;A01;2;33;0;0;8;1;1;
202300031284;155 625 096;A01;1;37;0;1;2;1;1;1
202300031285;155 625 094;A01;3;7;0;2;7;15;3;
202300031285;155 625 095;B01;3;34;0;2;7;15;1;
202300031286;155 625 092;B01;1;7;0;2;3;15;2;
202300031286;155 625 093;A01;1;7;0;1;2;17;1;
202300031287;155 625 090;A01;1;7;0;2;1;17;1;
202300031287;155 625 091;B01;1;43;0;2;1;1;1;
202300031288;155 625 088;A01;1;1;0;2;1;1;5;
202300031288;155 625 089;B01;1;80;0;2;4;1;3;
202300031289;155 625 087;A01;2;50;0;1;1;1;3;
202300031290;155 625 085;A01;1;33;0;2;3;17;1;
202300031290;155 625 086;B01;2;33;0;2;3;17;1;
202300031291;155 625 084;A01;1;7;1;0;1;1;1;
202300031292;155 625 082;A01;1;2;0;2;4;26;3;
202300031292;155 625 083;B01;1;10;0;2;3;26;0;
202300031293;155 625 080;B01;1;34;0;2;1;2;1;
202300031293;155 625 081;A01;1;7;0;2;3;15;1;
202300031294;155 625 079;A01;2;7;0;1;3;15;1;
202300031295;155 625 078;A01;3;7;0;1;3;15;1;
202300031296;155 625 076;A01;3;7;0;2;1;26;1;
202300031296;155 625 077;B01;3;10;1;0;4;24;1;
202300031297;155 625 075;A01;2;3;0;0;0;1;0;
202300031298;155 625 073;B01;1;1;0;2;1;0;5;
202300031298;155 625 074;A01;3;3;0;9;4;2;0;
202300031299;155 625 071;A01;2;7;0;2;3;15;1;
202300031299;155 625 072;B01;2;43;0;2;2;17;1;
202300031300;155 625 070;A01;1;0;0;1;0;7;0;
202300031301;155 625 068;A01;2;10;0;9;8;22;1;
202300031301;155 625 069;B01;2;1;1;0;1;1;5;
202300031302;155 625 067;A01;1;7;0;1;0;2;0;
202300031303;155 625 065;B01;2;33;0;2;3;1;1;
202300031303;155 625 066;A01;3;7;0;2;1;15;1;
202300031304;155 625 064;A01;2;7;0;1;7;2;0;
202300031305;155 625 062;A01;2;2;0;2;1;1;1;
202300031305;155 625 063;B01;1;7;0;2;2;15;1;
202300031306;155 625 059;C01;2;7;0;2;4;23;1;
202300031306;155 625 060;B01;2;7;0;2;2;17;1;
202300031306;155 625 061;A01;2;7;0;2;1;1;1;
202300031307;155 625 057;Z01;1;0;0;2;0;0;0;
202300031307;155 625 058;B01;1;33;0;2;6;1;1;
202300031308;155 625 053;C01;2;7;0;2;1;1;1;
202300031308;155 625 054;B01;2;7;0;2;8;1;1;
202300031308;155 625 055;A01;2;15;0;2;6;12;1;
202300031308;155 625 056;D01;2;15;0;2;2;1;1;
202300031309;155 625 051;A01;2;17;0;2;1;1;1;
202300031309;155 625 052;B01;2;7;0;2;4;23;1;
202300031310;155 625 050;A01;1;33;16;0;7;26;1;
202300031311;155 625 046;A01;2;7;0;2;3;13;0;
202300031311;155 625 048;B01;2;33;0;2;2;3;1;
202300031312;155 625 045;A01;1;10;0;2;3;20;1;
202300031312;155 625 047;B01;1;2;0;2;2;2;3;
202300031313;155 625 042;B01;2;7;0;2;6;1;1;
202300031313;155 625 043;A01;2;7;0;2;1;15;1;
202300031314;155 625 041;A01;1;7;0;1;2;1;1;
202300031315;155 625 039;A01;1;30;0;2;1;1;1;
202300031315;155 625 040;B01;3;7;0;2;0;5;1;
202300031316;155 625 037;B01;3;7;0;2;2;2;1;
202300031316;155 625 038;A01;3;7;0;2;1;13;1;
202300031317;155 625 036;A01;2;7;0;0;0;1;1;
202300031318;155 625 034;A01;1;7;0;1;1;15;1;
202300031319;155 625 032;A01;1;34;0;2;3;17;1;
202300031319;155 625 033;B01;1;7;0;2;3;1;1;
202300031319;155 625 035;C01;2;7;0;2;6;21;1;
202300031320;155 625 030;A01;1;33;3;0;1;0;1;
202300031321;155 625 029;A01;1;30;0;2;1;1;1;
202300031321;155 625 031;B01;2;32;0;2;1;15;1;
202300031322;155 625 028;A01;1;7;1;0;3;16;1;
202300031323;155 625 025;A01;2;10;0;2;1;9;1;
202300031323;155 625 027;B01;2;1;0;2;7;26;5;
202300031324;155 625 024;A01;3;7;0;2;1;1;1;
202300031324;155 625 026;B01;3;7;0;2;6;15;2;
202300031325;155 625 022;A01;1;7;0;2;1;12;1;
202300031325;155 625 023;B01;1;1;0;2;4;1;5;
202300031326;155 625 019;A01;0;33;0;0;0;26;1;
202300031327;155 625 016;A01;2;7;0;2;3;1;1;
202300031327;155 625 018;B01;3;1;0;2;2;0;5;
202300031328;155 625 015;A01;2;7;0;2;2;1;1;
202300031328;155 625 017;B01;2;31;0;2;3;9;1;
202300031329;155 625 014;A01;2;30;14;0;1;25;1;
202300031330;155 625 012;A01;1;7;0;2;7;11;1;
202300031330;155 625 013;B01;1;33;4;2;7;0;1;
202300031331;155 625 009;B01;1;32;0;2;1;1;1;
202300031331;155 625 010;A01;2;7;0;2;5;15;1;
202300031332;155 625 008;A01;3;50;0;9;1;1;3;
202300031333;155 625 007;A01;3;7;0;9;3;26;1;
202300031334;155 625 005;A01;0;7;1;0;1;0;1;
202300031334;155 625 006;B01;0;15;1;2;1;24;0;
202300031335;155 625 004;A01;2;10;0;1;1;16;1;
202300031336;155 625 003;A01;0;7;0;9;9;1;0;
202300031337;155 625 002;A01;3;2;1;0;1;13;1;
202300031338;155 624 999;A01;1;7;0;2;8;15;1;
202300031338;155 625 001;B01;1;32;0;2;2;17;1;
202300031339;155 625 000;A01;3;7;0;1;2;13;1;
202300031340;155 624 997;A01;2;30;0;0;8;16;1;
202300031341;155 624 996;B01;0;7;0;2;8;19;1;
202300031341;155 624 998;A01;1;7;0;2;2;1;1;
202300031342;155 624 994;A01;0;7;0;2;8;11;1;
202300031342;155 624 995;B01;0;43;0;2;7;1;1;
202300031343;155 624 992;A01;1;7;0;2;3;15;1;
202300031343;155 624 993;B01;1;7;6;2;2;17;1;
202300031344;155 624 991;A01;2;7;0;1;8;1;1;
202300031345;155 624 989;A01;1;7;0;9;7;19;1;
202300031345;155 624 990;B01;1;2;0;2;1;1;1;
202300031346;155 624 988;A01;0;7;0;1;0;1;0;
202300031347;155 624 986;A01;1;10;0;1;2;26;1;
202300031348;155 624 978;A01;1;10;0;1;3;1;1;
202300031349;155 624 974;A01;2;7;1;0;2;14;1;
202300031349;155 624 976;B01;2;17;0;2;6;24;1;
202300031350;155 624 975;B01;3;7;0;2;1;1;1;
202300031350;155 624 977;A01;3;7;0;2;8;1;1;
202300031351;155 624 972;A01;1;7;2;0;3;13;1;
202300031352;155 624 969;A01;1;7;0;2;8;11;2;
202300031352;155 624 971;B01;1;7;1;2;7;1;1;
202300031352;155 624 973;C01;1;7;0;2;5;0;2;
202300031353;155 624 968;A01;3;7;0;2;2;19;1;
202300031353;155 624 970;B01;3;7;0;2;1;2;1;
202300031354;155 624 964;A01;1;33;0;1;8;2;1;
202300031355;155 624 963;B01;1;7;0;2;4;23;1;
202300031355;155 624 965;A01;1;7;1;0;1;1;1;
202300031356;155 624 961;B01;1;80;1;0;1;21;3;
202300031356;155 624 962;A01;1;10;0;2;8;24;1;
202300031357;155 624 959;B01;1;7;0;2;0;1;1;
202300031357;155 624 960;A01;0;7;0;2;0;0;1;
202300031358;155 624 957;A01;1;7;0;2;3;13;1;
202300031358;155 624 958;B01;2;7;0;2;3;0;1;
202300031359;155 624 955;B01;1;7;0;2;1;1;1;
202300031359;155 624 956;A01;2;7;0;2;1;17;1;
202300031360;155 624 954;A01;1;7;8;0;2;16;1;
202300031361;155 624 952;A01;0;7;0;2;7;2;1;
202300031361;155 624 953;B01;0;7;0;2;6;2;1;
202300031362;155 624 949;A01;1;7;0;2;2;22;1;
202300031362;155 624 951;B01;1;1;0;2;1;1;5;
202300031363;155 624 948;A01;1;2;0;2;1;1;1;
202300031363;155 624 950;B01;3;7;0;2;1;1;1;
202300031364;155 624 945;A01;2;7;9;0;1;1;1;
202300031365;155 624 946;A01;3;10;0;2;4;20;1;
202300031365;155 624 947;B01;3;1;0;2;1;1;5;
202300031366;155 624 944;A01;2;7;0;1;1;1;1;
202300031367;155 624 940;A01;1;7;0;2;1;2;3;
202300031367;155 624 942;B01;1;7;0;2;4;23;1;
202300031367;155 624 943;C01;1;7;0;2;4;23;1;
202300031368;155 624 939;B01;1;50;0;2;1;15;3;
202300031368;155 624 941;A01;2;7;0;9;1;1;1;
202300031369;155 624 936;A01;2;1;1;2;0;1;5;
202300031369;155 624 938;B01;2;7;0;2;0;22;1;
202300031370;155 624 935;A01;1;7;0;2;1;1;1;
202300031370;155 624 937;B01;2;7;0;2;1;1;1;
202300031371;155 624 932;A01;1;7;0;2;1;1;1;
202300031371;155 624 934;B01;1;1;0;2;7;1;5;
202300031372;155 624 931;B01;1;7;0;2;2;1;1;
202300031372;155 624 933;A01;1;7;0;2;3;1;1;
202300031373;155 624 930;A01;0;7;0;1;1;15;0;
202300031374;155 624 929;A01;2;7;6;0;1;15;1;
202300031375;155 624 927;B01;1;33;0;2;7;1;1;
202300031375;155 624 928;A01;1;7;0;2;1;1;1;
202300031376;155 624 925;B01;2;7;0;2;8;1;1;
202300031376;155 624 926;A01;1;50;0;2;1;15;3;
202300031377;155 624 923;B01;1;32;0;2;4;1;1;
202300031377;155 624 924;A01;1;7;0;2;0;0;0;
202300031378;155 624 921;A01;1;7;0;2;2;1;1;
202300031378;155 624 922;B01;1;31;0;2;3;2;1;
202300031379;155 624 920;A01;2;7;4;0;9;13;1;
202300031380;155 624 918;A01;1;7;0;1;6;15;1;
202300031381;155 624 917;A01;1;7;0;2;3;13;1;
202300031381;155 624 919;B01;2;7;0;2;2;1;1;
202300031382;155 624 914;B01;3;7;0;2;4;11;1;
202300031382;155 624 916;A01;3;7;0;2;1;1;1;
202300031383;155 624 913;A01;2;14;0;2;1;1;1;
202300031383;155 624 915;B01;1;7;0;2;1;13;1;
202300031384;155 624 912;A01;2;7;9;2;9;2;0;
202300031385;155 624 911;A01;1;7;13;0;2;2;1;
202300031386;155 624 909;A01;1;15;3;0;8;1;1;
202300031387;155 624 908;A01;2;7;0;2;3;16;1;
202300031387;155 624 910;B01;1;7;0;2;3;1;1;
202300031388;155 624 906;A01;1;7;0;2;3;1;1;
202300031388;155 624 907;B01;2;7;0;2;3;21;1;
202300031389;155 624 904;A01;2;7;0;2;1;2;1;
202300031389;155 624 905;B01;2;7;0;2;4;1;1;
202300031390;155 624 902;A01;1;1;0;2;1;2;5;
202300031390;155 624 903;B01;1;1;0;2;4;2;5;
202300031391;155 624 901;A01;1;10;0;1;3;1;1;
202300031392;155 624 900;A01;1;7;13;0;2;21;0;
202300031393;155 624 899;A01;2;7;0;1;1;1;0;
202300031394;155 624 897;A01;2;7;13;2;3;0;1;
202300031394;155 624 898;B01;1;7;0;2;3;0;1;
202300031395;155 624 896;A01;1;7;16;0;7;14;1;
202300031396;155 624 895;A01;1;2;0;0;0;0;1;
202300031397;155 624 893;A01;1;7;0;2;7;15;1;
202300031397;155 624 894;B01;1;32;0;2;7;1;1;
202300031398;155 624 892;A01;2;7;6;0;1;0;1;
202300031399;155 624 889;A01;2;7;0;2;1;15;1;
202300031399;155 624 891;B01;2;7;0;2;1;1;1;
202300031400;155 624 888;A01;2;7;0;2;1;0;1;
202300031400;155 624 890;B01;2;7;2;0;4;2;1;
202300031401;155 624 886;A01;1;33;0;0;9;1;1;
202300031402;155 624 885;A01;1;7;0;2;1;26;1;
202300031402;155 624 887;B01;1;2;0;2;4;23;1;
202300031403;155 624 883;A01;1;7;0;1;1;1;1;
202300031404;155 624 884;A01;2;7;2;0;3;1;1;
202300031405;155 624 879;A01;1;7;0;2;1;1;1;
202300031405;155 624 881;B01;0;7;0;2;1;1;1;
202300031406;155 624 880;B01;1;1;0;2;4;16;5;
202300031406;155 624 882;A01;1;7;0;2;2;16;1;
202300031407;155 624 878;A01;1;1;0;0;0;1;5;
202300031408;155 624 877;A01;2;7;4;0;3;1;1;
202300031409;155 624 876;A01;1;7;13;0;1;0;1;
202300031410;155 624 874;A01;3;17;0;2;1;16;1;
202300031410;155 624 875;B01;1;7;0;2;1;1;1;
202300031411;155 624 873;A01;2;7;0;1;4;4;1;
202300031412;155 624 869;A01;1;7;0;0;3;26;1;
202300031412;155 624 871;B01;2;30;0;0;1;0;1;
202300031413;155 624 870;B01;3;2;0;2;1;1;1;
202300031413;155 624 872;A01;0;7;0;2;3;15;1;
202300031414;155 624 868;A01;2;7;1;0;2;0;0;
202300031415;155 624 866;A01;0;7;0;0;5;1;1;
202300031416;155 624 863;A01;1;7;14;0;9;1;1;
202300031417;155 624 862;B01;3;7;0;2;1;1;1;
202300031417;155 624 864;A01;3;7;0;2;1;13;1;
202300031418;155 624 861;A01;2;33;0;0;9;1;1;
202300031419;155 624 860;A01;3;7;0;1;3;1;1;
202300031420;155 624 858;A01;2;33;6;2;3;1;1;
202300031420;155 624 859;B01;1;7;0;2;6;9;1;
202300031421;155 624 857;A01;1;7;0;1;2;16;1;
202300031422;155 624 856;A01;2;7;0;1;2;1;1;
202300031423;155 624 853;A01;1;7;2;0;7;13;1;
202300031424;155 624 854;A01;3;7;0;2;1;9;1;
202300031424;155 624 855;B01;3;7;0;2;4;9;1;
202300031425;155 624 852;A01;0;33;1;0;1;1;1;
202300031426;155 624 851;A01;2;7;0;1;1;1;1;
202300031427;155 624 850;A01;2;7;9;0;1;1;1;
202300031428;155 624 848;B01;2;7;8;2;1;15;2;
202300031428;155 624 849;A01;2;7;0;2;1;18;1;
202300031429;155 624 846;A01;3;7;0;2;3;15;1;
202300031429;155 624 847;B01;0;33;0;1;7;17;1;
202300031430;155 624 845;A01;1;7;0;1;1;1;1;
202300031431;155 624 843;A01;1;7;0;2;7;17;0;
202300031431;155 624 844;B01;1;1;0;0;8;1;5;
202300031432;155 624 841;A01;1;7;14;0;1;14;1;
202300031433;155 624 840;A01;2;1;0;2;1;5;5;
202300031433;155 624 842;B01;1;7;0;2;1;1;1;
202300031434;155 624 836;A01;1;10;0;2;1;1;1;
202300031434;155 624 837;C01;1;7;0;2;4;1;1;
202300031434;155 624 839;B01;1;7;0;2;4;1;1;
202300031435;155 624 835;A01;1;31;0;2;1;13;1;
202300031435;155 624 838;B01;2;7;0;2;3;1;1;
202300031436;155 624 834;A01;1;7;0;0;0;1;1;
202300031437;155 624 833;A01;1;7;0;1;3;15;1;
202300031438;155 624 831;B01;1;7;13;2;4;1;1;
202300031438;155 624 832;A01;1;43;0;2;1;1;1;
202300031439;155 624 828;B01;1;2;0;2;1;1;1;
202300031439;155 624 830;A01;1;10;0;2;4;26;1;
202300031440;155 624 826;C01;1;7;0;2;3;21;1;
202300031440;155 624 827;B01;1;7;0;2;5;1;1;
202300031440;155 624 829;A01;2;7;0;0;0;13;0;
202300031441;155 624 823;B01;2;7;0;2;1;1;0;
202300031441;155 624 825;A01;2;7;8;2;1;19;1;
202300031442;155 624 822;A01;1;7;0;2;3;1;1;
202300031442;155 624 824;B01;2;33;0;2;3;13;1;
202300031443;155 624 821;A01;1;30;0;1;0;17;1;
202300031444;155 624 818;A01;1;7;0;2;8;5;1;
202300031444;155 624 820;B01;2;7;0;2;3;1;1;
202300031445;155 624 817;B01;2;32;0;2;1;17;1;
202300031445;155 624 819;A01;2;7;0;2;4;1;1;
202300031446;155 624 814;A01;2;7;0;0;0;0;1;
202300031446;155 624 816;B01;2;36;0;0;9;0;1;
202300031447;155 624 813;B01;2;33;0;2;1;1;1;
202300031447;155 624 815;A01;2;7;0;2;8;15;1;
202300031448;155 624 811;A01;1;7;13;0;9;1;1;
202300031449;155 624 808;A01;2;10;0;2;2;17;1;
202300031449;155 624 809;B01;2;1;0;0;4;2;5;
202300031450;155 624 807;B01;1;7;0;2;7;1;1;
202300031450;155 624 810;C01;2;7;14;0;1;0;1;
202300031450;155 624 812;A01;3;7;0;2;1;15;1;
202300031451;155 624 806;A01;2;33;0;0;9;15;1;
202300031452;155 624 803;A01;2;2;7;0;0;0;1;
202300031453;155 624 805;A01;1;34;0;1;1;2;1;
202300031454;155 624 801;B01;1;30;0;2;7;3;1;
202300031454;155 624 802;A01;1;7;0;2;3;19;1;
202300031455;155 624 798;A01;3;7;0;2;1;16;1;
202300031455;155 624 800;B01;3;7;0;2;7;1;1;
202300031456;155 624 797;B01;1;1;0;2;3;15;5;
202300031456;155 624 799;A01;1;7;0;2;2;17;0;
202300031457;155 624 796;A01;1;33;0;0;0;1;1;
202300031458;155 624 794;A01;3;7;0;2;3;1;1;
202300031458;155 624 795;B01;3;7;0;2;3;13;1;
202300031459;155 624 792;B01;1;7;0;2;1;1;0;
202300031459;155 624 793;A01;2;7;0;2;1;13;0;
202300031460;155 624 790;A01;3;7;0;0;6;15;1;
202300031460;155 624 791;B01;2;33;0;2;1;1;1;
202300031461;155 624 789;A01;2;10;13;0;3;13;1;
202300031462;155 624 788;A01;2;1;3;0;9;21;5;
202300031463;155 624 786;A01;3;7;1;1;1;5;1;
202300031463;155 624 787;B01;3;7;1;0;6;20;1;
202300031464;155 624 785;A01;2;1;0;6;1;1;5;
202300031465;155 624 784;A01;1;7;2;0;7;1;1;
202300031466;155 624 781;C01;2;1;0;0;1;1;5;
202300031466;155 624 782;A01;2;1;0;5;1;1;5;
202300031466;155 624 783;B01;2;1;16;0;1;1;5;
202300031467;155 624 779;A01;2;7;0;2;2;15;1;
202300031467;155 624 780;B01;1;1;0;2;1;1;5;
202300031468;155 624 777;A01;2;7;0;2;3;1;1;
202300031468;155 624 778;B01;2;2;0;2;1;1;1;
202300031469;155 624 776;A01;0;7;0;0;0;0;0;
202300031470;155 624 772;A01;1;7;0;9;3;17;1;
202300031470;155 624 773;B01;1;1;0;2;8;1;5;
202300031470;155 624 774;C01;1;1;0;2;8;1;5;
202300031470;155 624 775;D01;1;1;0;2;8;1;5;
202300031471;155 624 771;A01;2;3;0;0;8;13;1;
202300031472;155 624 770;A01;2;33;0;0;8;15;1;
202300031473;155 624 768;A01;1;7;16;2;1;2;1;
202300031473;155 624 769;B01;1;7;0;0;4;1;1;
202300031474;155 624 766;A01;2;7;0;2;3;0;1;
202300031474;155 624 767;B01;1;7;0;2;3;0;1;
202300031475;155 624 765;A01;1;33;0;0;9;1;1;
202300031476;155 624 763;A01;1;2;0;2;1;13;1;
202300031476;155 624 764;B01;2;7;0;2;2;1;1;
202300031477;155 624 761;A01;1;2;0;1;1;0;3;
202300031478;155 624 760;A01;1;14;0;1;3;1;1;
202300031479;155 624 757;C01;2;7;0;0;4;1;1;
202300031479;155 624 758;A01;2;7;15;2;7;14;1;
202300031479;155 624 759;B01;2;7;0;2;8;1;1;
202300031480;155 624 756;A01;2;7;3;0;1;21;1;
202300031481;155 624 754;A01;1;7;0;2;5;2;1;
202300031481;155 624 755;B01;1;33;0;2;1;2;1;
202300031482;155 624 751;A01;2;7;0;2;1;2;1;
202300031482;155 624 752;B01;2;7;0;0;4;2;2;
202300031482;155 624 753;C01;2;7;0;0;8;2;1;
202300031483;155 624 750;A01;3;33;14;0;1;1;1;
202300031484;155 624 749;A01;1;33;5;0;0;1;1;
202300031485;155 624 746;B01;2;7;0;2;4;1;1;
202300031485;155 624 747;C01;2;7;0;2;4;1;1;
202300031485;155 624 748;A01;2;7;0;2;1;1;1;
202300031486;155 624 745;A01;3;10;13;0;2;14;1;
202300031487;155 624 744;A01;1;7;0;1;3;21;1;