Num_Acc;id_vehicule;num_veh;senc;catv;obs;obsm;choc;manv;motor;occutc
202300031488;155 624 742;B01;1;7;0;2;1;1;1;
202300031488;155 624 743;A01;2;10;0;2;3;13;1;
202300031489;155 624 739;B01;1;13;16;2;5;1;1;
202300031489;155 624 740;C01;2;7;0;2;1;1;1;
202300031489;155 624 741;A01;1;10;0;2;1;1;1;
202300031490;155 624 738;A01;1;7;2;0;1;1;1;
202300031491;155 624 736;A01;1;32;0;2;1;2;1;
202300031491;155 624 737;B01;1;32;0;2;6;2;1;
202300031492;155 624 734;A01;2;33;0;2;1;17;1;
202300031492;155 624 735;B01;2;7;0;2;3;15;0;
202300031493;155 624 732;A01;1;7;0;2;8;11;1;
202300031493;155 624 733;B01;1;50;0;2;1;1;3;
202300031494;155 624 730;A01;2;7;0;2;3;13;0;
202300031494;155 624 731;B01;1;33;13;2;3;1;1;
202300031495;155 624 728;A01;3;7;0;2;1;13;1;
202300031495;155 624 729;B01;3;10;0;2;6;0;1;
202300031496;155 624 727;A01;3;7;0;0;0;0;1;
202300031497;155 624 726;A01;2;2;0;0;9;1;1;
202300031498;155 624 724;A01;1;33;12;2;5;1;1;
202300031498;155 624 725;B01;3;7;0;2;5;26;1;
202300031499;155 624 723;A01;0;7;6;0;1;2;0;
202300031500;155 624 721;A01;2;7;0;2;3;13;1;
202300031500;155 624 722;B01;1;7;0;2;3;1;1;
202300031501;155 624 720;A01;3;7;0;1;5;4;1;
202300031502;155 624 719;A01;3;50;0;0;1;1;3;
202300031503;155 624 718;A01;1;7;6;0;3;2;0;
202300031504;155 624 716;B01;1;31;0;2;1;1;1;
202300031504;155 624 717;A01;3;7;0;2;3;19;1;
202300031505;155 624 714;A01;1;7;0;2;0;0;1;
202300031505;155 624 715;B01;1;1;0;2;0;13;5;
202300031506;155 624 712;A01;3;7;0;2;3;15;1;
202300031506;155 624 713;B01;3;1;0;2;8;1;5;
202300031507;155 624 710;A01;1;7;0;0;4;2;2;
202300031507;155 624 711;B01;1;2;0;2;1;2;1;
202300031508;155 624 707;A01;1;7;0;2;8;1;1;
202300031508;155 624 708;B01;1;7;0;2;3;1;1;
202300031508;155 624 709;C01;1;7;0;2;1;9;1;
202300031509;155 624 705;A01;2;7;0;2;1;2;1;
202300031509;155 624 706;B01;2;7;0;2;4;2;1;
202300031510;155 624 704;A01;1;43;14;0;1;1;1;
202300031511;155 624 701;A01;1;99;0;2;3;1;1;
202300031511;155 624 702;B01;1;7;0;2;4;1;1;
202300031511;155 624 703;C01;1;7;0;2;4;1;1;
202300031512;155 624 700;A01;1;33;16;0;8;1;1;
202300031513;155 624 697;A01;2;34;0;2;7;1;1;
202300031513;155 624 699;Z01;2;7;0;0;0;0;0;
202300031514;155 624 696;A01;1;7;1;2;3;2;1;
202300031514;155 624 698;Z01;2;17;0;2;3;0;0;
202300031515;155 624 691;C01;2;7;0;2;4;1;1;
202300031515;155 624 693;D01;2;7;0;2;4;1;1;
202300031515;155 624 694;B01;2;7;0;2;1;1;1;
202300031515;155 624 695;A01;2;7;0;2;1;1;1;
202300031516;155 624 689;D01;1;7;0;2;8;1;1;
202300031516;155 624 690;A01;1;7;0;2;1;13;1;
202300031516;155 624 692;B01;2;7;0;2;8;1;1;
202300031517;155 624 687;B01;2;7;0;0;5;0;1;
202300031517;155 624 688;A01;2;7;0;2;1;1;1;
202300031518;155 624 684;A01;2;7;4;0;9;26;1;
202300031519;155 624 685;A01;2;7;0;2;1;2;0;
202300031519;155 624 686;B01;2;7;0;2;4;1;1;
202300031520;155 624 682;A01;3;7;6;0;1;1;0;
202300031521;155 624 681;A01;1;7;0;2;7;0;1;
202300031521;155 624 683;B01;1;7;0;2;0;1;1;
202300031522;155 624 679;A01;1;7;0;1;2;0;0;
202300031523;155 624 677;C01;2;33;0;2;3;21;1;
202300031523;155 624 678;A01;2;7;0;2;3;1;1;
202300031523;155 624 680;B01;2;7;0;2;2;12;1;
202300031524;155 624 676;A01;2;7;0;1;1;16;1;
202300031525;155 624 674;A01;1;36;0;2;3;13;1;
202300031525;155 624 675;B01;2;7;0;2;3;1;1;
202300031526;155 624 673;A01;1;7;15;0;2;14;1;
202300031527;155 624 672;A01;3;7;0;1;4;4;1;
202300031528;155 624 670;A01;3;10;0;1;1;1;1;
202300031529;155 624 671;A01;1;32;0;1;1;1;1;
202300031530;155 624 668;A01;1;7;0;2;3;9;1;
202300031530;155 624 669;B01;1;7;0;2;0;0;1;
202300031531;155 624 666;B01;2;7;0;2;2;1;1;
202300031531;155 624 667;A01;1;7;5;0;8;15;2;
202300031532;155 624 663;Z01;2;7;0;2;0;2;0;
202300031532;155 624 664;B01;2;7;0;2;8;23;1;
202300031532;155 624 665;C01;2;7;0;2;4;2;1;
202300031533;155 624 659;A01;1;7;0;2;2;16;1;
202300031533;155 624 661;B01;1;7;0;2;3;1;1;
202300031534;155 624 660;A01;1;7;0;9;1;9;1;
202300031534;155 624 662;B01;2;1;0;2;8;5;5;
202300031535;155 624 658;A01;3;30;0;1;0;0;1;
202300031536;155 624 657;A01;3;7;0;1;1;21;1;
202300031537;155 624 655;A01;1;7;0;2;2;14;1;
202300031537;155 624 656;B01;1;2;0;2;1;1;1;
202300031538;155 624 651;A01;2;7;0;2;1;5;1;
202300031538;155 624 653;B01;1;7;0;2;1;1;1;
202300031539;155 624 652;B01;1;50;0;2;3;1;3;
202300031539;155 624 654;A01;1;7;0;9;5;17;1;
202300031540;155 624 649;B01;1;7;0;2;8;1;1;
202300031540;155 624 650;A01;1;7;0;2;2;1;1;
202300031541;155 624 647;A01;1;7;0;2;1;1;1;
202300031541;155 624 648;B01;1;60;0;9;8;19;5;
202300031542;155 624 646;A01;2;7;9;0;2;1;0;
202300031543;155 624 640;A01;1;7;0;2;1;2;1;
202300031543;155 624 644;B01;1;7;0;2;4;1;1;
202300031544;155 624 634;A01;1;7;0;2;2;1;1;
202300031544;155 624 635;B01;1;32;0;2;3;16;1;
202300031545;155 624 633;A01;1;7;0;2;1;1;1;
202300031545;155 624 636;B01;1;7;0;2;3;1;1;
202300031546;155 624 631;A01;2;33;0;2;7;21;1;
202300031546;155 624 632;B01;2;33;0;2;8;16;1;
202300031547;155 624 629;B01;0;7;0;2;3;1;1;
202300031547;155 624 630;A01;0;7;7;2;1;9;1;
202300031548;155 624 628;A01;1;7;0;1;2;1;1;
202300031549;155 624 627;A01;2;33;12;0;1;14;1;
202300031550;155 624 625;B01;1;37;1;0;0;0;1;1
202300031550;155 624 626;A01;1;7;0;1;2;17;1;
202300031551;155 624 623;A01;2;33;0;0;1;26;1;
202300031552;155 624 622;A01;2;7;0;2;1;15;1;
202300031552;155 624 624;B01;2;50;0;2;3;1;3;
202300031553;155 624 621;A01;3;7;9;0;0;13;1;
202300031554;155 624 618;A01;3;7;0;2;2;15;1;
202300031554;155 624 619;B01;0;7;0;2;2;16;1;
202300031555;155 624 617;B01;2;7;0;2;3;1;1;
202300031555;155 624 620;A01;1;50;0;2;1;1;3;
202300031556;155 624 614;A01;2;7;0;1;2;2;1;
202300031557;155 624 613;A01;2;7;0;2;2;15;1;
202300031557;155 624 615;B01;1;1;0;2;1;1;5;
202300031558;155 624 612;A01;2;32;8;0;0;1;1;
202300031559;155 624 609;A01;1;7;0;0;3;16;1;
202300031559;155 624 610;B01;2;1;0;2;1;1;5;
202300031560;155 624 608;A01;1;7;0;2;3;9;1;
202300031560;155 624 611;B01;1;7;0;2;2;1;1;
202300031561;155 624 606;A01;2;7;0;2;2;19;1;
202300031561;155 624 607;B01;1;32;0;2;1;19;1;
202300031562;155 624 605;A01;3;32;0;0;8;1;1;
202300031563;155 624 604;A01;0;30;0;0;7;1;0;
202300031564;155 624 602;A01;1;7;0;0;1;17;1;
202300031565;155 624 601;B01;3;7;0;2;1;1;1;
202300031565;155 624 603;A01;3;7;0;2;1;21;1;
202300031566;155 624 600;A01;1;10;13;0;9;1;1;
202300031567;155 624 597;A01;1;7;0;1;7;1;1;
202300031568;155 624 596;A01;1;7;0;2;1;21;1;
202300031568;155 624 598;B01;1;7;0;2;1;16;1;
202300031568;155 624 599;C01;0;7;0;2;1;23;1;
202300031569;155 624 594;Z01;1;7;0;1;1;26;0;
202300031570;155 624 595;A01;1;7;6;0;2;13;1;
202300031571;155 624 592;A01;1;2;0;2;1;1;1;
202300031571;155 624 593;B01;1;7;0;2;8;16;1;
202300031572;155 624 591;A01;3;7;1;1;2;26;1;
202300031573;155 624 589;B01;2;50;0;2;0;0;3;
202300031573;155 624 590;A01;2;7;0;2;2;16;1;
202300031574;155 624 588;A01;3;7;0;1;5;1;1;
202300031575;155 624 587;A01;1;7;1;0;2;1;1;
202300031576;155 624 586;A01;3;7;0;1;1;26;1;
202300031577;155 624 583;A01;1;14;0;2;1;2;0;
202300031577;155 624 585;B01;1;7;0;2;4;1;1;
202300031578;155 624 584;A01;2;7;0;1;2;1;1;
202300031579;155 624 582;A01;2;2;0;0;7;1;1;
202300031580;155 624 580;B01;2;50;0;2;1;1;3;
202300031580;155 624 581;A01;2;7;0;2;6;10;1;
202300031581;155 624 579;A01;1;1;0;0;0;26;5;
202300031582;155 624 578;A01;2;30;1;0;1;1;1;
202300031583;155 624 577;A01;2;37;0;1;2;1;3;1
202300031584;155 624 575;A01;1;7;0;2;2;15;1;
202300031584;155 624 576;B01;0;33;0;2;1;1;1;
202300031585;155 624 574;A01;2;10;0;0;0;0;1;
202300031586;155 624 572;A01;1;7;0;2;3;15;1;
202300031586;155 624 573;B01;1;32;0;2;2;1;1;
202300031587;155 624 571;A01;1;7;0;0;1;0;1;
202300031588;155 624 570;A01;3;7;0;1;1;16;1;
202300031589;155 624 568;A01;3;7;0;2;1;1;1;
202300031589;155 624 569;B01;3;7;0;2;4;23;1;
202300031590;155 624 566;A01;1;33;16;0;8;1;1;
202300031591;155 624 565;B01;2;1;12;0;8;13;5;
202300031591;155 624 567;A01;2;7;0;9;7;17;1;
202300031592;155 624 563;A01;1;50;0;2;5;26;3;
202300031592;155 624 564;B01;1;7;0;2;3;2;1;
202300031593;155 624 561;A01;1;7;0;0;0;1;1;
202300031594;155 624 560;A01;3;10;0;1;2;1;2;
202300031595;155 624 558;A01;1;7;0;2;1;13;1;
202300031595;155 624 559;B01;2;7;0;2;1;0;1;
202300031595;155 624 562;C01;2;7;1;2;3;0;1;
202300031596;155 624 557;A01;1;32;0;0;2;0;0;
202300031597;155 624 553;A01;2;2;0;2;1;5;1;
202300031597;155 624 556;B01;3;7;0;2;8;23;1;
202300031598;155 624 554;Z01;2;1;0;1;0;1;5;
202300031599;155 624 552;A01;3;7;0;2;2;15;1;
202300031599;155 624 555;B01;3;33;0;2;1;0;1;
202300031600;155 624 550;A01;1;7;0;2;1;2;1;
202300031600;155 624 551;B01;1;7;0;0;4;2;1;
202300031601;155 624 546;A01;3;33;0;2;1;1;1;
202300031601;155 624 549;Z01;3;7;0;2;4;11;0;
202300031602;155 624 545;A01;1;31;0;2;1;13;1;
202300031602;155 624 547;B01;2;1;0;2;1;1;5;
202300031603;155 624 543;B01;1;30;0;2;1;16;1;
202300031603;155 624 548;A01;2;7;0;2;2;15;1;
202300031604;155 624 542;B01;1;7;0;2;7;14;1;
202300031604;155 624 544;A01;1;33;0;2;8;3;1;
202300031605;155 624 540;A01;3;7;0;1;7;20;2;
202300031606;155 624 538;A01;1;1;0;2;1;1;5;
202300031606;155 624 541;B01;1;1;0;2;3;1;5;
202300031607;155 624 536;C01;-1;7;-1;2;2;-1;-1;
202300031607;155 624 539;B01;0;7;0;1;3;1;1;
202300031608;155 624 534;C01;2;7;0;2;3;1;1;
202300031608;155 624 535;B01;2;7;0;2;9;1;1;
202300031608;155 624 537;A01;2;7;0;2;8;11;1;
202300031609;155 624 533;A01;1;7;8;0;2;1;1;
202300031610;155 624 532;A01;2;7;0;1;4;4;1;
202300031611;155 624 531;A01;0;7;2;0;1;0;1;
202300031612;155 624 529;A01;2;43;0;0;8;18;1;
202300031613;155 624 527;B01;1;10;0;2;4;23;1;
202300031613;155 624 530;A01;1;7;0;2;1;26;1;
202300031614;155 624 528;A01;1;7;8;1;1;16;1;
202300031615;155 624 524;A01;3;99;9;0;3;6;1;
202300031616;155 624 523;A01;3;7;0;2;3;9;1;
202300031616;155 624 526;B01;3;7;0;2;2;1;1;
202300031617;155 624 520;A01;1;7;0;2;1;17;1;
202300031617;155 624 522;B01;1;10;0;2;4;1;1;
202300031618;155 624 519;B01;1;7;0;2;4;2;1;
202300031618;155 624 521;C01;1;7;0;2;4;2;1;
202300031618;155 624 525;A01;1;10;0;2;1;2;1;
202300031619;155 624 518;A01;2;30;0;0;0;1;1;
202300031620;155 624 516;A01;2;15;3;0;7;1;1;
202300031621;155 624 515;Z01;2;7;0;2;0;0;0;
202300031621;155 624 517;A01;1;7;0;2;3;2;3;
202300031622;155 624 513;A01;1;7;0;2;5;2;2;
202300031622;155 624 514;B01;1;2;0;2;1;2;1;
202300031623;155 624 509;A01;1;7;0;2;3;13;1;
202300031623;155 624 511;B01;2;7;0;2;9;1;0;
202300031624;155 624 508;B01;1;33;0;2;1;17;1;
202300031624;155 624 512;A01;1;7;0;2;8;15;1;
202300031625;155 624 507;B01;3;1;0;0;0;0;5;
202300031625;155 624 510;A01;3;7;0;2;1;1;1;
202300031626;155 624 502;A01;1;7;0;1;1;26;1;
202300031627;155 624 505;B01;2;7;0;2;3;1;3;
202300031627;155 624 506;A01;1;32;0;2;3;13;3;
202300031628;155 624 501;A01;1;31;0;2;7;18;1;
202300031628;155 624 504;B01;2;1;0;2;2;1;5;
202300031629;155 624 499;A01;1;33;0;6;2;1;1;
202300031630;155 624 500;A01;2;7;0;2;2;15;1;
202300031630;155 624 503;B01;1;33;0;2;2;17;1;
202300031631;155 624 497;A01;1;37;0;1;1;15;1;1
202300031632;155 624 496;A01;1;2;0;1;3;1;1;
202300031633;155 624 492;A01;1;7;0;2;4;0;0;
202300031633;155 624 498;B01;1;7;0;2;1;1;1;
202300031634;155 624 490;A01;1;7;0;2;1;2;1;
202300031634;155 624 494;B01;1;7;0;2;4;2;1;
202300031635;155 624 489;A01;2;7;0;2;2;12;1;
202300031635;155 624 493;B01;2;31;0;2;1;3;1;
202300031636;155 624 491;B01;0;31;0;2;1;0;1;
202300031636;155 624 495;A01;0;7;0;2;3;15;1;
202300031637;155 624 487;A01;1;7;0;2;0;2;1;
202300031638;155 624 485;A01;0;10;0;1;1;1;3;
202300031639;155 624 484;A01;2;80;0;2;2;14;3;
202300031639;155 624 486;B01;1;7;0;2;3;9;0;
202300031640;155 624 488;B01;1;50;0;0;0;21;3;
202300031641;155 624 482;B01;1;10;0;2;5;2;1;
202300031641;155 624 483;A01;1;33;0;2;5;2;1;
202300031642;155 624 480;A01;2;33;12;0;1;6;1;
202300031643;155 624 476;A01;2;7;0;2;3;1;1;
202300031643;155 624 481;B01;0;1;0;2;1;1;5;
202300031644;155 624 477;A01;1;33;3;0;8;1;1;
202300031645;155 624 475;B01;1;7;0;2;3;15;1;
202300031645;155 624 479;A01;1;2;0;2;2;17;1;
202300031646;155 624 478;A01;1;7;0;1;2;15;1;
202300031647;155 624 473;A01;3;7;0;2;8;15;1;
202300031647;155 624 474;B01;3;33;0;2;7;2;1;
202300031648;155 624 470;Z01;1;10;0;2;0;5;1;
202300031648;155 624 472;B01;2;43;0;2;0;21;1;
202300031649;155 624 469;A01;2;7;0;2;2;17;1;
202300031649;155 624 471;B01;2;7;2;2;0;1;1;
202300031650;155 624 467;A01;1;10;0;1;2;16;1;
202300031651;155 624 468;A01;2;7;0;1;2;5;1;
202300031652;155 624 465;B01;1;10;0;2;3;1;1;
202300031652;155 624 466;A01;2;7;0;2;1;1;1;
202300031653;155 624 462;A01;2;1;0;2;0;17;5;
202300031653;155 624 464;B01;2;1;8;2;0;1;5;
202300031654;155 624 461;A01;2;31;0;2;8;13;1;
202300031654;155 624 463;B01;1;7;0;2;8;1;1;
202300031655;155 624 460;A01;1;7;0;1;0;0;1;
202300031656;155 624 458;A01;2;7;0;2;2;15;1;
202300031656;155 624 459;B01;1;50;0;2;1;1;3;
202300031657;155 624 455;A01;3;33;0;0;0;13;1;
202300031658;155 624 454;A01;1;7;1;0;6;13;1;
202300031658;155 624 456;B01;1;80;0;2;1;17;3;
202300031659;155 624 453;A01;1;7;0;2;1;1;1;
202300031659;155 624 457;B01;2;2;0;2;7;3;1;
202300031660;155 624 452;A01;1;3;0;1;1;15;2;
202300031661;155 624 450;A01;1;7;8;0;2;14;0;
202300031662;155 624 449;A01;1;7;0;2;3;15;1;
202300031662;155 624 451;B01;2;33;0;2;3;1;1;
202300031663;155 624 447;A01;2;30;0;1;1;1;1;
202300031664;155 624 446;A01;1;7;0;2;1;15;1;
202300031664;155 624 448;B01;2;1;0;2;1;5;5;
202300031665;155 624 441;B01;1;10;0;2;2;1;1;
202300031665;155 624 445;A01;2;7;0;2;3;1;1;
202300031666;155 624 442;A01;3;33;0;2;5;1;1;
202300031666;155 624 444;B01;3;7;0;2;1;9;1;
202300031667;155 624 440;A01;1;32;0;0;0;1;3;
202300031668;155 624 436;B01;1;7;0;0;8;1;1;
202300031668;155 624 439;C01;1;7;0;2;1;1;1;
202300031668;155 624 443;A01;0;7;0;2;1;1;1;
202300031669;155 624 437;B01;3;7;0;2;2;16;2;
202300031669;155 624 438;A01;2;2;0;2;1;5;3;
202300031670;155 624 433;A01;0;7;0;2;1;1;1;
202300031670;155 624 435;B01;0;2;0;2;4;1;1;
202300031671;155 624 434;A01;3;7;8;1;1;15;1;
202300031672;155 624 432;A01;1;7;0;1;1;26;1;
202300031673;155 624 430;A01;1;10;1;0;1;13;4;
202300031674;155 624 429;A01;2;33;0;2;1;5;0;
202300031674;155 624 431;B01;1;7;0;2;1;1;1;
202300031675;155 624 427;A01;0;2;0;2;1;15;0;
202300031675;155 624 428;B01;0;32;0;2;1;1;0;
202300031676;155 624 426;A01;3;7;3;0;1;1;1;
202300031677;155 624 425;A01;1;30;0;1;9;1;3;
202300031678;155 624 422;B01;2;2;0;0;1;1;1;
202300031678;155 624 424;A01;1;7;0;2;2;15;1;
202300031679;155 624 420;B01;1;2;0;2;1;1;1;
202300031679;155 624 423;A01;2;10;0;2;5;10;1;
202300031680;155 624 421;A01;1;7;0;1;3;1;1;
202300031681;155 624 417;A01;1;32;0;2;3;15;3;
202300031681;155 624 419;B01;2;10;0;2;3;1;1;
202300031682;155 624 414;B01;1;7;0;2;2;2;3;
202300031682;155 624 416;A01;1;80;0;2;2;19;3;
202300031683;155 624 413;A01;1;37;0;1;3;15;1;1
202300031684;155 624 410;A01;2;33;0;0;8;26;1;
202300031685;155 624 409;B01;1;31;0;2;1;1;1;
202300031685;155 624 412;A01;1;7;0;2;1;15;1;
202300031686;155 624 406;A01;2;37;0;2;1;2;3;1
202300031686;155 624 408;B01;2;15;0;2;4;2;3;
202300031686;155 624 411;C01;2;7;0;2;4;2;1;
202300031687;155 624 405;A01;0;32;0;2;6;21;1;
202300031687;155 624 407;B01;0;7;0;9;6;26;2;
202300031688;155 624 404;A01;2;2;0;0;9;1;1;
202300031689;155 624 403;A01;1;80;0;0;1;1;3;
202300031690;155 624 402;A01;1;80;0;1;8;1;3;
202300031691;155 624 400;A01;1;31;0;5;0;1;1;
202300031692;155 624 398;A01;1;7;0;2;1;17;1;
202300031692;155 624 401;B01;2;14;0;2;1;1;1;
202300031693;155 624 397;B01;1;7;1;0;8;20;2;
202300031693;155 624 399;A01;1;7;0;2;2;1;1;
202300031694;155 624 396;A01;1;33;8;0;0;21;1;
202300031695;155 624 393;A01;2;7;0;1;1;17;1;
202300031696;155 624 391;A01;2;7;16;0;4;15;1;
202300031696;155 624 395;B01;2;15;0;2;1;1;1;
202300031697;155 624 392;A01;0;10;0;2;0;2;0;
202300031697;155 624 394;B01;0;1;0;2;0;2;5;
202300031698;155 624 390;A01;2;7;10;0;1;1;1;
202300031699;155 624 388;A01;3;7;13;0;1;13;1;
202300031700;155 624 387;A01;1;7;2;0;1;13;3;
202300031701;155 624 385;A01;1;7;0;2;3;9;1;
202300031701;155 624 389;B01;1;33;0;2;1;1;1;
202300031702;155 624 382;A01;1;7;13;0;0;1;1;
202300031703;155 624 381;A01;3;7;0;1;8;15;1;
202300031704;155 624 380;B01;1;32;0;2;1;0;1;
202300031704;155 624 383;A01;1;7;0;2;8;15;1;
202300031705;155 624 378;C01;2;7;-1;2;1;1;1;
202300031705;155 624 379;B01;2;7;0;2;4;23;1;
202300031706;155 624 376;A01;0;7;0;1;1;26;1;
202300031707;155 624 374;B01;2;7;0;2;3;13;1;
202300031707;155 624 377;A01;1;2;0;2;8;1;1;
202300031708;155 624 375;A01;3;7;0;1;2;16;1;
202300031709;155 624 371;B01;3;50;0;2;8;2;3;
202300031709;155 624 373;A01;3;7;0;2;2;16;2;
202300031710;155 624 369;A01;3;7;0;2;1;2;1;
202300031710;155 624 372;B01;3;10;0;2;4;1;1;
202300031711;155 624 364;B01;1;50;0;2;5;14;3;
202300031711;155 624 368;A01;1;7;0;9;6;13;1;
202300031712;155 624 361;E01;3;10;0;2;4;1;1;
202300031712;155 624 365;B01;3;7;0;2;5;1;1;
202300031712;155 624 366;C01;3;7;0;2;8;0;1;
202300031712;155 624 367;D01;3;7;0;2;4;1;1;
202300031712;155 624 370;A01;3;10;0;2;3;26;1;
202300031713;155 624 360;B01;3;50;0;2;8;19;3;
202300031713;155 624 362;A01;1;7;0;2;1;16;1;
202300031714;155 624 359;B01;2;7;0;2;8;15;1;
202300031714;155 624 363;A01;1;7;0;2;1;1;1;
202300031715;155 624 357;A01;2;7;7;0;1;14;1;
202300031716;155 624 355;B01;1;31;0;2;0;0;1;
202300031716;155 624 358;A01;1;7;0;2;0;0;1;
202300031717;155 624 356;A01;2;10;8;0;1;26;1;
202300031718;155 624 351;A01;3;10;8;0;1;1;1;
202300031719;155 624 348;A01;3;7;0;2;3;1;1;
202300031719;155 624 352;B01;3;7;0;2;2;1;1;
202300031720;155 624 350;A01;1;2;0;1;2;17;1;
202300031721;155 624 349;A01;2;33;0;2;1;1;1;
202300031721;155 624 353;B01;2;10;0;2;3;1;1;
202300031721;155 624 354;C01;2;7;0;2;5;23;1;
202300031722;155 624 347;A01;1;7;0;1;7;1;1;
202300031723;155 624 345;A01;1;7;2;0;1;13;1;
202300031724;155 624 342;B01;2;7;9;2;1;5;1;
202300031724;155 624 344;A01;1;7;8;2;1;15;1;
202300031725;155 624 341;A01;3;7;0;2;2;1;1;
202300031725;155 624 343;C01;3;7;0;2;3;23;1;
202300031725;155 624 346;B01;3;7;0;2;1;1;1;
202300031726;155 624 339;A01;1;7;8;0;1;1;1;
202300031727;155 624 337;B01;1;33;0;0;8;0;1;
202300031727;155 624 340;A01;1;10;0;0;8;0;1;
202300031728;155 624 335;B01;1;33;0;2;0;0;1;
202300031728;155 624 338;A01;1;7;0;2;8;10;0;
202300031729;155 624 334;A01;2;7;0;2;3;15;3;
202300031729;155 624 336;B01;1;32;0;2;1;2;1;
202300031730;155 624 333;A01;1;7;0;1;6;1;1;
202300031731;155 624 328;B01;3;7;0;2;8;19;1;
202300031731;155 624 331;A01;0;43;0;2;8;9;1;
202300031732;155 624 329;A01;1;7;15;0;1;0;1;
202300031733;155 624 326;B01;0;7;0;0;6;1;1;
202300031733;155 624 330;A01;0;7;0;2;1;0;1;
202300031733;155 624 332;C01;0;10;0;2;1;1;1;
202300031734;155 624 325;A01;2;7;0;2;1;1;1;
202300031734;155 624 327;B01;2;7;0;2;4;1;1;
202300031735;155 624 324;A01;2;30;0;1;1;1;1;
202300031736;155 624 322;A01;2;7;4;9;2;1;0;
202300031737;155 624 323;A01;0;33;0;0;7;24;1;
202300031738;155 624 321;B01;2;50;0;1;1;1;3;
202300031739;155 624 320;A01;2;33;0;0;1;1;1;
202300031740;155 624 318;A01;2;1;13;0;2;14;5;
202300031741;155 624 315;A01;3;7;0;2;1;0;1;
202300031741;155 624 319;B01;3;7;0;2;1;0;1;
202300031742;155 624 314;A01;3;7;0;2;3;9;1;
202300031742;155 624 316;B01;3;33;0;2;1;1;1;
202300031743;155 624 313;A01;1;30;0;2;1;1;1;
202300031743;155 624 317;B01;3;7;0;2;8;1;1;
202300031744;155 624 312;A01;1;7;3;0;9;0;1;
202300031745;155 624 311;A01;3;7;13;0;3;1;1;
202300031746;155 624 306;A01;1;7;3;0;2;1;1;
202300031747;155 624 305;A01;2;7;0;2;2;1;1;
202300031747;155 624 307;B01;2;7;0;2;5;1;2;
202300031747;155 624 309;C01;1;7;0;2;3;1;1;
202300031747;155 624 310;D01;1;7;0;2;1;1;1;
202300031748;155 624 304;B01;2;7;0;2;2;1;1;
202300031748;155 624 308;A01;2;7;1;2;8;20;1;
202300031749;155 624 303;A01;0;33;12;0;7;1;1;
202300031750;155 624 298;A01;0;33;0;2;1;1;4;
202300031750;155 624 299;B01;0;7;0;2;8;15;4;
202300031751;155 624 297;B01;3;2;0;2;3;1;1;
202300031751;155 624 300;A01;3;7;0;2;5;16;1;
202300031752;155 624 296;A01;1;7;0;2;1;14;1;
202300031752;155 624 301;B01;1;17;0;0;4;1;1;
202300031753;155 624 295;B01;3;2;0;2;2;1;1;
202300031753;155 624 302;A01;3;7;0;2;8;7;1;
202300031754;155 624 291;A01;1;2;15;0;3;0;1;
202300031755;155 624 289;A01;3;7;0;2;2;5;2;
202300031755;155 624 293;B01;3;1;0;2;8;5;5;
202300031756;155 624 290;B01;1;7;0;2;1;12;1;
202300031756;155 624 294;A01;2;31;0;2;7;11;1;
202300031757;155 624 288;B01;2;7;0;0;4;2;1;
202300031757;155 624 292;A01;2;7;0;2;1;2;1;
202300031758;155 624 286;A01;2;7;0;9;1;0;1;
202300031759;155 624 285;B01;1;7;0;2;1;1;1;
202300031759;155 624 287;A01;1;10;0;2;2;9;3;
202300031760;155 624 278;A01;1;7;0;1;1;1;1;
202300031761;155 624 279;A01;2;7;0;2;3;9;2;
202300031761;155 624 282;B01;2;7;0;2;5;1;1;
202300031762;155 624 281;A01;1;10;0;2;1;15;1;
202300031762;155 624 284;B01;1;10;14;0;1;1;1;
202300031763;155 624 277;A01;1;31;0;2;1;1;0;
202300031763;155 624 280;B01;2;33;0;2;1;1;0;
202300031763;155 624 283;C01;2;7;0;2;1;1;0;
202300031764;155 624 274;A01;2;7;0;1;1;1;1;
202300031765;155 624 273;A01;3;7;0;2;0;2;0;
202300031765;155 624 275;B01;3;50;0;2;0;2;3;
202300031766;155 624 271;B01;2;50;0;2;1;1;3;
202300031766;155 624 276;A01;1;7;0;9;3;9;1;
202300031767;155 624 270;B01;1;2;0;2;1;1;1;
202300031767;155 624 272;A01;1;7;0;2;8;15;1;
202300031768;155 624 268;A01;2;33;13;0;0;1;1;
202300031769;155 624 267;A01;2;30;0;0;1;26;1;
202300031770;155 624 266;A01;2;7;0;2;0;22;1;
202300031770;155 624 269;B01;2;1;0;2;0;2;5;
202300031771;155 624 261;A01;2;7;0;2;3;13;1;
202300031771;155 624 264;B01;1;15;0;2;1;1;1;
202300031772;155 624 258;A01;2;7;0;2;0;0;0;
202300031772;155 624 262;B01;3;1;0;2;7;1;5;
202300031773;155 624 256;B01;2;7;0;2;2;23;1;
202300031773;155 624 259;A01;1;7;6;2;8;1;1;
202300031774;155 624 254;D01;1;15;0;2;1;2;1;
202300031774;155 624 257;E01;1;15;0;2;1;2;1;
202300031774;155 624 260;A01;1;7;0;2;4;2;1;
202300031774;155 624 263;C01;1;13;0;2;1;2;1;
202300031774;155 624 265;B01;1;7;0;0;0;9;1;
202300031775;155 624 252;A01;2;7;13;0;1;14;1;
202300031776;155 624 253;B01;1;33;0;2;1;0;1;
202300031776;155 624 255;A01;1;7;0;0;6;10;1;