Num_Acc;id_vehicule;num_veh;senc;catv;obs;obsm;choc;manv;motor;occutc
202300032048;155 623 746;A01;3;7;0;1;1;2;1;
202300032049;155 623 745;A01;1;7;2;0;1;1;1;
202300032050;155 623 744;B01;3;7;0;2;2;26;1;
202300032050;155 623 748;A01;3;30;0;2;3;1;1;
202300032051;155 623 743;A01;1;7;0;2;0;0;0;
202300032051;155 623 747;B01;1;31;0;2;1;19;0;
202300032052;155 623 739;A01;2;10;0;2;1;1;1;
202300032052;155 623 741;B01;2;7;0;0;4;23;1;
202300032053;155 623 737;A01;2;7;0;2;1;15;1;
202300032053;155 623 742;B01;1;7;0;2;3;1;1;
202300032054;155 623 738;A01;2;7;13;0;9;1;1;
202300032055;155 623 736;B01;1;50;0;2;8;1;3;
202300032055;155 623 740;A01;1;3;0;2;2;14;1;
202300032056;155 623 735;A01;1;7;13;0;9;21;1;
202300032057;155 623 733;A01;1;7;0;1;3;1;1;
202300032058;155 623 732;A01;1;7;0;2;3;1;1;
202300032058;155 623 734;B01;2;7;0;2;3;15;1;
202300032059;155 623 731;A01;2;7;0;1;1;1;1;
202300032060;155 623 730;A01;2;7;0;1;1;15;1;
202300032061;155 623 729;A01;0;30;12;0;3;0;1;
202300032062;155 623 727;B01;1;1;0;2;8;1;5;
202300032062;155 623 728;A01;1;7;0;2;7;17;1;
202300032063;155 623 726;A01;1;7;0;1;2;1;1;
202300032064;155 623 723;A01;1;7;0;1;7;16;1;
202300032065;155 623 724;A01;1;7;0;2;2;15;1;
202300032065;155 623 725;B01;2;30;0;2;1;1;1;
202300032066;155 623 722;A01;1;7;0;1;2;1;1;
202300032067;155 623 718;B01;1;33;0;2;1;1;1;
202300032067;155 623 720;A01;2;7;0;2;2;15;1;
202300032068;155 623 719;A01;1;7;0;2;1;13;1;
202300032068;155 623 721;B01;2;10;0;2;3;1;1;
202300032069;155 623 712;A01;2;7;0;2;8;15;1;
202300032069;155 623 714;B01;2;34;0;2;1;17;1;
202300032070;155 623 715;A01;0;7;0;2;1;13;1;
202300032070;155 623 717;B01;0;17;0;2;1;5;1;
202300032071;155 623 711;B01;3;7;0;2;2;26;0;
202300032071;155 623 716;A01;3;7;0;2;2;1;1;
202300032072;155 623 710;B01;2;7;0;1;4;1;1;
202300032072;155 623 713;A01;2;7;0;0;1;15;1;
202300032073;155 623 703;A01;1;7;0;2;2;15;1;
202300032073;155 623 707;B01;1;7;0;2;7;1;1;
202300032074;155 623 706;A01;3;7;0;1;1;16;3;
202300032075;155 623 702;A01;2;7;0;9;2;1;1;
202300032075;155 623 705;B01;1;1;0;2;1;5;5;
202300032076;155 623 701;A01;1;7;0;2;4;1;2;
202300032076;155 623 704;B01;1;7;0;2;4;1;1;
202300032076;155 623 708;C01;1;7;0;2;1;1;1;
202300032077;155 623 699;A01;3;7;1;0;1;14;1;
202300032078;155 623 697;B01;3;33;0;2;7;15;1;
202300032078;155 623 700;A01;3;7;0;2;3;1;1;
202300032079;155 623 696;A01;2;2;0;2;0;11;1;
202300032079;155 623 698;B01;1;7;0;2;3;1;1;
202300032080;155 623 695;A01;1;50;12;0;1;1;3;
202300032081;155 623 691;B01;3;50;0;2;1;1;3;
202300032081;155 623 693;A01;3;7;0;2;1;15;1;
202300032082;155 623 692;A01;1;1;0;0;1;16;5;
202300032082;155 623 694;B01;0;15;0;2;1;1;1;
202300032083;155 623 689;A01;1;7;0;2;3;15;1;
202300032083;155 623 690;B01;2;33;0;2;3;1;1;
202300032084;155 623 686;A01;1;7;0;2;1;1;1;
202300032084;155 623 688;B01;1;7;0;2;4;1;1;
202300032085;155 623 687;A01;2;7;13;0;1;1;1;
202300032086;155 623 685;A01;3;7;0;1;1;1;1;
202300032087;155 623 684;A01;1;1;0;1;1;15;5;
202300032088;155 623 682;A01;3;7;0;2;3;13;1;
202300032088;155 623 683;B01;3;7;0;2;3;1;1;
202300032089;155 623 679;B01;3;7;9;2;3;1;1;
202300032089;155 623 681;A01;3;7;9;2;3;1;1;
202300032090;155 623 676;B01;1;33;0;2;1;1;1;
202300032090;155 623 680;A01;2;7;0;2;6;19;6;
202300032091;155 623 674;A01;1;7;0;0;9;16;1;
202300032092;155 623 672;B01;2;32;0;2;1;1;1;
202300032092;155 623 673;A01;2;7;0;2;6;16;1;
202300032093;155 623 675;B01;3;32;0;2;3;1;1;
202300032093;155 623 678;A01;3;7;0;2;2;12;1;
202300032094;155 623 670;A01;1;10;0;2;3;13;1;
202300032094;155 623 671;B01;2;7;0;2;3;1;1;
202300032095;155 623 668;A01;2;7;2;0;1;13;0;
202300032096;155 623 666;B01;2;7;0;2;8;1;1;
202300032096;155 623 669;A01;1;7;0;2;8;13;1;
202300032097;155 623 667;A01;3;7;0;1;5;4;1;
202300032098;155 623 665;A01;1;7;4;0;3;26;1;
202300032099;155 623 663;B01;2;33;0;2;1;1;1;
202300032099;155 623 664;A01;1;10;0;9;2;15;1;
202300032100;155 623 657;B01;1;7;0;2;6;1;1;
202300032100;155 623 659;A01;1;7;0;2;2;15;1;
202300032101;155 623 655;A01;2;7;0;1;2;1;1;
202300032102;155 623 651;A01;2;7;0;2;2;13;1;
202300032102;155 623 654;B01;1;7;0;2;1;1;1;
202300032103;155 623 652;A01;2;7;0;2;1;0;1;
202300032103;155 623 656;B01;1;7;0;2;1;0;1;
202300032104;155 623 650;B01;1;7;0;2;1;1;1;
202300032104;155 623 653;A01;2;7;0;2;1;13;1;
202300032105;155 623 648;A01;2;32;0;2;2;1;1;
202300032105;155 623 649;B01;2;7;12;0;2;15;1;
202300032106;155 623 647;A01;2;7;15;0;1;13;1;
202300032107;155 623 645;A01;3;7;0;1;2;1;1;
202300032108;155 623 646;A01;1;50;2;0;0;0;3;
202300032109;155 623 643;A01;2;7;0;2;1;2;1;
202300032109;155 623 644;B01;2;33;0;2;4;2;1;
202300032110;155 623 642;A01;2;7;13;0;1;14;1;
202300032111;155 623 641;A01;3;10;2;0;1;1;1;
202300032112;155 623 639;A01;2;7;1;0;1;14;1;
202300032112;155 623 640;B01;3;7;0;2;4;24;1;
202300032113;155 623 637;A01;1;7;0;1;4;4;0;
202300032114;155 623 638;A01;3;36;13;0;0;15;1;
202300032115;155 623 636;A01;3;37;0;1;7;1;0;1
202300032116;155 623 630;B01;3;15;0;2;4;1;0;
202300032116;155 623 634;C01;3;15;0;2;4;1;0;
202300032116;155 623 635;A01;3;15;0;2;1;2;0;
202300032117;155 623 629;A01;1;7;0;2;3;13;1;
202300032117;155 623 632;B01;2;16;0;2;3;1;1;
202300032118;155 623 631;A01;1;30;12;0;3;15;1;
202300032119;155 623 627;A01;2;7;0;2;1;1;1;
202300032119;155 623 633;B01;1;1;0;2;1;16;5;
202300032120;155 623 625;A01;1;7;0;2;2;1;1;
202300032120;155 623 628;B01;2;7;0;2;5;15;1;
202300032121;155 623 621;A01;1;3;2;0;1;1;1;
202300032122;155 623 619;B01;2;7;0;2;3;1;1;
202300032122;155 623 623;C01;1;37;0;2;1;0;1;1
202300032122;155 623 626;A01;1;31;0;2;1;17;1;
202300032123;155 623 620;B01;1;7;0;2;3;1;1;
202300032123;155 623 624;A01;2;7;0;2;3;15;1;
202300032124;155 623 618;A01;2;7;12;0;1;1;1;
202300032124;155 623 622;B01;2;7;0;9;1;1;1;
202300032125;155 623 612;B01;3;7;0;2;7;19;1;
202300032125;155 623 615;A01;3;3;0;2;1;1;1;
202300032126;155 623 613;B01;1;1;0;2;4;2;5;
202300032126;155 623 614;A01;1;7;0;2;2;2;1;
202300032127;155 623 609;B01;1;1;0;2;0;1;5;
202300032127;155 623 611;A01;1;7;0;9;2;2;1;
202300032128;155 623 608;A01;3;21;0;2;1;2;1;
202300032128;155 623 610;B01;3;7;0;2;4;13;1;
202300032129;155 623 605;A01;2;37;0;1;2;1;1;1
202300032130;155 623 602;B01;1;7;0;2;1;1;1;
202300032130;155 623 607;A01;3;7;0;2;7;1;1;
202300032131;155 623 601;B01;1;1;0;2;4;1;5;
202300032131;155 623 604;A01;1;15;0;2;2;1;1;
202300032132;155 623 600;A01;1;7;0;2;1;2;1;
202300032132;155 623 603;B01;1;7;0;2;4;2;1;
202300032132;155 623 606;C01;1;7;0;2;5;2;1;
202300032133;155 623 599;A01;2;7;0;1;1;1;1;
202300032134;155 623 593;A01;2;7;13;0;0;17;0;
202300032134;155 623 598;B01;2;7;0;0;0;13;0;
202300032135;155 623 594;A01;1;7;0;2;3;15;1;
202300032135;155 623 596;B01;1;31;0;2;2;1;1;
202300032136;155 623 591;B01;1;7;0;0;5;1;1;
202300032136;155 623 597;A01;3;7;6;0;2;9;1;
202300032137;155 623 592;B01;2;7;0;2;8;1;1;
202300032137;155 623 595;A01;1;7;0;2;1;16;1;
202300032138;155 623 587;A01;3;7;0;1;1;1;1;
202300032139;155 623 586;A01;2;7;0;2;3;13;1;
202300032139;155 623 590;B01;1;7;0;2;3;2;1;
202300032140;155 623 585;A01;1;7;0;2;1;1;1;
202300032140;155 623 589;B01;2;7;0;2;1;15;1;
202300032141;155 623 583;A01;1;7;9;2;1;5;1;
202300032141;155 623 588;B01;2;7;0;2;1;1;1;
202300032142;155 623 582;B01;2;10;0;2;4;1;1;
202300032142;155 623 584;A01;2;7;0;2;1;2;1;
202300032143;155 623 578;A01;1;7;0;2;1;9;1;
202300032143;155 623 581;B01;1;32;0;2;8;1;1;
202300032144;155 623 577;B01;3;21;0;2;2;19;1;
202300032144;155 623 580;A01;1;7;0;2;3;2;1;
202300032145;155 623 575;B01;3;33;0;2;1;1;1;
202300032145;155 623 579;A01;0;7;0;2;3;15;1;
202300032146;155 623 576;A01;3;7;0;1;1;16;1;
202300032147;155 623 574;A01;3;60;16;0;0;1;5;
202300032148;155 623 569;A01;0;7;0;2;7;2;6;
202300032148;155 623 571;B01;3;1;0;2;1;19;5;
202300032149;155 623 570;B01;1;1;0;2;1;1;5;
202300032149;155 623 573;A01;1;7;0;2;3;9;1;
202300032150;155 623 566;Z01;3;0;0;2;0;0;0;
202300032150;155 623 567;A01;3;60;0;2;1;26;5;
202300032151;155 623 568;A01;0;7;0;2;6;23;1;
202300032151;155 623 572;Z01;0;34;0;0;0;0;0;
202300032152;155 623 563;A01;1;13;0;1;1;1;1;
202300032153;155 623 561;A01;3;7;13;0;1;1;1;
202300032154;155 623 562;B01;2;7;0;2;1;2;6;
202300032154;155 623 564;A01;2;7;0;2;2;19;6;
202300032154;155 623 565;C01;2;7;0;2;7;23;1;
202300032155;155 623 558;A01;2;7;0;2;2;14;1;
202300032155;155 623 560;B01;2;7;0;2;3;1;1;
202300032156;155 623 557;A01;3;7;0;2;3;10;1;
202300032156;155 623 559;B01;3;33;0;2;1;1;1;
202300032157;155 623 554;A01;2;33;0;2;7;11;1;
202300032157;155 623 556;B01;1;7;0;2;1;1;1;
202300032158;155 623 550;A01;2;10;0;2;8;1;1;
202300032158;155 623 553;B01;1;7;0;2;1;1;1;
202300032158;155 623 555;C01;1;7;0;2;2;1;1;
202300032159;155 623 546;C01;3;7;0;2;1;0;1;
202300032159;155 623 548;B01;3;7;0;2;6;1;1;
202300032159;155 623 552;A01;0;7;0;2;1;13;1;
202300032160;155 623 545;B01;2;7;0;2;3;1;1;
202300032160;155 623 549;A01;2;7;3;2;9;3;1;
202300032160;155 623 551;C01;2;7;0;2;6;1;1;
202300032161;155 623 540;B01;2;7;0;2;6;10;1;
202300032161;155 623 542;A01;2;7;0;2;3;1;1;
202300032162;155 623 539;A01;2;7;0;2;1;2;1;
202300032162;155 623 541;B01;2;7;0;2;4;2;1;
202300032163;155 623 538;A01;1;7;13;0;2;5;1;
202300032164;155 623 537;B01;2;7;0;2;1;1;1;
202300032164;155 623 543;A01;1;7;0;2;2;15;1;
202300032165;155 623 535;A01;2;7;17;0;1;1;1;
202300032166;155 623 534;A01;2;7;0;1;1;15;1;
202300032167;155 623 533;A01;2;7;0;2;8;11;1;
202300032167;155 623 536;B01;2;31;0;2;7;1;1;
202300032168;155 623 531;A01;2;7;0;0;0;26;1;
202300032169;155 623 529;A01;1;7;2;0;3;1;1;
202300032170;155 623 526;A01;2;10;0;2;1;1;1;
202300032170;155 623 528;B01;2;7;0;2;4;23;1;
202300032170;155 623 532;C01;2;7;0;2;4;23;1;
202300032171;155 623 525;A01;2;33;0;2;7;12;1;
202300032171;155 623 527;B01;2;33;0;2;8;3;1;
202300032171;155 623 530;C01;2;7;0;2;8;1;1;
202300032172;155 623 521;C01;2;7;0;2;5;1;2;
202300032172;155 623 523;B01;2;33;0;2;7;3;1;
202300032172;155 623 524;A01;2;7;0;2;8;13;1;
202300032173;155 623 518;A01;1;7;4;0;3;13;1;
202300032174;155 623 519;A01;2;33;0;2;1;2;1;
202300032174;155 623 522;B01;2;7;0;0;4;2;1;
202300032175;155 623 517;A01;1;7;0;2;1;1;1;
202300032175;155 623 520;B01;1;32;0;2;4;1;1;
202300032176;155 623 514;A01;1;10;2;0;1;2;1;
202300032177;155 623 513;B01;1;32;0;2;3;3;1;
202300032177;155 623 516;A01;1;7;0;2;5;2;2;
202300032178;155 623 511;C01;2;7;0;2;5;1;1;
202300032178;155 623 512;A01;2;7;0;2;3;1;1;
202300032178;155 623 515;B01;2;33;0;2;1;3;1;
202300032179;155 623 510;A01;3;7;0;1;1;1;1;
202300032180;155 623 509;A01;3;7;17;0;2;14;1;
202300032181;155 623 507;B01;1;43;0;2;4;2;1;
202300032181;155 623 508;A01;1;2;0;2;1;2;1;
202300032182;155 623 504;A01;2;7;0;2;3;13;1;
202300032182;155 623 506;B01;1;7;0;2;3;1;1;
202300032183;155 623 503;A01;2;15;0;2;8;1;1;
202300032183;155 623 505;B01;2;10;0;2;3;1;1;
202300032184;155 623 498;Z01;2;7;0;2;3;15;0;
202300032184;155 623 501;B01;1;50;0;2;7;1;3;
202300032185;155 623 500;A01;1;7;6;2;1;0;1;
202300032185;155 623 502;B01;2;7;0;2;1;0;1;
202300032186;155 623 497;A01;3;50;0;0;0;26;3;
202300032187;155 623 496;A01;2;7;0;2;3;9;1;
202300032187;155 623 499;B01;2;1;0;2;2;1;5;
202300032188;155 623 494;A01;2;33;3;0;7;1;1;
202300032189;155 623 495;A01;2;1;8;0;1;21;5;
202300032190;155 623 492;B01;2;7;0;2;8;9;1;
202300032190;155 623 493;A01;1;30;0;2;1;9;1;
202300032191;155 623 491;A01;2;7;13;0;8;1;1;
202300032192;155 623 488;A01;2;33;2;0;1;1;1;
202300032193;155 623 489;A01;2;50;0;2;0;21;3;
202300032194;155 623 486;A01;2;7;0;2;3;15;1;
202300032194;155 623 487;B01;1;50;0;2;1;19;3;
202300032195;155 623 485;Z01;1;7;0;2;7;1;2;
202300032195;155 623 490;A01;1;31;0;2;8;1;1;
202300032196;155 623 483;A01;2;7;8;2;1;17;1;
202300032196;155 623 484;B01;2;7;0;2;3;15;1;
202300032197;155 623 482;A01;2;34;0;2;0;1;1;
202300032198;155 623 478;B01;1;7;0;0;4;23;1;
202300032198;155 623 481;A01;1;10;0;2;1;2;1;
202300032199;155 623 475;A01;1;7;0;2;8;15;1;
202300032199;155 623 479;B01;1;7;0;2;1;17;1;
202300032200;155 623 474;B01;2;31;0;2;1;1;1;
202300032200;155 623 476;A01;1;7;0;2;3;9;1;
202300032201;155 623 477;B01;1;1;0;2;0;1;5;
202300032201;155 623 480;A01;1;7;0;2;7;20;1;
202300032202;155 623 472;Z01;1;33;0;1;1;1;1;
202300032203;155 623 468;A01;1;1;12;0;2;14;5;
202300032204;155 623 469;A01;0;7;0;2;3;13;0;
202300032204;155 623 471;B01;0;7;0;2;3;1;0;
202300032205;155 623 466;B01;1;7;0;2;1;1;1;
202300032205;155 623 467;A01;1;7;0;2;4;2;1;
202300032206;155 623 463;A01;1;7;0;2;5;22;2;
202300032206;155 623 465;B01;1;50;1;0;3;1;3;
202300032207;155 623 462;A01;3;7;15;0;2;1;1;
202300032208;155 623 460;A01;0;50;0;0;0;1;3;
202300032209;155 623 457;B01;1;33;0;2;3;1;0;
202300032209;155 623 459;A01;1;7;0;2;2;11;1;
202300032210;155 623 455;A01;2;15;0;1;3;20;1;
202300032211;155 623 458;A01;1;7;0;2;2;1;1;
202300032211;155 623 464;B01;1;50;0;2;4;1;3;
202300032212;155 623 456;A01;3;33;0;2;7;5;1;
202300032212;155 623 461;B01;3;7;0;2;3;15;1;
202300032213;155 623 453;A01;1;10;8;2;1;7;1;
202300032213;155 623 454;B01;1;10;0;2;7;16;1;
202300032214;155 623 452;A01;2;7;0;1;1;1;1;
202300032215;155 623 451;A01;1;7;0;1;1;1;1;
202300032216;155 623 449;A01;1;7;0;1;2;1;1;
202300032217;155 623 450;A01;3;30;0;0;1;26;0;
202300032218;155 623 446;A01;1;7;0;2;3;1;1;
202300032218;155 623 448;B01;2;10;0;2;8;1;1;
202300032219;155 623 445;B01;1;7;0;2;6;1;1;
202300032219;155 623 447;A01;1;7;0;2;2;17;1;
202300032220;155 623 442;A01;3;7;0;1;1;1;1;
202300032221;155 623 443;A01;3;7;0;2;3;9;1;
202300032221;155 623 444;B01;3;1;0;2;7;1;5;
202300032222;155 623 441;A01;1;7;0;1;2;16;1;
202300032223;155 623 437;A01;2;14;0;9;1;21;1;
202300032223;155 623 440;B01;2;1;0;2;4;1;5;
202300032224;155 623 436;A01;2;7;0;2;3;1;1;
202300032224;155 623 438;B01;1;7;0;2;3;21;1;
202300032225;155 623 434;A01;3;7;0;2;1;0;3;
202300032225;155 623 439;B01;3;7;0;2;4;26;1;
202300032226;155 623 432;A01;1;7;0;2;7;15;1;
202300032226;155 623 435;B01;2;2;0;2;1;1;1;
202300032227;155 623 431;A01;2;7;0;0;1;1;1;
202300032228;155 623 429;A01;0;7;0;1;1;1;0;
202300032229;155 623 428;A01;3;50;0;2;1;1;3;
202300032229;155 623 430;B01;3;7;0;2;1;1;1;
202300032230;155 623 423;A01;2;7;0;2;3;17;1;
202300032230;155 623 426;B01;2;7;0;2;1;1;1;
202300032231;155 623 422;B01;0;7;0;2;2;0;0;
202300032231;155 623 425;A01;2;7;0;2;5;1;1;
202300032232;155 623 424;A01;2;7;0;2;0;13;1;
202300032232;155 623 427;B01;1;33;0;2;1;1;1;
202300032233;155 623 417;B01;1;1;1;0;1;26;5;
202300032234;155 623 419;A01;0;7;0;2;0;0;1;
202300032234;155 623 421;B01;3;30;0;2;3;16;1;
202300032235;155 623 416;B01;2;7;0;2;4;1;1;
202300032235;155 623 418;A01;2;7;0;2;1;1;1;
202300032236;155 623 415;A01;3;7;0;2;1;1;0;
202300032236;155 623 420;B01;3;7;0;2;4;23;0;
202300032237;155 623 414;A01;1;7;0;1;1;25;1;
202300032238;155 623 412;A01;1;7;8;0;2;1;1;
202300032239;155 623 408;A01;2;7;1;0;9;1;1;
202300032240;155 623 407;A01;2;7;6;0;2;1;1;
202300032241;155 623 410;A01;1;7;0;2;8;15;1;
202300032241;155 623 411;B01;1;34;0;2;1;1;1;
202300032242;155 623 404;A01;3;7;0;2;1;26;0;
202300032242;155 623 405;B01;3;7;0;2;1;23;6;
202300032243;155 623 402;A01;2;32;12;0;0;16;1;
202300032244;155 623 399;D01;2;10;0;2;1;1;1;
202300032244;155 623 403;A01;1;7;0;2;1;5;1;
202300032244;155 623 406;C01;2;7;0;2;6;1;1;
202300032244;155 623 409;E01;2;7;0;2;1;2;1;
202300032244;155 623 413;B01;1;7;1;0;6;1;1;
202300032245;155 623 398;B01;2;7;0;2;4;2;1;
202300032245;155 623 401;A01;2;7;0;2;1;2;1;
202300032246;155 623 397;A01;2;7;0;2;3;13;1;
202300032246;155 623 400;B01;1;7;0;2;3;1;1;
202300032247;155 623 395;A01;2;7;0;1;1;1;1;
202300032248;155 623 394;A01;2;7;6;1;1;0;1;
202300032249;155 623 393;B01;2;7;0;2;1;1;1;
202300032249;155 623 396;A01;1;7;0;2;1;13;1;
202300032250;155 623 391;A01;2;7;11;0;1;1;1;
202300032251;155 623 390;A01;2;7;0;2;2;15;1;
202300032251;155 623 392;B01;1;33;0;2;1;1;1;
202300032252;155 623 389;A01;1;7;0;1;1;9;1;
202300032253;155 623 386;A01;1;3;0;2;0;0;1;
202300032253;155 623 388;B01;2;10;0;2;3;1;1;
202300032254;155 623 387;A01;0;50;0;1;8;1;3;
202300032255;155 623 383;A01;2;32;0;2;1;17;1;
202300032255;155 623 384;B01;1;7;0;2;3;1;1;
202300032256;155 623 382;Z01;1;7;0;2;1;1;1;
202300032256;155 623 385;A01;1;7;0;2;6;2;1;
202300032257;155 623 378;A01;3;33;0;2;2;15;1;
202300032257;155 623 381;B01;3;7;0;2;3;15;0;
202300032258;155 623 377;A01;0;33;0;2;1;1;1;
202300032258;155 623 379;B01;0;7;0;2;7;0;1;
202300032259;155 623 376;Z01;1;7;0;1;1;1;0;
202300032260;155 623 373;A01;2;7;0;2;2;1;1;
202300032260;155 623 380;B01;2;7;0;2;3;1;1;
202300032261;155 623 369;A01;2;32;0;2;1;26;1;
202300032261;155 623 372;B01;3;7;0;0;0;0;1;
202300032262;155 623 366;A01;1;33;0;2;2;21;1;
202300032262;155 623 368;B01;1;7;0;2;3;15;1;
202300032263;155 623 365;A01;1;7;0;2;4;2;1;
202300032263;155 623 371;B01;1;7;0;2;4;2;1;
202300032263;155 623 375;C01;1;10;0;2;1;2;1;
202300032264;155 623 367;A01;1;7;0;2;8;15;1;
202300032264;155 623 370;B01;1;7;0;2;1;17;1;
202300032265;155 623 364;A01;3;7;0;1;1;15;2;
202300032266;155 623 362;A01;3;50;0;2;8;19;3;
202300032266;155 623 363;B01;3;7;0;9;1;0;1;
202300032267;155 623 355;A01;3;7;0;2;3;1;0;
202300032267;155 623 361;B01;3;7;0;2;6;15;0;
202300032268;155 623 356;A01;1;7;0;9;1;15;6;
202300032268;155 623 360;B01;2;50;0;2;7;1;3;
202300032269;155 623 353;A01;2;7;0;1;2;17;1;
202300032270;155 623 352;A01;1;30;0;2;1;1;1;
202300032270;155 623 358;B01;2;7;0;2;3;16;1;
202300032271;155 623 351;C01;1;7;0;2;4;2;1;
202300032271;155 623 354;B01;1;7;0;2;4;2;2;
202300032271;155 623 357;A01;1;10;0;2;3;2;1;
202300032271;155 623 359;D01;1;7;0;2;4;2;1;
202300032272;155 623 348;A01;2;7;0;2;3;15;1;
202300032272;155 623 350;B01;2;33;0;2;2;17;1;
202300032273;155 623 347;A01;2;7;0;1;3;1;1;
202300032274;155 623 349;A01;1;33;0;0;0;0;1;
202300032275;155 623 345;B01;1;7;0;2;1;1;1;
202300032275;155 623 346;A01;1;50;0;2;1;5;3;
202300032276;155 623 344;A01;1;7;9;0;2;14;1;
202300032277;155 623 343;A01;1;7;3;0;3;1;1;
202300032278;155 623 336;A01;1;7;0;2;2;14;1;
202300032278;155 623 340;B01;1;32;0;2;3;1;1;
202300032279;155 623 335;B01;2;7;0;2;2;1;1;
202300032279;155 623 339;A01;2;1;0;2;8;1;5;
202300032280;155 623 337;A01;1;10;0;1;1;1;1;
202300032281;155 623 334;A01;2;7;0;2;1;2;1;
202300032281;155 623 338;B01;2;10;0;2;4;2;1;
202300032282;155 623 333;A01;1;7;0;1;1;1;1;
202300032283;155 623 331;A01;1;32;0;0;0;0;1;
202300032284;155 623 330;A01;3;7;0;1;3;20;1;
202300032285;155 623 327;A01;1;7;0;2;1;1;1;
202300032285;155 623 332;B01;1;7;0;2;4;1;1;
202300032286;155 623 326;A01;3;7;0;2;6;9;1;
202300032286;155 623 328;B01;3;33;0;2;1;1;1;
202300032287;155 623 323;A01;2;7;1;0;2;1;1;
202300032288;155 623 324;A01;3;7;0;1;1;0;0;
202300032289;155 623 322;C01;2;10;0;2;4;2;0;
202300032289;155 623 325;A01;2;7;0;2;1;2;0;
202300032289;155 623 329;B01;2;7;0;2;4;2;0;
202300032290;155 623 320;A01;1;10;0;1;1;1;1;
202300032291;155 623 315;A01;1;7;0;2;4;1;1;
202300032291;155 623 319;B01;1;7;0;2;4;2;1;
202300032291;155 623 321;C01;1;7;0;2;1;2;1;
202300032292;155 623 316;A01;2;33;0;0;1;21;1;
202300032293;155 623 313;B01;1;10;0;2;4;15;1;
202300032293;155 623 318;A01;1;7;0;2;1;15;1;
202300032294;155 623 312;A01;1;34;0;2;7;17;1;
202300032294;155 623 317;B01;1;7;0;2;8;15;1;
202300032295;155 623 310;A01;2;43;0;0;0;3;1;
202300032296;155 623 309;B01;1;7;0;2;5;1;1;
202300032296;155 623 314;A01;1;50;0;2;1;1;3;
202300032297;155 623 307;P01;1;1;0;2;5;15;5;
202300032297;155 623 311;B01;1;7;0;2;2;1;1;
202300032298;155 623 305;A01;1;2;0;2;1;26;0;
202300032298;155 623 308;B01;1;7;0;2;3;1;1;
202300032299;155 623 301;C01;1;7;0;2;4;1;0;
202300032299;155 623 304;B01;1;10;0;2;4;0;0;
202300032299;155 623 306;A01;1;7;0;2;1;1;6;
202300032300;155 623 295;B01;1;7;0;2;4;1;1;
202300032300;155 623 300;A01;1;7;0;2;1;2;1;
202300032300;155 623 303;C01;1;7;0;2;1;2;1;
202300032301;155 623 294;A01;1;7;0;2;1;2;1;
202300032301;155 623 298;B01;1;7;0;2;4;2;1;
202300032301;155 623 302;C01;1;7;0;2;4;2;1;
202300032302;155 623 292;C01;2;7;0;2;4;23;1;
202300032302;155 623 296;Z01;2;7;0;2;1;2;1;
202300032302;155 623 299;B01;2;7;0;2;5;23;1;
202300032303;155 623 291;A01;1;7;0;2;3;19;1;
202300032303;155 623 297;B01;2;7;0;2;1;1;1;
202300032304;155 623 290;A01;2;10;0;2;5;15;1;
202300032304;155 623 293;B01;1;33;0;2;1;1;1;
202300032305;155 623 288;A01;0;7;0;1;1;2;1;
202300032306;155 623 287;B01;2;7;0;2;5;2;3;
202300032306;155 623 289;A01;2;7;0;2;1;2;1;
202300032307;155 623 284;A01;1;7;1;0;2;14;1;
202300032308;155 623 282;A01;1;7;0;2;8;15;1;
202300032308;155 623 285;B01;1;33;0;2;1;1;1;
202300032309;155 623 283;B01;1;7;0;2;1;1;1;
202300032309;155 623 286;A01;2;7;0;2;2;1;1;
202300032310;155 623 279;A01;2;7;0;1;3;1;1;
202300032311;155 623 277;A01;2;7;0;2;5;15;1;
202300032311;155 623 280;B01;1;10;0;2;2;1;1;
202300032312;155 623 275;B01;3;2;0;2;1;2;1;
202300032312;155 623 278;A01;3;10;0;2;5;15;1;
202300032313;155 623 276;A01;1;7;2;0;7;17;1;
202300032314;155 623 272;A01;1;7;0;2;2;15;1;
202300032314;155 623 274;B01;2;7;0;2;1;1;1;
202300032315;155 623 271;A01;1;50;0;2;1;1;3;
202300032315;155 623 273;B01;1;7;0;2;1;1;1;
202300032316;155 623 267;B01;1;30;0;2;1;3;1;
202300032316;155 623 270;A01;1;7;0;2;4;15;1;
202300032317;155 623 265;B01;3;50;0;2;7;19;3;
202300032317;155 623 268;A01;1;7;0;2;1;1;1;
202300032318;155 623 266;A01;2;31;0;2;1;2;1;
202300032318;155 623 269;B01;2;7;0;2;2;15;6;
202300032319;155 623 262;A01;1;7;0;2;2;15;1;
202300032319;155 623 263;B01;1;2;0;2;1;1;1;
202300032320;155 623 260;A01;1;31;0;0;0;0;1;
202300032321;155 623 261;A01;1;7;0;2;7;17;1;
202300032321;155 623 264;B01;1;80;0;2;8;15;3;
202300032322;155 623 259;A01;2;7;0;1;1;19;1;
202300032323;155 623 258;A01;3;32;1;0;1;1;1;
202300032324;155 623 255;A01;0;33;0;0;8;1;1;
202300032325;155 623 256;A01;2;10;0;2;2;2;1;
202300032325;155 623 257;B01;2;7;0;0;4;23;1;
202300032326;155 623 249;A01;1;7;0;2;7;15;1;
202300032326;155 623 250;B01;2;2;0;2;1;1;1;
202300032327;155 623 248;A01;2;7;0;2;3;11;1;