Num_Acc;id_vehicule;num_veh;senc;catv;obs;obsm;choc;manv;motor;occutc
202300033158;155 621 771;A01;2;7;0;2;2;15;1;
202300033158;155 621 773;B01;2;7;0;2;3;1;1;
202300033159;155 621 770;B01;3;7;0;2;3;26;1;
202300033159;155 621 772;A01;3;7;0;2;1;26;1;
202300033160;155 621 768;A01;1;7;0;2;1;2;6;
202300033160;155 621 769;B01;1;7;0;0;4;1;6;
202300033161;155 621 766;A01;2;2;0;1;1;1;3;
202300033162;155 621 764;A01;1;2;0;2;8;13;1;
202300033162;155 621 765;B01;2;21;0;2;8;1;1;
202300033163;155 621 760;B01;1;1;0;2;7;15;5;
202300033163;155 621 762;A01;1;7;0;2;1;9;0;
202300033164;155 621 761;A01;2;10;0;2;1;1;1;
202300033164;155 621 763;B01;2;10;0;0;4;1;0;
202300033165;155 621 756;B01;2;1;0;2;8;1;5;
202300033165;155 621 758;A01;1;7;0;9;1;15;1;
202300033166;155 621 754;A01;1;31;14;0;7;1;1;
202300033167;155 621 753;B01;2;7;0;2;4;2;1;
202300033167;155 621 755;C01;1;7;0;2;4;0;1;
202300033167;155 621 757;D01;1;7;0;2;4;2;0;
202300033167;155 621 759;A01;2;7;0;2;1;2;1;
202300033168;155 621 749;A01;2;7;0;2;1;2;1;
202300033168;155 621 751;B01;2;7;0;2;4;1;1;
202300033169;155 621 747;A01;1;7;0;2;1;1;1;
202300033169;155 621 750;B01;1;7;0;2;2;19;0;
202300033170;155 621 745;B01;2;7;0;2;5;23;1;
202300033170;155 621 746;C01;2;7;0;2;2;0;1;
202300033170;155 621 748;A01;2;7;1;0;3;1;1;
202300033171;155 621 743;B01;1;1;0;2;7;1;5;
202300033171;155 621 744;A01;1;7;0;2;2;14;1;
202300033172;155 621 738;A01;3;15;0;2;0;1;1;
202300033172;155 621 741;B01;3;7;0;2;8;1;1;
202300033172;155 621 742;C01;3;7;0;2;3;1;1;
202300033173;155 621 735;A01;1;7;0;2;5;26;1;
202300033173;155 621 737;B01;2;7;0;2;2;21;1;
202300033174;155 621 734;B01;2;7;0;2;6;16;1;
202300033174;155 621 736;A01;2;7;0;2;1;2;1;
202300033175;155 621 731;A01;2;7;3;0;1;0;1;
202300033175;155 621 732;B01;2;7;0;0;6;23;1;
202300033175;155 621 733;C01;2;7;14;0;2;2;1;
202300033176;155 621 728;A01;3;7;0;9;5;1;1;
202300033176;155 621 729;B01;3;1;0;2;1;1;5;
202300033177;155 621 727;A01;2;37;0;0;0;1;0;3
202300033178;155 621 725;A01;1;7;0;2;3;13;1;
202300033178;155 621 726;B01;2;7;0;2;3;1;1;
202300033179;155 621 721;A01;2;7;0;2;3;15;1;
202300033179;155 621 723;B01;1;7;0;2;3;1;1;
202300033180;155 621 719;C01;2;7;0;2;9;14;1;
202300033180;155 621 720;B01;2;7;0;2;1;1;1;
202300033180;155 621 722;A01;2;7;4;0;3;1;1;
202300033180;155 621 724;D01;2;10;0;2;9;14;1;
202300033181;155 621 717;A01;2;7;0;2;3;1;1;
202300033181;155 621 718;B01;1;2;0;2;7;15;1;
202300033182;155 621 715;A01;2;1;12;0;0;25;5;
202300033183;155 621 713;B01;1;50;0;2;7;1;3;
202300033183;155 621 716;A01;1;7;0;2;1;9;0;
202300033184;155 621 707;D01;3;21;0;0;0;1;1;
202300033184;155 621 708;E01;3;20;0;0;0;1;1;
202300033184;155 621 709;F01;3;21;0;0;0;1;1;
202300033184;155 621 711;B01;3;7;0;2;3;1;1;
202300033184;155 621 712;C01;3;7;0;2;1;1;1;
202300033184;155 621 714;A01;0;33;0;2;3;17;1;
202300033185;155 621 705;A01;1;7;0;2;2;15;1;
202300033185;155 621 706;B01;2;7;0;2;1;1;1;
202300033185;155 621 710;C01;3;7;0;2;1;23;1;
202300033186;155 621 704;A01;0;7;6;0;1;14;0;
202300033187;155 621 702;A01;1;7;13;0;1;1;2;
202300033188;155 621 700;A01;1;7;2;0;3;1;1;
202300033189;155 621 699;B01;1;7;6;2;4;23;1;
202300033189;155 621 701;C01;1;7;0;2;1;1;1;
202300033189;155 621 703;A01;1;7;14;0;1;12;1;
202300033190;155 621 696;A01;2;7;0;2;1;1;1;
202300033190;155 621 697;B01;2;7;8;2;4;1;1;
202300033190;155 621 698;C01;2;1;13;2;4;1;5;
202300033191;155 621 694;A01;2;7;0;1;2;19;1;
202300033192;155 621 695;A01;0;7;4;0;1;26;1;
202300033193;155 621 693;A01;1;7;6;0;1;13;1;
202300033194;155 621 692;A01;1;34;0;1;1;1;1;
202300033195;155 621 690;A01;0;7;0;2;3;15;1;
202300033195;155 621 691;B01;3;7;0;2;1;1;0;
202300033196;155 621 688;B01;3;7;0;2;8;0;1;
202300033196;155 621 689;A01;3;7;0;2;7;1;1;
202300033197;155 621 686;A01;1;10;0;2;8;0;1;
202300033197;155 621 687;B01;1;7;0;2;3;1;1;
202300033198;155 621 685;A01;1;7;0;1;1;1;1;
202300033199;155 621 684;A01;1;7;0;1;3;15;1;
202300033200;155 621 682;Z01;2;7;0;2;1;1;1;
202300033200;155 621 683;A01;1;1;0;2;4;19;5;
202300033201;155 621 680;B01;1;50;1;0;1;1;3;
202300033201;155 621 681;A01;1;7;0;2;3;22;1;
202300033202;155 621 678;A01;2;3;0;2;3;1;1;
202300033202;155 621 679;Z01;0;7;0;0;0;0;0;
202300033203;155 621 676;A01;2;7;0;2;1;15;3;
202300033203;155 621 677;B01;1;1;0;2;8;1;5;
202300033204;155 621 675;A01;1;7;0;1;2;1;1;
202300033205;155 621 673;A01;1;7;0;2;1;9;1;
202300033205;155 621 674;B01;3;1;0;2;7;1;5;
202300033206;155 621 672;A01;1;7;1;0;1;1;1;
202300033207;155 621 671;A01;1;7;0;1;2;15;1;
202300033208;155 621 669;B01;1;80;0;2;7;19;3;
202300033208;155 621 670;A01;1;7;0;2;1;1;1;
202300033209;155 621 667;A01;1;7;0;2;1;11;1;
202300033209;155 621 668;B01;1;1;0;2;1;1;5;
202300033210;155 621 666;A01;2;7;4;0;2;1;1;
202300033211;155 621 664;B01;2;10;0;2;8;15;1;
202300033211;155 621 665;A01;2;31;0;2;1;2;1;
202300033212;155 621 662;B01;3;7;0;2;6;1;1;
202300033212;155 621 663;A01;3;7;0;2;0;1;1;
202300033213;155 621 660;A01;1;7;0;2;3;1;2;
202300033213;155 621 661;B01;2;7;0;2;8;1;1;
202300033214;155 621 658;B01;1;99;0;2;1;0;3;
202300033214;155 621 659;A01;2;7;0;2;1;11;1;
202300033215;155 621 656;B01;1;40;0;2;1;2;3;
202300033215;155 621 657;A01;2;7;0;4;8;6;1;
202300033216;155 621 655;A01;2;7;0;1;3;15;1;
202300033217;155 621 654;A01;1;30;0;0;0;1;1;
202300033218;155 621 652;A01;2;7;0;2;7;15;1;
202300033218;155 621 653;B01;1;7;0;2;8;1;1;
202300033219;155 621 651;A01;1;7;0;1;1;1;1;
202300033220;155 621 649;A01;3;32;0;2;1;2;1;
202300033220;155 621 650;B01;3;50;0;2;4;2;3;
202300033221;155 621 647;A01;1;1;0;2;2;15;5;
202300033221;155 621 648;B01;2;7;0;2;3;16;1;
202300033222;155 621 645;A01;0;7;0;2;8;1;1;
202300033222;155 621 646;B01;0;31;0;2;1;1;0;
202300033223;155 621 644;A01;2;7;4;0;2;1;1;
202300033224;155 621 643;A01;1;7;0;1;2;1;1;
202300033225;155 621 640;B01;2;7;0;2;4;2;1;
202300033225;155 621 641;A01;2;7;0;2;1;2;1;
202300033226;155 621 639;A01;1;7;0;1;1;1;1;
202300033227;155 621 638;A01;1;7;0;1;1;1;1;
202300033228;155 621 636;A01;1;7;0;0;3;20;1;
202300033228;155 621 637;B01;1;7;0;2;2;2;1;
202300033229;155 621 634;B01;1;2;0;2;1;2;3;
202300033229;155 621 635;A01;0;7;0;2;3;20;1;
202300033230;155 621 632;B01;2;32;0;2;7;1;1;
202300033230;155 621 633;A01;1;3;0;2;1;9;1;
202300033231;155 621 630;B01;2;7;0;0;4;2;1;
202300033231;155 621 631;A01;2;10;0;2;1;2;1;
202300033232;155 621 628;B01;2;7;0;2;4;23;1;
202300033232;155 621 629;A01;2;7;0;2;1;1;1;
202300033233;155 621 626;A01;3;35;0;2;8;9;3;
202300033233;155 621 627;B01;3;1;0;2;1;1;5;
202300033234;155 621 624;B01;3;30;0;2;1;1;1;
202300033234;155 621 625;A01;3;10;0;2;3;9;1;
202300033235;155 621 622;A01;3;7;0;2;1;1;1;
202300033235;155 621 623;B01;3;10;0;2;2;2;1;
202300033236;155 621 620;A01;3;7;0;2;1;2;1;
202300033236;155 621 621;B01;3;7;0;2;4;9;1;
202300033237;155 621 618;B01;2;2;0;2;1;1;1;
202300033237;155 621 619;A01;1;7;0;2;5;15;1;
202300033238;155 621 616;B01;1;10;0;2;4;1;1;
202300033238;155 621 617;A01;1;33;0;2;1;12;1;
202300033239;155 621 615;A01;1;1;0;0;0;21;5;
202300033240;155 621 614;A01;2;1;0;1;1;1;5;
202300033241;155 621 612;B01;2;1;0;2;2;1;5;
202300033241;155 621 613;A01;2;10;0;2;3;9;1;
202300033242;155 621 610;A01;2;14;0;2;1;1;1;
202300033242;155 621 611;B01;2;7;0;2;6;23;1;
202300033243;155 621 609;A01;2;50;0;0;0;1;3;
202300033244;155 621 608;A01;2;43;14;0;3;7;1;
202300033245;155 621 607;A01;2;50;0;1;8;1;3;
202300033246;155 621 604;B01;1;32;0;2;2;1;1;
202300033246;155 621 605;A01;1;7;0;2;3;9;1;
202300033247;155 621 602;A01;2;31;0;1;8;17;3;
202300033247;155 621 603;B01;2;10;0;2;6;1;1;
202300033248;155 621 601;A01;1;1;12;0;3;13;5;
202300033249;155 621 599;A01;1;7;0;2;3;15;2;
202300033249;155 621 600;B01;2;30;0;2;6;1;3;
202300033250;155 621 598;A01;1;7;0;1;6;4;0;
202300033251;155 621 596;A01;0;7;0;2;1;15;0;
202300033251;155 621 597;B01;2;7;0;2;8;2;0;
202300033252;155 621 595;A01;2;32;0;1;1;1;1;
202300033253;155 621 593;A01;3;7;0;2;3;1;1;
202300033253;155 621 594;B01;3;7;0;2;2;15;1;
202300033254;155 621 592;A01;1;7;0;1;1;26;1;
202300033255;155 621 590;A01;1;7;0;2;3;15;3;
202300033255;155 621 591;B01;2;33;0;2;1;1;1;
202300033256;155 621 588;B01;1;1;0;2;0;19;5;
202300033256;155 621 589;A01;2;7;0;9;0;0;1;
202300033257;155 621 587;A01;0;7;6;0;1;26;0;
202300033258;155 621 586;A01;1;7;0;1;1;16;1;
202300033259;155 621 585;A01;1;7;0;1;3;15;0;
202300033260;155 621 583;B01;0;50;0;2;0;0;3;
202300033260;155 621 584;NA01;3;10;0;2;3;24;1;
202300033261;155 621 582;A01;2;7;0;1;1;1;1;
202300033262;155 621 580;A01;2;7;0;2;1;15;1;
202300033262;155 621 581;B01;1;33;0;2;1;1;1;
202300033263;155 621 578;B01;2;34;0;2;1;12;1;
202300033263;155 621 579;A01;2;7;0;2;8;9;1;
202300033264;155 621 577;A01;2;33;12;0;8;2;1;
202300033265;155 621 576;A01;1;30;0;1;2;1;1;
202300033266;155 621 575;A01;1;2;1;1;1;5;1;
202300033267;155 621 573;A01;3;1;0;2;2;2;5;
202300033267;155 621 574;B01;3;7;0;9;6;2;1;
202300033268;155 621 572;A01;0;7;0;0;0;0;3;
202300033269;155 621 570;B01;2;31;0;0;0;0;1;
202300033269;155 621 571;A01;2;7;1;0;1;2;1;
202300033270;155 621 569;A01;1;10;0;1;2;12;1;
202300033271;155 621 567;A01;1;7;0;2;1;1;1;
202300033271;155 621 568;B01;1;7;0;2;4;23;1;
202300033272;155 621 565;B01;1;7;0;2;4;2;1;
202300033272;155 621 566;A01;1;10;0;2;1;2;1;
202300033273;155 621 561;A01;2;15;0;2;1;2;1;
202300033273;155 621 562;B01;2;15;0;2;4;2;1;
202300033273;155 621 563;C01;1;15;0;2;4;2;1;
202300033273;155 621 564;D01;1;15;0;2;4;2;1;
202300033274;155 621 559;B01;2;10;0;2;4;2;1;
202300033274;155 621 560;A01;2;7;0;2;1;2;1;
202300033275;155 621 557;B01;2;33;0;2;8;3;1;
202300033275;155 621 558;A01;2;7;0;2;7;12;1;
202300033276;155 621 555;Z01;2;10;0;2;0;18;0;
202300033276;155 621 556;A01;1;31;0;2;1;1;1;
202300033277;155 621 553;A01;2;7;0;2;1;2;1;
202300033277;155 621 554;B01;2;7;0;2;4;23;1;
202300033278;155 621 552;A01;1;43;4;0;1;14;1;
202300033279;155 621 550;B01;1;7;0;2;6;2;1;
202300033279;155 621 551;A01;1;43;0;2;1;2;1;
202300033280;155 621 549;A01;2;7;0;1;2;1;1;
202300033281;155 621 547;A01;1;7;0;1;1;15;1;
202300033282;155 621 545;A01;3;7;0;9;0;15;1;
202300033282;155 621 546;B01;3;50;0;2;7;17;3;
202300033283;155 621 539;A01;1;7;0;2;4;2;1;
202300033283;155 621 540;B01;1;7;0;2;1;2;1;
202300033283;155 621 541;C01;1;7;0;2;1;2;1;
202300033283;155 621 542;E01;1;7;0;2;1;2;1;
202300033283;155 621 543;F01;1;7;0;2;1;2;0;
202300033283;155 621 544;D01;1;7;0;2;1;2;1;
202300033284;155 621 537;A01;1;33;0;2;7;14;1;
202300033284;155 621 538;B01;1;7;0;2;8;1;1;
202300033285;155 621 535;A01;3;1;0;2;8;5;5;
202300033285;155 621 536;B01;3;7;6;0;1;9;1;
202300033286;155 621 533;A01;3;7;0;2;1;1;1;
202300033286;155 621 534;B01;2;2;0;2;8;1;1;
202300033287;155 621 531;A01;1;2;0;2;4;16;1;
202300033287;155 621 532;Z01;2;7;0;0;0;0;1;
202300033288;155 621 529;B01;3;1;0;2;8;1;5;
202300033288;155 621 530;A01;3;43;0;2;7;1;1;
202300033289;155 621 527;B01;1;1;0;2;1;2;5;
202300033289;155 621 528;A01;2;7;0;2;2;15;1;
202300033290;155 621 526;A01;1;7;6;0;1;1;1;
202300033291;155 621 524;A01;1;7;0;2;6;15;1;
202300033291;155 621 525;Z01;2;10;0;2;2;14;1;
202300033292;155 621 522;B01;1;1;0;2;1;1;5;
202300033292;155 621 523;A01;1;7;0;2;3;22;1;
202300033293;155 621 519;A01;1;7;4;2;3;13;1;
202300033293;155 621 520;B01;1;7;4;2;3;1;1;
202300033294;155 621 518;A01;3;7;0;1;1;15;1;
202300033295;155 621 516;B01;3;1;0;2;1;1;5;
202300033295;155 621 517;A01;3;7;0;2;3;15;1;
202300033296;155 621 514;A01;1;7;0;2;1;15;1;
202300033296;155 621 515;B01;2;50;0;2;3;1;3;
202300033297;155 621 513;A01;3;7;0;1;1;2;0;
202300033298;155 621 512;A01;1;7;2;0;1;1;1;
202300033299;155 621 510;B01;1;7;0;2;3;1;1;
202300033299;155 621 511;A01;2;31;0;2;1;13;1;
202300033300;155 621 509;A01;3;7;0;1;2;1;1;
202300033301;155 621 507;B01;2;1;0;2;2;1;5;
202300033301;155 621 508;A01;2;7;0;2;2;16;1;
202300033302;155 621 504;A01;3;7;0;1;5;16;1;
202300033303;155 621 502;B01;1;2;0;2;1;1;1;
202300033303;155 621 503;A01;2;37;0;2;2;15;1;1
202300033304;155 621 501;A01;2;7;0;1;0;0;0;
202300033305;155 621 500;A01;1;7;0;1;1;1;1;
202300033306;155 621 499;A01;1;7;0;1;0;0;0;
202300033307;155 621 497;B01;3;80;0;0;0;0;3;
202300033307;155 621 498;A01;3;7;0;0;1;16;3;
202300033308;155 621 495;B01;1;1;0;2;0;7;5;
202300033308;155 621 496;Z01;2;7;0;9;0;0;1;
202300033309;155 621 494;A01;1;7;0;1;1;1;1;
202300033310;155 621 492;B01;3;80;0;2;1;1;3;
202300033310;155 621 493;A01;3;7;0;2;8;9;1;
202300033311;155 621 491;A01;2;7;0;1;1;15;1;
202300033312;155 621 490;A01;1;7;13;0;2;12;1;
202300033313;155 621 489;A01;2;7;0;1;3;1;1;
202300033314;155 621 487;B01;2;7;16;0;0;1;1;
202300033314;155 621 488;A01;1;7;0;1;3;1;1;
202300033315;155 621 486;A01;1;7;0;1;1;9;1;
202300033316;155 621 484;A01;3;50;0;2;1;1;3;
202300033316;155 621 485;B01;1;7;0;2;2;0;1;
202300033317;155 621 482;B01;3;1;0;2;8;0;5;
202300033317;155 621 483;A01;2;7;0;2;1;0;2;
202300033318;155 621 479;A01;3;7;0;2;1;1;2;
202300033318;155 621 480;B01;3;7;0;2;4;1;1;
202300033318;155 621 481;C01;3;7;0;2;4;26;0;
202300033319;155 621 477;A01;2;10;0;2;2;15;1;
202300033319;155 621 478;B01;1;33;0;2;1;1;1;
202300033320;155 621 476;A01;2;7;0;1;3;1;3;
202300033321;155 621 472;B01;2;7;0;2;9;0;1;
202300033321;155 621 473;C01;2;7;0;2;1;0;1;
202300033321;155 621 474;D01;2;7;0;2;0;0;1;
202300033321;155 621 475;A01;2;7;0;2;1;0;1;
202300033322;155 621 470;A01;2;7;0;2;4;1;1;
202300033322;155 621 471;B01;2;7;0;2;1;0;1;
202300033323;155 621 468;A01;2;7;0;0;6;24;1;
202300033323;155 621 469;B01;2;7;1;0;1;2;1;
202300033324;155 621 467;A01;2;34;4;0;8;1;1;
202300033325;155 621 464;A01;2;7;0;2;1;1;1;
202300033325;155 621 465;B01;2;7;0;2;1;1;0;
202300033325;155 621 466;C01;2;7;0;2;4;1;1;
202300033326;155 621 461;B01;2;7;0;2;5;1;1;
202300033326;155 621 462;C01;2;7;0;2;4;1;1;
202300033326;155 621 463;A01;2;7;0;0;1;12;1;
202300033327;155 621 459;B01;1;7;0;0;0;0;0;
202300033327;155 621 460;A01;1;33;0;2;1;1;1;
202300033328;155 621 458;A01;1;7;14;0;1;1;1;
202300033329;155 621 457;A01;1;10;3;2;1;1;1;
202300033330;155 621 456;A01;2;7;4;0;9;17;1;
202300033331;155 621 454;A01;2;7;0;2;8;2;3;
202300033331;155 621 455;B01;2;14;0;2;2;12;1;
202300033332;155 621 452;A01;2;7;0;2;2;12;1;
202300033332;155 621 453;B01;2;7;0;2;6;1;3;
202300033333;155 621 449;C01;1;7;0;2;4;23;3;
202300033333;155 621 450;A01;1;10;0;2;1;2;1;
202300033333;155 621 451;B01;1;7;0;2;4;23;1;
202300033334;155 621 448;A01;2;7;0;1;2;1;1;
202300033335;155 621 446;A01;1;30;0;2;1;15;1;
202300033335;155 621 447;B01;2;30;0;2;1;1;1;
202300033336;155 621 443;B01;2;7;-1;2;1;15;-1;
202300033336;155 621 444;A01;1;33;0;2;7;1;1;
202300033337;155 621 442;A01;3;7;6;0;2;1;1;
202300033338;155 621 441;A01;3;2;0;0;2;1;1;
202300033339;155 621 438;B01;1;7;15;2;4;21;1;
202300033339;155 621 439;A01;1;7;16;0;0;14;1;
202300033339;155 621 440;C01;1;7;0;2;1;1;1;
202300033340;155 621 436;B01;0;7;0;0;3;15;1;
202300033340;155 621 437;A01;3;34;8;0;2;17;1;
202300033341;155 621 434;B01;1;10;6;2;1;2;1;
202300033341;155 621 435;A01;1;7;6;0;3;15;1;
202300033342;155 621 432;A01;2;7;0;2;0;9;1;
202300033342;155 621 433;B01;2;2;0;2;1;11;1;
202300033343;155 621 430;A01;3;2;0;2;8;1;1;
202300033343;155 621 431;B01;3;7;0;2;2;15;1;
202300033344;155 621 428;A01;2;50;0;2;1;19;3;
202300033344;155 621 429;B01;1;7;0;2;6;19;1;
202300033345;155 621 426;A01;1;7;0;2;3;15;1;
202300033345;155 621 427;B01;2;30;0;2;1;1;3;
202300033346;155 621 425;A01;1;7;1;0;1;1;1;
202300033347;155 621 423;A01;2;7;0;2;3;5;1;
202300033347;155 621 424;B01;1;32;0;2;3;1;1;
202300033348;155 621 421;B01;2;7;0;2;2;1;2;
202300033348;155 621 422;A01;2;7;0;2;1;10;1;
202300033349;155 621 419;A01;1;7;0;2;1;1;1;
202300033349;155 621 420;B01;1;50;0;2;8;1;3;
202300033350;155 621 417;A01;2;32;0;2;1;2;1;
202300033350;155 621 418;B01;1;7;0;0;6;15;1;
202300033351;155 621 416;B01;1;32;0;2;0;0;0;
202300033352;155 621 414;A01;3;7;0;2;1;9;1;
202300033352;155 621 415;B01;3;1;0;2;1;1;5;
202300033353;155 621 412;A01;3;7;0;2;8;9;0;
202300033353;155 621 413;B01;2;7;0;2;1;1;0;
202300033354;155 621 410;B01;3;7;0;2;1;0;1;
202300033354;155 621 411;A01;3;7;0;2;1;0;1;
202300033355;155 621 406;B01;2;7;0;2;3;9;0;
202300033355;155 621 407;A01;3;3;0;2;1;1;0;
202300033356;155 621 405;A01;3;7;9;0;1;1;1;
202300033357;155 621 403;A01;1;7;0;2;1;13;1;
202300033357;155 621 404;B01;1;7;0;2;2;15;1;
202300033358;155 621 402;A01;0;7;6;0;2;14;1;
202300033359;155 621 400;B01;2;7;0;2;3;1;1;
202300033359;155 621 401;A01;1;7;0;2;3;13;1;
202300033360;155 621 399;A01;3;33;0;0;4;0;1;
202300033361;155 621 397;A01;1;7;0;2;4;15;1;
202300033361;155 621 398;B01;1;7;0;2;1;2;1;
202300033362;155 621 395;A01;1;7;0;2;2;15;1;
202300033362;155 621 396;B01;2;33;0;2;3;16;1;
202300033363;155 621 394;A01;0;2;15;0;2;14;1;
202300033364;155 621 393;A01;1;7;0;1;2;0;1;
202300033365;155 621 391;B01;1;30;0;2;4;9;1;
202300033365;155 621 392;A01;3;7;0;2;1;9;1;
202300033366;155 621 389;B01;1;50;0;2;1;1;3;
202300033366;155 621 390;A01;1;7;0;9;3;9;1;
202300033367;155 621 385;A01;1;7;0;2;1;2;1;
202300033367;155 621 386;B01;1;7;0;2;4;2;1;
202300033367;155 621 387;C01;1;7;0;2;4;2;1;
202300033367;155 621 388;D01;1;7;0;2;4;2;1;
202300033368;155 621 383;A01;3;7;0;2;3;19;1;
202300033368;155 621 384;B01;0;33;0;2;1;19;1;
202300033369;155 621 381;B01;1;7;8;2;3;19;1;
202300033369;155 621 382;A01;3;7;0;2;1;15;1;
202300033370;155 621 379;A01;2;1;0;2;1;1;5;
202300033370;155 621 380;B01;3;80;0;2;1;1;3;
202300033371;155 621 377;A01;2;30;0;2;1;1;1;
202300033371;155 621 378;Z01;1;7;0;2;0;10;1;
202300033372;155 621 375;A01;1;7;0;0;1;1;1;
202300033372;155 621 376;B01;1;7;0;0;4;1;1;
202300033373;155 621 373;B01;1;2;0;2;1;1;1;
202300033373;155 621 374;A01;1;7;0;2;8;1;1;
202300033374;155 621 371;A01;2;7;0;2;3;1;1;
202300033374;155 621 372;B01;1;7;0;2;2;15;1;
202300033375;155 621 370;A01;3;7;0;1;1;15;1;
202300033376;155 621 368;A01;2;7;0;2;1;16;1;
202300033376;155 621 369;B01;2;50;0;2;7;1;3;
202300033377;155 621 366;B01;2;50;0;2;7;1;3;
202300033377;155 621 367;A01;3;7;0;2;1;16;1;
202300033378;155 621 364;B01;1;1;0;2;2;1;5;
202300033378;155 621 365;A01;2;7;0;2;3;15;1;
202300033379;155 621 362;A01;3;7;0;2;0;26;1;
202300033379;155 621 363;B01;3;7;0;2;0;1;1;
202300033380;155 621 361;A01;3;7;0;0;0;1;1;
202300033381;155 621 359;A01;2;7;0;2;1;15;1;
202300033381;155 621 360;B01;1;50;0;2;8;1;3;
202300033382;155 621 358;A01;1;7;0;0;1;9;1;
202300033383;155 621 357;A01;1;7;0;1;1;15;1;
202300033384;155 621 355;A01;3;7;0;2;3;9;1;
202300033384;155 621 356;B01;3;30;0;2;1;1;1;
202300033385;155 621 354;A01;3;7;8;0;9;1;1;
202300033386;155 621 352;B01;2;1;0;2;7;1;5;
202300033386;155 621 353;A01;0;7;0;2;3;9;1;
202300033387;155 621 350;A01;3;7;0;2;3;15;1;
202300033387;155 621 351;B01;3;33;0;2;1;1;1;
202300033388;155 621 348;A01;0;7;0;2;5;19;1;
202300033388;155 621 349;B01;0;33;0;2;1;1;1;
202300033389;155 621 347;A01;2;7;6;0;1;1;1;
202300033390;155 621 345;A01;2;0;0;2;5;17;0;
202300033390;155 621 346;B01;2;50;0;2;0;1;3;
202300033391;155 621 343;A01;3;1;0;2;3;1;5;
202300033391;155 621 344;B01;3;7;0;2;3;15;1;
202300033392;155 621 342;A01;1;7;12;1;2;1;1;
202300033393;155 621 340;A01;3;7;0;2;3;19;1;
202300033393;155 621 341;B01;3;7;0;2;2;16;1;
202300033394;155 621 339;A01;1;7;8;1;0;14;1;
202300033395;155 621 338;A01;1;7;0;1;1;1;1;
202300033396;155 621 336;A01;3;7;0;2;6;15;1;
202300033396;155 621 337;B01;3;2;0;2;1;2;1;
202300033397;155 621 334;B01;1;7;0;2;4;23;1;
202300033397;155 621 335;A01;1;7;0;2;1;1;1;
202300033398;155 621 332;A01;2;7;11;2;3;13;1;
202300033398;155 621 333;B01;1;7;0;2;3;1;1;
202300033399;155 621 329;A01;1;10;0;2;9;1;1;
202300033399;155 621 330;C01;1;10;0;2;2;2;0;
202300033399;155 621 331;B01;2;10;0;2;1;15;1;
202300033400;155 621 328;B01;1;1;14;0;4;1;5;
202300033401;155 621 326;A01;1;7;0;2;3;1;1;
202300033401;155 621 327;B01;2;30;0;2;1;13;1;
202300033402;155 621 325;A01;1;33;0;2;8;1;1;
202300033403;155 621 323;A01;1;10;0;2;7;9;1;
202300033403;155 621 324;B01;1;1;0;2;8;2;5;
202300033404;155 621 321;A01;1;33;0;2;7;17;1;
202300033404;155 621 322;B01;1;7;0;2;0;0;1;
202300033405;155 621 319;A01;1;30;0;2;1;5;1;
202300033405;155 621 320;B01;2;2;0;2;1;23;1;
202300033406;155 621 318;A01;3;7;0;1;2;1;1;
202300033407;155 621 317;A01;3;7;12;0;9;26;1;
202300033408;155 621 315;A01;2;30;0;2;1;1;1;
202300033408;155 621 316;B01;2;7;0;2;4;2;1;
202300033409;155 621 313;A01;3;7;0;2;3;1;1;
202300033409;155 621 314;B01;3;50;0;2;1;19;3;
202300033410;155 621 312;A01;0;7;0;1;6;4;1;
202300033411;155 621 308;A01;3;13;0;2;3;2;1;
202300033411;155 621 309;B01;3;34;0;2;1;17;1;
202300033412;155 621 307;A01;2;36;6;0;1;14;1;
202300033413;155 621 305;A01;2;7;0;2;6;1;1;
202300033413;155 621 306;B01;2;7;0;2;1;1;2;
202300033414;155 621 303;B01;3;7;0;2;1;1;1;
202300033414;155 621 304;A01;3;7;0;2;1;13;1;
202300033415;155 621 302;A01;3;37;0;1;1;1;1;1
202300033416;155 621 300;A01;1;7;0;2;2;15;0;
202300033416;155 621 301;B01;2;31;0;2;1;1;0;
202300033417;155 621 299;A01;1;32;0;1;0;26;1;
202300033418;155 621 296;A01;2;7;0;2;1;2;1;
202300033418;155 621 297;B01;2;7;0;2;4;2;1;
202300033418;155 621 298;C01;2;7;0;2;4;2;3;
202300033419;155 621 295;A01;1;36;6;0;2;5;1;
202300033420;155 621 293;A01;3;7;0;2;4;0;1;
202300033420;155 621 294;B01;3;7;0;2;1;1;1;
202300033421;155 621 291;B01;1;7;0;2;1;1;1;
202300033421;155 621 292;A01;1;2;0;2;1;13;1;
202300033422;155 621 289;A01;0;2;0;2;7;0;0;
202300033422;155 621 290;B01;0;7;0;2;6;1;3;
202300033423;155 621 287;A01;2;7;0;2;1;2;1;
202300033423;155 621 288;B01;1;7;0;2;8;15;1;
202300033424;155 621 286;Z01;1;10;0;1;1;16;0;
202300033425;155 621 284;B01;2;7;0;2;3;15;1;
202300033425;155 621 285;A01;1;7;0;2;3;1;1;
202300033426;155 621 282;A01;3;7;0;2;1;13;1;
202300033426;155 621 283;B01;3;7;0;2;1;1;2;
202300033427;155 621 280;A01;1;10;0;2;6;15;1;
202300033427;155 621 281;B01;1;33;0;2;1;1;1;
202300033428;155 621 277;B01;1;37;0;2;3;17;6;1
202300033428;155 621 278;C01;1;7;0;2;0;2;1;