Num_Acc;id_vehicule;num_veh;senc;catv;obs;obsm;choc;manv;motor;occutc
202300033428;155 621 279;A01;1;32;8;2;5;17;1;
202300033429;155 621 275;A01;2;7;0;2;2;15;1;
202300033429;155 621 276;B01;1;33;0;2;1;1;1;
202300033430;155 621 273;B01;1;33;0;2;1;1;1;
202300033430;155 621 274;A01;1;7;0;2;8;15;1;
202300033431;155 621 271;A01;1;7;0;2;1;1;1;
202300033431;155 621 272;B01;1;7;0;2;8;15;1;
202300033432;155 621 268;A01;2;99;11;2;7;6;1;
202300033432;155 621 269;B01;2;99;0;2;8;1;1;
202300033432;155 621 270;C01;2;99;0;2;1;1;1;
202300033433;155 621 266;A01;1;7;0;2;1;13;1;
202300033433;155 621 267;B01;2;7;0;0;1;1;1;
202300033434;155 621 265;A01;2;10;0;1;2;1;1;
202300033435;155 621 264;A01;0;33;0;0;1;0;0;
202300033436;155 621 262;B01;3;37;0;2;6;1;1;1
202300033436;155 621 263;A01;3;33;0;2;1;17;1;
202300033437;155 621 260;A01;2;1;0;2;1;9;5;
202300033437;155 621 261;B01;1;7;0;2;8;1;1;
202300033438;155 621 259;A01;1;32;0;0;1;2;1;
202300033439;155 621 258;A01;2;33;0;0;8;1;1;
202300033440;155 621 257;A01;1;33;0;0;8;1;1;
202300033441;155 621 255;A01;1;7;0;2;3;15;3;
202300033441;155 621 256;B01;1;33;0;2;2;17;1;
202300033442;155 621 253;A01;0;7;0;2;2;1;2;
202300033442;155 621 254;B01;0;43;0;2;2;1;1;
202300033443;155 621 251;B01;1;33;0;2;1;1;1;
202300033443;155 621 252;A01;1;10;0;2;2;15;1;
202300033444;155 621 249;A01;1;34;1;2;1;1;1;
202300033444;155 621 250;B01;1;7;0;2;3;1;1;
202300033445;155 621 247;B01;1;34;0;2;2;1;1;
202300033445;155 621 248;A01;1;10;0;2;1;9;1;
202300033446;155 621 243;C01;1;10;0;2;4;23;1;
202300033446;155 621 244;D01;1;7;0;2;4;23;2;
202300033446;155 621 245;A01;1;7;0;2;1;1;1;
202300033446;155 621 246;B01;2;7;0;2;4;23;1;
202300033447;155 621 242;A01;2;7;0;1;8;2;1;
202300033448;155 621 241;A01;1;7;0;1;1;15;2;
202300033449;155 621 240;A01;1;7;0;1;1;15;0;
202300033450;155 621 238;A01;1;10;1;2;3;1;1;
202300033450;155 621 239;B01;1;7;0;2;1;1;1;
202300033451;155 621 236;A01;1;7;12;2;3;19;1;
202300033451;155 621 237;B01;1;7;12;2;0;0;1;
202300033452;155 621 235;A01;2;10;0;1;1;15;1;
202300033453;155 621 232;A01;2;10;0;2;7;16;1;
202300033453;155 621 233;B01;2;34;0;2;1;1;1;
202300033453;155 621 234;C01;2;7;0;2;1;23;1;
202300033454;155 621 230;B01;1;7;0;2;1;9;1;
202300033454;155 621 231;A01;1;1;0;2;4;3;5;
202300033455;155 621 228;B01;1;7;0;2;4;1;1;
202300033455;155 621 229;A01;1;7;0;2;1;1;1;
202300033456;155 621 226;B01;1;2;0;2;5;1;1;
202300033456;155 621 227;A01;2;10;0;2;3;15;1;
202300033457;155 621 225;A01;0;7;1;0;2;1;1;
202300033458;155 621 223;A01;1;7;0;2;3;21;1;
202300033458;155 621 224;B01;1;7;0;0;1;1;1;
202300033459;155 621 221;B01;0;34;0;2;1;1;1;
202300033459;155 621 222;A01;0;7;0;2;2;9;1;
202300033460;155 621 218;A01;3;7;4;0;1;17;1;
202300033461;155 621 217;A01;1;10;1;0;1;9;1;
202300033462;155 621 215;A01;2;7;0;2;1;15;1;
202300033462;155 621 216;B01;1;7;0;2;3;15;1;
202300033463;155 621 213;B01;1;10;0;2;2;1;1;
202300033463;155 621 214;A01;2;7;0;2;5;1;1;
202300033464;155 621 211;A01;1;7;0;2;4;2;1;
202300033464;155 621 212;B01;1;37;0;2;1;2;2;1
202300033465;155 621 210;A01;1;7;2;0;3;0;0;
202300033466;155 621 208;A01;2;7;0;2;1;1;1;
202300033466;155 621 209;B01;1;15;0;2;1;1;1;
202300033467;155 621 206;A01;1;7;0;2;1;1;3;
202300033467;155 621 207;B01;1;7;0;2;4;23;1;
202300033468;155 621 203;A01;1;33;1;2;0;0;1;
202300033468;155 621 204;B01;1;7;0;2;4;24;1;
202300033468;155 621 205;C01;2;7;0;2;8;1;0;
202300033469;155 621 202;A01;3;31;13;0;8;1;1;
202300033470;155 621 201;A01;3;2;14;0;1;1;1;
202300033471;155 621 200;A01;1;7;6;0;1;5;1;
202300033472;155 621 198;A01;2;7;0;2;3;1;1;
202300033472;155 621 199;B01;1;7;0;2;3;1;1;
202300033473;155 621 197;A01;2;33;6;0;1;1;1;
202300033474;155 621 195;B01;2;7;0;2;4;2;1;
202300033474;155 621 196;A01;2;7;0;2;1;2;1;
202300033475;155 621 193;A01;2;7;2;0;3;1;1;
202300033476;155 621 194;A01;2;50;0;1;8;1;3;
202300033477;155 621 192;A01;1;2;0;0;0;0;1;
202300033478;155 621 189;A01;1;7;0;2;8;10;6;
202300033478;155 621 191;B01;1;33;0;2;7;17;1;
202300033479;155 621 188;A01;1;33;0;2;1;2;1;
202300033479;155 621 190;B01;1;7;0;2;4;2;1;
202300033480;155 621 186;A01;2;7;13;0;2;1;1;
202300033481;155 621 183;B01;2;80;0;2;4;1;3;
202300033481;155 621 185;A01;2;7;0;2;2;17;1;
202300033482;155 621 184;B01;2;7;0;2;3;1;2;
202300033482;155 621 187;A01;2;7;0;2;7;1;1;
202300033483;155 621 182;A01;1;13;16;0;0;0;1;
202300033484;155 621 181;A01;3;50;14;0;1;1;3;
202300033485;155 621 179;A01;1;50;0;2;4;1;3;
202300033485;155 621 180;B01;2;7;0;2;5;1;1;
202300033486;155 621 177;A01;1;7;0;2;8;22;1;
202300033486;155 621 178;B01;1;1;0;2;1;1;5;
202300033487;155 621 175;A01;1;7;0;2;3;0;0;
202300033487;155 621 176;B01;2;33;0;2;1;0;1;
202300033488;155 621 173;A01;1;33;0;0;3;2;1;
202300033489;155 621 172;B01;3;7;0;2;3;15;1;
202300033489;155 621 174;A01;3;33;0;2;1;1;1;
202300033490;155 621 169;A01;3;7;0;9;1;0;1;
202300033490;155 621 171;B01;3;1;0;2;1;0;5;
202300033491;155 621 168;B01;3;32;0;2;1;1;1;
202300033491;155 621 170;A01;1;7;0;2;7;1;2;
202300033492;155 621 167;A01;1;33;2;0;1;0;1;
202300033493;155 621 163;A01;1;7;6;0;1;13;1;
202300033493;155 621 165;B01;1;7;15;0;3;21;1;
202300033494;155 621 164;A01;3;1;0;2;2;19;5;
202300033494;155 621 166;B01;3;43;0;2;1;1;1;
202300033495;155 621 162;A01;0;7;2;0;1;1;1;
202300033496;155 621 159;A01;1;7;2;0;1;14;1;
202300033497;155 621 155;A01;1;7;0;2;3;9;0;
202300033497;155 621 157;B01;2;7;0;2;2;21;0;
202300033498;155 621 154;A01;1;30;0;2;1;3;1;
202300033498;155 621 156;B01;1;1;0;0;8;15;5;
202300033499;155 621 153;A01;2;7;0;1;1;15;0;
202300033500;155 621 151;A01;2;33;4;0;2;1;1;
202300033501;155 621 150;A01;2;7;0;2;2;15;0;
202300033501;155 621 152;B01;1;1;0;2;1;1;5;
202300033502;155 621 149;A01;1;33;13;0;1;1;1;
202300033503;155 621 147;B01;1;7;0;2;1;1;1;
202300033503;155 621 148;A01;2;80;0;2;1;5;3;
202300033504;155 621 145;A01;2;7;0;2;3;19;1;
202300033504;155 621 146;B01;2;7;0;2;6;0;1;
202300033505;155 621 143;A01;3;2;0;0;0;0;1;
202300033506;155 621 142;A01;3;7;0;2;2;15;2;
202300033506;155 621 144;B01;3;80;0;2;3;15;3;
202300033507;155 621 140;B01;2;7;0;2;1;1;1;
202300033507;155 621 141;A01;1;7;0;2;7;13;1;
202300033508;155 621 139;A01;3;7;0;1;1;1;2;
202300033509;155 621 137;A01;1;7;0;9;2;2;1;
202300033509;155 621 138;B01;1;1;0;0;4;2;5;
202300033510;155 621 133;A01;2;33;0;2;1;1;1;
202300033510;155 621 134;B01;1;7;0;2;6;15;1;
202300033511;155 621 135;B01;1;1;0;0;0;1;5;
202300033511;155 621 136;A01;1;7;0;0;1;16;6;
202300033512;155 621 131;B01;1;7;0;2;2;1;1;
202300033512;155 621 132;A01;1;10;0;2;3;1;1;
202300033513;155 621 130;A01;2;10;0;1;4;4;1;
202300033514;155 621 128;A01;2;33;10;0;7;0;1;
202300033515;155 621 127;A01;1;7;0;2;1;15;1;
202300033515;155 621 129;B01;2;33;0;2;1;1;0;
202300033516;155 621 125;B01;2;1;0;2;1;1;5;
202300033516;155 621 126;A01;2;13;0;9;3;19;1;
202300033517;155 621 124;A01;2;7;2;0;1;5;1;
202300033518;155 621 121;A01;1;7;8;0;3;0;1;
202300033519;155 621 122;A01;1;3;0;2;7;1;1;
202300033519;155 621 123;B01;2;7;0;2;1;1;1;
202300033520;155 621 119;A01;1;33;0;2;1;16;1;
202300033520;155 621 120;B01;2;7;0;2;1;5;1;
202300033521;155 621 116;A01;2;7;0;2;1;1;1;
202300033521;155 621 117;B01;2;17;0;0;4;1;1;
202300033522;155 621 115;B01;3;7;0;2;1;1;1;
202300033522;155 621 118;A01;3;7;0;2;7;19;1;
202300033523;155 621 113;A01;2;10;2;0;1;1;0;
202300033524;155 621 112;A01;1;33;0;2;2;16;1;
202300033524;155 621 114;B01;1;7;0;0;3;1;1;
202300033525;155 621 109;B01;0;7;0;2;3;1;0;
202300033525;155 621 111;A01;0;7;0;2;1;2;0;
202300033526;155 621 107;A01;2;7;0;1;1;1;1;
202300033527;155 621 106;C01;2;33;0;0;4;2;1;
202300033527;155 621 108;A01;2;10;0;2;1;2;1;
202300033527;155 621 110;B01;2;7;0;0;6;2;1;
202300033528;155 621 104;B01;2;32;0;1;1;2;0;
202300033529;155 621 101;A01;1;7;0;2;2;1;1;
202300033529;155 621 102;B01;1;1;0;2;8;1;5;
202300033530;155 621 103;B01;1;33;0;2;1;2;1;
202300033530;155 621 105;A01;1;33;0;0;8;15;1;
202300033531;155 621 098;A01;2;7;0;0;9;14;1;
202300033532;155 621 096;B01;1;37;0;2;6;23;0;1
202300033532;155 621 099;C01;1;7;0;2;0;0;1;
202300033532;155 621 100;A01;1;31;0;2;1;3;1;
202300033533;155 621 095;A01;1;33;0;2;1;1;1;
202300033533;155 621 097;B01;2;14;0;2;1;19;1;
202300033534;155 621 093;A01;1;33;4;0;0;1;1;
202300033535;155 621 094;A01;1;10;0;1;3;1;0;
202300033536;155 621 090;A01;2;33;0;2;1;2;1;
202300033536;155 621 091;B01;2;7;0;2;4;2;1;
202300033537;155 621 092;A01;3;2;6;0;1;1;1;
202300033538;155 621 089;A01;3;7;0;1;5;20;1;
202300033539;155 621 084;D01;1;7;0;2;4;1;1;
202300033539;155 621 086;A01;1;15;0;2;1;1;1;
202300033539;155 621 087;B01;1;7;0;2;4;1;1;
202300033539;155 621 088;C01;1;10;0;2;6;1;1;
202300033540;155 621 085;A01;2;7;0;1;2;1;1;
202300033541;155 621 083;A01;1;7;0;0;1;14;1;
202300033542;155 621 081;A01;1;7;0;2;3;16;3;
202300033542;155 621 082;B01;1;30;0;2;2;1;1;
202300033543;155 621 078;A01;2;7;0;2;2;2;1;
202300033543;155 621 079;B01;2;7;0;2;6;2;1;
202300033544;155 621 076;A01;1;7;4;0;2;3;1;
202300033545;155 621 073;A01;1;7;0;2;1;12;1;
202300033545;155 621 075;B01;1;10;4;2;8;1;1;
202300033546;155 621 072;C01;1;7;0;2;0;0;0;
202300033546;155 621 074;A01;1;7;0;2;2;19;0;
202300033546;155 621 077;B01;2;33;0;2;7;2;0;
202300033547;155 621 070;A01;1;7;5;2;7;21;1;
202300033547;155 621 071;B01;1;7;0;2;3;1;1;
202300033548;155 621 067;A01;1;7;0;2;1;1;1;
202300033548;155 621 069;B01;3;50;0;2;8;26;3;
202300033549;155 621 066;A01;0;7;1;1;3;15;1;
202300033550;155 621 065;A01;1;7;0;2;1;2;1;
202300033550;155 621 068;B01;1;7;0;2;4;2;1;
202300033551;155 621 064;A01;3;32;0;1;1;1;1;
202300033552;155 621 061;C01;1;7;0;2;4;1;1;
202300033552;155 621 062;B01;1;7;0;2;4;1;1;
202300033552;155 621 063;A01;1;7;0;2;1;1;1;
202300033553;155 621 060;A01;1;7;0;1;2;1;1;
202300033554;155 621 058;A01;0;7;1;0;1;1;1;
202300033555;155 621 059;A01;1;33;4;0;8;13;1;
202300033556;155 621 056;A01;1;7;0;1;1;1;0;
202300033557;155 621 055;A01;1;7;0;2;4;4;1;
202300033557;155 621 057;B01;1;32;0;2;1;2;1;
202300033558;155 621 053;A01;0;7;0;2;4;26;0;
202300033558;155 621 054;B01;0;31;0;2;1;26;0;
202300033559;155 621 052;A01;1;7;0;1;3;1;1;
202300033560;155 621 051;A01;1;7;0;1;3;15;1;
202300033561;155 621 050;A01;1;7;0;1;2;0;1;
202300033562;155 621 048;A01;1;7;0;0;6;22;1;
202300033562;155 621 049;B01;1;43;0;2;7;17;1;
202300033563;155 621 047;A01;1;7;0;1;2;1;0;
202300033564;155 621 045;A01;1;10;0;2;2;16;1;
202300033564;155 621 046;B01;1;99;0;2;1;1;0;
202300033565;155 621 044;A01;1;7;0;1;2;16;1;
202300033566;155 621 042;A01;1;10;0;2;2;26;1;
202300033567;155 621 041;B01;3;7;0;2;2;26;1;
202300033567;155 621 043;A01;2;1;0;2;1;5;5;
202300033568;155 621 040;A01;1;30;0;2;5;1;1;
202300033569;155 621 034;A01;3;30;0;2;6;2;1;
202300033569;155 621 037;B01;3;7;0;2;4;2;1;
202300033570;155 621 035;A01;3;7;0;2;3;0;1;
202300033570;155 621 039;B01;0;7;0;2;5;19;1;
202300033571;155 621 036;A01;1;7;0;2;1;1;1;
202300033571;155 621 038;B01;1;7;0;2;4;1;1;
202300033572;155 621 033;A01;2;30;0;0;2;1;1;
202300033573;155 621 032;A01;1;7;8;0;1;13;1;
202300033574;155 621 030;A01;2;7;0;1;1;15;1;
202300033575;155 621 028;A01;1;10;0;2;2;0;1;
202300033575;155 621 031;B01;1;10;0;2;5;1;1;
202300033576;155 621 026;C01;2;7;0;2;1;2;1;
202300033576;155 621 027;A01;2;7;0;2;8;22;1;
202300033576;155 621 029;B01;2;80;0;2;1;2;3;
202300033577;155 621 024;A01;1;7;0;2;1;23;1;
202300033577;155 621 025;B01;1;7;0;2;4;23;1;
202300033578;155 621 022;B01;2;1;0;2;1;5;5;
202300033578;155 621 023;A01;2;1;0;2;4;21;5;
202300033579;155 621 019;B01;1;7;0;2;3;1;1;
202300033579;155 621 020;A01;3;7;0;2;6;1;0;
202300033580;155 621 021;A01;1;7;0;1;1;15;2;
202300033581;155 621 017;A01;1;7;0;0;3;17;2;
202300033581;155 621 018;B01;1;30;0;0;2;17;1;
202300033582;155 621 016;A01;1;7;0;1;2;14;1;
202300033583;155 621 014;A01;1;31;0;1;1;1;1;
202300033584;155 621 013;B01;1;7;0;2;3;1;0;
202300033584;155 621 015;A01;2;7;0;2;3;13;0;
202300033585;155 621 012;A01;3;7;0;1;1;1;1;
202300033586;155 621 008;A01;2;7;0;0;1;0;1;
202300033586;155 621 011;B01;2;7;0;0;3;19;1;
202300033587;155 621 009;B01;1;32;0;0;7;1;1;
202300033587;155 621 010;A01;1;14;0;0;1;1;6;
202300033588;155 621 007;A01;1;7;8;0;2;16;0;
202300033589;155 621 003;A01;0;7;0;2;7;1;2;
202300033589;155 621 005;B01;3;7;0;2;3;1;2;
202300033590;155 621 002;A01;3;31;0;0;0;9;1;
202300033590;155 621 004;B01;1;1;0;2;4;1;5;
202300033590;155 621 006;C01;1;1;0;2;1;2;5;
202300033591;155 621 000;A01;1;38;0;1;1;1;1;1
202300033592;155 620 998;A01;1;33;0;2;2;1;1;
202300033592;155 621 001;B01;1;7;0;2;3;1;3;
202300033593;155 620 997;A01;1;7;0;2;1;26;1;
202300033593;155 620 999;B01;1;7;0;2;4;23;1;
202300033594;155 620 994;A01;1;7;0;2;1;11;1;
202300033594;155 620 996;B01;2;7;0;2;3;1;1;
202300033595;155 620 993;B01;2;7;0;2;4;1;1;
202300033595;155 620 995;A01;2;1;0;2;4;1;5;
202300033596;155 620 992;A01;1;33;0;0;0;1;1;
202300033597;155 620 989;B01;1;80;0;2;4;2;3;
202300033597;155 620 991;A01;1;7;0;2;2;2;2;
202300033598;155 620 988;B01;3;33;0;2;0;19;1;
202300033598;155 620 990;A01;3;7;0;2;0;1;1;
202300033599;155 620 986;A01;1;2;0;2;1;1;1;
202300033599;155 620 987;B01;1;7;0;2;3;17;1;
202300033600;155 620 983;A01;1;1;0;2;2;16;5;
202300033600;155 620 985;B01;1;7;0;2;3;1;3;
202300033601;155 620 981;A01;2;7;4;0;1;1;1;
202300033602;155 620 979;Z01;1;30;0;2;0;1;0;
202300033602;155 620 980;B01;3;1;0;2;0;19;5;
202300033603;155 620 977;A01;2;14;14;0;1;1;6;
202300033604;155 620 976;A01;1;7;0;0;1;1;1;
202300033605;155 620 975;Z01;1;1;0;1;2;1;5;
202300033606;155 620 974;A01;1;7;0;1;0;16;1;
202300033607;155 620 972;A01;1;7;0;1;3;1;1;
202300033608;155 620 971;A01;2;7;0;2;7;19;1;
202300033608;155 620 973;B01;2;2;0;2;1;1;1;
202300033609;155 620 970;A01;1;7;8;0;4;4;1;
202300033610;155 620 966;A01;1;3;0;2;8;22;3;
202300033610;155 620 968;B01;1;80;0;2;1;1;3;
202300033611;155 620 967;B01;2;2;0;2;3;1;1;
202300033611;155 620 969;A01;1;7;0;2;2;15;1;
202300033612;155 620 965;A01;3;50;0;0;0;1;3;
202300033613;155 620 963;A01;1;7;13;0;1;2;1;
202300033614;155 620 962;A01;1;7;0;2;3;15;1;
202300033614;155 620 964;B01;1;2;0;2;8;1;0;
202300033615;155 620 961;A01;1;1;0;1;7;1;5;
202300033616;155 620 960;A01;1;7;6;0;2;1;0;
202300033617;155 620 959;A01;3;7;0;1;1;0;1;
202300033618;155 620 956;A01;0;7;0;2;1;15;0;
202300033618;155 620 958;B01;0;33;0;2;8;1;0;
202300033619;155 620 954;A01;3;16;0;0;2;2;1;
202300033619;155 620 957;B01;3;1;0;0;0;1;5;
202300033620;155 620 952;B01;1;33;0;2;3;1;1;
202300033620;155 620 955;A01;3;7;0;2;1;15;1;
202300033621;155 620 950;A01;2;7;13;0;0;14;1;
202300033622;155 620 951;A01;1;7;1;0;1;1;1;
202300033622;155 620 953;B01;1;37;0;0;4;23;0;1
202300033623;155 620 949;A01;1;30;0;1;1;26;1;
202300033624;155 620 947;A01;1;7;6;0;2;1;1;
202300033625;155 620 946;A01;2;7;0;2;3;10;1;
202300033625;155 620 948;B01;2;43;0;2;0;13;1;
202300033626;155 620 944;A01;1;7;0;0;3;0;1;
202300033627;155 620 945;A01;1;7;0;1;1;1;1;
202300033628;155 620 942;A01;3;7;0;2;2;10;1;
202300033628;155 620 943;B01;3;7;0;2;3;1;1;
202300033629;155 620 941;A01;2;7;1;0;1;1;1;
202300033630;155 620 939;A01;1;7;0;2;7;13;1;
202300033630;155 620 940;B01;2;7;0;2;1;1;1;
202300033631;155 620 937;B01;2;7;0;2;4;1;1;
202300033631;155 620 938;A01;1;7;0;2;1;1;1;
202300033632;155 620 935;A01;2;7;6;0;0;1;1;
202300033633;155 620 934;A01;1;7;0;0;7;15;0;
202300033633;155 620 936;B01;1;7;0;2;1;1;0;
202300033634;155 620 931;B01;3;33;0;2;8;15;1;
202300033634;155 620 933;A01;3;7;0;2;8;5;0;
202300033635;155 620 930;A01;2;7;13;0;3;13;1;
202300033636;155 620 929;B01;1;7;0;2;3;1;1;
202300033636;155 620 932;A01;1;7;0;2;5;19;1;
202300033637;155 620 928;A01;2;7;0;1;2;1;1;
202300033638;155 620 927;A01;1;33;15;0;0;13;1;
202300033639;155 620 925;A01;3;7;0;1;4;20;1;
202300033640;155 620 924;A01;2;7;0;2;8;15;1;
202300033640;155 620 926;B01;2;13;0;2;3;1;1;
202300033641;155 620 920;A01;1;7;0;1;2;19;0;
202300033642;155 620 919;B01;1;2;0;2;2;13;1;
202300033642;155 620 922;A01;0;7;0;2;3;9;1;
202300033643;155 620 917;C01;1;7;0;2;1;2;1;
202300033643;155 620 918;B01;1;7;0;2;6;15;6;
202300033643;155 620 921;A01;1;7;13;2;2;21;1;
202300033644;155 620 913;B01;0;7;0;2;1;1;1;
202300033644;155 620 915;A01;3;7;0;2;1;15;1;
202300033645;155 620 912;A01;1;7;0;2;1;13;1;
202300033645;155 620 914;B01;2;7;0;2;3;1;1;
202300033645;155 620 916;C01;2;7;2;2;1;1;1;
202300033646;155 620 910;A01;1;7;8;0;2;1;1;
202300033647;155 620 908;A01;1;7;0;2;6;1;0;
202300033647;155 620 909;B01;1;7;0;2;1;0;1;
202300033648;155 620 907;A01;2;7;0;1;1;1;1;
202300033649;155 620 906;A01;1;10;0;1;2;2;1;
202300033650;155 620 903;A01;3;31;0;0;0;1;1;
202300033651;155 620 904;A01;1;50;0;2;3;0;3;
202300033651;155 620 905;B01;2;7;0;9;1;23;1;
202300033652;155 620 902;B01;1;7;0;2;2;1;1;
202300033652;155 620 911;A01;2;7;0;2;2;5;1;
202300033653;155 620 900;B01;1;1;0;2;1;5;5;
202300033653;155 620 901;A01;1;43;0;2;7;16;1;
202300033654;155 620 898;A01;1;7;4;2;1;2;1;
202300033654;155 620 899;B01;1;7;0;0;5;2;1;
202300033655;155 620 897;A01;2;50;1;0;1;5;3;
202300033656;155 620 895;A01;1;7;0;0;4;2;1;
202300033656;155 620 896;B01;1;10;0;2;1;2;1;
202300033657;155 620 893;A01;1;7;0;2;7;3;2;
202300033657;155 620 894;B01;1;7;0;2;3;2;1;
202300033658;155 620 891;A01;2;7;1;0;8;2;1;
202300033659;155 620 889;B01;1;7;0;2;4;23;1;
202300033659;155 620 890;A01;1;7;0;2;1;2;1;
202300033660;155 620 888;A01;2;7;2;0;1;2;1;
202300033661;155 620 884;A01;2;7;0;1;1;1;1;
202300033662;155 620 883;A01;0;7;0;2;1;1;1;
202300033662;155 620 886;B01;0;7;0;2;1;1;1;
202300033663;155 620 885;A01;2;7;0;2;1;2;1;
202300033663;155 620 887;B01;2;7;0;2;4;23;1;
202300033663;155 620 892;C01;2;7;0;2;4;23;2;
202300033664;155 620 880;A01;2;7;8;0;1;1;1;
202300033665;155 620 878;C01;2;7;0;2;1;1;1;
202300033665;155 620 879;A01;1;7;13;2;0;13;1;
202300033665;155 620 882;B01;2;7;0;2;1;1;1;
202300033666;155 620 875;A01;1;33;0;0;0;1;1;
202300033667;155 620 874;A01;2;10;16;0;1;1;1;
202300033668;155 620 877;A01;3;7;0;2;3;1;1;
202300033668;155 620 881;B01;3;7;0;2;7;1;1;
202300033669;155 620 872;A01;2;7;4;0;2;14;1;
202300033670;155 620 871;A01;2;7;0;2;1;5;1;
202300033670;155 620 873;B01;1;17;0;2;1;13;1;
202300033671;155 620 870;A01;1;7;8;0;1;14;1;
202300033672;155 620 868;A01;1;7;6;0;1;14;1;
202300033673;155 620 866;A01;1;7;0;1;1;1;0;
202300033674;155 620 865;A01;1;7;2;0;1;1;1;
202300033675;155 620 867;B01;1;1;0;2;1;1;5;
202300033675;155 620 869;A01;1;7;0;2;5;22;1;
202300033676;155 620 863;A01;1;7;0;0;0;0;1;
202300033677;155 620 862;B01;1;7;0;0;6;2;1;
202300033677;155 620 864;A01;1;33;0;2;1;2;1;
202300033678;155 620 857;B01;2;10;0;2;4;23;1;
202300033678;155 620 860;A01;2;10;1;0;1;1;1;
202300033679;155 620 855;C01;1;7;1;2;7;21;1;
202300033679;155 620 856;B01;1;14;0;2;6;23;1;
202300033679;155 620 859;A01;1;7;3;0;1;13;1;
202300033680;155 620 852;B01;1;7;0;2;2;15;1;
202300033680;155 620 854;A01;2;31;0;2;1;1;1;
202300033681;155 620 858;A01;1;80;0;2;2;14;3;
202300033681;155 620 861;B01;1;80;0;2;8;2;3;
202300033682;155 620 850;A01;2;7;13;2;8;11;0;
202300033682;155 620 851;B01;1;15;0;2;1;1;0;
202300033682;155 620 853;C01;2;7;0;2;2;17;0;
202300033683;155 620 848;A01;2;7;0;2;1;0;1;
202300033683;155 620 849;B01;1;7;0;2;7;0;1;
202300033684;155 620 847;A01;3;31;14;0;6;17;1;
202300033685;155 620 842;A01;1;7;0;2;1;17;1;
202300033685;155 620 844;B01;2;7;0;2;1;1;1;
202300033686;155 620 845;B01;3;7;0;2;3;15;0;
202300033686;155 620 846;A01;3;30;0;2;3;17;1;
202300033687;155 620 841;A01;1;2;0;0;3;1;1;
202300033687;155 620 843;B01;2;10;0;0;3;1;1;
202300033688;155 620 837;A01;1;7;0;2;1;1;1;
202300033688;155 620 840;B01;1;10;0;2;1;9;1;
202300033689;155 620 838;A01;1;10;13;0;1;14;1;
202300033690;155 620 836;A01;2;2;0;2;1;2;1;
202300033690;155 620 839;B01;2;10;0;2;4;2;1;
202300033691;155 620 835;A01;3;2;9;0;0;1;1;
202300033692;155 620 833;A01;1;33;12;0;1;1;1;
202300033693;155 620 831;B01;1;10;0;2;4;1;1;
202300033693;155 620 832;A01;1;7;0;2;1;1;1;
202300033694;155 620 829;A01;1;7;0;2;3;1;1;
202300033694;155 620 834;B01;2;7;0;2;1;1;1;
202300033695;155 620 828;A01;0;7;0;2;1;0;1;
202300033695;155 620 830;B01;0;7;0;2;1;1;1;
202300033696;155 620 826;A01;3;7;8;0;1;0;1;
202300033697;155 620 823;B01;1;1;0;2;7;2;5;
202300033697;155 620 827;A01;1;7;0;2;1;2;1;
202300033698;155 620 822;A01;1;7;0;2;3;15;1;
202300033698;155 620 825;B01;2;43;0;2;1;1;1;
202300033699;155 620 821;A01;1;7;0;2;1;1;1;
202300033699;155 620 824;B01;2;7;0;2;2;15;1;
202300033700;155 620 818;A01;1;10;9;0;1;13;1;
202300033701;155 620 819;A01;2;7;12;0;1;19;1;
202300033702;155 620 817;A01;1;7;0;0;1;1;1;
202300033703;155 620 816;A01;2;14;0;2;7;16;1;
202300033703;155 620 820;B01;2;1;0;2;1;1;5;
202300033704;155 620 813;A01;2;7;0;2;1;13;1;
202300033704;155 620 815;B01;1;17;0;2;1;1;1;
202300033705;155 620 812;A01;0;7;0;1;7;1;1;
202300033706;155 620 809;A01;2;10;0;2;1;2;1;
202300033706;155 620 810;B01;2;7;0;0;4;2;1;
202300033707;155 620 808;A01;2;33;13;0;2;1;1;
202300033708;155 620 807;A01;1;31;2;1;3;25;0;
202300033709;155 620 806;A01;3;7;1;0;1;13;1;
202300033710;155 620 804;A01;1;7;0;2;1;11;1;
202300033710;155 620 811;B01;1;7;0;2;4;1;2;
202300033710;155 620 814;C01;1;7;0;2;6;2;1;
202300033711;155 620 802;A01;1;7;9;0;1;14;3;
202300033712;155 620 801;A01;2;32;0;2;1;17;1;
202300033712;155 620 803;B01;2;7;0;2;8;15;1;
202300033713;155 620 800;B01;2;7;0;2;1;9;1;
202300033713;155 620 805;A01;2;2;0;2;8;1;1;
202300033714;155 620 798;A01;2;7;0;2;1;2;1;
202300033714;155 620 799;B01;1;7;0;2;4;2;1;
202300033715;155 620 795;A01;2;7;6;0;1;1;1;
202300033716;155 620 794;A01;1;7;0;2;7;14;1;
202300033716;155 620 797;B01;1;1;0;2;8;1;5;
202300033717;155 620 796;A01;1;37;0;2;0;21;0;2
202300033718;155 620 792;B01;1;7;0;2;1;1;1;
202300033718;155 620 793;A01;2;7;0;2;1;5;1;
202300033719;155 620 791;A01;0;33;0;0;0;1;1;
202300033720;155 620 788;A01;2;34;0;2;1;14;1;
202300033720;155 620 790;B01;2;1;0;2;4;1;5;
202300033721;155 620 786;A01;0;7;0;2;3;2;1;
202300033721;155 620 789;B01;1;7;0;2;5;11;1;