Num_Acc;id_vehicule;num_veh;senc;catv;obs;obsm;choc;manv;motor;occutc
202300034002;155 620 291;A01;1;7;0;1;1;15;1;
202300034003;155 620 290;A01;2;7;0;1;1;1;1;
202300034004;155 620 288;A01;1;7;0;1;3;1;1;
202300034005;155 620 287;A01;2;7;0;2;1;1;1;
202300034005;155 620 289;B01;1;7;0;2;5;15;1;
202300034006;155 620 286;A01;1;7;2;0;1;13;1;
202300034007;155 620 284;A01;1;7;0;1;7;1;0;
202300034008;155 620 281;A01;3;7;0;1;3;1;3;
202300034009;155 620 283;B01;1;7;0;2;5;15;1;
202300034009;155 620 285;A01;2;32;0;2;1;1;1;
202300034010;155 620 280;A01;2;7;0;2;2;14;1;
202300034010;155 620 282;B01;2;15;0;2;6;1;1;
202300034011;155 620 278;A01;1;10;0;2;1;2;1;
202300034011;155 620 279;B01;1;7;0;2;4;2;1;
202300034012;155 620 276;A01;1;7;0;1;1;1;2;
202300034013;155 620 274;A01;1;7;0;2;1;1;1;
202300034013;155 620 277;B01;2;7;0;2;1;13;1;
202300034014;155 620 272;A01;1;10;0;2;3;1;1;
202300034014;155 620 275;B01;2;33;0;2;1;1;1;
202300034015;155 620 271;A01;3;7;7;0;1;19;1;
202300034016;155 620 269;A01;1;10;0;2;2;1;1;
202300034016;155 620 273;B01;2;7;9;2;1;1;1;
202300034017;155 620 266;A01;1;7;0;2;1;1;1;
202300034017;155 620 270;B01;2;30;0;2;2;0;1;
202300034018;155 620 265;A01;2;7;8;0;1;13;1;
202300034019;155 620 262;A01;1;7;13;0;1;1;1;
202300034020;155 620 258;A01;3;10;0;1;4;4;1;
202300034021;155 620 257;A01;3;31;0;0;0;1;1;
202300034022;155 620 256;A01;1;10;0;2;2;13;1;
202300034022;155 620 259;B01;2;10;0;2;1;0;1;
202300034023;155 620 255;B01;1;31;0;2;3;1;1;
202300034023;155 620 260;A01;1;7;0;2;2;1;1;
202300034024;155 620 253;A01;3;7;0;2;2;0;1;
202300034024;155 620 254;B01;3;34;9;0;0;0;1;
202300034025;155 620 247;A01;2;7;0;2;1;1;1;
202300034025;155 620 251;B01;1;7;0;2;8;9;1;
202300034026;155 620 248;A01;1;10;0;2;7;13;1;
202300034026;155 620 252;B01;2;7;0;2;1;1;2;
202300034027;155 620 245;A01;2;7;0;2;3;1;1;
202300034027;155 620 249;B01;1;7;0;2;3;1;1;
202300034028;155 620 246;A01;3;7;0;2;1;5;1;
202300034028;155 620 250;B01;3;7;0;2;1;1;1;
202300034029;155 620 243;A01;1;43;8;0;1;14;1;
202300034030;155 620 242;A01;2;7;13;0;1;13;1;
202300034031;155 620 241;A01;1;7;0;2;1;19;1;
202300034031;155 620 244;B01;1;33;0;2;8;1;1;
202300034032;155 620 238;B01;1;7;0;2;7;2;1;
202300034032;155 620 240;A01;1;33;0;2;8;2;1;
202300034033;155 620 237;A01;2;7;13;6;1;1;0;
202300034034;155 620 235;A01;3;33;16;0;8;16;1;
202300034035;155 620 233;A01;2;7;0;2;4;2;1;
202300034035;155 620 236;B01;1;7;0;0;8;2;1;
202300034036;155 620 228;B01;2;7;0;2;4;1;1;
202300034036;155 620 231;A01;2;7;0;2;4;15;1;
202300034036;155 620 234;C01;2;7;0;2;1;1;1;
202300034037;155 620 226;A01;3;99;0;2;1;5;0;
202300034037;155 620 229;B01;3;7;0;2;3;15;1;
202300034038;155 620 227;B01;2;30;0;2;2;17;1;
202300034038;155 620 230;A01;2;10;0;2;3;15;1;
202300034039;155 620 225;A01;1;7;0;2;6;17;1;
202300034039;155 620 232;B01;1;33;1;2;2;17;1;
202300034040;155 620 224;A01;2;7;17;0;2;1;1;
202300034041;155 620 223;A01;2;7;0;1;1;15;1;
202300034042;155 620 220;A01;1;7;0;1;2;9;1;
202300034043;155 620 222;A01;1;7;0;1;1;26;1;
202300034044;155 620 221;A01;2;2;12;0;2;1;1;
202300034045;155 620 216;A01;3;33;13;0;1;2;1;
202300034046;155 620 214;B01;1;7;0;2;1;1;1;
202300034046;155 620 219;A01;2;10;0;2;6;19;1;
202300034047;155 620 212;A01;3;7;0;2;3;1;3;
202300034047;155 620 215;B01;3;10;0;2;1;11;1;
202300034048;155 620 211;A01;1;7;0;2;7;15;1;
202300034048;155 620 213;B01;2;7;0;2;2;1;1;
202300034048;155 620 218;C01;1;10;0;2;6;1;1;
202300034049;155 620 208;A01;1;7;0;1;0;1;0;
202300034050;155 620 207;B01;2;1;0;0;8;26;5;
202300034050;155 620 210;A01;2;7;0;2;7;17;1;
202300034051;155 620 203;B01;0;99;1;0;1;3;0;
202300034051;155 620 206;A01;0;7;0;2;7;1;1;
202300034052;155 620 201;B01;1;7;0;2;3;1;1;
202300034052;155 620 205;A01;1;7;0;2;2;15;1;
202300034053;155 620 199;A01;1;33;0;0;1;17;1;
202300034054;155 620 198;A01;2;15;0;2;1;1;1;
202300034054;155 620 202;B01;2;15;0;0;4;1;1;
202300034055;155 620 200;A01;1;7;0;2;1;2;1;
202300034055;155 620 204;B01;1;7;0;2;4;23;1;
202300034055;155 620 209;C01;1;7;0;2;4;23;1;
202300034055;155 620 217;D01;1;7;0;2;4;23;1;
202300034056;155 620 196;A01;0;34;0;2;1;2;1;
202300034056;155 620 197;B01;1;50;0;2;8;2;3;
202300034057;155 620 193;B01;1;7;0;0;8;1;1;
202300034057;155 620 195;A01;2;7;0;2;8;17;1;
202300034058;155 620 191;B01;3;31;0;2;1;1;0;
202300034058;155 620 194;A01;3;7;0;2;1;1;0;
202300034059;155 620 189;A01;1;7;0;1;2;1;1;
202300034060;155 620 187;A01;2;50;0;0;0;26;3;
202300034061;155 620 185;C01;1;7;0;2;4;1;0;
202300034061;155 620 188;D01;1;7;0;0;4;1;1;
202300034061;155 620 190;B01;1;7;0;0;4;1;1;
202300034061;155 620 192;A01;1;7;0;2;1;1;1;
202300034062;155 620 182;A01;2;7;0;2;1;1;1;
202300034062;155 620 184;B01;2;7;0;2;4;2;1;
202300034062;155 620 186;C01;2;7;0;2;4;2;1;
202300034063;155 620 181;A01;1;7;0;1;8;10;1;
202300034064;155 620 180;A01;2;7;0;2;3;13;0;
202300034064;155 620 183;B01;1;7;0;2;3;1;0;
202300034065;155 620 179;A01;1;7;4;0;3;1;1;
202300034066;155 620 178;A01;0;33;0;1;1;0;0;
202300034067;155 620 176;B01;3;7;0;2;4;2;1;
202300034067;155 620 177;A01;3;7;0;2;1;2;2;
202300034068;155 620 175;A01;2;33;16;0;7;1;1;
202300034069;155 620 172;A01;3;99;16;0;1;26;1;
202300034070;155 620 171;A01;1;7;0;9;3;20;1;
202300034070;155 620 173;B01;2;1;0;2;3;0;5;
202300034071;155 620 170;B01;2;10;0;2;1;1;1;
202300034071;155 620 174;A01;2;17;0;2;4;1;1;
202300034072;155 620 168;A01;2;7;0;0;4;16;1;
202300034073;155 620 167;A01;1;30;0;1;8;15;0;
202300034074;155 620 166;A01;2;17;0;2;5;1;1;
202300034074;155 620 169;B01;2;10;3;2;6;1;1;
202300034075;155 620 165;A01;3;99;0;1;1;15;0;
202300034076;155 620 163;A01;1;7;0;0;9;0;1;
202300034077;155 620 160;B01;0;2;0;2;1;1;1;
202300034077;155 620 162;A01;3;7;0;2;1;15;0;
202300034078;155 620 158;B01;2;10;0;2;5;0;1;
202300034078;155 620 161;A01;2;10;0;2;3;26;1;
202300034079;155 620 159;A01;1;30;0;2;2;1;1;
202300034079;155 620 164;B01;1;7;0;2;3;1;1;
202300034080;155 620 157;A01;1;7;0;0;0;26;1;
202300034081;155 620 156;A01;2;7;0;2;1;1;1;
202300034082;155 620 152;B01;2;7;0;2;4;2;1;
202300034082;155 620 155;A01;2;7;0;2;1;2;1;
202300034083;155 620 149;A01;1;7;0;2;3;10;1;
202300034083;155 620 154;B01;1;33;0;2;1;5;1;
202300034084;155 620 148;B01;1;7;0;2;1;1;1;
202300034084;155 620 153;A01;3;7;0;2;3;16;1;
202300034085;155 620 147;B01;2;7;0;2;1;1;1;
202300034085;155 620 151;A01;2;10;0;2;6;1;1;
202300034086;155 620 145;A01;1;38;0;2;1;1;1;2
202300034086;155 620 150;B01;2;7;0;0;3;2;1;
202300034087;155 620 144;B01;2;10;0;2;6;2;1;
202300034087;155 620 146;A01;2;7;0;2;2;2;1;
202300034088;155 620 139;A01;2;14;3;0;8;0;1;
202300034089;155 620 137;C01;2;7;0;2;4;1;0;
202300034089;155 620 140;A01;2;7;0;2;1;1;0;
202300034089;155 620 143;B01;2;7;0;2;4;1;0;
202300034090;155 620 138;A01;2;7;2;0;1;21;2;
202300034091;155 620 136;B01;2;7;4;2;4;1;1;
202300034091;155 620 141;A01;2;7;0;2;1;18;1;
202300034092;155 620 135;B01;1;7;0;2;1;2;1;
202300034092;155 620 142;A01;1;7;0;2;1;9;1;
202300034093;155 620 133;A01;1;1;0;0;0;1;5;
202300034094;155 620 130;A01;1;7;0;2;5;10;1;
202300034094;155 620 132;B01;1;7;0;2;1;1;1;
202300034095;155 620 129;B01;2;7;0;2;4;1;1;
202300034095;155 620 131;A01;2;7;0;2;1;2;1;
202300034095;155 620 134;C01;2;7;0;2;4;1;1;
202300034096;155 620 126;A01;2;1;6;0;3;1;5;
202300034097;155 620 127;A01;2;7;0;1;8;15;1;
202300034098;155 620 123;B01;2;33;0;2;4;26;1;
202300034098;155 620 125;A01;2;7;0;2;1;26;1;
202300034098;155 620 128;C01;2;7;0;2;1;26;1;
202300034099;155 620 120;A01;1;10;0;0;4;4;1;
202300034099;155 620 124;B01;2;30;0;2;1;1;3;
202300034100;155 620 119;A01;2;7;0;2;5;14;1;
202300034100;155 620 121;C01;2;7;0;2;6;1;1;
202300034100;155 620 122;B01;2;7;0;2;5;1;3;
202300034101;155 620 115;A01;0;7;11;0;0;1;1;
202300034102;155 620 114;A01;1;7;0;2;1;9;1;
202300034102;155 620 118;B01;2;7;0;2;8;1;1;
202300034103;155 620 113;B01;2;7;0;0;8;1;1;
202300034103;155 620 117;A01;1;7;0;1;3;1;1;
202300034104;155 620 111;A01;2;7;0;2;4;1;1;
202300034104;155 620 116;B01;2;7;0;2;1;2;1;
202300034105;155 620 110;B01;2;7;0;2;5;0;1;
202300034105;155 620 112;A01;2;32;0;2;1;0;1;
202300034106;155 620 107;B01;1;7;0;0;4;24;1;
202300034106;155 620 109;A01;1;10;1;0;1;2;1;
202300034107;155 620 105;A01;1;7;4;0;9;14;1;
202300034108;155 620 104;A01;1;10;0;1;1;1;1;
202300034109;155 620 102;A01;2;33;0;2;3;1;1;
202300034109;155 620 106;B01;2;7;0;2;5;21;1;
202300034110;155 620 101;B01;1;2;0;2;7;1;1;
202300034110;155 620 103;A01;3;7;0;2;1;20;1;
202300034110;155 620 108;C01;2;99;0;2;1;1;1;
202300034111;155 620 099;A01;3;7;10;0;1;1;1;
202300034112;155 620 096;A01;1;33;0;0;8;13;1;
202300034112;155 620 098;B01;2;10;9;0;8;0;1;
202300034113;155 620 094;B01;1;7;0;2;4;1;2;
202300034113;155 620 097;A01;1;7;0;2;1;2;3;
202300034113;155 620 100;C01;1;7;0;2;4;1;1;
202300034114;155 620 092;A01;1;33;0;0;2;1;0;
202300034115;155 620 091;B01;1;7;0;2;1;1;1;
202300034115;155 620 093;A01;1;7;0;2;4;1;1;
202300034115;155 620 095;C01;1;7;0;2;1;1;1;
202300034116;155 620 090;A01;1;7;0;1;1;1;2;
202300034117;155 620 089;A01;2;7;4;0;2;13;1;
202300034118;155 620 085;A01;2;7;0;0;9;26;1;
202300034119;155 620 084;A01;1;7;0;5;1;1;1;
202300034120;155 620 083;A01;3;33;0;2;2;17;1;
202300034120;155 620 086;B01;3;36;0;2;6;1;1;
202300034121;155 620 081;B01;1;7;0;2;4;2;0;
202300034121;155 620 082;A01;1;7;0;2;1;2;0;
202300034122;155 620 079;A01;3;33;0;0;7;1;1;
202300034123;155 620 073;B01;1;7;0;2;8;15;1;
202300034123;155 620 078;A01;2;7;15;2;1;1;1;
202300034124;155 620 074;A01;1;7;0;2;7;14;1;
202300034124;155 620 077;B01;1;33;0;2;8;14;1;
202300034125;155 620 071;A01;3;7;8;0;5;1;1;
202300034126;155 620 072;A01;2;7;0;2;1;2;1;
202300034126;155 620 076;B01;2;7;0;2;4;2;1;
202300034126;155 620 080;C01;2;7;0;2;4;1;1;
202300034127;155 620 070;B01;2;7;0;2;4;2;1;
202300034127;155 620 075;A01;2;7;0;2;1;2;3;
202300034128;155 620 069;A01;2;43;7;0;0;6;1;
202300034129;155 620 068;A01;1;7;3;0;2;1;1;
202300034130;155 620 066;A01;2;31;0;2;7;1;1;
202300034131;155 620 064;A01;1;32;1;0;1;1;1;
202300034131;155 620 065;B01;1;7;0;2;1;1;1;
202300034132;155 620 063;B01;1;7;0;2;4;2;1;
202300034132;155 620 067;A01;1;7;0;2;1;0;1;
202300034133;155 620 061;A01;2;33;0;2;7;3;1;
202300034134;155 620 060;A01;1;7;0;1;3;15;6;
202300034135;155 620 056;A01;2;10;0;1;3;1;1;
202300034136;155 620 055;A01;1;14;0;2;8;1;1;
202300034136;155 620 057;B01;1;7;0;2;7;1;1;
202300034137;155 620 054;A01;1;10;0;2;1;2;1;
202300034137;155 620 058;B01;1;10;0;2;4;2;1;
202300034138;155 620 052;A01;2;2;0;2;3;16;1;
202300034138;155 620 053;B01;1;7;0;2;1;15;1;
202300034139;155 620 047;B01;2;7;0;2;4;1;1;
202300034139;155 620 050;A01;2;7;0;2;1;2;1;
202300034140;155 620 048;A01;2;13;0;1;2;16;1;
202300034141;155 620 046;A01;1;33;0;2;7;1;1;
202300034141;155 620 049;B01;1;7;0;2;8;11;1;
202300034142;155 620 045;A01;1;7;0;2;3;15;1;
202300034142;155 620 051;B01;3;7;0;2;2;1;1;
202300034143;155 620 042;A01;2;7;0;2;3;17;1;
202300034143;155 620 044;B01;1;2;0;2;1;1;1;
202300034144;155 620 040;A01;2;33;8;0;1;1;1;
202300034145;155 620 039;A01;3;10;0;1;2;16;1;
202300034146;155 620 035;A01;1;7;4;0;1;26;1;
202300034147;155 620 037;A01;1;7;0;2;1;2;1;
202300034147;155 620 038;B01;1;7;0;2;4;23;1;
202300034148;155 620 033;A01;2;7;12;0;2;13;1;
202300034149;155 620 032;A01;0;2;0;2;1;16;1;
202300034149;155 620 036;B01;2;7;0;2;1;1;1;
202300034150;155 620 031;A01;3;10;0;2;0;15;1;
202300034150;155 620 034;B01;3;31;14;2;8;1;1;
202300034151;155 620 028;B01;1;7;0;2;8;1;1;
202300034151;155 620 030;A01;2;7;0;2;3;1;1;
202300034152;155 620 025;A01;2;7;8;1;1;13;0;
202300034153;155 620 024;A01;3;1;0;2;2;1;5;
202300034153;155 620 029;B01;3;7;0;2;3;9;1;
202300034154;155 620 023;A01;1;30;0;0;7;1;1;
202300034155;155 620 022;B01;3;7;0;2;5;1;1;
202300034155;155 620 026;A01;3;7;0;2;1;9;1;
202300034156;155 620 021;A01;2;7;0;1;3;1;1;
202300034157;155 620 018;A01;2;7;0;0;4;23;1;
202300034157;155 620 020;B01;2;33;0;2;1;1;1;
202300034158;155 620 017;A01;1;7;4;0;3;13;1;
202300034159;155 620 016;A01;1;7;0;2;4;26;1;
202300034159;155 620 019;B01;1;7;0;2;1;2;1;
202300034160;155 620 015;A01;2;7;0;1;1;1;1;
202300034161;155 620 012;A01;1;33;13;0;0;1;1;
202300034162;155 620 011;A01;2;7;0;2;8;15;6;
202300034162;155 620 013;B01;2;43;0;2;1;1;1;
202300034163;155 620 009;A01;2;10;0;1;1;1;1;
202300034164;155 620 010;A01;1;33;0;2;3;1;1;
202300034164;155 620 014;Z01;1;7;0;2;5;12;0;
202300034165;155 620 005;B01;1;7;0;2;5;2;1;
202300034165;155 620 008;A01;1;30;0;2;1;2;1;
202300034166;155 620 004;A01;1;2;0;2;8;18;1;
202300034166;155 620 007;B01;1;2;0;2;7;14;1;
202300034167;155 620 002;Z01;3;7;0;1;0;26;0;
202300034168;155 619 999;B01;2;7;0;2;1;0;1;
202300034168;155 620 000;D01;2;7;0;2;1;0;1;
202300034168;155 620 003;C01;2;7;0;2;6;2;1;
202300034168;155 620 006;A01;2;7;0;2;1;12;1;
202300034169;155 619 998;A01;1;30;0;0;1;13;1;
202300034170;155 619 996;A01;2;7;17;0;2;0;1;
202300034171;155 619 994;A01;1;7;0;2;4;1;1;
202300034171;155 619 997;B01;1;7;0;2;4;1;1;
202300034171;155 620 001;Z01;1;10;0;2;1;0;0;
202300034172;155 619 993;A01;2;7;0;1;6;26;1;
202300034173;155 619 990;B01;0;7;0;2;2;1;1;
202300034173;155 619 995;A01;0;7;0;2;3;15;1;
202300034174;155 619 992;A01;1;33;0;0;0;26;1;
202300034175;155 619 987;A01;0;10;0;2;2;19;1;
202300034175;155 619 991;B01;1;33;0;2;1;1;1;
202300034176;155 619 989;A01;1;7;4;0;2;15;1;
202300034177;155 619 983;B01;1;33;0;2;1;2;1;
202300034177;155 619 986;A01;0;7;0;2;3;15;1;
202300034178;155 619 982;A01;1;7;0;2;3;5;1;
202300034178;155 619 985;B01;1;31;0;2;1;1;1;
202300034179;155 619 981;A01;2;80;0;0;1;0;3;
202300034180;155 619 979;A01;1;7;0;2;1;15;1;
202300034180;155 619 980;B01;2;99;0;2;8;18;3;
202300034181;155 619 976;A01;1;7;8;0;3;0;1;
202300034182;155 619 973;A01;1;10;0;0;6;10;1;
202300034182;155 619 977;B01;1;33;0;2;1;2;1;
202300034183;155 619 971;B01;2;10;0;2;4;0;1;
202300034183;155 619 974;A01;2;10;0;2;1;2;1;
202300034184;155 619 968;A01;1;2;0;0;0;0;1;
202300034185;155 619 969;A01;1;1;9;0;1;16;5;
202300034186;155 619 970;A01;2;7;0;2;1;2;1;
202300034186;155 619 972;D01;2;7;0;2;4;23;1;
202300034186;155 619 975;C01;2;7;0;2;4;23;1;
202300034186;155 619 978;B01;2;7;0;2;4;23;1;
202300034187;155 619 966;B01;1;7;0;2;7;1;1;
202300034187;155 619 967;A01;2;7;0;2;1;16;1;
202300034188;155 619 964;A01;3;7;0;1;2;1;1;
202300034189;155 619 963;A01;1;33;1;0;0;1;1;
202300034190;155 619 962;B01;1;10;0;2;8;15;1;
202300034190;155 619 965;A01;1;7;0;2;1;1;1;
202300034191;155 619 961;A01;2;10;0;1;4;20;3;
202300034192;155 619 959;A01;1;7;0;2;6;15;0;
202300034192;155 619 960;B01;2;2;0;2;1;2;1;
202300034193;155 619 958;A01;1;7;11;0;1;6;1;
202300034194;155 619 957;A01;0;7;0;1;3;1;1;
202300034195;155 619 951;A01;3;33;0;1;7;1;1;
202300034196;155 619 953;A01;2;33;0;2;3;1;1;
202300034196;155 619 955;B01;1;7;0;2;3;1;1;
202300034197;155 619 950;B01;3;7;0;2;4;2;1;
202300034197;155 619 954;A01;3;10;0;2;1;2;1;
202300034198;155 619 944;A01;3;7;0;1;6;26;1;
202300034199;155 619 945;A01;1;7;0;2;1;2;1;
202300034199;155 619 947;E01;1;7;0;2;4;2;1;
202300034199;155 619 949;B01;1;7;0;2;4;2;2;
202300034199;155 619 952;C01;1;7;0;2;4;2;1;
202300034199;155 619 956;D01;1;7;0;2;4;2;1;
202300034200;155 619 943;A01;1;30;0;2;8;10;1;
202300034200;155 619 948;B01;1;7;0;2;2;2;1;
202300034201;155 619 942;A01;1;2;0;2;1;13;1;
202300034201;155 619 946;B01;2;7;0;2;3;1;1;
202300034202;155 619 937;A01;1;7;0;2;1;9;1;
202300034202;155 619 940;B01;1;33;0;2;7;1;1;
202300034203;155 619 934;A01;2;7;2;0;3;13;0;
202300034204;155 619 935;B01;1;34;0;2;1;1;1;
202300034204;155 619 938;A01;2;7;0;2;7;15;1;
202300034205;155 619 927;A01;1;10;0;0;4;26;1;
202300034205;155 619 930;B01;1;7;0;2;1;1;1;
202300034206;155 619 926;A01;3;10;0;2;3;20;1;
202300034206;155 619 929;B01;3;31;1;2;8;1;1;
202300034207;155 619 925;A01;2;7;0;2;1;1;1;
202300034207;155 619 932;B01;2;7;0;2;4;1;1;
202300034208;155 619 923;A01;3;7;0;1;1;1;1;
202300034209;155 619 924;A01;2;33;7;0;1;0;1;
202300034210;155 619 919;A01;2;7;0;2;2;15;1;
202300034210;155 619 921;B01;2;33;0;2;1;1;1;
202300034211;155 619 920;Z01;1;7;0;2;8;11;0;
202300034211;155 619 922;A01;1;43;0;2;2;1;1;
202300034212;155 619 916;B01;3;7;0;2;1;1;1;
202300034212;155 619 918;A01;3;7;0;2;3;13;1;
202300034213;155 619 913;B01;1;33;0;2;1;1;1;
202300034213;155 619 917;A01;2;7;0;2;3;15;1;
202300034214;155 619 911;A01;0;7;1;0;1;14;1;
202300034215;155 619 912;A01;1;31;0;2;8;11;1;
202300034215;155 619 914;B01;1;7;0;2;7;1;1;
202300034216;155 619 907;A01;2;7;0;1;3;1;1;
202300034217;155 619 906;A01;2;7;0;2;1;1;2;
202300034217;155 619 909;B01;2;33;0;2;1;13;1;
202300034218;155 619 905;A01;3;7;1;1;1;14;1;
202300034219;155 619 903;A01;2;7;14;0;3;15;1;
202300034220;155 619 898;C01;1;7;0;2;4;2;1;
202300034220;155 619 901;A01;1;7;0;2;1;2;1;
202300034220;155 619 904;D01;1;7;0;2;4;2;1;
202300034220;155 619 908;B01;1;10;0;2;4;2;1;
202300034221;155 619 899;A01;2;2;0;2;1;1;1;
202300034221;155 619 902;B01;1;7;0;2;2;15;1;
202300034222;155 619 897;A01;2;32;0;2;3;1;1;
202300034222;155 619 900;B01;1;10;1;2;3;1;1;
202300034223;155 619 894;C01;3;7;0;2;4;23;1;
202300034223;155 619 895;B01;3;7;1;2;4;26;1;
202300034223;155 619 896;A01;3;7;1;2;1;1;1;
202300034224;155 619 891;A01;2;7;0;9;2;12;1;
202300034224;155 619 893;B01;2;1;0;2;4;1;5;
202300034225;155 619 890;A01;2;2;0;1;1;1;3;
202300034226;155 619 888;A01;2;7;0;2;2;15;1;
202300034226;155 619 892;B01;1;32;0;2;3;1;1;
202300034227;155 619 887;A01;1;80;0;2;3;13;3;
202300034227;155 619 889;B01;1;10;0;2;2;1;1;
202300034228;155 619 886;A01;2;31;0;0;0;1;1;
202300034229;155 619 885;B01;2;7;0;1;7;1;1;
202300034230;155 619 882;B01;2;1;0;2;2;19;5;
202300034230;155 619 883;A01;1;7;0;2;1;15;1;
202300034231;155 619 881;A01;3;33;0;0;3;1;1;
202300034232;155 619 880;B01;1;7;0;2;2;1;1;
202300034232;155 619 884;A01;2;50;7;2;3;5;3;
202300034233;155 619 876;A01;1;7;0;2;1;1;1;
202300034233;155 619 879;B01;1;7;0;2;3;1;1;
202300034234;155 619 875;A01;3;33;0;2;5;23;1;
202300034234;155 619 878;B01;3;7;0;2;2;1;2;
202300034235;155 619 877;A01;2;33;0;0;0;1;1;
202300034236;155 619 874;A01;2;7;0;1;2;1;1;
202300034237;155 619 871;A01;2;7;0;2;7;10;1;
202300034237;155 619 873;B01;1;34;0;2;1;1;1;
202300034238;155 619 869;A01;1;7;0;2;6;13;1;
202300034238;155 619 872;B01;1;32;0;2;2;14;1;
202300034239;155 619 868;A01;2;31;0;2;7;17;1;
202300034239;155 619 870;B01;2;38;0;2;8;1;1;1
202300034240;155 619 867;A01;1;30;0;1;1;1;3;
202300034241;155 619 864;A01;3;7;14;0;3;1;1;
202300034242;155 619 862;A01;3;32;0;2;1;1;1;
202300034242;155 619 866;B01;3;7;0;2;3;15;1;
202300034243;155 619 861;A01;2;7;0;2;3;1;0;
202300034243;155 619 865;B01;1;7;0;2;1;13;0;
202300034244;155 619 860;A01;2;7;0;2;7;24;1;
202300034244;155 619 863;B01;2;80;1;0;1;1;3;
202300034245;155 619 859;A01;0;7;8;9;9;1;1;
202300034246;155 619 857;A01;1;7;0;1;3;15;1;
202300034247;155 619 855;B01;1;32;0;2;1;1;1;
202300034247;155 619 858;A01;2;7;0;2;7;15;0;
202300034248;155 619 853;A01;0;7;0;0;4;23;1;
202300034248;155 619 856;B01;0;32;1;0;1;1;3;
202300034249;155 619 852;A01;2;7;0;2;1;1;1;
202300034249;155 619 854;B01;1;7;0;2;1;1;1;
202300034250;155 619 850;A01;1;7;0;1;0;15;1;
202300034251;155 619 848;A01;1;30;1;0;1;1;1;
202300034252;155 619 844;A01;1;33;8;2;8;1;1;
202300034252;155 619 847;B01;2;7;0;2;3;20;1;
202300034253;155 619 842;A01;1;7;0;2;8;15;1;
202300034253;155 619 846;B01;1;38;0;2;1;1;1;1
202300034254;155 619 841;A01;3;10;8;0;3;1;1;
202300034255;155 619 840;A01;1;7;0;1;2;1;2;
202300034256;155 619 839;A01;3;7;0;1;3;1;1;
202300034257;155 619 838;Z01;3;7;0;1;1;0;0;
202300034258;155 619 836;A01;1;7;6;0;2;14;1;
202300034259;155 619 835;A01;0;1;0;0;0;1;5;
202300034260;155 619 833;A01;1;10;0;2;2;16;1;
202300034260;155 619 837;B01;1;32;0;2;3;1;1;
202300034261;155 619 831;A01;1;7;0;2;6;24;1;
202300034261;155 619 834;Z01;1;7;1;0;3;2;0;
202300034262;155 619 830;B01;2;7;0;2;5;1;1;
202300034262;155 619 832;A01;2;2;0;2;1;19;1;
202300034263;155 619 827;A01;0;7;0;2;1;1;1;
202300034263;155 619 829;B01;0;7;0;2;4;23;1;
202300034264;155 619 824;B01;2;1;0;2;4;1;5;
202300034264;155 619 826;A01;0;7;0;2;0;0;0;
202300034265;155 619 825;A01;2;30;0;2;1;1;1;
202300034265;155 619 828;B01;2;7;0;2;1;1;1;
202300034266;155 619 818;A01;3;7;0;0;9;26;1;
202300034267;155 619 820;A01;3;7;0;2;7;19;1;
202300034267;155 619 823;B01;1;2;0;2;1;1;1;
202300034268;155 619 816;A01;3;7;0;2;6;1;0;
202300034268;155 619 821;B01;2;43;0;2;1;19;1;
202300034269;155 619 815;A01;0;31;0;2;1;1;1;
202300034269;155 619 817;B01;0;33;0;2;4;1;1;
202300034269;155 619 819;C01;0;33;0;2;4;1;1;
202300034269;155 619 822;D01;0;33;0;2;4;1;1;
202300034270;155 619 813;A01;1;7;6;0;1;1;1;
202300034271;155 619 812;B01;1;60;0;2;6;2;5;
202300034271;155 619 814;A01;1;10;0;9;1;2;1;
202300034272;155 619 810;A01;1;7;0;1;3;2;1;
202300034273;155 619 808;A01;1;10;0;2;1;9;1;
202300034273;155 619 811;B01;1;7;0;2;6;23;1;
202300034274;155 619 809;A01;2;33;16;0;2;14;1;
202300034275;155 619 807;A01;3;7;0;1;1;1;1;
202300034276;155 619 805;A01;1;7;2;0;1;1;1;
202300034277;155 619 804;A01;1;31;8;0;0;16;0;
202300034278;155 619 803;B01;2;33;0;2;0;1;1;
202300034278;155 619 806;A01;2;7;0;2;3;10;2;
202300034279;155 619 801;A01;2;7;13;0;0;1;0;
202300034280;155 619 799;A01;1;7;0;2;2;1;1;
202300034280;155 619 800;B01;2;60;0;2;1;12;3;
202300034281;155 619 798;B01;3;7;0;2;6;1;1;
202300034281;155 619 802;A01;3;10;0;2;2;15;1;
202300034282;155 619 797;A01;2;34;0;1;2;1;1;
202300034283;155 619 793;A01;1;37;0;2;8;9;1;1
202300034283;155 619 795;B01;1;34;0;2;1;9;1;
202300034284;155 619 792;A01;2;7;0;2;1;10;1;
202300034284;155 619 794;B01;1;7;0;2;2;1;1;
202300034285;155 619 790;A01;1;33;0;0;0;1;1;
202300034286;155 619 789;B01;2;10;0;2;2;19;1;
202300034286;155 619 791;A01;1;7;0;2;3;9;1;
202300034287;155 619 788;A01;3;7;1;0;2;14;3;
202300034288;155 619 787;A01;3;30;0;0;0;0;1;
202300034289;155 619 786;A01;2;7;0;1;1;1;1;
202300034290;155 619 785;A01;3;7;0;1;3;15;0;
202300034291;155 619 781;A01;2;7;1;2;1;2;1;