Num_Acc;id_vehicule;num_veh;senc;catv;obs;obsm;choc;manv;motor;occutc
202300034291;155 619 782;B01;2;7;1;2;4;2;1;
202300034291;155 619 784;C01;2;7;1;2;4;2;1;
202300034292;155 619 780;B01;1;17;0;2;5;1;1;
202300034292;155 619 783;A01;1;10;7;2;1;1;1;
202300034293;155 619 779;A01;0;7;0;1;2;1;1;
202300034294;155 619 777;B01;1;2;0;2;1;1;1;
202300034294;155 619 778;A01;1;7;0;2;4;2;0;
202300034295;155 619 774;B01;2;7;0;2;3;1;1;
202300034295;155 619 776;A01;1;7;0;2;8;13;1;
202300034296;155 619 773;A01;2;7;13;2;3;1;1;
202300034296;155 619 775;B01;1;7;0;2;2;1;1;
202300034297;155 619 771;A01;0;30;0;1;1;1;1;
202300034298;155 619 769;A01;1;7;0;1;3;1;1;
202300034299;155 619 770;A01;1;50;0;2;1;1;3;
202300034299;155 619 772;B01;1;7;0;0;4;23;-1;
202300034300;155 619 765;A01;1;7;0;2;3;9;1;
202300034300;155 619 767;B01;2;2;0;2;1;1;1;
202300034301;155 619 764;A01;1;7;1;0;9;14;1;
202300034302;155 619 763;C01;2;7;0;2;4;2;1;
202300034302;155 619 766;A01;2;7;0;2;1;2;1;
202300034302;155 619 768;B01;2;7;0;2;4;2;1;
202300034303;155 619 762;A01;1;7;0;1;3;1;0;
202300034304;155 619 760;A01;2;7;12;0;1;1;1;
202300034305;155 619 759;A01;1;1;0;2;1;1;5;
202300034305;155 619 761;Z01;2;1;0;2;1;13;5;
202300034306;155 619 757;A01;1;7;0;2;3;20;1;
202300034306;155 619 758;B01;1;2;0;2;2;1;1;
202300034307;155 619 753;B01;3;32;1;0;3;18;1;
202300034307;155 619 756;A01;3;7;0;2;5;22;0;
202300034308;155 619 752;A01;1;7;0;2;3;13;1;
202300034308;155 619 754;B01;0;7;0;2;3;1;1;
202300034309;155 619 749;B01;1;7;0;2;5;1;1;
202300034309;155 619 751;A01;2;7;0;2;3;12;1;
202300034310;155 619 748;A01;2;7;0;2;1;2;1;
202300034310;155 619 750;B01;2;7;0;2;4;2;1;
202300034311;155 619 745;A01;1;7;0;2;3;13;1;
202300034311;155 619 746;B01;2;31;0;2;1;1;1;
202300034312;155 619 741;A01;2;7;0;0;8;23;1;
202300034312;155 619 743;B01;2;15;1;0;7;1;1;
202300034313;155 619 742;A01;1;7;15;2;8;17;1;
202300034313;155 619 747;B01;3;7;15;2;1;1;1;
202300034314;155 619 740;B01;2;1;0;2;1;15;5;
202300034314;155 619 744;A01;2;7;0;2;1;15;1;
202300034315;155 619 737;A01;1;32;0;0;7;0;1;
202300034316;155 619 738;A01;1;34;0;2;1;6;1;
202300034316;155 619 739;B01;2;7;0;2;8;1;1;
202300034317;155 619 735;A01;1;7;13;0;2;1;1;
202300034318;155 619 734;A01;2;30;0;2;5;1;0;
202300034318;155 619 736;B01;2;7;0;2;3;1;1;
202300034319;155 619 732;A01;2;7;0;1;1;9;1;
202300034320;155 619 728;A01;1;7;0;2;1;2;1;
202300034320;155 619 731;B01;1;7;0;0;0;0;2;
202300034321;155 619 726;A01;2;1;6;0;1;0;5;
202300034322;155 619 725;A01;1;7;0;2;1;2;1;
202300034322;155 619 727;B01;1;7;0;2;4;2;2;
202300034322;155 619 729;C01;2;10;0;2;1;1;1;
202300034323;155 619 722;B01;1;7;0;2;0;1;1;
202300034323;155 619 724;A01;1;7;0;2;1;2;1;
202300034324;155 619 721;A01;2;10;0;1;1;1;1;
202300034325;155 619 720;A01;1;7;0;2;1;1;1;
202300034325;155 619 723;B01;1;7;0;2;7;9;1;
202300034326;155 619 719;A01;1;7;9;0;3;0;0;
202300034327;155 619 716;B01;1;1;0;2;0;0;5;
202300034327;155 619 718;A01;3;7;0;2;3;13;1;
202300034328;155 619 717;A01;1;7;6;0;1;1;1;
202300034329;155 619 714;A01;1;7;0;1;2;1;1;
202300034330;155 619 713;A01;0;7;0;2;3;11;1;
202300034330;155 619 715;B01;3;33;0;2;0;0;1;
202300034331;155 619 710;A01;2;7;9;0;8;1;1;
202300034332;155 619 709;A01;2;7;0;2;7;1;1;
202300034332;155 619 712;B01;2;1;0;2;8;1;5;
202300034333;155 619 705;A01;2;1;0;2;0;1;5;
202300034333;155 619 707;Y01;3;60;0;2;3;19;5;
202300034334;155 619 704;B01;1;33;0;2;1;1;1;
202300034334;155 619 708;C01;1;33;0;2;1;1;1;
202300034334;155 619 711;A01;1;7;0;2;3;9;1;
202300034335;155 619 703;A01;3;7;8;0;1;13;1;
202300034336;155 619 702;A01;1;7;0;2;1;19;1;
202300034336;155 619 706;B01;1;50;0;2;7;1;3;
202300034337;155 619 699;A01;2;33;8;0;9;26;1;
202300034338;155 619 701;A01;1;7;0;1;1;2;1;
202300034339;155 619 697;B01;1;7;0;2;3;18;1;
202300034339;155 619 700;A01;1;7;0;2;5;1;1;
202300034340;155 619 696;B01;2;7;0;2;1;1;0;
202300034340;155 619 698;A01;2;7;0;2;2;10;0;
202300034341;155 619 694;A01;1;30;0;0;7;1;1;
202300034342;155 619 693;A01;1;31;12;0;0;0;1;
202300034343;155 619 692;B01;1;7;0;2;1;2;1;
202300034343;155 619 695;A01;0;7;0;2;0;0;1;
202300034344;155 619 691;B01;2;7;0;1;1;1;1;
202300034345;155 619 687;A01;1;7;0;2;2;15;1;
202300034345;155 619 690;B01;2;50;0;2;1;1;3;
202300034346;155 619 684;A01;1;7;0;1;3;15;1;
202300034347;155 619 686;A01;2;7;0;2;1;5;1;
202300034347;155 619 689;B01;1;7;0;2;1;1;1;
202300034348;155 619 685;B01;2;32;0;2;1;1;1;
202300034348;155 619 688;A01;1;7;0;2;3;15;0;
202300034349;155 619 680;A01;1;7;0;9;8;13;0;
202300034349;155 619 683;B01;2;1;0;2;0;1;5;
202300034350;155 619 676;B01;1;33;0;2;1;1;1;
202300034350;155 619 681;A01;1;7;0;2;3;15;1;
202300034351;155 619 677;C01;3;99;0;0;1;0;3;
202300034351;155 619 679;B01;3;99;0;0;1;19;3;
202300034351;155 619 682;A01;3;7;0;2;9;1;1;
202300034352;155 619 675;B01;1;34;0;2;3;1;1;
202300034352;155 619 678;A01;2;31;0;2;3;1;1;
202300034353;155 619 673;A01;2;34;0;2;1;2;0;
202300034353;155 619 674;B01;2;7;0;2;3;13;1;
202300034354;155 619 670;A01;2;32;0;2;7;17;1;
202300034354;155 619 672;B01;2;7;0;2;3;15;1;
202300034355;155 619 669;A01;2;15;10;0;2;1;1;
202300034356;155 619 667;A01;0;7;0;1;2;1;1;
202300034357;155 619 666;A01;1;7;13;0;2;1;1;
202300034358;155 619 668;Z01;2;7;14;2;1;1;0;
202300034358;155 619 671;B01;2;7;0;2;4;23;1;
202300034359;155 619 664;B01;3;7;0;9;3;1;1;
202300034359;155 619 665;A01;3;33;0;2;1;1;1;
202300034360;155 619 661;A01;1;7;0;2;0;0;0;
202300034360;155 619 663;B01;2;43;0;2;7;0;0;
202300034361;155 619 660;A01;2;7;0;2;2;16;1;
202300034361;155 619 662;B01;2;50;0;2;8;0;3;
202300034362;155 619 659;A01;2;7;12;0;2;15;1;
202300034363;155 619 658;A01;1;2;0;1;1;3;1;
202300034364;155 619 654;A01;1;7;0;1;0;1;1;
202300034365;155 619 655;B01;1;31;0;2;3;1;1;
202300034365;155 619 657;A01;1;7;0;2;2;0;1;
202300034366;155 619 653;A01;2;7;0;2;0;1;1;
202300034366;155 619 656;B01;3;1;0;2;0;0;5;
202300034367;155 619 650;A01;2;36;8;0;9;1;1;
202300034368;155 619 648;A01;1;7;0;2;8;10;1;
202300034368;155 619 651;B01;1;7;0;2;1;1;1;
202300034369;155 619 652;A01;1;7;10;0;3;13;0;
202300034370;155 619 647;A01;1;7;0;2;1;1;1;
202300034370;155 619 649;B01;1;7;0;2;8;9;1;
202300034371;155 619 646;A01;3;2;0;0;4;1;1;
202300034372;155 619 644;A01;2;33;8;0;1;1;1;
202300034373;155 619 643;B01;1;33;0;2;7;1;1;
202300034373;155 619 645;A01;1;10;0;2;8;11;1;
202300034374;155 619 641;A01;2;2;0;0;8;14;1;
202300034375;155 619 640;A01;1;7;1;0;2;1;1;
202300034375;155 619 642;B01;1;7;0;2;5;23;1;
202300034376;155 619 639;A01;3;7;15;0;3;2;1;
202300034377;155 619 637;B01;1;2;0;2;1;16;1;
202300034377;155 619 638;A01;1;10;0;2;2;16;1;
202300034378;155 619 636;A01;2;50;0;1;3;1;3;
202300034379;155 619 633;A01;1;30;0;2;1;1;1;
202300034379;155 619 634;B01;1;21;0;2;1;1;1;
202300034380;155 619 631;A01;0;7;4;0;3;0;1;
202300034381;155 619 629;A01;1;7;0;2;8;22;1;
202300034381;155 619 632;B01;1;1;0;2;2;1;5;
202300034382;155 619 630;B01;2;1;0;2;1;19;5;
202300034382;155 619 635;A01;1;7;0;9;2;1;1;
202300034383;155 619 628;A01;2;7;0;1;2;1;1;
202300034384;155 619 626;A01;1;7;13;0;9;1;1;
202300034385;155 619 624;A01;1;7;2;0;1;0;3;
202300034386;155 619 625;A01;3;7;0;2;1;1;1;
202300034386;155 619 627;B01;3;7;0;2;7;1;1;
202300034387;155 619 623;A01;1;30;0;0;7;2;3;
202300034388;155 619 619;A01;1;7;0;2;7;10;1;
202300034388;155 619 622;B01;2;33;0;2;1;1;1;
202300034389;155 619 620;A01;1;10;1;1;8;20;1;
202300034390;155 619 616;B01;1;7;0;2;1;1;0;
202300034390;155 619 617;A01;1;7;0;2;4;23;1;
202300034391;155 619 611;A01;1;7;0;2;1;1;1;
202300034392;155 619 612;B01;3;7;0;2;4;23;1;
202300034392;155 619 615;D01;3;7;0;2;4;23;1;
202300034392;155 619 618;C01;3;7;0;2;4;23;1;
202300034392;155 619 621;A01;3;10;0;2;1;2;1;
202300034393;155 619 610;A01;0;7;0;2;3;15;1;
202300034393;155 619 613;B01;2;33;0;2;1;1;0;
202300034394;155 619 608;A01;1;7;0;2;1;19;2;
202300034394;155 619 614;B01;1;7;0;0;8;1;0;
202300034395;155 619 606;A01;2;1;0;1;1;1;5;
202300034396;155 619 607;A01;3;36;0;0;7;26;0;
202300034397;155 619 602;A01;2;7;16;0;9;1;1;
202300034398;155 619 603;A01;2;7;0;1;3;15;1;
202300034399;155 619 605;A01;3;7;0;2;1;1;1;
202300034399;155 619 609;B01;1;7;0;2;1;1;1;
202300034400;155 619 601;A01;1;2;0;2;8;9;1;
202300034400;155 619 604;B01;2;7;0;2;1;1;1;
202300034401;155 619 598;B01;1;10;0;2;4;1;1;
202300034401;155 619 600;A01;1;30;0;2;1;1;3;
202300034402;155 619 596;A01;3;7;0;0;1;1;1;
202300034403;155 619 593;A01;1;7;0;2;2;1;1;
202300034403;155 619 594;B01;1;33;0;2;3;9;1;
202300034404;155 619 592;A01;2;7;0;2;2;1;3;
202300034404;155 619 595;B01;2;7;0;2;4;2;1;
202300034404;155 619 597;C01;2;7;0;2;5;2;1;
202300034404;155 619 599;D01;2;10;0;2;1;2;1;
202300034405;155 619 591;A01;3;7;0;1;4;20;1;
202300034406;155 619 589;A01;3;7;0;1;1;16;1;
202300034407;155 619 585;A01;1;7;0;2;1;1;1;
202300034407;155 619 587;B01;1;7;15;0;4;1;1;
202300034408;155 619 584;A01;1;7;0;2;4;23;1;
202300034408;155 619 588;B01;1;10;4;2;5;23;1;
202300034408;155 619 590;C01;1;7;0;2;3;1;1;
202300034409;155 619 583;A01;2;33;0;2;1;2;1;
202300034409;155 619 586;B01;2;10;0;2;4;2;1;
202300034410;155 619 580;A01;2;7;0;2;4;1;1;
202300034410;155 619 581;B01;2;7;0;2;1;1;1;
202300034411;155 619 579;A01;1;7;1;2;2;1;1;
202300034411;155 619 582;B01;0;7;1;2;1;9;0;
202300034412;155 619 575;B01;3;7;0;2;3;2;1;
202300034412;155 619 577;A01;3;33;0;2;2;17;1;
202300034413;155 619 576;B01;2;7;0;2;4;2;1;
202300034413;155 619 578;A01;2;7;0;2;1;2;1;
202300034414;155 619 572;B01;2;33;0;0;1;1;0;
202300034414;155 619 573;A01;2;7;0;2;5;9;1;
202300034415;155 619 571;A01;1;10;5;2;1;0;1;
202300034415;155 619 574;B01;1;7;5;0;9;21;2;
202300034416;155 619 568;A01;2;10;0;2;2;16;1;
202300034416;155 619 570;B01;2;43;0;2;3;18;1;
202300034417;155 619 567;B01;2;7;0;2;8;1;1;
202300034417;155 619 569;A01;2;7;4;2;2;12;1;
202300034418;155 619 565;A01;1;7;4;0;2;1;1;
202300034419;155 619 564;B01;1;31;0;2;1;1;1;
202300034419;155 619 566;A01;1;7;0;2;3;15;2;
202300034420;155 619 561;A01;2;10;0;2;1;1;1;
202300034420;155 619 563;B01;2;7;0;2;4;1;1;
202300034421;155 619 560;A01;2;2;0;0;8;1;1;
202300034421;155 619 562;B01;2;7;0;2;2;10;1;
202300034422;155 619 559;A01;1;33;0;0;0;1;1;
202300034423;155 619 558;A01;1;7;0;0;0;1;1;
202300034424;155 619 555;A01;1;7;0;2;1;2;1;
202300034424;155 619 556;B01;1;7;0;2;4;2;1;
202300034424;155 619 557;C01;1;7;0;2;4;2;1;
202300034425;155 619 554;A01;1;7;8;0;1;14;0;
202300034426;155 619 552;B01;1;7;0;2;8;11;1;
202300034426;155 619 553;A01;1;34;0;2;1;3;1;
202300034427;155 619 551;A01;0;2;0;0;1;1;1;
202300034428;155 619 549;A01;2;10;0;2;8;11;1;
202300034428;155 619 550;B01;2;33;0;2;5;1;1;
202300034429;155 619 548;A01;2;33;13;0;1;1;1;
202300034430;155 619 546;A01;1;7;0;2;4;1;1;
202300034430;155 619 547;B01;1;7;0;2;1;0;1;
202300034431;155 619 545;A01;2;10;13;0;1;21;1;
202300034432;155 619 544;A01;2;7;0;9;8;1;1;
202300034433;155 619 543;A01;2;33;0;0;9;13;1;
202300034434;155 619 540;B01;1;7;0;2;6;11;1;
202300034434;155 619 542;A01;1;33;0;2;7;11;1;
202300034435;155 619 541;A01;2;10;0;1;4;4;1;
202300034436;155 619 539;A01;1;15;1;0;1;14;1;
202300034437;155 619 537;B01;3;7;0;2;6;1;1;
202300034437;155 619 538;A01;3;2;0;2;1;5;1;
202300034438;155 619 535;A01;2;7;0;2;1;1;1;
202300034438;155 619 536;B01;2;7;0;2;6;23;1;
202300034439;155 619 533;B01;1;30;0;2;4;2;1;
202300034439;155 619 534;A01;2;7;0;2;2;0;1;
202300034440;155 619 531;A01;2;7;2;0;2;0;1;
202300034441;155 619 530;A01;1;33;0;1;0;1;1;
202300034442;155 619 527;A01;2;50;0;1;1;25;3;
202300034443;155 619 526;B01;1;30;3;2;1;14;1;
202300034443;155 619 528;A01;1;10;0;0;5;23;1;
202300034443;155 619 529;C01;1;7;0;0;7;23;1;
202300034444;155 619 525;A01;2;32;0;1;2;17;1;
202300034445;155 619 523;B01;3;50;0;2;8;1;3;
202300034445;155 619 524;A01;3;7;0;2;1;15;1;
202300034446;155 619 521;A01;1;7;0;0;0;1;1;
202300034447;155 619 522;A01;1;33;0;0;1;16;1;
202300034448;155 619 520;A01;3;10;0;0;4;1;1;
202300034449;155 619 519;A01;3;7;0;1;3;15;1;
202300034450;155 619 518;A01;0;7;13;0;5;14;1;
202300034451;155 619 515;A01;1;7;0;2;7;15;1;
202300034451;155 619 517;B01;1;43;0;2;1;1;1;
202300034452;155 619 514;A01;2;7;0;2;1;13;1;
202300034452;155 619 516;B01;1;7;0;2;1;1;1;
202300034453;155 619 511;A01;2;7;0;2;1;13;1;
202300034453;155 619 512;B01;1;7;0;2;1;1;1;
202300034454;155 619 509;B01;1;7;0;2;3;9;1;
202300034454;155 619 513;A01;1;30;0;2;1;17;1;
202300034455;155 619 510;A01;2;80;0;1;1;1;3;
202300034456;155 619 506;A01;1;33;0;2;1;2;1;
202300034456;155 619 508;B01;1;7;0;2;3;15;1;
202300034457;155 619 505;A01;2;7;0;2;2;19;2;
202300034457;155 619 507;B01;2;2;0;2;8;1;1;
202300034458;155 619 499;C01;1;7;0;2;1;1;1;
202300034458;155 619 501;B01;2;7;0;2;3;1;1;
202300034458;155 619 504;A01;1;3;0;2;2;15;1;
202300034459;155 619 500;A01;2;10;0;0;9;2;1;
202300034459;155 619 502;B01;2;33;0;2;1;2;1;
202300034459;155 619 503;C01;2;7;0;2;4;2;1;
202300034460;155 619 497;A01;2;33;0;2;1;18;1;
202300034460;155 619 498;B01;2;7;0;2;7;16;1;
202300034461;155 619 495;B01;0;33;1;2;5;1;1;
202300034461;155 619 496;A01;2;7;0;2;3;9;1;
202300034462;155 619 491;B01;3;7;0;2;3;15;1;
202300034462;155 619 493;T01;3;7;0;0;0;23;1;
202300034462;155 619 494;Z01;3;33;0;2;1;3;1;
202300034463;155 619 492;A01;1;7;8;0;1;14;1;
202300034464;155 619 489;A01;1;7;1;0;3;1;1;
202300034465;155 619 486;B01;2;1;0;2;7;1;5;
202300034465;155 619 490;A01;2;7;0;2;1;9;1;
202300034466;155 619 487;B01;1;7;0;2;4;23;0;
202300034466;155 619 488;A01;1;7;0;2;1;2;0;
202300034467;155 619 482;A01;0;10;1;1;4;4;3;
202300034468;155 619 483;B01;2;7;0;2;1;1;1;
202300034468;155 619 484;A01;1;7;0;2;7;10;1;
202300034469;155 619 479;A01;3;7;8;0;1;15;1;
202300034470;155 619 478;A01;1;7;0;1;2;9;1;
202300034471;155 619 474;B01;1;7;0;2;1;1;1;
202300034471;155 619 477;A01;2;7;0;2;1;13;1;
202300034472;155 619 472;B01;2;43;0;2;2;14;1;
202300034472;155 619 475;A01;3;7;0;2;2;9;1;
202300034473;155 619 473;A01;2;7;0;2;2;15;3;
202300034473;155 619 476;B01;1;1;0;2;1;1;5;
202300034474;155 619 470;A01;2;7;0;2;1;2;1;
202300034474;155 619 471;B01;2;10;0;2;4;23;1;
202300034475;155 619 469;A01;1;7;8;0;1;13;1;
202300034476;155 619 468;A01;0;7;1;0;3;15;0;
202300034477;155 619 466;A01;1;17;0;2;1;2;1;
202300034477;155 619 467;B01;1;7;0;2;4;2;1;
202300034478;155 619 464;A01;3;7;0;1;3;1;6;
202300034479;155 619 463;A01;1;32;0;2;2;13;1;
202300034479;155 619 465;B01;1;7;0;2;3;1;0;
202300034480;155 619 462;A01;1;7;0;1;1;16;1;
202300034481;155 619 459;A01;3;7;0;1;1;9;1;
202300034482;155 619 458;A01;2;7;0;2;3;13;1;
202300034482;155 619 460;B01;1;7;0;2;8;1;3;
202300034483;155 619 457;A01;1;3;0;2;6;15;0;
202300034483;155 619 461;B01;1;33;0;2;1;1;0;
202300034484;155 619 456;A01;3;7;0;1;1;1;1;
202300034485;155 619 453;B01;0;7;0;2;3;1;1;
202300034485;155 619 455;A01;0;50;0;2;3;9;3;
202300034486;155 619 451;B01;3;1;0;2;8;19;5;
202300034486;155 619 452;A01;1;10;0;2;1;16;1;
202300034487;155 619 450;A01;2;7;0;2;1;2;0;
202300034487;155 619 454;B01;2;7;0;2;4;2;1;
202300034488;155 619 449;A01;2;31;0;1;1;1;1;
202300034489;155 619 448;A01;0;7;0;1;1;0;2;
202300034490;155 619 447;A01;3;7;0;1;5;4;1;
202300034491;155 619 445;A01;1;7;0;2;3;9;1;
202300034491;155 619 446;B01;1;7;0;1;5;2;1;
202300034492;155 619 444;B01;1;31;1;2;1;1;3;
202300034493;155 619 443;A01;1;7;0;1;1;26;1;
202300034494;155 619 439;C01;0;33;0;2;1;2;1;
202300034494;155 619 441;A01;0;33;0;2;0;2;1;
202300034494;155 619 442;B01;0;33;0;2;7;2;1;
202300034495;155 619 437;A01;0;7;0;2;3;1;1;
202300034495;155 619 440;B01;0;7;0;2;7;15;1;
202300034496;155 619 438;A01;2;7;11;0;1;0;1;
202300034497;155 619 436;A01;0;7;0;1;2;1;1;
202300034498;155 619 433;A01;3;7;0;9;3;1;1;
202300034498;155 619 435;B01;3;50;0;2;8;1;3;
202300034499;155 619 432;A01;1;20;0;2;1;1;0;
202300034499;155 619 434;B01;1;7;0;0;4;1;1;
202300034500;155 619 430;B01;2;31;0;2;1;1;1;
202300034500;155 619 431;A01;2;7;0;2;1;15;1;
202300034501;155 619 427;A01;0;50;0;0;0;1;3;
202300034502;155 619 426;A01;3;7;0;2;1;2;1;
202300034502;155 619 429;B01;3;10;0;2;4;1;1;
202300034503;155 619 422;B01;1;7;0;2;2;17;1;
202300034503;155 619 424;A01;1;7;0;2;3;10;1;
202300034504;155 619 423;A01;3;10;0;2;1;1;0;
202300034504;155 619 425;B01;3;7;0;2;1;1;0;
202300034504;155 619 428;C01;3;3;0;2;4;1;0;
202300034505;155 619 419;A01;3;7;0;2;2;2;3;
202300034505;155 619 420;B01;3;7;0;2;4;2;1;
202300034505;155 619 421;C01;3;7;0;2;4;2;1;
202300034506;155 619 418;A01;0;30;12;1;0;21;1;
202300034507;155 619 414;A01;1;7;2;0;7;14;1;
202300034508;155 619 415;A01;1;10;0;1;2;2;1;
202300034509;155 619 413;A01;2;34;0;2;1;3;1;
202300034509;155 619 416;B01;2;7;0;2;3;1;1;
202300034509;155 619 417;C01;2;7;0;2;3;1;1;
202300034510;155 619 412;A01;3;7;13;0;2;14;1;
202300034511;155 619 408;A01;1;7;0;2;3;15;1;
202300034511;155 619 410;B01;1;7;0;2;2;1;1;
202300034512;155 619 409;A01;2;7;0;2;1;1;1;
202300034512;155 619 411;B01;2;7;0;2;4;1;1;
202300034513;155 619 406;A01;1;33;0;2;7;15;1;
202300034513;155 619 407;B01;1;7;0;2;1;18;1;
202300034514;155 619 403;A01;2;50;0;4;8;13;3;
202300034514;155 619 405;B01;2;40;0;2;2;1;3;
202300034515;155 619 402;A01;1;10;0;2;2;2;1;
202300034515;155 619 404;B01;1;7;0;0;4;1;1;
202300034516;155 619 400;A01;1;7;0;2;2;16;1;
202300034516;155 619 401;B01;1;50;0;2;1;1;3;
202300034517;155 619 398;B01;1;50;0;2;3;1;3;
202300034517;155 619 399;A01;2;7;0;2;2;15;1;
202300034518;155 619 393;C01;3;10;0;2;1;2;1;
202300034518;155 619 395;A01;3;7;0;2;0;23;1;
202300034518;155 619 397;B01;3;7;0;2;4;11;1;
202300034519;155 619 392;A01;3;50;0;9;1;1;3;
202300034520;155 619 391;A01;2;7;0;1;8;15;1;
202300034521;155 619 394;A01;0;7;0;2;1;1;1;
202300034521;155 619 396;B01;0;7;0;2;4;1;3;
202300034522;155 619 387;A01;1;30;0;2;1;2;1;
202300034522;155 619 389;B01;1;30;0;2;8;15;1;
202300034523;155 619 383;A01;0;33;0;2;1;21;1;
202300034523;155 619 384;B01;0;7;0;2;3;1;1;
202300034523;155 619 386;C01;0;7;0;0;0;0;1;
202300034524;155 619 382;A01;1;7;0;2;7;15;1;
202300034524;155 619 385;B01;1;30;0;2;7;21;1;
202300034525;155 619 381;A01;3;10;0;1;3;23;1;
202300034526;155 619 379;B01;2;1;0;2;8;2;5;
202300034526;155 619 380;A01;2;7;0;9;2;1;1;
202300034527;155 619 378;A01;3;10;0;1;3;1;1;
202300034528;155 619 376;A01;2;7;0;0;7;15;1;
202300034528;155 619 377;B01;1;33;0;2;1;1;1;
202300034529;155 619 375;A01;1;7;15;0;1;1;1;
202300034530;155 619 373;B01;2;31;0;2;1;1;6;
202300034530;155 619 374;A01;1;10;0;2;5;15;1;
202300034531;155 619 372;A01;2;7;2;0;1;16;1;
202300034532;155 619 370;A01;2;1;0;2;1;13;5;
202300034532;155 619 371;B01;1;7;0;2;1;1;1;
202300034533;155 619 368;A01;2;31;0;2;8;15;1;
202300034533;155 619 369;B01;3;31;0;2;1;17;1;
202300034534;155 619 366;A01;1;7;0;2;7;14;1;
202300034534;155 619 367;B01;1;2;0;2;8;2;1;
202300034535;155 619 363;Z01;1;14;0;2;2;1;0;
202300034535;155 619 364;A01;1;7;0;2;8;1;2;
202300034535;155 619 365;B01;1;7;0;2;1;1;1;
202300034536;155 619 362;A01;1;7;0;1;1;1;0;
202300034537;155 619 361;A01;1;2;11;0;1;13;1;
202300034538;155 619 358;A01;1;3;0;2;3;13;1;
202300034538;155 619 360;B01;2;10;3;2;3;1;1;
202300034539;155 619 357;B01;1;14;0;2;5;1;1;
202300034539;155 619 359;A01;1;31;0;2;6;3;1;
202300034540;155 619 354;A01;2;7;0;2;1;9;1;
202300034540;155 619 356;B01;2;15;0;0;4;9;1;
202300034541;155 619 353;A01;2;14;0;2;1;19;1;
202300034541;155 619 355;B01;2;50;0;2;8;1;3;
202300034542;155 619 351;A01;1;10;0;1;1;1;1;
202300034543;155 619 350;A01;1;7;0;2;1;2;1;
202300034543;155 619 352;B01;1;15;0;0;4;1;1;
202300034544;155 619 349;A01;1;50;0;1;1;1;3;
202300034545;155 619 348;A01;1;7;2;0;1;11;1;
202300034546;155 619 345;B01;2;7;0;2;3;1;1;
202300034546;155 619 347;A01;1;7;0;2;1;1;1;
202300034547;155 619 341;A01;2;30;0;2;8;1;1;
202300034547;155 619 343;Z01;1;7;0;2;1;15;1;
202300034548;155 619 342;A01;1;7;2;0;7;14;1;
202300034549;155 619 339;A01;1;7;0;1;4;20;1;
202300034550;155 619 338;A01;1;7;0;2;3;13;1;
202300034550;155 619 340;B01;2;21;0;2;3;1;1;
202300034551;155 619 336;A01;1;7;0;2;3;12;1;
202300034551;155 619 337;B01;1;7;0;2;5;1;1;
202300034552;155 619 334;A01;2;7;0;2;2;15;1;
202300034552;155 619 335;B01;1;34;0;2;1;1;1;
202300034553;155 619 332;A01;3;10;0;2;5;16;1;
202300034553;155 619 333;B01;3;7;0;2;3;1;2;
202300034554;155 619 330;A01;1;2;0;2;1;17;1;
202300034554;155 619 331;B01;2;7;0;2;3;1;1;
202300034555;155 619 328;A01;1;1;0;2;1;1;5;
202300034555;155 619 329;B01;3;10;0;2;3;15;1;
202300034556;155 619 325;A01;2;7;0;2;3;13;1;
202300034556;155 619 326;B01;1;33;0;2;3;1;1;
202300034556;155 619 327;C01;1;33;0;2;3;1;1;
202300034557;155 619 324;A01;2;1;0;1;8;1;5;
202300034558;155 619 322;B01;1;7;0;2;1;1;2;
202300034558;155 619 323;A01;2;7;0;2;7;26;1;
202300034559;155 619 320;B01;1;7;0;2;3;1;1;
202300034559;155 619 321;A01;1;32;0;2;1;1;1;
202300034560;155 619 318;A01;1;7;0;9;2;2;1;
202300034560;155 619 319;B01;1;1;0;2;8;1;5;
202300034561;155 619 317;A01;3;32;0;0;7;16;1;
202300034562;155 619 315;B01;0;7;4;0;5;1;0;
202300034563;155 619 314;B01;2;7;0;2;3;1;1;
202300034563;155 619 316;A01;1;33;0;2;1;13;1;
202300034564;155 619 313;A01;0;7;0;1;1;15;1;
202300034565;155 619 312;A01;1;33;0;0;1;0;1;
202300034566;155 619 309;B01;1;31;0;2;7;2;3;
202300034566;155 619 311;A01;1;7;0;2;7;15;0;
202300034567;155 619 308;A01;3;7;0;2;1;9;1;
202300034567;155 619 310;B01;3;50;0;2;7;1;3;
202300034568;155 619 306;A01;2;7;13;0;7;0;0;
202300034569;155 619 305;A01;1;7;0;2;1;0;0;
202300034569;155 619 307;B01;1;50;0;2;4;0;3;
202300034570;155 619 304;A01;1;7;0;1;1;2;1;
202300034571;155 619 302;A01;3;7;0;2;1;1;1;
202300034571;155 619 303;B01;3;2;0;2;1;13;1;
202300034572;155 619 300;A01;3;1;0;5;8;1;5;
202300034573;155 619 299;A01;3;10;0;2;1;1;1;
202300034573;155 619 301;B01;3;10;0;2;6;1;1;
202300034574;155 619 296;B01;3;7;0;2;3;16;1;
202300034574;155 619 298;A01;3;33;0;2;1;1;1;
202300034575;155 619 297;A01;2;99;0;1;2;19;0;
202300034576;155 619 295;A01;2;33;0;0;8;1;1;
202300034577;155 619 293;A01;1;7;0;2;3;9;1;
202300034577;155 619 294;B01;1;33;0;2;1;1;1;