Num_Acc;id_vehicule;num_veh;senc;catv;obs;obsm;choc;manv;motor;occutc
202300034578;155 619 292;A01;1;7;2;0;1;1;0;
202300034579;155 619 289;A01;2;7;0;2;2;15;0;
202300034579;155 619 291;B01;1;7;0;2;3;1;1;
202300034580;155 619 288;A01;1;7;0;2;1;15;1;
202300034580;155 619 290;B01;2;7;0;2;1;1;1;
202300034581;155 619 284;A01;1;10;0;2;7;17;1;
202300034581;155 619 286;B01;1;21;0;2;3;15;1;
202300034582;155 619 285;A01;1;14;0;2;0;2;1;
202300034582;155 619 287;B01;1;1;0;2;0;2;5;
202300034583;155 619 283;A01;1;7;13;0;3;2;1;
202300034584;155 619 282;A01;1;7;0;1;2;16;0;
202300034585;155 619 280;A01;2;7;0;2;3;15;1;
202300034585;155 619 281;B01;1;2;0;2;1;1;1;
202300034586;155 619 279;A01;2;7;6;0;2;14;1;
202300034587;155 619 278;A01;1;33;0;0;9;1;1;
202300034588;155 619 275;A01;1;7;0;2;8;10;1;
202300034588;155 619 276;B01;1;33;0;2;1;17;1;
202300034589;155 619 274;A01;3;7;0;2;1;15;1;
202300034589;155 619 277;B01;3;33;0;2;7;1;1;
202300034590;155 619 273;A01;2;7;3;0;1;17;1;
202300034591;155 619 271;A01;1;7;3;0;1;1;1;
202300034592;155 619 270;A01;1;10;0;2;1;0;0;
202300034592;155 619 272;B01;1;3;3;0;4;0;0;
202300034593;155 619 269;A01;1;10;0;1;3;1;1;
202300034594;155 619 267;A01;1;7;0;2;3;13;0;
202300034594;155 619 268;B01;1;32;0;2;7;17;1;
202300034595;155 619 263;A01;1;7;0;2;1;5;1;
202300034595;155 619 264;B01;1;7;0;2;1;1;1;
202300034596;155 619 262;B01;2;7;4;0;0;0;1;
202300034596;155 619 265;C01;2;7;1;0;1;0;1;
202300034596;155 619 266;A01;2;7;0;0;1;0;1;
202300034597;155 619 260;A01;2;7;0;2;1;0;1;
202300034597;155 619 261;B01;2;7;0;2;3;0;1;
202300034598;155 619 259;A01;1;10;3;0;8;12;1;
202300034599;155 619 258;A01;1;10;6;0;1;1;1;
202300034600;155 619 256;A01;3;7;6;0;6;1;1;
202300034601;155 619 254;A01;0;7;8;0;0;1;1;
202300034602;155 619 253;A01;2;7;2;0;5;0;1;
202300034603;155 619 251;A01;1;10;0;2;1;1;1;
202300034603;155 619 252;B01;1;7;0;0;4;0;1;
202300034604;155 619 249;A01;1;33;16;0;0;17;1;
202300034605;155 619 250;A01;2;7;2;0;3;11;1;
202300034606;155 619 247;A01;1;14;3;1;2;1;1;
202300034607;155 619 248;A01;2;2;6;0;1;1;1;
202300034608;155 619 244;A01;1;7;0;2;2;15;1;
202300034608;155 619 246;B01;1;34;0;2;2;1;1;
202300034609;155 619 241;A01;2;33;0;0;9;1;1;
202300034609;155 619 242;B01;1;7;0;0;0;1;1;
202300034610;155 619 243;A01;1;7;8;0;3;13;0;
202300034610;155 619 245;B01;2;7;8;0;3;26;1;
202300034611;155 619 239;A01;1;33;0;2;3;1;1;
202300034611;155 619 240;B01;2;7;0;2;6;19;1;
202300034612;155 619 238;A01;1;7;0;9;1;1;0;
202300034613;155 619 237;A01;1;10;0;1;2;1;1;
202300034614;155 619 236;A01;2;7;0;1;2;16;1;
202300034615;155 619 233;B01;1;7;0;2;1;1;1;
202300034615;155 619 234;C01;1;7;0;2;3;1;1;
202300034615;155 619 235;A01;2;33;0;2;3;5;1;
202300034616;155 619 230;A01;1;7;0;1;2;1;1;
202300034617;155 619 231;A01;2;14;0;4;2;1;1;
202300034617;155 619 232;B01;1;39;0;4;1;1;1;
202300034618;155 619 227;A01;1;7;0;2;5;15;1;
202300034618;155 619 229;B01;2;2;0;2;1;1;1;
202300034619;155 619 225;A01;1;10;0;2;1;1;1;
202300034619;155 619 226;B01;1;7;0;2;1;1;1;
202300034620;155 619 223;A01;1;7;0;2;3;15;1;
202300034620;155 619 224;B01;1;33;0;2;1;1;0;
202300034621;155 619 220;A01;1;7;0;2;6;15;1;
202300034621;155 619 221;B01;1;33;0;2;7;17;1;
202300034621;155 619 222;C01;1;33;0;2;7;17;1;
202300034622;155 619 219;A01;1;10;0;1;2;2;1;
202300034623;155 619 217;B01;2;38;0;2;8;15;1;4
202300034623;155 619 218;A01;2;14;0;2;2;17;1;
202300034624;155 619 214;A01;1;7;0;2;1;1;1;
202300034624;155 619 215;B01;1;50;0;2;0;19;3;
202300034625;155 619 213;B01;2;10;0;2;1;1;1;
202300034625;155 619 216;A01;1;7;0;2;1;13;1;
202300034626;155 619 212;A01;3;1;0;1;1;25;5;
202300034627;155 619 210;A01;1;7;2;0;1;14;1;
202300034628;155 619 207;A01;1;7;0;2;3;1;1;
202300034628;155 619 208;B01;2;7;0;0;8;13;1;
202300034629;155 619 209;A01;1;7;2;0;4;26;1;
202300034629;155 619 211;B01;1;7;2;2;1;21;1;
202300034630;155 619 206;B01;3;7;0;9;2;1;1;
202300034631;155 619 205;A01;3;7;0;1;2;1;1;
202300034632;155 619 202;A01;1;7;0;0;4;1;1;
202300034632;155 619 203;B01;1;33;0;0;1;1;1;
202300034632;155 619 204;C01;1;7;0;0;1;1;1;
202300034633;155 619 199;A01;1;7;0;0;2;1;1;
202300034633;155 619 200;B01;1;1;0;0;4;1;5;
202300034634;155 619 197;A01;1;33;11;0;0;21;1;
202300034635;155 619 198;A01;2;7;0;2;1;15;1;
202300034635;155 619 201;B01;1;7;7;2;1;1;1;
202300034636;155 619 194;A01;1;7;15;0;1;1;2;
202300034637;155 619 193;A01;2;10;0;2;7;1;1;
202300034637;155 619 195;B01;2;7;0;2;0;0;1;
202300034637;155 619 196;C01;2;33;0;2;0;0;1;
202300034638;155 619 191;A01;2;33;0;2;2;14;1;
202300034638;155 619 192;B01;2;13;0;2;8;1;1;
202300034639;155 619 189;A01;2;7;0;2;6;19;0;
202300034639;155 619 190;B01;1;31;0;2;3;1;0;
202300034640;155 619 187;A01;1;32;0;2;1;12;1;
202300034640;155 619 188;B01;1;7;0;2;6;23;1;
202300034641;155 619 183;A01;1;7;0;2;1;2;1;
202300034641;155 619 185;B01;1;7;0;2;4;2;1;
202300034642;155 619 182;A01;1;7;0;2;1;13;1;
202300034642;155 619 184;C01;2;7;0;2;1;1;2;
202300034642;155 619 186;B01;2;10;0;2;3;1;1;
202300034643;155 619 180;A01;2;7;0;2;1;2;0;
202300034643;155 619 181;B01;2;7;0;0;4;2;0;
202300034644;155 619 178;A01;2;7;0;1;3;1;1;
202300034645;155 619 177;A01;1;7;0;2;1;2;1;
202300034645;155 619 179;B01;1;7;0;2;4;2;1;
202300034646;155 619 174;A01;2;10;0;2;7;12;1;
202300034646;155 619 176;B01;2;33;0;2;3;1;1;
202300034647;155 619 171;B01;2;34;0;2;8;3;1;
202300034647;155 619 172;A01;2;7;0;2;7;1;1;
202300034648;155 619 170;B01;2;30;0;2;1;1;1;
202300034648;155 619 173;A01;1;32;0;2;3;9;1;
202300034649;155 619 168;A01;1;10;0;2;1;2;1;
202300034649;155 619 169;B01;1;10;3;2;4;2;1;
202300034650;155 619 166;A01;1;10;0;0;1;26;1;
202300034651;155 619 167;A01;1;7;8;0;1;6;1;
202300034652;155 619 164;A01;2;7;0;2;7;14;1;
202300034652;155 619 165;B01;2;33;0;2;8;0;1;
202300034653;155 619 161;A01;1;10;5;0;1;1;1;
202300034653;155 619 163;B01;2;7;5;0;1;13;1;
202300034654;155 619 159;A01;2;7;0;2;1;2;2;
202300034654;155 619 160;B01;2;7;0;2;4;2;1;
202300034654;155 619 162;C01;2;7;0;2;4;2;1;
202300034655;155 619 158;A01;0;7;0;0;0;0;0;
202300034656;155 619 156;B01;2;33;0;2;8;1;1;
202300034656;155 619 157;A01;2;7;0;2;5;12;1;
202300034657;155 619 154;B01;2;2;0;0;3;2;1;
202300034657;155 619 155;A01;2;7;0;2;0;21;1;
202300034658;155 619 152;A01;2;33;0;2;5;3;1;
202300034658;155 619 153;Z01;2;7;0;2;6;11;1;
202300034659;155 619 148;A01;2;10;0;2;3;11;1;
202300034659;155 619 150;B01;2;32;0;2;1;3;1;
202300034660;155 619 147;A01;2;33;0;2;1;1;1;
202300034660;155 619 149;B01;1;33;0;2;1;1;1;
202300034661;155 619 144;A01;1;7;0;2;0;9;1;
202300034661;155 619 146;B01;1;1;0;2;0;1;5;
202300034662;155 619 143;A01;3;7;0;0;2;11;1;
202300034662;155 619 145;B01;3;33;0;0;1;1;1;
202300034663;155 619 138;A01;1;7;0;2;1;2;1;
202300034663;155 619 140;B01;1;7;0;2;4;2;1;
202300034664;155 619 136;B01;0;7;0;2;4;0;0;
202300034664;155 619 137;A01;0;7;0;2;1;3;1;
202300034665;155 619 139;A01;1;34;0;1;2;2;1;
202300034666;155 619 131;B01;1;7;0;2;3;9;1;
202300034666;155 619 133;D01;1;38;0;2;3;1;1;1
202300034666;155 619 134;A01;1;7;0;2;3;1;1;
202300034666;155 619 135;C01;2;7;0;2;3;1;2;
202300034667;155 619 129;A01;1;7;8;0;9;1;1;
202300034668;155 619 130;A01;1;7;3;2;0;0;1;
202300034668;155 619 132;B01;2;7;3;2;0;0;1;
202300034669;155 619 128;A01;1;7;2;0;0;1;1;
202300034670;155 619 126;A01;2;33;0;1;1;1;1;
202300034671;155 619 124;A01;1;33;0;2;1;13;1;
202300034671;155 619 127;B01;2;7;0;2;1;1;1;
202300034672;155 619 122;A01;3;7;0;9;1;2;1;
202300034672;155 619 123;B01;2;80;0;9;0;0;3;
202300034673;155 619 120;A01;1;7;0;9;5;16;1;
202300034673;155 619 121;B01;1;31;0;2;8;1;1;
202300034674;155 619 119;A01;1;7;0;1;1;1;1;
202300034675;155 619 117;B01;2;7;0;9;8;19;1;
202300034675;155 619 118;A01;1;2;0;2;1;1;1;
202300034676;155 619 114;A01;1;7;0;2;6;1;1;
202300034676;155 619 115;B01;2;1;0;2;1;1;5;
202300034677;155 619 116;A01;2;7;2;0;2;1;1;
202300034678;155 619 112;B01;1;34;0;2;8;2;0;
202300034678;155 619 113;A01;1;7;0;2;7;2;0;
202300034679;155 619 111;A01;1;7;0;0;1;13;1;
202300034680;155 619 109;A01;1;10;0;0;8;13;1;
202300034681;155 619 107;A01;2;7;0;2;1;1;1;
202300034681;155 619 108;B01;2;7;0;2;4;23;1;
202300034682;155 619 105;B01;1;7;0;2;1;1;1;
202300034682;155 619 106;A01;2;21;0;2;2;15;1;
202300034683;155 619 104;A01;1;7;0;1;3;15;1;
202300034684;155 619 103;A01;2;7;2;0;1;0;3;
202300034685;155 619 102;A01;1;7;8;0;1;1;1;
202300034686;155 619 098;B01;3;33;0;2;1;1;1;
202300034686;155 619 101;A01;0;2;0;2;1;1;1;
202300034687;155 619 099;A01;0;7;0;9;1;9;1;
202300034687;155 619 100;B01;0;1;0;2;7;1;5;
202300034688;155 619 096;A01;1;7;2;0;1;2;1;
202300034689;155 619 093;A01;1;7;4;0;6;15;1;
202300034690;155 619 091;B01;1;7;0;2;5;1;1;
202300034690;155 619 092;A01;1;14;0;2;2;26;1;
202300034691;155 619 089;A01;1;33;0;1;2;0;1;
202300034692;155 619 090;A01;1;7;4;0;3;11;1;
202300034693;155 619 088;A01;2;80;0;1;1;1;3;
202300034694;155 619 087;A01;1;7;4;0;3;1;1;
202300034695;155 619 085;B01;3;80;14;2;1;1;3;
202300034695;155 619 086;A01;1;1;14;2;1;1;5;
202300034696;155 619 082;A01;3;3;0;1;2;2;1;
202300034697;155 619 081;A01;3;7;0;1;1;1;1;
202300034698;155 619 083;B01;2;7;0;2;4;1;0;
202300034698;155 619 084;A01;2;7;0;2;1;1;0;
202300034699;155 619 077;B01;1;50;0;2;8;1;3;
202300034699;155 619 080;A01;1;7;0;2;1;15;1;
202300034700;155 619 073;A01;2;7;0;2;3;17;1;
202300034700;155 619 074;B01;2;30;0;2;7;17;1;
202300034701;155 619 075;B01;2;10;0;2;1;1;1;
202300034701;155 619 076;C01;2;10;0;2;5;1;1;
202300034701;155 619 078;D01;2;15;0;2;8;1;1;
202300034701;155 619 079;A01;2;7;0;2;8;11;1;
202300034702;155 619 072;A01;-1;7;0;0;1;13;0;
202300034703;155 619 071;B01;1;33;4;2;7;26;1;
202300034704;155 619 069;A01;1;10;0;2;2;15;1;
202300034704;155 619 070;B01;2;2;0;2;1;18;1;
202300034705;155 619 065;A01;1;7;1;0;1;1;1;
202300034705;155 619 066;B01;1;7;0;2;6;24;1;
202300034706;155 619 064;B01;2;10;0;2;4;2;1;
202300034706;155 619 067;C01;2;7;0;2;4;2;1;
202300034706;155 619 068;A01;2;14;0;2;1;2;1;
202300034707;155 619 061;B01;1;7;0;2;7;1;1;
202300034707;155 619 063;A01;2;7;0;2;1;5;1;
202300034708;155 619 062;A01;1;7;0;1;7;2;1;
202300034709;155 619 059;A01;2;7;3;2;1;2;1;
202300034710;155 619 057;B01;0;7;0;2;4;2;3;
202300034710;155 619 058;C01;0;7;0;2;4;2;1;
202300034710;155 619 060;A01;0;10;0;2;1;2;1;
202300034711;155 619 054;B01;3;33;0;2;1;0;1;
202300034711;155 619 056;A01;3;14;0;2;8;11;1;
202300034712;155 619 051;B01;1;7;0;2;2;1;1;
202300034712;155 619 053;A01;2;50;0;2;1;15;3;
202300034713;155 619 050;A01;1;10;0;1;4;4;1;
202300034714;155 619 052;B01;2;7;0;2;4;1;1;
202300034714;155 619 055;A01;2;7;0;2;1;1;1;
202300034715;155 619 048;A01;1;7;6;0;1;13;1;
202300034716;155 619 049;A01;0;7;0;1;3;15;1;
202300034717;155 619 046;A01;3;50;0;2;1;26;3;
202300034717;155 619 047;B01;3;7;0;2;3;26;1;
202300034718;155 619 043;A01;3;3;0;2;3;10;3;
202300034718;155 619 045;B01;3;31;0;2;7;1;1;
202300034719;155 619 042;A01;1;50;0;2;7;1;3;
202300034719;155 619 044;B01;2;7;0;2;2;1;1;
202300034720;155 619 039;B01;3;43;0;2;8;23;1;
202300034720;155 619 041;A01;3;15;0;2;7;14;1;
202300034721;155 619 040;A01;1;7;0;1;3;1;1;
202300034722;155 619 036;A01;1;7;0;2;1;1;1;
202300034722;155 619 037;B01;1;31;0;2;4;1;1;
202300034723;155 619 035;B01;3;7;0;2;4;23;1;
202300034723;155 619 038;A01;3;7;0;2;1;2;1;
202300034724;155 619 033;A01;1;7;0;2;1;1;1;
202300034724;155 619 034;B01;1;7;0;2;6;1;1;
202300034725;155 619 029;A01;2;7;0;2;2;15;1;
202300034725;155 619 030;B01;1;2;0;2;1;1;1;
202300034726;155 619 025;B01;3;31;0;2;2;1;1;
202300034726;155 619 026;A01;3;21;0;2;3;15;1;
202300034727;155 619 022;A01;1;7;0;2;7;16;1;
202300034727;155 619 024;B01;2;50;0;2;1;1;3;
202300034728;155 619 018;A01;2;33;0;2;1;2;1;
202300034728;155 619 019;B01;2;7;0;2;5;23;1;
202300034729;155 619 015;A01;3;7;0;2;1;9;1;
202300034729;155 619 017;B01;3;30;0;2;4;9;1;
202300034730;155 619 014;A01;1;7;0;2;1;15;1;
202300034730;155 619 016;B01;1;7;0;2;8;1;1;
202300034731;155 619 013;A01;1;33;0;1;1;1;1;
202300034732;155 619 012;A01;1;7;0;1;2;1;1;
202300034733;155 619 010;A01;1;7;0;2;4;23;1;
202300034733;155 619 011;B01;1;34;0;2;1;26;1;
202300034734;155 619 008;A01;3;7;4;1;1;25;1;
202300034735;155 619 005;B01;1;10;0;2;3;15;1;
202300034735;155 619 006;A01;2;33;0;2;1;1;1;
202300034736;155 619 007;B01;3;50;0;2;5;1;3;
202300034736;155 619 009;A01;3;7;14;2;1;1;1;
202300034737;155 619 002;A01;3;7;0;2;4;21;0;
202300034737;155 619 003;B01;3;7;0;2;4;2;0;
202300034737;155 619 004;C01;3;7;0;2;1;2;0;
202300034738;155 619 001;A01;2;7;0;1;1;16;2;
202300034739;155 618 999;A01;3;50;0;2;1;19;3;
202300034739;155 619 000;B01;3;7;0;2;2;1;1;
202300034740;155 618 998;A01;1;7;0;1;2;2;0;
202300034741;155 618 997;A01;2;17;0;0;8;1;1;
202300034742;155 618 994;A01;1;50;8;0;1;1;3;
202300034743;155 618 995;A01;1;33;0;2;1;1;1;
202300034743;155 618 996;B01;2;99;0;2;7;15;1;
202300034744;155 618 993;A01;1;7;0;1;3;1;0;
202300034745;155 618 990;A01;1;38;0;2;3;1;3;4
202300034745;155 618 992;B01;2;7;0;2;3;13;1;
202300034746;155 618 989;A01;1;7;0;2;2;5;1;
202300034746;155 618 991;B01;2;7;0;2;2;1;1;
202300034747;155 618 986;A01;3;7;0;1;1;1;1;
202300034748;155 618 987;B01;2;10;8;2;3;1;0;
202300034748;155 618 988;A01;2;10;0;2;1;1;0;
202300034749;155 618 983;A01;1;7;0;1;3;1;1;
202300034750;155 618 982;A01;2;7;15;2;1;13;1;
202300034750;155 618 984;B01;2;7;0;2;1;2;1;
202300034750;155 618 985;C01;2;7;0;2;1;2;1;
202300034751;155 618 981;A01;1;7;2;0;1;14;1;
202300034752;155 618 979;A01;2;50;0;1;7;1;3;
202300034753;155 618 977;A01;1;7;0;2;1;5;1;
202300034753;155 618 978;B01;2;10;0;2;6;1;1;
202300034753;155 618 980;C01;2;10;0;2;1;1;1;
202300034754;155 618 974;A01;1;33;0;0;0;1;1;
202300034755;155 618 973;B01;1;7;0;2;7;1;1;
202300034755;155 618 975;C01;2;7;0;2;3;1;1;
202300034755;155 618 976;A01;1;7;0;2;1;1;1;
202300034756;155 618 972;A01;3;10;0;1;2;1;0;
202300034757;155 618 970;A01;3;7;0;2;7;12;1;
202300034757;155 618 971;B01;3;43;0;2;8;1;1;
202300034758;155 618 968;A01;1;33;0;2;9;26;1;
202300034758;155 618 969;B01;1;7;0;2;8;1;1;
202300034759;155 618 964;C01;2;7;0;2;3;24;1;
202300034759;155 618 966;A01;3;7;0;2;8;15;1;
202300034759;155 618 967;B01;3;33;0;2;1;17;1;
202300034760;155 618 963;A01;1;7;0;2;1;15;1;
202300034760;155 618 965;B01;3;31;0;2;3;5;1;
202300034761;155 618 962;A01;1;7;0;1;2;1;1;
202300034762;155 618 961;A01;1;10;0;1;5;4;1;
202300034763;155 618 959;A01;3;10;0;2;3;1;1;
202300034763;155 618 960;B01;3;33;0;2;2;16;1;
202300034764;155 618 955;B01;0;50;0;2;4;19;3;
202300034764;155 618 957;A01;2;7;0;2;2;1;1;
202300034765;155 618 950;B01;1;30;0;2;4;2;3;
202300034765;155 618 952;A01;1;7;0;2;3;2;1;
202300034766;155 618 949;A01;2;7;0;2;9;9;1;
202300034766;155 618 951;F01;2;7;0;2;6;1;1;
202300034766;155 618 953;B01;2;7;0;2;7;1;1;
202300034766;155 618 954;C01;2;7;4;2;9;0;1;
202300034766;155 618 956;D01;2;7;0;2;4;1;3;
202300034766;155 618 958;E01;2;7;0;2;5;1;3;
202300034767;155 618 947;B01;2;1;1;0;1;1;5;
202300034767;155 618 948;A01;2;7;0;2;8;24;1;
202300034768;155 618 945;A01;1;7;0;1;2;1;1;
202300034769;155 618 944;A01;3;7;0;2;3;15;0;
202300034769;155 618 946;B01;3;7;16;2;1;1;1;
202300034770;155 618 942;A01;3;7;0;9;7;1;1;
202300034770;155 618 943;B01;3;50;0;2;1;19;3;
202300034771;155 618 940;A01;1;7;0;2;1;5;1;
202300034771;155 618 941;B01;1;15;0;2;1;1;0;
202300034772;155 618 938;A01;2;7;0;2;3;9;1;
202300034772;155 618 939;B01;1;7;0;2;2;2;1;
202300034773;155 618 936;Z01;3;7;0;2;1;5;1;
202300034773;155 618 937;B01;3;10;0;2;1;1;1;
202300034774;155 618 935;A01;1;7;0;1;2;1;1;
202300034775;155 618 933;A01;1;34;0;2;8;1;1;
202300034775;155 618 934;Z01;1;7;0;2;7;17;0;
202300034776;155 618 931;A01;2;7;0;2;1;9;1;
202300034776;155 618 932;B01;2;7;0;2;7;26;2;
202300034777;155 618 930;A01;2;7;0;1;1;1;1;
202300034778;155 618 929;A01;1;10;0;1;1;1;1;
202300034779;155 618 928;A01;1;7;16;0;2;0;1;
202300034780;155 618 926;B01;3;1;0;2;8;1;5;
202300034780;155 618 927;A01;3;7;0;2;1;1;1;
202300034781;155 618 925;A01;1;7;1;1;2;13;2;
202300034782;155 618 924;A01;2;10;0;0;1;16;1;
202300034783;155 618 923;A01;1;33;0;0;0;1;1;
202300034784;155 618 922;A01;2;7;0;1;3;1;1;
202300034785;155 618 920;B01;1;60;0;2;3;1;5;
202300034785;155 618 921;A01;3;7;0;2;1;9;1;
202300034786;155 618 918;B01;3;1;0;2;1;2;5;
202300034786;155 618 919;A01;3;7;0;2;5;16;1;
202300034787;155 618 916;A01;2;7;0;2;3;13;1;
202300034787;155 618 917;B01;1;10;0;2;3;1;1;
202300034788;155 618 914;A01;1;7;0;2;1;1;1;
202300034788;155 618 915;B01;1;7;0;2;5;1;1;
202300034789;155 618 912;A01;1;7;0;1;2;21;1;
202300034790;155 618 911;A01;0;7;0;9;2;9;1;
202300034790;155 618 913;B01;0;1;0;2;3;1;5;
202300034791;155 618 909;A01;3;7;0;1;6;4;1;
202300034792;155 618 906;A01;1;2;0;1;2;0;1;
202300034793;155 618 907;B01;2;7;0;2;1;2;1;
202300034793;155 618 908;C01;2;7;0;2;4;2;1;
202300034793;155 618 910;A01;2;7;0;2;1;2;1;
202300034794;155 618 903;A01;1;33;0;1;1;1;1;
202300034795;155 618 900;A01;3;50;0;2;8;19;3;
202300034795;155 618 901;B01;3;37;0;2;1;1;0;1
202300034796;155 618 899;A01;1;7;0;1;2;1;1;
202300034797;155 618 897;B01;2;7;0;2;3;0;1;
202300034797;155 618 898;A01;1;33;0;2;1;17;1;
202300034798;155 618 896;A01;2;7;0;1;3;19;1;
202300034799;155 618 894;B01;3;7;0;2;8;9;1;
202300034799;155 618 895;A01;2;7;0;2;2;1;1;
202300034800;155 618 892;A01;1;7;0;2;1;1;1;
202300034800;155 618 893;B01;3;50;0;2;4;1;3;
202300034801;155 618 890;A01;1;7;0;1;1;15;1;
202300034802;155 618 888;B01;2;7;0;2;4;2;1;
202300034802;155 618 889;A01;2;7;0;2;4;2;1;
202300034802;155 618 891;Z01;2;7;0;2;0;2;1;
202300034803;155 618 887;A01;0;7;0;0;0;0;1;
202300034804;155 618 886;A01;2;7;8;0;3;1;1;
202300034805;155 618 883;A01;3;7;0;2;3;26;1;
202300034805;155 618 885;B01;0;30;0;2;1;1;1;
202300034806;155 618 882;A01;1;37;0;2;1;1;6;2
202300034806;155 618 884;B01;1;1;0;2;7;14;5;
202300034807;155 618 881;A01;2;10;0;1;3;15;0;
202300034808;155 618 880;A01;1;7;0;1;3;1;1;
202300034809;155 618 879;A01;1;2;0;1;1;1;2;
202300034810;155 618 876;B01;1;50;12;2;1;19;3;
202300034810;155 618 877;A01;2;10;12;2;2;16;1;
202300034811;155 618 875;B01;0;43;0;2;8;1;1;
202300034811;155 618 878;A01;2;7;0;2;3;15;1;
202300034812;155 618 873;A01;2;7;0;2;1;0;1;
202300034812;155 618 874;B01;2;7;0;2;3;15;1;
202300034813;155 618 871;A01;2;7;8;4;0;10;1;
202300034813;155 618 872;B01;2;40;0;2;2;1;6;
202300034814;155 618 870;A01;3;10;8;0;1;14;1;
202300034815;155 618 869;A01;2;7;9;0;3;1;1;
202300034816;155 618 868;A01;1;7;0;1;1;1;1;
202300034817;155 618 866;A01;2;7;0;2;1;15;1;
202300034817;155 618 867;B01;1;7;0;2;3;1;1;
202300034818;155 618 864;A01;2;7;0;2;2;9;3;
202300034818;155 618 865;B01;2;80;0;2;3;1;3;
202300034819;155 618 862;A01;3;7;0;2;3;15;1;
202300034819;155 618 863;B01;3;37;0;2;2;7;4;3
202300034820;155 618 861;A01;2;30;16;0;0;1;1;
202300034821;155 618 860;A01;3;33;0;0;1;2;1;
202300034822;155 618 859;A01;3;1;16;0;0;1;5;
202300034823;155 618 857;A01;1;7;0;2;2;20;1;
202300034823;155 618 858;B01;0;50;0;2;1;1;3;
202300034824;155 618 856;A01;1;7;0;1;3;15;1;
202300034825;155 618 855;A01;1;7;0;1;1;15;1;
202300034826;155 618 853;A01;2;10;0;2;1;2;4;
202300034826;155 618 854;B01;2;50;0;2;4;2;3;
202300034827;155 618 852;A01;1;7;0;1;1;1;1;
202300034828;155 618 850;B01;1;1;0;2;0;1;5;
202300034828;155 618 851;A01;2;7;0;2;0;15;1;
202300034829;155 618 849;A01;3;7;0;1;6;4;1;
202300034830;155 618 848;A01;1;99;0;1;1;26;1;
202300034831;155 618 847;A01;3;7;0;1;1;1;2;
202300034832;155 618 845;A01;1;7;1;0;7;17;1;
202300034832;155 618 846;B01;1;1;1;0;8;18;5;
202300034833;155 618 843;A01;1;7;0;9;3;15;1;
202300034833;155 618 844;B01;1;50;0;2;1;1;3;
202300034834;155 618 841;B01;1;10;0;2;8;1;3;
202300034834;155 618 842;A01;1;10;0;2;3;15;1;
202300034835;155 618 839;B01;3;7;0;2;1;1;1;
202300034835;155 618 840;A01;0;7;0;2;2;1;1;
202300034836;155 618 837;B01;1;80;0;2;3;1;3;
202300034836;155 618 838;A01;2;7;0;2;2;5;1;
202300034837;155 618 835;B01;2;2;0;2;1;1;1;
202300034837;155 618 836;A01;1;7;0;2;3;15;1;
202300034838;155 618 833;B01;3;7;0;0;0;0;1;
202300034838;155 618 834;A01;3;50;0;2;1;2;3;
202300034839;155 618 832;A01;1;7;0;1;1;1;1;
202300034840;155 618 831;A01;2;10;5;0;1;1;1;
202300034841;155 618 828;B01;1;10;0;2;1;1;1;
202300034841;155 618 829;A01;1;7;0;2;1;14;1;
202300034842;155 618 826;B01;1;1;0;2;4;2;5;
202300034842;155 618 827;A01;1;10;0;2;2;2;1;
202300034843;155 618 824;A01;3;7;0;2;2;15;1;
202300034843;155 618 825;B01;3;7;0;2;1;0;1;
202300034844;155 618 822;A01;2;7;0;2;1;0;0;
202300034844;155 618 823;B01;2;1;0;2;4;1;5;
202300034845;155 618 820;B01;3;32;0;2;8;1;1;
202300034845;155 618 821;Z01;0;10;0;2;0;0;0;
202300034846;155 618 819;A01;2;7;0;1;1;26;1;
202300034847;155 618 818;A01;1;7;0;1;1;1;1;
202300034848;155 618 816;A01;2;50;0;2;1;1;3;
202300034848;155 618 817;B01;2;7;0;9;8;1;1;
202300034849;155 618 815;A01;2;10;2;0;2;14;1;
202300034850;155 618 812;A01;1;7;0;2;3;17;1;
202300034850;155 618 813;B01;1;7;0;2;8;1;1;
202300034850;155 618 814;C01;2;7;0;2;1;1;3;
202300034851;155 618 811;A01;2;7;0;1;1;26;1;
202300034852;155 618 809;A01;1;7;0;2;2;1;1;
202300034852;155 618 810;B01;2;7;0;2;6;1;1;
202300034853;155 618 806;C01;2;7;0;2;4;1;1;
202300034853;155 618 807;B01;2;7;0;2;4;1;1;
202300034853;155 618 808;A01;2;7;0;2;1;1;1;
202300034854;155 618 804;A01;2;7;0;2;2;15;1;
202300034854;155 618 805;B01;1;2;0;2;1;1;1;
202300034855;155 618 801;A01;2;7;0;1;3;9;1;
202300034856;155 618 800;A01;3;7;0;1;3;15;1;
202300034857;155 618 798;B01;3;1;0;2;1;1;5;
202300034857;155 618 799;A01;3;7;0;9;3;26;1;
202300034858;155 618 796;A01;1;10;0;2;6;9;0;
202300034858;155 618 797;B01;1;50;0;2;1;1;3;
202300034859;155 618 794;B01;3;7;0;2;7;0;1;
202300034859;155 618 795;A01;3;7;0;2;1;1;1;
202300034860;155 618 792;A01;1;33;0;2;1;17;1;
202300034860;155 618 793;B01;1;31;0;2;1;1;1;
202300034861;155 618 790;A01;1;7;0;2;1;13;1;
202300034861;155 618 791;B01;2;7;0;2;1;1;1;
202300034862;155 618 788;A01;1;7;0;2;2;5;1;
202300034862;155 618 789;B01;2;7;0;2;7;21;1;