Num_Acc;id_vehicule;num_veh;senc;catv;obs;obsm;choc;manv;motor;occutc
202300035143;155 618 274;B01;1;7;0;2;2;9;1;
202300035144;155 618 270;A01;3;7;0;2;1;1;1;
202300035144;155 618 271;B01;3;7;0;2;4;1;1;
202300035144;155 618 272;C01;3;10;0;2;4;1;1;
202300035145;155 618 268;A01;3;7;0;2;7;1;1;
202300035145;155 618 269;B01;3;7;0;2;1;1;1;
202300035146;155 618 264;B01;2;7;0;2;4;2;1;
202300035146;155 618 265;A01;2;7;0;2;1;2;1;
202300035146;155 618 266;C01;2;7;0;2;4;2;1;
202300035146;155 618 267;D01;2;7;0;2;4;2;1;
202300035147;155 618 260;A01;1;32;0;2;1;3;1;
202300035147;155 618 261;B01;1;32;0;2;4;3;1;
202300035147;155 618 262;C01;1;33;0;2;4;3;1;
202300035148;155 618 259;A01;2;1;0;1;8;1;5;
202300035149;155 618 257;A01;1;37;0;2;5;13;3;1
202300035149;155 618 258;B01;1;32;0;2;8;15;3;
202300035150;155 618 255;B01;1;7;0;2;3;1;2;
202300035150;155 618 256;A01;1;10;0;2;2;12;0;
202300035151;155 618 254;A01;1;50;0;1;2;1;3;
202300035152;155 618 253;A01;3;7;0;1;6;1;2;
202300035153;155 618 252;A01;3;7;0;1;2;16;1;
202300035154;155 618 251;Z01;2;10;0;1;1;15;1;
202300035155;155 618 249;A01;1;7;0;2;4;1;1;
202300035155;155 618 250;B01;1;7;0;2;1;1;1;
202300035156;155 618 248;A01;1;30;0;0;0;17;1;
202300035157;155 618 247;A01;2;37;4;0;2;1;3;1
202300035158;155 618 246;A01;1;30;0;0;0;21;1;
202300035159;155 618 245;A01;2;1;0;1;1;1;5;
202300035160;155 618 244;A01;2;1;0;0;0;1;5;
202300035161;155 618 242;A01;2;30;0;2;1;18;1;
202300035161;155 618 243;B01;2;13;0;2;5;23;1;
202300035162;155 618 241;A01;2;33;0;1;1;1;1;
202300035163;155 618 239;B01;1;32;0;2;2;15;1;
202300035163;155 618 240;A01;2;1;0;2;8;7;5;
202300035164;155 618 237;A01;1;10;0;2;4;1;1;
202300035164;155 618 238;B01;1;7;0;2;2;1;1;
202300035165;155 618 235;B01;1;7;0;2;4;2;1;
202300035165;155 618 236;A01;1;7;0;2;1;2;1;
202300035166;155 618 233;B01;3;7;0;2;1;17;1;
202300035166;155 618 234;A01;3;7;0;2;4;23;1;
202300035167;155 618 231;B01;1;50;0;2;8;1;3;
202300035167;155 618 232;A01;2;7;0;9;8;15;1;
202300035168;155 618 230;A01;1;7;0;1;3;15;1;
202300035169;155 618 229;A01;1;36;0;1;1;1;1;
202300035170;155 618 227;C01;1;7;0;2;3;15;0;
202300035170;155 618 228;A01;1;13;1;2;2;1;1;
202300035171;155 618 225;B01;1;30;0;2;1;1;1;
202300035171;155 618 226;A01;1;30;0;2;7;15;1;
202300035172;155 618 223;B01;3;7;0;2;3;0;0;
202300035172;155 618 224;A01;3;7;0;2;2;1;0;
202300035173;155 618 221;B01;1;33;0;2;1;1;1;
202300035173;155 618 222;A01;1;7;0;2;3;10;1;
202300035174;155 618 219;A01;1;7;0;2;8;10;0;
202300035174;155 618 220;B01;2;10;0;2;1;1;0;
202300035175;155 618 217;A01;1;7;0;2;2;1;1;
202300035175;155 618 218;B01;1;31;0;2;1;1;1;
202300035176;155 618 216;A01;1;10;0;1;1;1;1;
202300035177;155 618 214;B01;1;34;0;2;1;16;1;
202300035177;155 618 215;A01;1;7;0;2;5;15;1;
202300035178;155 618 212;A01;1;7;8;2;8;6;1;
202300035178;155 618 213;B01;2;7;0;2;8;1;1;
202300035179;155 618 211;A01;1;99;0;1;4;4;1;
202300035180;155 618 210;A01;2;7;15;0;2;1;1;
202300035181;155 618 208;A01;2;2;0;2;5;26;1;
202300035181;155 618 209;B01;1;7;0;2;3;16;1;
202300035182;155 618 207;A01;1;7;4;0;1;1;1;
202300035183;155 618 204;A01;1;7;0;1;3;11;1;
202300035184;155 618 202;A01;2;7;0;2;4;1;1;
202300035184;155 618 203;B01;2;7;0;2;1;1;1;
202300035185;155 618 201;A01;2;14;4;0;1;1;1;
202300035186;155 618 199;A01;2;10;0;2;4;2;1;
202300035186;155 618 200;B01;2;10;0;2;1;2;1;
202300035187;155 618 198;A01;2;31;0;0;8;2;1;
202300035188;155 618 195;A01;2;7;0;2;4;1;1;
202300035188;155 618 196;B01;2;10;0;2;4;2;1;
202300035188;155 618 197;C01;2;10;0;2;1;2;1;
202300035189;155 618 192;C01;1;7;0;2;4;2;1;
202300035189;155 618 193;B01;1;7;0;2;4;2;1;
202300035189;155 618 194;A01;1;10;0;2;1;11;1;
202300035190;155 618 189;C01;1;7;0;2;4;2;1;
202300035190;155 618 190;A01;1;7;0;2;1;2;1;
202300035190;155 618 191;B01;1;10;0;2;4;2;1;
202300035191;155 618 187;B01;1;33;0;2;7;1;1;
202300035191;155 618 188;A01;1;7;0;2;8;3;1;
202300035192;155 618 184;B01;1;7;0;2;2;12;1;
202300035192;155 618 185;A01;1;33;0;2;8;3;1;
202300035192;155 618 186;C01;1;7;0;2;8;1;1;
202300035193;155 618 180;D01;2;7;0;2;2;1;1;
202300035193;155 618 181;C01;2;7;0;2;5;1;2;
202300035193;155 618 182;B01;2;10;0;2;7;1;1;
202300035193;155 618 183;A01;2;33;0;2;3;3;1;
202300035194;155 618 179;A01;1;10;3;0;3;1;1;
202300035195;155 618 177;B01;1;0;0;0;0;13;-1;
202300035195;155 618 178;A01;1;7;3;0;1;2;1;
202300035196;155 618 175;A01;1;7;0;2;1;21;1;
202300035196;155 618 176;B01;1;7;0;2;4;2;1;
202300035197;155 618 172;C01;2;7;0;2;2;2;1;
202300035197;155 618 173;A01;2;17;0;2;3;2;1;
202300035197;155 618 174;B01;2;7;0;2;4;2;1;
202300035198;155 618 170;A01;1;10;0;2;3;13;1;
202300035198;155 618 171;B01;2;33;0;2;1;1;1;
202300035199;155 618 167;C01;1;7;0;2;1;26;1;
202300035199;155 618 168;A01;1;33;0;2;3;26;0;
202300035199;155 618 169;B01;2;7;0;2;3;26;1;
202300035200;155 618 165;A01;3;7;0;2;1;1;1;
202300035200;155 618 166;Y01;1;1;0;2;1;13;5;
202300035201;155 618 164;A01;1;2;0;0;0;1;1;
202300035202;155 618 162;B01;1;43;0;2;1;19;1;
202300035202;155 618 163;A01;1;7;0;2;3;19;1;
202300035203;155 618 160;A01;2;33;0;2;0;26;1;
202300035203;155 618 161;B01;1;7;0;2;3;15;1;
202300035204;155 618 159;A01;2;7;1;0;2;15;1;
202300035205;155 618 158;A01;2;7;0;1;2;1;1;
202300035206;155 618 156;A01;2;30;0;2;7;1;1;
202300035206;155 618 157;B01;2;7;0;2;3;20;1;
202300035207;155 618 154;B01;2;7;0;2;3;15;1;
202300035207;155 618 155;A01;1;2;0;2;8;1;1;
202300035208;155 618 150;A01;3;7;0;2;1;15;0;
202300035208;155 618 151;B01;3;2;0;2;1;1;1;
202300035209;155 618 149;A01;3;7;2;0;1;19;1;
202300035210;155 618 146;A01;2;7;16;0;1;13;1;
202300035210;155 618 147;B01;1;7;0;2;2;1;1;
202300035210;155 618 148;C01;2;7;0;2;2;21;1;
202300035211;155 618 144;A01;1;7;0;2;0;17;1;
202300035211;155 618 145;B01;1;50;0;2;0;0;3;
202300035212;155 618 143;A01;1;7;5;0;9;16;1;
202300035213;155 618 141;A01;2;7;0;2;8;1;1;
202300035213;155 618 142;B01;1;7;0;2;1;1;1;
202300035214;155 618 139;A01;1;7;0;2;2;15;1;
202300035214;155 618 140;B01;2;32;0;2;1;1;1;
202300035215;155 618 138;A01;0;33;0;1;1;9;1;
202300035216;155 618 136;B01;1;7;0;2;8;1;1;
202300035216;155 618 137;A01;2;7;0;2;1;19;1;
202300035217;155 618 135;A01;1;7;0;1;8;26;1;
202300035218;155 618 134;A01;1;7;6;0;1;19;1;
202300035219;155 618 133;A01;1;7;3;0;2;1;1;
202300035220;155 618 132;A01;1;3;16;0;2;16;1;
202300035221;155 618 131;A01;1;7;0;1;3;1;1;
202300035222;155 618 130;A01;3;34;0;0;7;1;1;
202300035223;155 618 128;A01;3;7;0;2;6;1;1;
202300035223;155 618 129;B01;1;7;0;2;2;1;1;
202300035224;155 618 126;A01;1;7;0;2;6;9;1;
202300035224;155 618 127;B01;1;33;0;2;1;1;1;
202300035225;155 618 125;A01;0;7;12;0;2;15;1;
202300035226;155 618 124;A01;2;7;0;1;3;1;1;
202300035227;155 618 123;A01;1;7;8;0;2;0;1;
202300035228;155 618 121;A01;2;34;0;2;1;17;1;
202300035228;155 618 122;B01;2;10;0;2;3;15;1;
202300035229;155 618 120;A01;1;7;8;0;1;13;1;
202300035230;155 618 119;A01;2;7;14;0;1;1;1;
202300035231;155 618 117;B01;1;7;0;2;3;15;1;
202300035231;155 618 118;A01;2;30;0;2;1;19;1;
202300035232;155 618 116;A01;2;7;9;1;2;1;1;
202300035233;155 618 114;B01;3;80;0;2;3;19;3;
202300035233;155 618 115;A01;2;43;0;2;2;1;1;
202300035234;155 618 113;A01;2;7;0;1;1;1;2;
202300035235;155 618 112;A01;1;30;0;1;8;21;3;
202300035236;155 618 111;A01;2;7;1;0;1;1;1;
202300035237;155 618 110;A01;2;7;0;1;3;1;1;
202300035238;155 618 109;A01;3;7;0;1;3;15;1;
202300035239;155 618 108;A01;2;30;0;0;7;1;3;
202300035240;155 618 106;A01;2;7;0;2;3;13;1;
202300035240;155 618 107;B01;0;13;0;2;1;1;1;
202300035241;155 618 105;A01;1;7;0;1;1;2;1;
202300035242;155 618 104;A01;2;10;2;0;3;13;1;
202300035243;155 618 102;A01;1;33;0;2;3;17;1;
202300035243;155 618 103;B01;2;33;0;2;3;1;1;
202300035244;155 618 101;A01;1;7;8;0;1;1;1;
202300035245;155 618 099;A01;3;7;0;2;2;17;1;
202300035245;155 618 100;B01;3;33;3;2;6;1;1;
202300035246;155 618 097;A01;1;7;0;0;1;0;1;
202300035246;155 618 098;B01;2;7;0;0;1;0;1;
202300035247;155 618 094;B01;2;7;0;2;1;15;1;
202300035247;155 618 095;A01;1;1;0;2;1;1;5;
202300035248;155 618 093;A01;2;7;0;1;1;1;1;
202300035249;155 618 092;A01;0;7;16;0;9;1;1;
202300035250;155 618 091;A01;2;10;0;1;1;1;1;
202300035251;155 618 090;A01;1;7;0;1;7;1;1;
202300035252;155 618 088;A01;2;7;0;0;5;20;1;
202300035252;155 618 089;B01;1;33;0;2;1;1;1;
202300035253;155 618 086;B01;0;7;0;2;0;2;0;
202300035253;155 618 087;A01;0;7;0;0;6;1;0;
202300035254;155 618 084;A01;2;7;0;2;4;1;2;
202300035254;155 618 085;B01;2;7;0;2;1;2;1;
202300035255;155 618 082;A01;1;34;0;2;1;2;1;
202300035255;155 618 083;B01;1;7;0;2;4;2;1;
202300035256;155 618 081;A01;1;7;3;0;2;0;1;
202300035257;155 618 080;A01;1;7;3;0;3;13;1;
202300035258;155 618 077;A01;2;7;0;2;8;1;0;
202300035258;155 618 078;B01;2;7;0;2;5;1;1;
202300035258;155 618 079;C01;2;10;0;2;3;11;1;
202300035259;155 618 075;A01;1;7;0;0;0;0;1;
202300035259;155 618 076;B01;1;10;0;0;0;0;1;
202300035260;155 618 072;A01;2;7;0;2;1;2;1;
202300035260;155 618 073;B01;2;7;0;2;4;2;1;
202300035260;155 618 074;C01;2;7;0;2;1;2;1;
202300035261;155 618 071;A01;1;33;0;0;0;2;1;
202300035262;155 618 069;B01;1;7;0;2;6;0;1;
202300035262;155 618 070;A01;1;7;0;2;2;0;1;
202300035263;155 618 065;C01;1;10;0;2;8;26;1;
202300035263;155 618 066;D01;1;10;0;2;0;0;1;
202300035263;155 618 067;A01;1;7;0;2;1;3;1;
202300035263;155 618 068;B01;1;33;0;2;4;3;1;
202300035264;155 618 063;A01;1;7;0;2;1;26;1;
202300035264;155 618 064;B01;1;7;0;2;4;26;2;
202300035265;155 618 060;A01;1;10;0;2;4;2;1;
202300035265;155 618 061;B01;1;10;0;2;4;2;1;
202300035265;155 618 062;C01;1;7;0;2;1;2;1;
202300035266;155 618 059;A01;2;33;0;0;6;1;1;
202300035267;155 618 058;A01;1;7;4;0;2;1;1;
202300035268;155 618 057;A01;2;7;4;0;2;1;1;
202300035269;155 618 056;A01;1;7;4;0;1;1;1;
202300035270;155 618 055;A01;2;7;4;0;1;1;1;
202300035271;155 618 053;A01;2;7;0;2;1;2;1;
202300035271;155 618 054;B01;2;7;0;2;4;2;1;
202300035272;155 618 052;A01;3;30;9;0;0;26;1;
202300035273;155 618 049;B01;2;10;0;0;5;2;1;
202300035273;155 618 050;A01;2;7;9;2;1;2;1;
202300035274;155 618 047;A01;3;7;1;2;1;1;1;
202300035274;155 618 048;B01;3;7;0;2;2;16;1;
202300035275;155 618 045;A01;1;7;0;2;3;16;1;
202300035275;155 618 046;B01;2;2;0;2;7;1;1;
202300035276;155 618 043;A01;3;1;1;2;8;17;5;
202300035276;155 618 044;B01;3;7;0;2;8;24;1;
202300035277;155 618 041;B01;1;31;0;2;1;1;1;
202300035277;155 618 042;A01;1;7;0;2;8;15;1;
202300035278;155 618 040;A01;3;50;0;0;0;0;3;
202300035279;155 618 039;A01;3;7;0;1;5;24;1;
202300035280;155 618 038;A01;1;7;0;1;1;1;1;
202300035281;155 618 036;A01;1;7;0;2;1;1;1;
202300035281;155 618 037;B01;1;1;0;2;1;1;5;
202300035282;155 618 035;A01;1;7;0;1;0;21;1;
202300035283;155 618 033;Z01;1;7;0;2;0;1;1;
202300035283;155 618 034;B01;1;2;0;2;8;19;1;
202300035284;155 618 031;Z01;1;7;0;2;3;15;2;
202300035284;155 618 032;B01;2;2;0;2;1;1;1;
202300035285;155 618 029;B01;1;2;0;2;0;0;1;
202300035285;155 618 030;A01;1;7;0;2;0;0;1;
202300035286;155 618 027;B01;3;7;0;2;2;1;1;
202300035286;155 618 028;A01;3;80;0;2;1;1;3;
202300035287;155 618 025;A01;1;7;0;2;2;20;1;
202300035287;155 618 026;B01;1;32;0;2;3;1;1;
202300035288;155 618 023;A01;1;7;4;2;1;13;0;
202300035288;155 618 024;B01;2;7;4;2;1;0;0;
202300035289;155 618 022;A01;1;1;9;1;1;2;5;
202300035290;155 618 020;A01;1;50;0;2;8;1;3;
202300035290;155 618 021;B01;1;1;0;2;1;1;0;
202300035291;155 618 018;A01;1;30;0;2;1;1;0;
202300035291;155 618 019;B01;1;34;0;2;1;1;1;
202300035292;155 618 016;A01;1;7;0;2;1;15;1;
202300035292;155 618 017;B01;1;7;0;2;3;1;1;
202300035293;155 618 014;A01;1;33;0;2;1;17;0;
202300035293;155 618 015;B01;1;7;0;2;6;15;1;
202300035294;155 618 013;A01;1;33;0;0;0;0;1;
202300035295;155 618 012;A01;1;7;9;0;2;1;1;
202300035296;155 618 010;A01;1;0;0;2;0;2;0;
202300035296;155 618 011;B01;1;34;0;2;4;23;1;
202300035297;155 618 008;B01;1;7;0;2;7;1;1;
202300035297;155 618 009;A01;1;7;0;2;8;13;1;
202300035298;155 618 005;A01;1;7;1;0;3;13;1;
202300035298;155 618 006;B01;2;7;0;2;3;26;1;
202300035298;155 618 007;C01;1;7;1;0;2;24;6;
202300035299;155 618 003;A01;2;33;0;2;4;26;0;
202300035299;155 618 004;B01;2;7;0;2;1;0;1;
202300035300;155 618 002;A01;1;7;0;1;2;15;1;
202300035301;155 618 001;A01;2;10;0;1;1;1;1;
202300035302;155 617 999;A01;0;7;9;2;1;13;1;
202300035302;155 618 000;B01;0;7;0;2;6;1;1;
202300035303;155 617 997;B01;1;1;0;2;4;2;5;
202300035303;155 617 998;A01;1;7;0;2;1;2;1;
202300035304;155 617 995;B01;2;7;0;2;1;2;1;
202300035304;155 617 996;A01;2;7;0;2;4;23;1;
202300035305;155 617 994;A01;0;7;9;1;0;2;0;
202300035306;155 617 992;A01;2;7;0;2;2;1;1;
202300035306;155 617 993;B01;2;60;0;2;8;1;5;
202300035307;155 617 991;A01;2;7;0;1;0;0;0;
202300035308;155 617 990;A01;0;7;0;1;1;1;1;
202300035309;155 617 988;B01;2;7;0;2;4;12;1;
202300035309;155 617 989;A01;2;33;0;2;1;3;1;
202300035310;155 617 986;A01;2;2;0;2;1;2;1;
202300035310;155 617 987;B01;2;7;0;2;4;2;2;
202300035311;155 617 983;C01;2;7;0;2;4;23;1;
202300035311;155 617 984;A01;2;7;0;2;1;1;1;
202300035311;155 617 985;B01;2;7;0;2;4;23;1;
202300035312;155 617 981;B01;1;1;0;0;0;0;5;
202300035312;155 617 982;A01;1;1;0;0;0;0;5;
202300035313;155 617 980;A01;3;7;1;0;7;14;1;
202300035314;155 617 979;A01;0;7;0;1;4;26;1;
202300035315;155 617 977;B01;1;1;0;2;0;1;5;
202300035315;155 617 978;A01;1;3;0;2;1;1;3;
202300035316;155 617 975;B01;3;30;0;2;1;2;1;
202300035316;155 617 976;A01;1;7;0;2;2;1;2;
202300035317;155 617 974;A01;1;7;2;0;3;1;1;
202300035318;155 617 969;A01;3;7;0;2;2;15;1;
202300035318;155 617 970;B01;0;7;0;2;2;1;1;
202300035319;155 617 967;A01;3;7;0;9;1;16;1;
202300035319;155 617 968;B01;3;50;0;2;7;19;3;
202300035320;155 617 964;C01;3;7;0;2;2;2;1;
202300035320;155 617 965;A01;0;32;0;2;1;26;1;
202300035320;155 617 966;B01;0;7;0;0;6;1;1;
202300035321;155 617 962;A01;3;7;0;2;1;15;1;
202300035321;155 617 963;B01;3;34;0;2;1;1;1;
202300035322;155 617 960;A01;3;7;0;2;0;14;1;
202300035322;155 617 961;B01;3;1;0;2;0;1;5;
202300035323;155 617 958;A01;2;7;0;2;5;2;1;
202300035323;155 617 959;B01;2;1;0;2;5;2;5;
202300035324;155 617 956;A01;2;7;0;2;4;1;1;
202300035324;155 617 957;B01;2;33;0;2;1;1;1;
202300035325;155 617 954;A01;3;7;0;2;6;15;1;
202300035325;155 617 955;B01;3;7;0;2;1;2;1;
202300035326;155 617 952;B01;0;7;0;2;4;23;1;
202300035326;155 617 953;A01;2;30;0;2;1;2;1;
202300035327;155 617 951;A01;2;7;0;1;1;2;1;
202300035328;155 617 948;A01;2;7;0;2;1;2;1;
202300035328;155 617 949;B01;2;7;0;2;4;2;1;
202300035328;155 617 950;C01;2;7;0;2;4;2;1;
202300035329;155 617 946;A01;3;7;0;2;7;15;1;
202300035329;155 617 947;B01;3;33;0;2;1;1;1;
202300035330;155 617 944;B01;3;1;0;2;7;1;5;
202300035330;155 617 945;A01;3;7;0;9;8;22;1;
202300035331;155 617 942;B01;1;7;0;2;4;1;1;
202300035331;155 617 943;A01;1;7;0;2;1;1;1;
202300035332;155 617 940;A01;2;1;0;2;3;15;5;
202300035332;155 617 941;B01;2;7;0;2;7;1;1;
202300035333;155 617 938;A01;1;7;0;2;8;26;1;
202300035333;155 617 939;B01;3;33;0;2;1;0;1;
202300035334;155 617 937;A01;1;7;0;1;2;16;1;
202300035335;155 617 935;A01;1;7;1;0;8;26;1;
202300035335;155 617 936;B01;1;1;1;0;7;1;5;
202300035336;155 617 933;B01;2;10;0;2;5;1;1;
202300035336;155 617 934;A01;2;7;0;2;1;5;1;
202300035337;155 617 931;B01;1;7;0;2;8;1;1;
202300035337;155 617 932;A01;1;7;0;2;3;1;1;
202300035338;155 617 929;A01;1;7;0;2;4;2;1;
202300035338;155 617 930;B01;1;7;0;2;1;2;1;
202300035339;155 617 927;B01;2;7;0;2;0;15;1;
202300035339;155 617 928;A01;1;30;1;0;6;14;1;
202300035340;155 617 925;B01;1;50;0;2;1;0;3;
202300035340;155 617 926;A01;1;7;0;2;3;2;1;
202300035341;155 617 924;A01;1;7;0;1;1;26;1;
202300035342;155 617 923;A01;1;7;0;1;1;1;1;
202300035343;155 617 921;A01;3;7;7;2;1;1;1;
202300035343;155 617 922;B01;2;10;7;0;1;1;1;
202300035344;155 617 920;A01;3;10;0;1;1;16;1;
202300035345;155 617 919;A01;3;7;9;0;1;14;1;
202300035346;155 617 918;A01;2;7;0;2;1;1;1;
202300035347;155 617 917;A01;2;30;0;0;0;1;1;
202300035348;155 617 914;B01;1;7;0;2;4;2;1;
202300035348;155 617 915;C01;1;7;0;2;4;2;1;
202300035348;155 617 916;A01;1;7;0;2;1;2;1;
202300035349;155 617 913;A01;3;7;0;1;1;15;1;
202300035350;155 617 912;A01;3;7;0;1;3;1;1;
202300035351;155 617 910;A01;3;7;0;2;8;1;1;
202300035351;155 617 911;B01;3;1;0;2;1;1;5;
202300035352;155 617 909;A01;3;50;0;0;0;1;3;
202300035353;155 617 907;A01;1;7;0;2;1;1;1;
202300035353;155 617 908;B01;1;7;0;2;4;1;1;
202300035354;155 617 905;B01;1;1;0;2;8;9;5;
202300035354;155 617 906;A01;2;7;0;2;1;9;1;
202300035355;155 617 903;A01;2;7;0;2;1;15;1;
202300035355;155 617 904;B01;1;50;0;2;1;1;3;
202300035356;155 617 901;B01;3;7;0;2;5;15;1;
202300035356;155 617 902;A01;3;33;0;2;2;21;1;
202300035357;155 617 900;A01;3;7;0;1;3;1;0;
202300035358;155 617 898;A01;1;7;0;2;3;15;1;
202300035358;155 617 899;B01;2;33;0;2;3;1;1;
202300035359;155 617 897;A01;2;7;0;1;1;1;1;
202300035360;155 617 895;A01;3;7;0;9;2;15;1;
202300035360;155 617 896;B01;3;1;0;2;1;1;5;
202300035361;155 617 893;A01;1;7;0;2;1;2;1;
202300035361;155 617 894;B01;1;10;0;2;4;1;1;
202300035362;155 617 891;A01;1;7;1;2;2;1;1;
202300035362;155 617 892;B01;2;7;0;2;3;1;1;
202300035363;155 617 889;A01;3;7;0;2;3;9;1;
202300035363;155 617 890;B01;2;38;0;2;2;1;1;1
202300035364;155 617 887;B01;3;1;0;2;1;1;5;
202300035364;155 617 888;A01;2;7;0;2;3;9;1;
202300035365;155 617 885;A01;2;7;0;2;6;14;1;
202300035365;155 617 886;B01;2;7;0;2;4;1;1;
202300035366;155 617 884;A01;3;7;0;1;1;1;2;
202300035367;155 617 882;A01;2;7;0;2;2;1;1;
202300035367;155 617 883;B01;1;33;0;2;8;1;1;
202300035368;155 617 880;B01;1;35;0;2;1;1;3;
202300035368;155 617 881;A01;2;50;0;2;1;5;3;
202300035369;155 617 878;B01;3;7;0;2;3;23;1;
202300035369;155 617 879;A01;3;31;0;2;1;1;1;
202300035370;155 617 876;A01;2;10;0;2;2;15;1;
202300035370;155 617 877;B01;1;33;0;2;1;3;1;
202300035371;155 617 874;A01;2;10;0;2;3;20;1;
202300035371;155 617 875;B01;2;31;0;2;2;1;1;
202300035372;155 617 872;A01;3;7;4;2;1;9;1;
202300035372;155 617 873;B01;3;7;0;2;1;1;1;
202300035373;155 617 871;A01;3;50;0;1;1;1;3;
202300035374;155 617 870;A01;1;41;0;1;4;2;1;
202300035375;155 617 868;A01;0;7;0;2;0;0;1;
202300035375;155 617 869;B01;3;7;0;2;0;0;1;
202300035376;155 617 867;A01;0;37;0;1;0;0;1;1
202300035377;155 617 866;A01;1;7;0;9;1;1;1;
202300035378;155 617 865;A01;3;7;0;1;1;1;1;
202300035379;155 617 863;B01;2;7;0;2;4;1;-1;
202300035379;155 617 864;A01;2;34;0;0;0;-1;-1;
202300035380;155 617 862;A01;1;30;0;9;1;25;1;
202300035381;155 617 860;B01;2;7;0;2;1;15;1;
202300035381;155 617 861;A01;1;7;0;2;2;2;1;
202300035382;155 617 859;B01;1;1;0;1;1;2;5;
202300035383;155 617 857;B01;3;2;0;2;1;2;1;
202300035383;155 617 858;A01;3;7;0;2;0;9;1;
202300035384;155 617 855;B01;1;1;0;2;4;9;5;
202300035384;155 617 856;A01;1;7;0;9;1;9;1;
202300035385;155 617 854;A01;3;10;13;0;1;2;1;
202300035386;155 617 852;B01;1;31;0;2;1;1;0;
202300035386;155 617 853;A01;2;30;0;2;3;15;0;
202300035387;155 617 850;A01;3;10;0;2;1;1;1;
202300035387;155 617 851;Z01;3;7;0;2;1;5;1;
202300035388;155 617 848;B01;3;7;0;2;2;15;1;
202300035388;155 617 849;A01;2;30;0;2;1;26;1;
202300035389;155 617 846;A01;3;7;1;0;0;0;1;
202300035389;155 617 847;B01;3;33;0;2;7;1;0;
202300035390;155 617 845;A01;2;7;0;1;3;2;1;
202300035391;155 617 843;B01;1;7;0;2;2;1;1;
202300035391;155 617 844;A01;2;10;0;2;2;15;1;
202300035392;155 617 842;A01;2;35;11;0;0;2;1;
202300035393;155 617 840;A01;3;7;0;2;1;13;1;
202300035393;155 617 841;B01;3;7;0;2;8;1;1;
202300035394;155 617 837;A01;1;7;0;2;1;1;1;
202300035394;155 617 838;B01;1;7;0;2;4;1;1;
202300035394;155 617 839;C01;1;7;0;2;4;1;1;
202300035395;155 617 835;A01;1;31;0;2;1;17;1;
202300035395;155 617 836;B01;2;7;0;2;4;15;0;
202300035396;155 617 833;A01;0;7;0;2;2;16;1;
202300035396;155 617 834;B01;0;7;0;2;8;18;1;
202300035397;155 617 831;A01;3;7;0;2;8;1;1;
202300035397;155 617 832;B01;3;30;0;2;7;17;1;
202300035398;155 617 830;A01;3;7;0;1;3;1;1;
202300035399;155 617 828;B01;2;7;0;2;1;1;1;
202300035399;155 617 829;A01;2;7;0;2;3;1;1;
202300035400;155 617 827;A01;1;7;0;9;7;1;1;
202300035401;155 617 825;A01;2;33;0;2;8;3;1;
202300035401;155 617 826;B01;2;7;0;2;7;1;1;
202300035402;155 617 823;B01;1;1;0;2;1;1;5;
202300035402;155 617 824;A01;1;7;0;2;5;16;1;
202300035403;155 617 821;B01;3;7;0;2;2;9;6;
202300035403;155 617 822;A01;3;2;0;2;1;25;3;
202300035404;155 617 819;B01;2;7;0;2;8;22;1;
202300035404;155 617 820;A01;1;1;0;2;1;1;5;
202300035405;155 617 817;A01;2;7;0;2;1;15;0;
202300035405;155 617 818;B01;1;1;0;2;0;1;5;
202300035406;155 617 815;B01;1;32;9;0;8;1;1;
202300035406;155 617 816;A01;1;7;9;0;1;1;1;
202300035407;155 617 813;A01;3;7;0;2;1;2;1;
202300035407;155 617 814;B01;3;7;0;0;4;23;1;
202300035408;155 617 811;A01;2;7;0;0;3;1;1;
202300035408;155 617 812;B01;1;7;0;0;3;1;1;
202300035409;155 617 809;B01;1;1;1;0;1;1;5;
202300035409;155 617 810;A01;1;7;1;0;8;24;1;
202300035410;155 617 807;A01;1;7;0;2;8;26;1;
202300035410;155 617 808;B01;1;50;0;2;1;1;3;
202300035411;155 617 805;A01;1;7;0;2;3;15;1;
202300035411;155 617 806;B01;1;31;0;2;2;2;1;
202300035412;155 617 803;A01;1;7;0;2;0;0;0;
202300035412;155 617 804;B01;1;1;0;2;0;0;5;
202300035413;155 617 801;A01;3;7;0;2;1;2;1;
202300035413;155 617 802;B01;1;32;0;2;4;2;1;
202300035414;155 617 799;A01;0;7;0;2;7;1;1;
202300035414;155 617 800;B01;0;33;0;2;8;1;1;
202300035415;155 617 797;A01;2;3;0;2;1;1;1;
202300035415;155 617 798;B01;1;7;0;2;8;1;1;
202300035416;155 617 796;A01;1;7;1;0;3;1;1;
202300035417;155 617 794;A01;3;7;0;2;4;23;1;
202300035417;155 617 795;B01;3;33;1;0;1;2;1;
202300035418;155 617 792;A01;3;7;0;2;2;1;1;
202300035418;155 617 793;B01;3;13;0;2;5;2;1;
202300035419;155 617 789;A01;2;7;0;2;3;15;0;
202300035419;155 617 790;B01;1;34;0;2;1;1;0;
202300035419;155 617 791;C01;1;1;0;2;1;5;5;
202300035420;155 617 788;A01;1;30;0;0;0;1;1;
202300035421;155 617 786;A01;2;7;0;2;2;12;1;
202300035421;155 617 787;B01;2;1;14;0;8;2;5;
202300035422;155 617 784;A01;1;7;0;2;1;1;1;
202300035422;155 617 785;B01;2;7;0;2;1;1;1;
202300035423;155 617 782;A01;1;7;0;2;3;15;1;