Num_Acc;id_vehicule;num_veh;senc;catv;obs;obsm;choc;manv;motor;occutc
202300036255;155 616 269;B01;1;33;0;2;2;13;1;
202300036255;155 616 271;A01;1;7;0;2;6;17;1;
202300036256;155 616 273;A01;2;32;0;0;0;21;1;
202300036257;155 616 266;A01;2;33;0;2;1;11;1;
202300036257;155 616 268;B01;2;10;0;2;6;2;1;
202300036258;155 616 265;A01;1;10;0;2;1;1;1;
202300036258;155 616 267;B01;2;20;0;2;5;15;1;
202300036259;155 616 263;Z01;3;50;0;1;0;25;3;
202300036260;155 616 261;B01;1;1;0;2;8;1;5;
202300036260;155 616 262;A01;2;7;0;2;3;15;1;
202300036261;155 616 258;B01;2;7;0;2;3;1;2;
202300036261;155 616 260;A01;2;80;0;2;1;1;3;
202300036262;155 616 256;A01;3;10;0;2;2;1;1;
202300036262;155 616 264;B01;3;7;0;2;3;1;1;
202300036263;155 616 257;B01;1;60;0;2;1;1;5;
202300036263;155 616 259;A01;1;7;0;2;8;9;2;
202300036264;155 616 254;B01;3;7;1;2;5;15;3;
202300036264;155 616 255;A01;3;7;1;2;2;21;1;
202300036265;155 616 253;A01;0;7;0;1;1;5;1;
202300036266;155 616 249;B01;1;7;0;0;4;23;0;
202300036266;155 616 251;A01;1;7;0;2;1;0;0;
202300036267;155 616 250;B01;3;80;0;2;8;1;3;
202300036267;155 616 252;A01;3;7;0;2;7;16;1;
202300036268;155 616 247;A01;1;7;0;2;6;11;1;
202300036268;155 616 248;B01;2;7;0;2;1;2;1;
202300036269;155 616 245;A01;2;1;0;2;8;1;5;
202300036269;155 616 246;B01;1;80;0;2;0;11;3;
202300036270;155 616 244;A01;0;7;0;1;4;26;0;
202300036271;155 616 243;A01;1;7;1;0;3;1;1;
202300036272;155 616 241;A01;3;1;0;2;1;1;5;
202300036272;155 616 242;B01;3;7;0;2;3;11;1;
202300036273;155 616 239;B01;1;30;0;2;1;1;0;
202300036273;155 616 240;A01;1;7;0;2;3;9;1;
202300036274;155 616 238;A01;2;10;0;1;1;16;1;
202300036275;155 616 237;A01;1;32;0;1;1;17;1;
202300036276;155 616 233;A01;1;7;0;2;0;0;0;
202300036276;155 616 235;BB01;1;1;0;2;1;0;5;
202300036277;155 616 234;A01;1;10;0;2;8;24;1;
202300036277;155 616 236;B01;1;1;0;2;1;1;5;
202300036278;155 616 231;A01;0;7;0;1;0;0;1;
202300036279;155 616 229;A01;2;7;0;1;2;21;1;
202300036280;155 616 230;A01;2;32;0;2;1;2;1;
202300036280;155 616 232;B01;2;32;0;2;4;2;1;
202300036281;155 616 227;A01;3;7;7;0;1;9;2;
202300036282;155 616 226;A01;1;30;0;2;1;1;1;
202300036282;155 616 228;B01;1;37;0;2;4;7;1;1
202300036283;155 616 225;A01;1;2;0;1;1;1;1;
202300036284;155 616 224;A01;3;7;0;1;1;1;1;
202300036285;155 616 223;A01;2;32;0;1;1;18;1;
202300036286;155 616 222;A01;2;7;0;1;2;1;1;
202300036287;155 616 220;B01;2;7;0;2;2;17;0;
202300036287;155 616 221;A01;2;37;0;2;3;1;6;2
202300036288;155 616 219;A01;2;7;1;0;1;1;1;
202300036289;155 616 218;A01;1;60;0;0;0;0;5;
202300036290;155 616 215;A01;1;7;0;2;5;23;1;
202300036290;155 616 217;B01;2;1;0;2;1;1;5;
202300036291;155 616 216;B01;3;7;8;1;1;16;0;
202300036292;155 616 213;A01;1;33;0;9;1;1;1;
202300036292;155 616 214;B01;2;1;0;2;8;19;5;
202300036293;155 616 212;A01;1;7;0;1;1;0;1;
202300036294;155 616 211;A01;2;7;1;0;1;0;1;
202300036295;155 616 208;B01;1;7;0;2;5;15;1;
202300036295;155 616 210;A01;2;2;0;2;1;1;1;
202300036296;155 616 209;A01;1;32;0;1;1;1;1;
202300036297;155 616 206;A01;3;7;0;2;5;15;0;
202300036297;155 616 207;B01;0;2;0;2;1;1;1;
202300036298;155 616 205;A01;1;7;9;0;1;1;1;
202300036299;155 616 203;A01;3;7;0;2;3;9;1;
202300036299;155 616 204;B01;3;1;0;0;7;1;5;
202300036300;155 616 201;A01;1;7;0;0;0;0;1;
202300036300;155 616 202;B01;1;2;0;2;1;0;1;
202300036301;155 616 199;B01;2;33;0;2;1;5;1;
202300036301;155 616 200;A01;1;10;0;2;3;2;1;
202300036302;155 616 198;A01;2;7;0;1;7;1;1;
202300036303;155 616 197;A01;2;7;0;1;1;1;1;
202300036304;155 616 196;A01;3;7;0;1;1;15;0;
202300036305;155 616 194;A01;2;7;0;2;1;1;0;
202300036305;155 616 195;B01;1;7;0;2;2;6;0;
202300036306;155 616 192;B01;1;1;0;2;0;0;5;
202300036306;155 616 193;A01;1;14;0;2;7;2;1;
202300036307;155 616 189;A01;1;1;0;0;1;14;5;
202300036308;155 616 188;B01;3;17;0;2;1;1;1;
202300036308;155 616 190;A01;3;7;0;2;1;13;1;
202300036309;155 616 187;B01;2;7;0;2;1;1;1;
202300036309;155 616 191;A01;1;7;0;0;1;13;1;
202300036310;155 616 186;A01;2;1;0;0;1;1;5;
202300036311;155 616 185;A01;1;10;13;0;7;21;1;
202300036312;155 616 184;A01;1;7;13;0;2;1;1;
202300036313;155 616 182;A01;0;7;13;0;9;0;1;
202300036314;155 616 181;B01;2;31;0;2;3;1;3;
202300036314;155 616 183;A01;2;7;0;2;2;12;1;
202300036315;155 616 179;B01;1;31;2;2;4;17;1;
202300036315;155 616 180;A01;1;7;0;2;3;15;1;
202300036316;155 616 175;B01;2;7;0;2;3;2;1;
202300036316;155 616 178;A01;2;7;3;0;7;2;1;
202300036317;155 616 174;A01;1;7;0;2;2;16;2;
202300036317;155 616 177;B01;1;1;0;2;4;2;5;
202300036318;155 616 173;A01;1;7;0;2;1;5;0;
202300036318;155 616 176;B01;2;7;0;2;1;1;0;
202300036319;155 616 171;B01;2;7;0;2;7;1;1;
202300036319;155 616 172;A01;3;7;0;2;1;15;1;
202300036320;155 616 169;A01;2;33;0;0;7;1;1;
202300036321;155 616 168;B01;1;1;0;2;2;11;5;
202300036321;155 616 170;A01;1;10;0;2;4;4;1;
202300036322;155 616 167;A01;1;7;9;0;5;5;1;
202300036323;155 616 164;A01;2;7;0;2;2;16;2;
202300036323;155 616 165;B01;1;1;0;2;2;1;5;
202300036324;155 616 162;A01;2;7;0;2;3;17;1;
202300036324;155 616 166;B01;1;7;0;2;1;1;1;
202300036325;155 616 160;B01;2;10;0;2;4;1;1;
202300036325;155 616 161;C01;2;7;0;2;4;1;1;
202300036325;155 616 163;A01;2;7;0;2;1;1;1;
202300036326;155 616 157;A01;2;7;0;2;3;1;1;
202300036326;155 616 159;B01;1;7;0;2;8;1;1;
202300036327;155 616 156;A01;1;32;1;2;1;17;1;
202300036327;155 616 158;B01;1;7;0;2;3;15;3;
202300036328;155 616 151;B01;1;7;0;2;3;1;1;
202300036328;155 616 152;A01;2;7;0;2;3;1;1;
202300036329;155 616 153;A01;1;7;0;2;1;1;1;
202300036329;155 616 154;C01;1;7;0;2;4;1;1;
202300036329;155 616 155;B01;1;7;0;2;4;1;1;
202300036330;155 616 150;A01;2;7;0;1;1;0;0;
202300036331;155 616 148;A01;2;10;0;1;2;1;1;
202300036332;155 616 149;A01;1;7;16;0;1;14;1;
202300036333;155 616 145;B01;2;7;0;2;6;0;1;
202300036333;155 616 147;A01;2;33;0;2;1;2;1;
202300036334;155 616 143;A01;2;20;0;2;3;1;1;
202300036334;155 616 144;B01;2;7;0;2;2;17;1;
202300036334;155 616 146;C01;2;7;1;0;1;1;1;
202300036335;155 616 142;A01;1;7;0;1;1;1;2;
202300036336;155 616 141;A01;3;7;1;0;2;1;1;
202300036337;155 616 138;A01;2;7;0;2;2;5;1;
202300036337;155 616 140;B01;1;10;0;2;2;5;1;
202300036338;155 616 136;A01;1;32;0;2;1;1;1;
202300036339;155 616 137;A01;3;7;0;2;1;9;1;
202300036339;155 616 139;B01;1;33;0;2;7;1;1;
202300036340;155 616 135;A01;1;7;0;1;2;1;3;
202300036341;155 616 133;A01;0;31;0;0;0;26;1;
202300036342;155 616 134;A01;0;7;0;1;8;1;0;
202300036343;155 616 131;B01;1;14;0;2;3;1;1;
202300036343;155 616 132;A01;2;7;0;2;3;13;1;
202300036344;155 616 128;B01;2;7;0;2;2;16;1;
202300036344;155 616 130;A01;2;34;0;2;8;18;1;
202300036345;155 616 125;B01;1;17;0;2;1;21;1;
202300036345;155 616 127;A01;2;7;0;2;1;13;1;
202300036346;155 616 122;C01;2;60;0;0;4;2;5;
202300036346;155 616 124;D01;2;7;0;2;2;1;1;
202300036346;155 616 126;B01;2;1;0;0;0;2;5;
202300036346;155 616 129;A01;2;1;0;0;0;2;5;
202300036347;155 616 120;A01;3;7;0;2;2;1;1;
202300036347;155 616 123;B01;3;7;0;2;1;1;1;
202300036348;155 616 119;A01;1;7;2;0;1;13;1;
202300036349;155 616 118;A01;1;7;0;2;1;15;1;
202300036349;155 616 121;B01;2;7;0;2;1;1;1;
202300036350;155 616 116;B01;2;50;0;2;1;25;3;
202300036350;155 616 117;A01;1;1;0;2;1;25;5;
202300036351;155 616 114;A01;1;7;0;1;1;15;1;
202300036352;155 616 113;A01;1;2;0;2;2;1;1;
202300036352;155 616 115;B01;1;7;0;0;6;9;1;
202300036353;155 616 110;A01;1;2;0;0;0;0;1;
202300036354;155 616 111;B01;1;7;0;2;5;1;1;
202300036354;155 616 112;A01;1;7;0;2;3;1;1;
202300036355;155 616 108;A01;2;7;0;0;4;17;1;
202300036355;155 616 109;B01;2;7;0;2;1;2;1;
202300036356;155 616 106;A01;2;7;0;0;0;14;0;
202300036357;155 616 105;A01;1;7;0;2;6;20;1;
202300036357;155 616 107;B01;1;33;0;2;1;0;1;
202300036358;155 616 102;A01;1;10;0;1;5;16;0;
202300036359;155 616 103;A01;1;7;0;2;5;12;1;
202300036359;155 616 104;B01;1;32;0;2;8;0;1;
202300036360;155 616 100;B01;3;80;0;2;7;1;3;
202300036360;155 616 101;A01;3;7;0;2;7;16;0;
202300036361;155 616 099;A01;1;7;0;0;2;1;1;
202300036362;155 616 094;B01;1;7;0;2;2;16;1;
202300036362;155 616 097;A01;1;43;0;2;3;18;1;
202300036363;155 616 092;A01;2;7;0;2;3;13;1;
202300036363;155 616 093;C01;1;7;0;2;1;1;1;
202300036363;155 616 096;B01;1;7;0;2;3;1;1;
202300036364;155 616 089;B01;1;37;0;2;8;15;0;1
202300036364;155 616 091;A01;1;50;0;2;1;7;3;
202300036365;155 616 088;B01;1;17;0;0;4;2;1;
202300036365;155 616 090;A01;1;7;0;2;1;2;0;
202300036366;155 616 087;A01;1;7;0;1;3;0;1;
202300036367;155 616 085;A01;2;50;1;0;1;26;3;
202300036367;155 616 086;B01;2;7;1;0;0;24;1;
202300036368;155 616 084;A01;0;32;0;0;8;9;1;
202300036369;155 616 083;A01;1;7;4;0;0;2;1;
202300036370;155 616 081;A01;1;7;0;1;1;1;1;
202300036371;155 616 079;A01;2;7;0;2;3;11;1;
202300036371;155 616 080;B01;2;7;0;2;7;17;1;
202300036371;155 616 082;C01;2;15;0;2;8;2;1;
202300036372;155 616 077;A01;2;7;0;1;1;1;1;
202300036373;155 616 078;A01;1;7;2;0;1;1;1;
202300036374;155 616 075;A01;3;31;0;2;1;1;1;
202300036374;155 616 076;B01;3;7;0;2;3;20;1;
202300036375;155 616 072;B01;1;7;0;2;2;16;0;
202300036375;155 616 074;A01;1;30;0;2;3;18;1;
202300036376;155 616 071;B01;2;7;0;2;3;1;1;
202300036376;155 616 073;A01;2;7;0;2;0;1;1;
202300036377;155 616 068;A01;2;7;0;2;2;12;1;
202300036377;155 616 070;B01;2;15;0;0;6;0;1;
202300036378;155 616 067;A01;1;30;0;2;7;16;1;
202300036378;155 616 069;B01;1;30;0;2;1;18;1;
202300036379;155 616 065;A01;2;7;0;1;2;1;1;
202300036380;155 616 063;A01;2;7;0;2;3;1;1;
202300036380;155 616 066;B01;3;1;0;2;1;3;5;
202300036381;155 616 061;A01;1;15;1;0;1;1;1;
202300036381;155 616 062;B01;1;10;0;0;4;24;1;
202300036381;155 616 064;C01;1;7;0;0;3;24;1;
202300036382;155 616 058;B01;3;1;0;2;1;0;5;
202300036382;155 616 060;A01;3;7;0;2;3;1;3;
202300036383;155 616 057;A01;2;10;0;0;1;0;1;
202300036384;155 616 056;A01;2;7;0;2;3;13;1;
202300036384;155 616 059;B01;1;15;0;2;8;1;1;
202300036385;155 616 055;A01;3;7;0;0;2;1;1;
202300036386;155 616 054;Z01;1;7;0;1;0;0;0;
202300036387;155 616 053;A01;1;33;12;0;1;5;1;
202300036388;155 616 052;A01;1;7;0;1;0;1;1;
202300036389;155 616 049;B01;0;7;0;2;1;19;0;
202300036389;155 616 051;A01;2;7;0;2;2;1;0;
202300036390;155 616 048;A01;1;43;13;0;1;1;1;
202300036391;155 616 047;B01;2;7;0;5;1;1;1;
202300036391;155 616 050;A01;1;7;0;2;3;13;1;
202300036392;155 616 045;A01;2;7;0;1;2;1;1;
202300036393;155 616 041;A01;1;7;0;9;1;2;1;
202300036393;155 616 042;B01;1;50;0;0;8;13;3;
202300036394;155 616 039;B01;1;60;0;2;8;19;5;
202300036394;155 616 043;A01;1;10;0;2;1;19;1;
202300036395;155 616 038;B01;1;33;0;2;1;17;1;
202300036395;155 616 040;A01;1;7;0;0;6;15;1;
202300036396;155 616 037;A01;1;37;6;0;1;1;1;1
202300036397;155 616 035;B01;1;10;0;2;6;11;1;
202300036397;155 616 036;A01;1;32;0;2;7;1;1;
202300036398;155 616 034;A01;3;7;2;0;1;14;1;
202300036399;155 616 032;B01;2;1;0;2;8;16;5;
202300036399;155 616 033;A01;2;14;0;2;7;16;1;
202300036400;155 616 027;B01;1;7;0;0;8;1;1;
202300036400;155 616 030;A01;1;7;0;0;1;19;1;
202300036401;155 616 028;B01;2;33;0;2;3;1;0;
202300036401;155 616 031;A01;2;7;0;2;5;12;0;
202300036402;155 616 026;A01;2;7;0;2;5;10;0;
202300036402;155 616 029;B01;2;33;0;2;1;16;0;
202300036403;155 616 024;A01;3;7;6;1;4;26;1;
202300036404;155 616 025;A01;2;33;0;2;1;0;1;
202300036405;155 616 021;A01;1;15;0;2;4;11;1;
202300036405;155 616 023;B01;1;13;0;2;1;1;1;
202300036406;155 616 019;B01;2;80;0;2;1;0;3;
202300036406;155 616 022;A01;2;7;0;9;3;0;1;
202300036407;155 616 020;A01;2;33;0;9;0;1;1;
202300036408;155 616 016;A01;2;7;0;2;1;5;1;
202300036408;155 616 018;B01;1;7;0;2;1;1;1;
202300036409;155 616 015;A01;1;7;0;2;8;11;1;
202300036409;155 616 017;B01;1;33;0;2;7;1;1;
202300036410;155 616 012;A01;2;80;0;0;0;26;3;
202300036411;155 616 011;A01;1;7;4;0;1;1;1;
202300036412;155 616 013;B01;2;7;0;2;6;11;1;
202300036412;155 616 014;A01;2;43;0;2;2;3;1;
202300036413;155 616 009;A01;3;7;0;1;6;4;1;
202300036414;155 616 007;A01;1;7;4;2;6;9;0;
202300036414;155 616 010;Z01;1;10;0;2;2;14;0;
202300036415;155 616 006;B01;1;7;0;2;4;1;1;
202300036415;155 616 008;A01;1;7;0;2;1;1;1;
202300036416;155 616 004;A01;2;7;0;0;9;5;1;
202300036417;155 616 003;A01;1;7;0;2;1;13;1;
202300036417;155 616 005;B01;2;7;0;2;1;1;1;
202300036418;155 616 000;A01;2;10;0;2;2;12;1;
202300036418;155 616 002;B01;2;33;0;2;3;3;1;
202300036419;155 615 999;A01;1;7;4;0;3;1;0;
202300036420;155 615 997;A01;1;7;0;2;1;1;1;
202300036420;155 615 998;C01;1;33;0;0;4;1;1;
202300036420;155 616 001;B01;1;43;0;2;4;1;1;
202300036421;155 615 995;A01;2;7;4;0;1;2;1;
202300036422;155 615 994;A01;1;7;2;0;7;0;1;
202300036423;155 615 991;A01;1;33;0;0;9;13;1;
202300036424;155 615 990;A01;1;7;0;2;1;1;1;
202300036424;155 615 992;B01;1;7;0;2;4;2;1;
202300036425;155 615 993;A01;1;31;14;0;1;1;1;
202300036425;155 615 996;B01;3;7;0;2;4;23;2;
202300036426;155 615 985;Z01;2;7;0;0;0;16;0;
202300036426;155 615 987;A01;1;80;0;0;0;1;3;
202300036427;155 615 983;A01;2;7;0;0;3;1;1;
202300036427;155 615 988;B01;1;7;0;2;3;13;1;
202300036428;155 615 984;C01;1;7;0;2;4;2;1;
202300036428;155 615 986;A01;1;7;0;2;1;2;1;
202300036428;155 615 989;B01;1;7;0;2;4;2;1;
202300036429;155 615 982;A01;1;1;0;0;0;1;5;
202300036430;155 615 981;A01;2;10;13;0;3;1;1;
202300036431;155 615 978;B01;2;10;0;2;4;23;1;
202300036431;155 615 980;A01;2;7;0;2;1;2;1;
202300036432;155 615 977;A01;1;7;0;2;1;13;1;
202300036432;155 615 979;B01;2;7;0;2;1;1;1;
202300036433;155 615 975;A01;3;1;0;2;7;9;5;
202300036433;155 615 976;B01;3;1;0;2;1;1;5;
202300036434;155 615 973;B01;2;7;0;2;3;15;1;
202300036434;155 615 974;A01;2;2;0;2;1;1;1;
202300036435;155 615 970;A01;3;7;0;0;5;15;0;
202300036435;155 615 971;B01;3;33;0;2;3;1;1;
202300036436;155 615 969;A01;1;1;0;2;5;2;5;
202300036436;155 615 972;B01;1;2;0;2;3;2;3;
202300036437;155 615 968;A01;1;7;2;0;0;1;1;
202300036438;155 615 966;A01;2;32;0;2;1;17;1;
202300036438;155 615 967;B01;1;7;0;2;3;19;1;
202300036439;155 615 964;A01;2;7;0;2;3;5;1;
202300036439;155 615 965;B01;1;7;0;2;1;1;1;
202300036440;155 615 963;A01;3;7;2;0;2;1;1;
202300036441;155 615 961;A01;1;7;0;2;3;13;1;
202300036441;155 615 962;B01;2;13;0;2;3;1;1;
202300036442;155 615 959;A01;2;7;0;2;1;1;1;
202300036442;155 615 960;B01;1;7;0;0;1;0;1;
202300036443;155 615 958;A01;2;7;0;1;1;17;1;
202300036444;155 615 957;A01;1;7;13;0;1;0;1;
202300036445;155 615 956;A01;1;10;0;1;4;20;1;
202300036446;155 615 952;B01;1;7;0;0;4;2;1;
202300036446;155 615 953;A01;1;7;0;2;1;2;1;
202300036447;155 615 950;A01;1;7;0;2;1;1;1;
202300036447;155 615 951;B01;3;7;0;2;7;19;1;
202300036448;155 615 948;A01;3;21;0;0;0;21;1;
202300036448;155 615 949;B01;3;33;0;2;8;21;1;
202300036449;155 615 946;A01;3;1;0;2;1;15;5;
202300036449;155 615 947;B01;1;7;0;2;2;1;1;
202300036450;155 615 945;A01;2;43;13;0;1;1;1;
202300036451;155 615 943;B01;1;10;0;0;4;23;1;
202300036451;155 615 944;A01;1;33;1;0;1;26;1;
202300036452;155 615 942;A01;3;14;0;1;4;4;1;
202300036453;155 615 941;A01;1;33;0;0;0;1;1;
202300036454;155 615 939;A01;1;33;0;2;8;17;1;
202300036454;155 615 940;B01;1;7;0;2;7;17;1;
202300036455;155 615 938;A01;3;7;8;0;3;26;1;
202300036456;155 615 936;A01;1;7;0;2;3;1;1;
202300036456;155 615 937;B01;2;7;0;2;3;1;1;
202300036457;155 615 934;B01;2;33;0;2;1;1;1;
202300036457;155 615 935;A01;1;7;0;2;3;19;1;
202300036458;155 615 932;B01;1;33;13;2;8;1;1;
202300036458;155 615 933;A01;1;7;0;2;7;15;1;
202300036459;155 615 930;B01;0;33;0;2;1;1;1;
202300036459;155 615 931;A01;3;7;0;2;3;15;1;
202300036460;155 615 929;A01;1;7;2;0;1;1;1;
202300036461;155 615 927;A01;1;33;0;2;2;17;1;
202300036461;155 615 928;B01;1;7;0;2;3;1;0;
202300036462;155 615 925;A01;2;7;0;2;2;16;1;
202300036462;155 615 926;B01;2;33;0;2;6;1;1;
202300036463;155 615 923;A01;1;10;0;2;1;1;1;
202300036463;155 615 924;B01;1;15;0;0;4;1;1;
202300036464;155 615 921;A01;1;36;0;2;3;13;1;
202300036464;155 615 922;B01;2;10;0;2;3;1;1;
202300036465;155 615 919;B01;1;2;0;2;1;1;1;
202300036465;155 615 920;A01;1;7;0;2;6;10;1;
202300036466;155 615 917;B01;1;7;0;2;1;2;1;
202300036466;155 615 918;A01;1;10;0;0;4;1;1;
202300036467;155 615 916;A01;1;33;13;0;8;17;1;
202300036468;155 615 914;A01;2;7;0;2;2;1;0;
202300036468;155 615 915;B01;3;7;0;2;3;16;0;
202300036469;155 615 912;A01;1;33;0;2;1;1;1;
202300036469;155 615 913;B01;2;7;0;2;3;15;1;
202300036470;155 615 910;A01;0;7;3;2;1;2;1;
202300036470;155 615 911;B01;0;7;0;2;6;2;1;
202300036471;155 615 908;A01;1;31;0;2;8;1;1;
202300036471;155 615 909;B01;1;33;0;0;7;23;1;
202300036472;155 615 906;A01;1;7;0;2;3;9;1;
202300036472;155 615 907;B01;1;33;0;2;2;1;1;
202300036473;155 615 905;A01;1;33;16;0;9;0;1;
202300036474;155 615 903;A01;1;33;0;2;1;5;1;
202300036474;155 615 904;B01;2;7;0;2;3;1;0;
202300036475;155 615 901;B01;2;7;0;2;4;2;1;
202300036475;155 615 902;A01;2;33;0;2;1;2;1;
202300036476;155 615 900;A01;1;10;3;0;1;13;1;
202300036477;155 615 898;A01;1;1;0;2;8;1;5;
202300036477;155 615 899;B01;3;7;0;2;1;1;3;
202300036478;155 615 897;A01;1;7;17;0;1;1;1;
202300036479;155 615 895;A01;1;7;0;2;3;13;1;
202300036479;155 615 896;B01;2;7;0;2;3;1;1;
202300036480;155 615 893;A01;1;7;0;2;1;13;1;
202300036480;155 615 894;B01;2;7;0;0;1;23;1;
202300036481;155 615 892;A01;2;7;6;0;1;13;1;
202300036482;155 615 891;A01;1;1;0;0;0;1;5;
202300036483;155 615 890;A01;1;7;0;0;0;1;1;
202300036484;155 615 889;A01;3;35;8;0;1;16;1;
202300036485;155 615 888;A01;1;2;7;0;0;1;0;
202300036486;155 615 886;B01;1;10;0;2;5;1;1;
202300036486;155 615 887;A01;1;34;0;2;5;1;1;
202300036487;155 615 884;B01;2;7;0;2;2;1;1;
202300036487;155 615 885;A01;2;34;0;2;8;18;1;
202300036488;155 615 880;A01;2;7;0;2;4;1;1;
202300036488;155 615 881;B01;2;7;0;2;4;1;0;
202300036488;155 615 882;C01;2;7;0;2;4;1;1;
202300036488;155 615 883;D01;2;7;0;2;1;1;0;
202300036489;155 615 878;B01;2;7;0;2;6;1;1;
202300036489;155 615 879;A01;2;7;0;2;0;0;1;
202300036490;155 615 877;A01;1;7;4;0;0;1;1;
202300036491;155 615 876;A01;1;7;3;0;0;1;1;
202300036492;155 615 874;A01;1;7;0;2;1;1;1;
202300036492;155 615 875;B01;1;7;0;2;4;1;0;
202300036493;155 615 872;A01;1;20;0;2;1;2;1;
202300036493;155 615 873;B01;1;7;0;2;4;2;1;
202300036494;155 615 870;A01;2;0;0;2;2;14;0;
202300036494;155 615 871;B01;2;43;0;2;3;3;1;
202300036495;155 615 868;B01;2;7;0;2;2;0;1;
202300036495;155 615 869;A01;2;7;0;2;6;23;1;
202300036496;155 615 864;D01;1;10;0;2;6;1;1;
202300036496;155 615 865;A01;1;7;0;2;8;12;2;
202300036496;155 615 866;C01;1;10;0;2;4;1;1;
202300036496;155 615 867;B01;1;33;0;2;7;3;1;
202300036497;155 615 863;A01;1;30;8;0;1;1;1;
202300036498;155 615 861;A01;1;33;0;2;1;1;1;
202300036498;155 615 862;B01;1;7;0;2;8;9;2;
202300036499;155 615 859;B01;2;7;0;2;1;1;1;
202300036499;155 615 860;A01;1;2;0;2;3;1;1;
202300036500;155 615 857;B01;1;37;0;2;3;1;1;7
202300036500;155 615 858;A01;1;10;0;2;2;16;1;
202300036501;155 615 856;A01;2;30;6;0;1;14;1;
202300036502;155 615 854;A01;2;10;1;2;1;2;1;
202300036502;155 615 855;B01;2;7;1;2;4;2;1;
202300036503;155 615 853;A01;1;33;12;2;0;1;1;
202300036504;155 615 851;A01;1;7;0;2;8;0;1;
202300036504;155 615 852;B01;2;7;0;2;3;1;1;
202300036505;155 615 849;B01;2;2;0;2;8;1;1;
202300036505;155 615 850;A01;1;7;0;9;1;15;1;
202300036506;155 615 847;A01;2;33;0;2;1;1;1;
202300036506;155 615 848;B01;1;30;0;2;1;13;1;
202300036507;155 615 846;A01;1;2;14;9;0;13;1;
202300036508;155 615 844;A01;1;7;0;2;3;14;1;
202300036508;155 615 845;Z01;2;99;0;2;3;2;0;
202300036509;155 615 842;B01;3;7;0;2;8;0;1;
202300036509;155 615 843;A01;3;2;0;2;8;15;1;
202300036510;155 615 840;B01;1;1;0;0;0;0;5;
202300036510;155 615 841;A01;2;7;0;0;0;1;0;
202300036511;155 615 838;B01;1;7;0;0;5;16;1;
202300036511;155 615 839;A01;1;31;0;2;1;2;1;
202300036512;155 615 837;A01;2;7;4;0;1;1;1;
202300036513;155 615 833;A01;2;7;0;2;4;2;1;
202300036513;155 615 834;B01;2;7;0;2;4;2;1;
202300036513;155 615 835;C01;2;7;0;2;4;2;1;
202300036513;155 615 836;D01;2;7;0;2;1;2;0;
202300036514;155 615 832;A01;1;7;6;0;1;9;1;
202300036515;155 615 831;A01;3;7;6;0;1;16;1;
202300036516;155 615 830;Z01;1;7;0;1;2;1;1;
202300036517;155 615 828;B01;3;7;0;9;3;26;0;
202300036517;155 615 829;A01;1;50;0;2;1;19;3;
202300036518;155 615 826;A01;2;43;0;2;1;21;1;
202300036518;155 615 827;B01;2;7;0;9;4;23;1;
202300036519;155 615 824;A01;1;7;0;2;4;1;1;
202300036519;155 615 825;B01;1;7;0;2;4;16;1;
202300036520;155 615 822;B01;3;1;0;2;2;26;5;
202300036520;155 615 823;A01;3;10;0;9;2;26;1;
202300036521;155 615 820;A01;2;7;0;2;2;1;1;
202300036521;155 615 821;B01;2;7;0;2;2;1;1;
202300036522;155 615 819;A01;0;7;0;1;1;2;1;
202300036523;155 615 818;A01;3;7;0;1;1;15;1;
202300036524;155 615 816;A01;2;7;0;2;1;1;1;
202300036524;155 615 817;B01;2;7;0;2;4;1;1;
202300036525;155 615 815;A01;0;7;0;1;2;16;1;
202300036526;155 615 813;A01;0;33;0;2;1;26;1;
202300036526;155 615 814;B01;0;7;0;2;4;26;1;
202300036527;155 615 812;A01;1;7;8;0;2;14;1;
202300036528;155 615 811;A01;1;50;0;0;8;0;3;
202300036529;155 615 809;A01;1;7;0;2;3;14;1;
202300036529;155 615 810;B01;2;7;0;2;8;23;1;
202300036530;155 615 808;A01;1;17;0;1;1;1;1;
202300036531;155 615 806;A01;0;33;0;2;1;17;1;
202300036531;155 615 807;B01;0;7;0;2;3;15;1;
202300036532;155 615 804;A01;2;7;0;0;1;1;0;
202300036532;155 615 805;B01;3;99;0;2;1;15;0;
202300036533;155 615 803;A01;3;7;0;1;1;1;1;
202300036534;155 615 801;B01;2;7;0;2;5;1;1;
202300036534;155 615 802;A01;2;7;0;2;1;15;1;
202300036535;155 615 799;A01;3;7;0;2;1;1;1;
202300036535;155 615 800;B01;3;50;0;2;3;19;3;
202300036536;155 615 798;A01;2;7;0;1;2;1;1;
202300036537;155 615 796;A01;2;7;0;2;2;15;1;
202300036537;155 615 797;B01;0;1;0;2;1;1;5;
202300036538;155 615 795;A01;3;10;1;2;0;0;1;
202300036539;155 615 794;A01;1;10;0;1;2;2;1;
202300036540;155 615 792;A01;3;1;0;2;0;0;5;
202300036540;155 615 793;Z01;3;13;0;2;7;0;0;
202300036541;155 615 791;A01;1;2;11;0;1;1;1;
202300036542;155 615 790;A01;1;33;14;0;8;1;1;
202300036543;155 615 788;B01;2;50;0;2;8;19;3;
202300036543;155 615 789;A01;1;7;0;2;1;16;1;
202300036544;155 615 786;A01;2;7;0;2;3;15;1;
202300036544;155 615 787;B01;2;32;0;2;1;1;1;