Num_Acc;id_vehicule;num_veh;senc;catv;obs;obsm;choc;manv;motor;occutc
202300036545;155 615 784;A01;2;15;13;2;0;14;1;
202300036545;155 615 785;B01;1;7;13;2;0;21;1;
202300036546;155 615 782;A01;3;7;0;2;1;2;1;
202300036546;155 615 783;B01;3;33;0;2;4;1;1;
202300036547;155 615 781;Y01;0;50;0;0;0;1;3;
202300036548;155 615 780;A01;3;7;9;0;1;0;1;
202300036549;155 615 778;A01;2;30;0;2;1;1;0;
202300036549;155 615 779;B01;1;7;0;2;3;15;1;
202300036550;155 615 774;A01;1;7;0;2;2;2;1;
202300036550;155 615 776;B01;1;43;0;2;1;2;1;
202300036550;155 615 777;C01;1;7;0;2;4;2;1;
202300036551;155 615 773;B01;3;32;0;2;1;1;1;
202300036551;155 615 775;A01;3;10;0;2;1;15;1;
202300036552;155 615 771;A01;1;7;0;2;1;2;1;
202300036552;155 615 772;B01;1;7;0;0;4;1;3;
202300036553;155 615 769;A01;2;7;0;2;3;15;1;
202300036553;155 615 770;B01;1;33;0;2;3;1;1;
202300036554;155 615 767;A01;1;7;0;2;2;12;1;
202300036554;155 615 768;B01;1;31;0;2;3;3;1;
202300036555;155 615 765;A01;2;30;0;2;0;1;1;
202300036555;155 615 766;B01;1;0;0;0;0;13;0;
202300036556;155 615 763;A01;1;33;0;2;1;3;1;
202300036556;155 615 764;B01;1;7;0;2;6;11;0;
202300036557;155 615 761;A01;1;38;0;9;1;1;1;1
202300036557;155 615 762;B01;1;50;0;2;4;11;3;
202300036558;155 615 758;B01;2;7;0;2;5;23;1;
202300036558;155 615 760;A01;2;10;0;2;3;14;1;
202300036559;155 615 757;B01;3;2;0;2;1;1;1;
202300036559;155 615 759;A01;3;7;0;2;3;15;1;
202300036560;155 615 756;A01;2;50;0;1;1;1;3;
202300036561;155 615 754;A01;2;31;0;2;4;17;1;
202300036561;155 615 755;B01;2;7;0;2;1;15;1;
202300036562;155 615 752;Z01;3;60;0;2;1;19;5;
202300036562;155 615 753;B01;2;50;0;2;7;9;3;
202300036563;155 615 750;A01;1;7;0;0;1;5;1;
202300036563;155 615 751;B01;2;33;0;0;1;1;1;
202300036564;155 615 749;A01;2;10;0;1;2;21;3;
202300036565;155 615 745;B01;1;7;0;2;3;1;1;
202300036565;155 615 748;A01;2;7;0;2;3;13;1;
202300036566;155 615 746;A01;1;1;0;2;1;5;5;
202300036566;155 615 747;B01;2;10;0;2;3;1;1;
202300036567;155 615 742;A01;3;7;0;2;1;2;1;
202300036567;155 615 744;B01;3;31;0;0;4;1;1;
202300036568;155 615 739;A01;1;10;0;2;8;15;1;
202300036568;155 615 740;B01;1;2;0;2;1;17;1;
202300036569;155 615 741;A01;1;7;0;2;1;13;1;
202300036569;155 615 743;B01;2;7;0;2;1;1;1;
202300036570;155 615 737;A01;1;37;1;0;1;1;1;2
202300036570;155 615 738;B01;1;37;0;0;4;23;1;2
202300036571;155 615 735;A01;0;7;0;2;1;15;6;
202300036571;155 615 736;B01;0;7;0;2;1;1;6;
202300036572;155 615 733;A01;1;7;0;2;2;1;1;
202300036572;155 615 734;B01;1;1;0;2;4;1;5;
202300036573;155 615 732;A01;1;50;0;0;1;2;3;
202300036574;155 615 730;A01;1;50;0;2;1;1;3;
202300036574;155 615 731;B01;1;7;0;2;3;1;1;
202300036575;155 615 728;A01;1;30;0;2;1;1;1;
202300036575;155 615 729;B01;2;7;0;2;2;1;1;
202300036576;155 615 727;A01;1;7;0;1;2;16;2;
202300036577;155 615 725;A01;2;30;0;1;8;18;1;
202300036578;155 615 724;A01;2;7;0;2;2;14;1;
202300036578;155 615 726;B01;2;7;0;2;6;1;2;
202300036579;155 615 721;B01;2;2;0;2;2;1;1;
202300036579;155 615 723;A01;2;10;0;2;3;1;1;
202300036580;155 615 720;A01;1;7;0;2;6;11;1;
202300036580;155 615 722;B01;1;33;0;2;7;2;1;
202300036581;155 615 718;B01;2;7;0;0;2;15;2;
202300036581;155 615 719;A01;1;2;0;0;1;1;1;
202300036582;155 615 717;Z01;1;7;0;1;1;1;1;
202300036583;155 615 712;B01;2;33;0;2;2;1;1;
202300036583;155 615 714;C01;1;37;0;2;1;23;3;1
202300036583;155 615 716;A01;2;7;0;2;3;13;0;
202300036584;155 615 713;B01;3;7;0;2;1;1;1;
202300036584;155 615 715;A01;3;1;0;2;1;5;5;
202300036585;155 615 709;A01;2;1;0;2;7;19;5;
202300036585;155 615 711;Z01;1;7;0;2;1;19;0;
202300036586;155 615 710;A01;3;32;1;0;1;14;1;
202300036587;155 615 706;A01;2;7;0;2;1;1;2;
202300036587;155 615 708;B01;2;10;0;2;5;23;1;
202300036588;155 615 707;A01;2;32;0;1;2;1;1;
202300036589;155 615 703;A01;1;7;0;2;3;1;2;
202300036589;155 615 705;B01;1;1;0;2;2;1;5;
202300036590;155 615 702;A01;3;2;0;2;7;1;1;
202300036590;155 615 704;B01;3;7;0;2;1;1;1;
202300036591;155 615 700;A01;3;7;0;2;2;10;1;
202300036591;155 615 701;B01;2;7;0;2;1;1;2;
202300036592;155 615 698;A01;3;7;12;0;1;15;1;
202300036593;155 615 697;A01;0;7;0;2;4;11;3;
202300036593;155 615 699;B01;3;32;0;2;2;17;1;
202300036594;155 615 694;B01;3;7;14;0;4;23;1;
202300036594;155 615 696;A01;3;7;0;2;1;0;0;
202300036595;155 615 695;A01;1;7;0;1;4;4;1;
202300036596;155 615 691;B01;2;80;0;2;4;15;3;
202300036596;155 615 692;A01;2;7;0;2;1;1;2;
202300036597;155 615 690;A01;2;50;0;1;1;1;3;
202300036598;155 615 688;A01;2;43;8;0;2;14;1;
202300036599;155 615 687;B01;1;33;0;2;3;1;3;
202300036599;155 615 689;A01;2;7;0;2;2;14;3;
202300036600;155 615 686;A01;0;10;0;1;8;0;0;
202300036601;155 615 685;A01;1;7;10;0;3;18;1;
202300036602;155 615 683;A01;1;30;0;2;8;1;3;
202300036602;155 615 684;B01;2;7;0;2;1;15;1;
202300036603;155 615 681;A01;1;7;6;0;2;1;1;
202300036604;155 615 682;A01;1;7;2;0;1;13;1;
202300036605;155 615 680;A01;0;7;0;1;3;15;1;
202300036606;155 615 679;A01;3;7;1;0;2;18;1;
202300036607;155 615 678;A01;2;32;0;1;1;17;1;
202300036608;155 615 677;A01;1;43;0;2;2;14;1;
202300036609;155 615 676;A01;3;7;0;1;3;1;1;
202300036610;155 615 671;A01;1;7;0;2;1;1;0;
202300036610;155 615 673;B01;1;7;0;2;4;1;0;
202300036610;155 615 674;C01;1;7;0;2;4;1;0;
202300036611;155 615 672;A01;2;7;0;2;8;22;2;
202300036611;155 615 675;B01;2;1;1;0;1;1;5;
202300036612;155 615 669;A01;3;14;0;2;1;19;1;
202300036612;155 615 670;B01;3;7;0;2;8;19;1;
202300036613;155 615 667;B01;1;7;0;2;2;1;1;
202300036613;155 615 668;A01;1;32;0;2;6;18;1;
202300036614;155 615 665;B01;1;7;0;2;3;1;1;
202300036614;155 615 666;A01;1;50;0;2;1;15;3;
202300036615;155 615 663;A01;1;1;0;2;4;2;5;
202300036615;155 615 664;Z01;1;1;0;2;1;2;5;
202300036616;155 615 661;A01;1;1;0;2;7;1;5;
202300036616;155 615 662;B01;1;10;0;2;1;1;1;
202300036617;155 615 659;B01;1;7;0;2;3;15;1;
202300036617;155 615 660;A01;2;1;0;2;3;19;5;
202300036618;155 615 657;B01;2;33;0;2;2;17;1;
202300036618;155 615 658;A01;2;10;0;2;3;15;1;
202300036619;155 615 655;A01;3;14;-1;0;0;9;1;
202300036620;155 615 654;A01;3;7;0;2;3;15;1;
202300036620;155 615 656;B01;3;30;0;2;1;1;1;
202300036621;155 615 651;B01;2;1;0;2;3;1;5;
202300036621;155 615 653;A01;1;7;0;2;2;10;4;
202300036622;155 615 650;A01;1;10;0;0;0;9;1;
202300036622;155 615 652;B01;1;32;0;2;8;1;1;
202300036623;155 615 649;A01;3;7;0;1;2;26;1;
202300036624;155 615 648;A01;2;7;14;0;1;1;1;
202300036625;155 615 645;A01;1;7;0;1;2;16;2;
202300036626;155 615 644;B01;2;7;0;2;4;0;1;
202300036626;155 615 646;A01;2;7;0;2;1;0;1;
202300036626;155 615 647;C01;2;33;0;2;1;0;1;
202300036627;155 615 642;A01;0;10;0;1;1;1;1;
202300036628;155 615 641;A01;1;7;0;2;1;5;1;
202300036628;155 615 643;B01;2;21;0;2;3;1;1;
202300036629;155 615 640;A01;1;17;3;0;2;2;1;
202300036630;155 615 638;A01;1;33;0;2;1;2;1;
202300036630;155 615 639;B01;1;7;0;2;6;11;1;
202300036631;155 615 636;A01;2;7;0;2;2;19;1;
202300036631;155 615 637;B01;1;7;0;2;3;1;1;
202300036632;155 615 630;A01;2;7;0;2;2;2;1;
202300036632;155 615 632;B01;2;7;0;2;6;1;1;
202300036632;155 615 633;C01;2;7;0;0;8;1;1;
202300036633;155 615 628;A01;1;10;4;0;8;6;1;
202300036634;155 615 626;A01;2;20;0;2;3;13;0;
202300036634;155 615 627;B01;1;7;0;2;3;14;0;
202300036635;155 615 623;A01;1;7;0;2;3;1;0;
202300036635;155 615 624;B01;2;7;0;2;1;1;0;
202300036636;155 615 622;A01;2;7;0;2;6;16;1;
202300036636;155 615 625;B01;2;32;1;0;2;16;1;
202300036637;155 615 620;A01;2;7;0;2;2;1;0;
202300036637;155 615 621;B01;2;2;0;0;4;1;1;
202300036638;155 615 619;A01;1;10;2;0;2;14;1;
202300036639;155 615 618;A01;1;7;15;0;2;1;1;
202300036640;155 615 617;A01;2;7;6;0;2;1;1;
202300036641;155 615 616;A01;1;10;0;1;3;1;3;
202300036642;155 615 614;A01;1;7;0;2;7;6;1;
202300036642;155 615 615;B01;1;10;0;2;1;1;1;
202300036643;155 615 612;A01;2;10;0;2;1;1;1;
202300036643;155 615 613;B01;1;10;0;2;1;1;1;
202300036644;155 615 610;A01;1;7;0;2;2;15;1;
202300036644;155 615 611;B01;1;2;0;2;3;2;1;
202300036645;155 615 608;B01;1;31;0;2;1;1;1;
202300036645;155 615 609;A01;2;7;0;2;2;17;1;
202300036646;155 615 605;B01;1;7;0;2;2;1;1;
202300036646;155 615 606;C01;2;7;0;2;8;1;1;
202300036646;155 615 607;A01;2;7;0;2;3;13;1;
202300036647;155 615 603;A01;1;7;0;2;3;1;1;
202300036647;155 615 604;B01;2;7;0;2;3;13;1;
202300036648;155 615 601;A01;1;7;0;2;4;2;1;
202300036648;155 615 602;B01;1;10;0;2;1;2;1;
202300036649;155 615 600;A01;2;7;10;0;1;19;1;
202300036650;155 615 598;A01;1;7;0;2;1;13;0;
202300036650;155 615 599;B01;2;7;0;2;1;0;0;
202300036651;155 615 596;A01;1;7;0;2;1;5;1;
202300036651;155 615 597;B01;2;7;0;2;1;1;1;
202300036652;155 615 595;A01;3;7;0;1;2;1;1;
202300036653;155 615 594;A01;1;10;9;1;2;1;1;
202300036654;155 615 593;A01;1;7;13;0;0;16;1;
202300036655;155 615 592;A01;1;7;0;0;9;17;1;
202300036656;155 615 590;B01;2;3;0;2;4;1;1;
202300036656;155 615 591;A01;2;7;0;2;1;2;1;
202300036657;155 615 588;A01;1;2;0;0;1;13;1;
202300036657;155 615 589;B01;2;2;0;0;1;26;1;
202300036658;155 615 586;A01;1;7;0;2;3;26;0;
202300036658;155 615 587;B01;1;33;0;0;7;1;1;
202300036659;155 615 585;A01;1;7;0;1;2;1;1;
202300036660;155 615 583;A01;1;7;3;2;2;2;1;
202300036660;155 615 584;B01;1;7;3;0;4;1;1;
202300036661;155 615 582;A01;3;38;0;1;2;16;1;1
202300036662;155 615 580;A01;1;7;0;1;1;16;1;
202300036663;155 615 578;B01;0;7;0;2;2;1;0;
202300036663;155 615 579;A01;0;1;0;2;0;1;5;
202300036664;155 615 577;A01;2;33;0;0;1;0;1;
202300036665;155 615 575;A01;3;7;0;2;1;15;1;
202300036665;155 615 576;B01;3;80;0;2;7;0;3;
202300036666;155 615 573;A01;2;17;0;2;8;1;1;
202300036666;155 615 574;B01;1;14;0;2;1;1;1;
202300036667;155 615 571;A01;2;2;0;0;6;19;3;
202300036667;155 615 572;B01;2;33;0;2;1;1;1;
202300036668;155 615 569;A01;1;7;0;0;3;13;1;
202300036668;155 615 570;B01;2;17;0;2;3;1;1;
202300036669;155 615 568;A01;1;7;0;1;2;2;1;
202300036670;155 615 566;A01;1;7;0;0;1;1;1;
202300036670;155 615 567;B01;2;7;0;0;0;15;0;
202300036671;155 615 565;A01;0;7;5;0;2;26;1;
202300036672;155 615 562;A01;2;7;0;1;3;1;2;
202300036673;155 615 561;A01;1;7;2;0;1;0;0;
202300036674;155 615 559;B01;3;7;0;2;1;19;0;
202300036674;155 615 560;A01;3;7;0;2;8;1;0;
202300036675;155 615 557;A01;2;33;0;2;1;17;1;
202300036675;155 615 558;B01;2;16;0;0;6;1;1;
202300036676;155 615 555;A01;1;7;0;2;1;1;1;
202300036676;155 615 556;B01;2;7;0;0;8;26;1;
202300036677;155 615 553;A01;1;7;0;2;4;1;1;
202300036677;155 615 554;B01;1;7;0;2;1;1;1;
202300036678;155 615 551;A01;2;7;0;2;1;1;1;
202300036678;155 615 552;B01;2;7;0;2;4;23;1;
202300036679;155 615 550;A01;2;7;15;0;0;0;1;
202300036680;155 615 548;A01;1;7;0;2;1;1;3;
202300036680;155 615 549;B01;2;7;0;2;1;13;1;
202300036681;155 615 546;B01;1;17;0;2;4;1;1;
202300036681;155 615 547;A01;1;7;0;2;1;1;1;
202300036682;155 615 545;A01;2;10;4;0;1;1;1;
202300036683;155 615 543;A01;2;7;3;2;7;0;1;
202300036683;155 615 544;Z01;2;14;0;2;0;12;0;
202300036684;155 615 542;A01;2;32;0;0;1;21;1;
202300036685;155 615 540;B01;1;10;0;9;2;1;1;
202300036685;155 615 541;Z01;1;7;0;0;0;2;0;
202300036686;155 615 538;B01;2;15;0;2;1;2;1;
202300036686;155 615 539;A01;2;7;0;2;4;2;1;
202300036687;155 615 534;B01;2;34;0;2;5;0;1;
202300036687;155 615 535;C01;2;33;0;2;5;0;1;
202300036687;155 615 536;D01;2;7;0;2;0;0;3;
202300036687;155 615 537;A01;2;33;0;2;1;0;1;
202300036688;155 615 532;A01;1;7;0;2;2;1;1;
202300036688;155 615 533;B01;1;7;4;2;3;1;1;
202300036689;155 615 531;A01;2;7;0;1;2;1;1;
202300036690;155 615 530;A01;-1;37;0;1;1;23;1;0
202300036691;155 615 529;A01;1;0;0;1;0;16;0;
202300036692;155 615 526;A01;2;34;12;0;0;1;1;
202300036693;155 615 525;A01;2;34;12;0;1;26;1;
202300036694;155 615 523;A01;1;7;0;2;3;19;1;
202300036694;155 615 524;B01;2;33;0;2;1;17;1;
202300036695;155 615 521;A01;3;7;0;2;7;14;1;
202300036695;155 615 522;B01;3;1;0;2;8;2;5;
202300036696;155 615 520;A01;1;7;0;1;1;1;1;
202300036697;155 615 519;A01;2;1;0;1;0;1;5;
202300036698;155 615 517;B01;3;7;0;2;1;1;1;
202300036698;155 615 518;A01;3;30;0;2;7;1;1;
202300036699;155 615 514;A01;2;7;0;2;1;2;1;
202300036699;155 615 515;B01;2;7;0;2;4;1;1;
202300036699;155 615 516;C01;2;7;0;2;4;1;3;
202300036700;155 615 512;A01;1;7;0;2;1;15;1;
202300036700;155 615 513;B01;2;50;0;2;8;1;3;
202300036701;155 615 510;B01;1;1;0;2;1;1;5;
202300036701;155 615 511;A01;2;7;0;2;1;15;1;
202300036702;155 615 508;A01;3;2;0;2;1;2;1;
202300036702;155 615 509;B01;3;10;16;0;5;2;1;
202300036703;155 615 504;A01;0;30;0;2;1;1;1;
202300036703;155 615 505;B01;0;7;0;9;6;2;1;
202300036704;155 615 502;A01;2;7;0;2;3;1;0;
202300036704;155 615 503;B01;1;32;0;2;1;17;0;
202300036705;155 615 501;A01;1;7;0;0;0;0;1;
202300036706;155 615 498;A01;1;33;0;2;1;17;1;
202300036706;155 615 499;B01;1;1;0;2;3;0;5;
202300036706;155 615 500;C01;1;7;0;2;1;1;1;
202300036707;155 615 496;A01;1;7;0;2;3;1;1;
202300036707;155 615 497;B01;1;7;0;2;1;1;1;
202300036708;155 615 494;A01;0;7;0;2;2;16;1;
202300036708;155 615 495;B01;0;1;0;2;8;19;5;
202300036709;155 615 493;A01;2;7;2;0;1;1;1;
202300036710;155 615 491;A01;2;10;0;2;2;7;1;
202300036710;155 615 492;B01;2;7;0;2;8;15;1;
202300036711;155 615 486;A01;1;7;0;2;4;17;1;
202300036711;155 615 487;B01;1;7;0;2;2;2;1;
202300036711;155 615 488;C01;1;7;0;2;1;2;1;
202300036711;155 615 489;D01;1;7;0;2;2;2;1;
202300036711;155 615 490;E01;1;7;0;2;3;2;1;
202300036712;155 615 484;A01;0;7;0;2;3;0;6;
202300036712;155 615 485;B01;0;7;0;2;3;0;6;
202300036713;155 615 483;A01;3;10;0;1;2;25;1;
202300036714;155 615 481;A01;3;34;0;2;1;17;1;
202300036714;155 615 482;B01;2;7;0;2;4;2;1;
202300036715;155 615 479;A01;3;7;0;2;7;26;1;
202300036715;155 615 480;B01;3;80;0;2;3;2;3;
202300036716;155 615 478;A01;2;7;0;1;8;17;6;
202300036717;155 615 477;A01;2;50;0;0;0;1;3;
202300036718;155 615 475;A01;1;30;0;2;1;13;1;
202300036718;155 615 476;B01;2;7;0;2;3;1;1;
202300036719;155 615 473;A01;3;7;0;2;2;15;1;
202300036719;155 615 474;B01;2;7;0;2;3;1;0;
202300036720;155 615 472;A01;3;7;0;1;1;26;1;
202300036721;155 615 470;B01;1;7;0;2;4;23;1;
202300036721;155 615 471;A01;1;10;0;2;1;2;1;
202300036722;155 615 468;A01;1;17;0;2;2;1;1;
202300036722;155 615 469;B01;1;7;0;2;8;1;1;
202300036723;155 615 467;A01;3;7;0;1;2;1;1;
202300036724;155 615 466;A01;3;7;1;0;1;14;1;
202300036725;155 615 465;A01;1;7;0;1;1;1;1;
202300036726;155 615 462;C01;2;10;11;2;1;1;1;
202300036726;155 615 463;A01;1;33;11;2;0;3;1;
202300036726;155 615 464;B01;1;10;11;2;6;23;1;
202300036727;155 615 458;A01;2;7;0;1;1;1;1;
202300036728;155 615 456;B01;1;50;0;2;7;1;3;
202300036728;155 615 457;A01;2;10;0;2;2;16;1;
202300036729;155 615 454;B01;0;7;0;2;7;15;1;
202300036729;155 615 455;A01;0;30;0;2;1;1;1;
202300036730;155 615 453;A01;0;7;0;1;3;1;1;
202300036731;155 615 452;A01;1;7;0;1;1;0;1;
202300036732;155 615 450;A01;1;7;0;2;2;15;1;
202300036732;155 615 451;B01;2;7;0;2;1;1;1;
202300036733;155 615 447;A01;2;10;0;2;1;1;0;
202300036733;155 615 448;B01;2;10;0;2;4;1;0;
202300036733;155 615 449;C01;2;10;0;2;4;1;0;
202300036734;155 615 446;A01;3;7;4;1;2;26;1;
202300036735;155 615 445;A01;1;10;13;0;1;0;1;
202300036736;155 615 443;A01;2;7;0;2;7;15;1;
202300036736;155 615 444;B01;1;7;0;2;2;1;1;
202300036737;155 615 442;A01;1;7;0;2;6;13;1;
202300036738;155 615 439;A01;2;7;0;1;2;2;1;
202300036739;155 615 437;A01;3;7;0;2;1;15;1;
202300036739;155 615 438;B01;3;1;0;2;0;1;5;
202300036740;155 615 435;A01;3;7;0;2;2;9;2;
202300036740;155 615 436;B01;3;7;0;2;5;0;1;
202300036741;155 615 434;A01;1;7;0;1;1;16;1;
202300036742;155 615 433;A01;1;33;0;0;0;1;1;
202300036743;155 615 432;A01;1;7;0;1;2;0;6;
202300036744;155 615 431;A01;1;10;0;1;3;15;1;
202300036745;155 615 429;A01;2;7;0;2;8;15;1;
202300036745;155 615 430;B01;1;7;0;2;1;1;1;
202300036746;155 615 427;B01;1;31;0;2;1;2;1;
202300036746;155 615 428;A01;1;7;0;2;4;2;1;
202300036747;155 615 426;A01;1;7;0;1;3;1;1;
202300036748;155 615 424;A01;0;7;0;2;2;24;1;
202300036748;155 615 425;B01;0;32;0;0;0;0;1;
202300036749;155 615 422;B01;2;7;0;2;4;23;1;
202300036749;155 615 423;A01;2;7;0;2;1;2;1;
202300036750;155 615 421;Z01;1;32;0;1;1;25;0;
202300036751;155 615 420;A01;3;7;0;1;1;1;1;
202300036752;155 615 418;A01;2;7;0;2;2;15;1;
202300036752;155 615 419;B01;1;30;0;2;1;1;1;
202300036753;155 615 416;A01;1;7;0;2;8;9;1;
202300036753;155 615 417;B01;1;1;0;2;1;1;5;
202300036754;155 615 414;A01;2;1;0;2;1;21;5;
202300036754;155 615 415;B01;2;7;0;2;4;23;2;
202300036755;155 615 412;B01;3;1;0;2;7;1;5;
202300036755;155 615 413;A01;0;7;0;9;1;1;1;
202300036756;155 615 411;A01;3;37;0;1;2;16;1;1
202300036757;155 615 410;A01;1;7;0;1;3;21;1;
202300036758;155 615 409;A01;2;7;0;1;1;1;1;
202300036759;155 615 407;A01;0;7;0;2;0;0;0;
202300036759;155 615 408;B01;1;30;0;2;2;21;1;
202300036760;155 615 404;A01;1;7;0;2;1;2;1;
202300036760;155 615 405;B01;1;7;0;2;4;2;1;
202300036760;155 615 406;C01;1;7;0;2;8;1;1;
202300036761;155 615 402;A01;2;7;0;2;1;1;1;
202300036761;155 615 403;B01;1;1;0;2;8;0;5;
202300036762;155 615 400;B01;3;7;0;2;3;9;0;
202300036762;155 615 401;A01;2;7;16;2;1;5;0;
202300036763;155 615 398;A01;1;7;0;2;1;2;1;
202300036763;155 615 399;B01;1;7;6;2;4;16;1;
202300036764;155 615 396;A01;2;10;0;2;6;11;1;
202300036764;155 615 397;B01;2;33;0;2;1;17;1;
202300036765;155 615 394;A01;1;7;0;2;3;0;1;
202300036765;155 615 395;B01;3;2;0;2;1;15;1;
202300036766;155 615 392;B01;2;7;0;2;3;1;1;
202300036766;155 615 393;A01;1;7;0;2;1;15;1;
202300036767;155 615 390;A01;2;7;0;2;1;1;1;
202300036767;155 615 391;Z01;2;7;0;2;1;1;1;
202300036768;155 615 388;A01;1;7;0;2;2;15;1;
202300036768;155 615 389;B01;2;43;0;2;1;1;1;
202300036769;155 615 386;A01;1;30;0;2;3;11;1;
202300036769;155 615 387;B01;2;37;0;2;1;7;4;1
202300036770;155 615 385;A01;2;50;0;1;8;5;3;
202300036771;155 615 384;A01;1;7;0;1;2;1;1;
202300036772;155 615 383;Z01;2;50;0;1;7;1;3;
202300036773;155 615 379;C01;1;7;0;2;4;23;2;
202300036773;155 615 380;D01;1;7;0;2;4;23;2;
202300036773;155 615 381;A01;1;7;0;2;1;1;1;
202300036773;155 615 382;B01;1;7;0;2;4;23;1;
202300036774;155 615 377;A01;2;7;0;2;3;13;1;
202300036774;155 615 378;B01;1;10;0;2;3;1;1;
202300036775;155 615 376;A01;1;1;0;1;2;1;5;
202300036776;155 615 375;A01;2;2;0;1;1;1;3;
202300036777;155 615 373;A01;1;7;0;2;2;1;1;
202300036777;155 615 374;B01;2;7;0;2;3;1;1;
202300036778;155 615 371;B01;0;7;0;2;1;2;1;
202300036778;155 615 372;A01;0;10;0;2;3;16;0;
202300036779;155 615 369;C01;1;7;0;2;1;2;0;
202300036779;155 615 370;B01;1;32;0;2;4;23;1;
202300036780;155 615 368;A01;1;7;0;1;3;15;1;
202300036781;155 615 367;A01;1;7;0;1;3;15;1;
202300036782;155 615 365;B01;3;17;0;2;8;1;1;
202300036782;155 615 366;A01;3;10;8;2;2;15;1;
202300036783;155 615 363;B01;3;50;0;2;1;25;3;
202300036783;155 615 364;A01;3;7;0;2;3;26;1;
202300036784;155 615 361;A01;3;7;0;2;6;13;1;
202300036784;155 615 362;B01;3;14;0;2;2;1;1;
202300036785;155 615 359;B01;3;32;0;2;3;1;1;
202300036785;155 615 360;A01;1;32;0;2;1;15;1;
202300036786;155 615 357;A01;3;7;0;2;2;15;1;
202300036786;155 615 358;B01;1;7;0;2;3;2;1;
202300036787;155 615 356;A01;2;33;0;1;1;1;1;
202300036788;155 615 354;A01;3;7;1;0;1;26;1;
202300036788;155 615 355;B01;3;7;0;2;1;26;1;
202300036789;155 615 352;B01;1;50;0;2;1;19;3;
202300036789;155 615 353;A01;1;7;0;2;3;19;3;
202300036790;155 615 350;A01;3;7;0;2;2;23;6;
202300036790;155 615 351;B01;0;32;1;2;8;18;6;
202300036791;155 615 349;A01;1;7;1;0;2;14;1;
202300036792;155 615 347;B01;0;7;0;0;3;11;0;
202300036792;155 615 348;A01;0;2;0;0;3;1;1;
202300036793;155 615 345;B01;1;10;1;0;1;15;1;
202300036793;155 615 346;A01;2;7;1;0;2;1;0;
202300036794;155 615 343;A01;0;7;0;2;3;2;1;
202300036794;155 615 344;B01;0;50;0;2;1;17;3;
202300036795;155 615 341;A01;1;31;0;0;0;21;1;
202300036795;155 615 342;B01;3;3;0;0;3;24;1;
202300036796;155 615 340;A01;1;7;0;1;2;7;1;
202300036797;155 615 338;B01;3;50;0;2;1;25;3;
202300036797;155 615 339;A01;3;2;0;2;1;25;0;
202300036798;155 615 337;A01;0;7;0;1;3;1;0;
202300036799;155 615 335;A01;3;1;0;0;0;1;5;
202300036799;155 615 336;B01;3;30;0;2;0;21;1;
202300036800;155 615 334;A01;2;7;0;1;2;1;1;
202300036801;155 615 333;A01;1;7;0;1;2;1;2;
202300036802;155 615 332;A01;1;30;0;0;2;1;1;
202300036803;155 615 331;A01;3;33;9;0;1;21;1;
202300036804;155 615 329;A01;0;37;0;9;2;26;1;1
202300036804;155 615 330;B01;0;50;0;2;1;5;3;
202300036805;155 615 327;A01;3;7;0;2;1;11;1;
202300036805;155 615 328;B01;3;7;0;2;4;1;1;
202300036806;155 615 326;A01;1;7;14;0;3;1;1;
202300036807;155 615 325;A01;1;7;15;0;1;1;1;
202300036808;155 615 324;A01;2;33;0;2;2;11;1;
202300036809;155 615 322;A01;1;7;0;2;2;1;0;
202300036809;155 615 323;B01;1;15;0;2;3;13;0;
202300036810;155 615 321;A01;1;7;13;0;2;0;1;
202300036811;155 615 316;A01;2;7;0;2;1;26;1;
202300036811;155 615 317;B01;1;7;0;2;4;26;1;
202300036811;155 615 318;C01;1;7;0;2;4;26;1;
202300036811;155 615 319;D01;1;7;0;2;3;26;1;
202300036811;155 615 320;E01;1;7;0;2;4;26;1;
202300036812;155 615 315;A01;1;7;5;0;7;14;1;
202300036813;155 615 311;D01;1;7;0;2;6;2;1;
202300036813;155 615 312;A01;1;7;0;2;1;21;1;
202300036813;155 615 313;B01;1;10;0;2;1;2;1;
202300036813;155 615 314;C01;1;7;0;2;4;1;1;
202300036814;155 615 309;B01;1;7;0;2;4;2;1;
202300036814;155 615 310;A01;1;10;0;2;1;2;1;
202300036815;155 615 307;B01;1;7;0;2;5;23;1;
202300036815;155 615 308;A01;1;33;0;2;1;3;1;
202300036816;155 615 305;B01;2;7;0;2;0;0;1;
202300036816;155 615 306;A01;2;7;0;2;1;26;1;
202300036817;155 615 302;C01;2;7;0;2;8;1;1;
202300036817;155 615 303;A01;2;7;0;2;6;13;1;
202300036817;155 615 304;B01;2;43;0;2;1;12;1;
202300036818;155 615 300;B01;1;7;0;2;4;2;1;
202300036818;155 615 301;Z01;1;7;0;2;1;2;1;
202300036819;155 615 298;B01;2;7;0;2;7;1;1;
202300036819;155 615 299;A01;2;33;0;2;3;3;1;
202300036820;155 615 296;A01;1;33;0;2;1;1;1;
202300036820;155 615 297;B01;1;7;0;2;0;11;1;
202300036821;155 615 293;A01;2;7;0;2;1;0;2;
202300036821;155 615 294;B01;2;7;0;2;1;2;1;
202300036821;155 615 295;C01;2;7;0;2;4;2;3;
202300036822;155 615 291;A01;2;34;0;2;7;2;1;
202300036822;155 615 292;B01;2;7;0;2;2;9;1;
202300036823;155 615 289;A01;2;14;0;2;1;1;1;