Num_Acc;id_vehicule;num_veh;senc;catv;obs;obsm;choc;manv;motor;occutc
202300036823;155 615 290;B01;2;7;0;2;4;1;1;
202300036824;155 615 287;A01;1;10;0;2;1;1;0;
202300036824;155 615 288;B01;1;7;0;0;4;1;1;
202300036825;155 615 285;B01;1;7;0;2;4;0;1;
202300036825;155 615 286;A01;1;7;0;2;1;2;1;
202300036826;155 615 282;A01;2;33;0;2;1;2;1;
202300036826;155 615 283;B01;2;7;0;2;5;1;1;
202300036826;155 615 284;C01;2;7;0;2;1;1;1;
202300036827;155 615 281;A01;1;7;4;0;3;13;1;
202300036828;155 615 280;A01;1;7;4;0;1;26;1;
202300036829;155 615 278;A01;1;7;0;2;4;15;0;
202300036829;155 615 279;B01;1;10;0;2;1;1;1;
202300036830;155 615 276;B01;1;37;0;2;2;7;1;1
202300036830;155 615 277;A01;1;7;0;2;3;19;1;
202300036831;155 615 275;A01;3;7;0;1;1;1;1;
202300036832;155 615 273;B01;1;7;0;2;3;15;0;
202300036832;155 615 274;A01;2;30;0;2;1;17;0;
202300036833;155 615 272;A01;1;7;6;0;1;26;1;
202300036834;155 615 270;B01;2;10;0;2;0;0;1;
202300036834;155 615 271;A01;1;50;0;2;0;0;3;
202300036835;155 615 268;B01;2;33;0;2;8;1;1;
202300036835;155 615 269;A01;1;7;0;2;3;10;1;
202300036836;155 615 267;A01;1;7;4;0;9;1;1;
202300036837;155 615 266;A01;1;7;12;0;1;13;1;
202300036838;155 615 264;A01;1;80;0;2;8;2;3;
202300036838;155 615 265;B01;1;34;8;2;3;1;1;
202300036839;155 615 262;Z01;1;7;0;2;0;1;0;
202300036839;155 615 263;A01;2;41;0;2;1;21;3;
202300036840;155 615 260;A01;3;7;0;2;3;1;6;
202300036840;155 615 261;B01;3;50;0;2;7;1;3;
202300036841;155 615 256;A01;1;7;0;2;5;23;1;
202300036841;155 615 257;B01;1;7;0;2;1;18;0;
202300036842;155 615 255;A01;2;7;0;1;1;0;0;
202300036843;155 615 253;A01;2;7;0;9;1;19;1;
202300036843;155 615 254;B01;2;2;0;2;8;1;1;
202300036844;155 615 251;B01;1;1;0;2;1;0;5;
202300036844;155 615 252;A01;2;7;0;2;2;15;1;
202300036845;155 615 249;A01;1;7;0;2;1;13;1;
202300036845;155 615 250;B01;2;7;0;2;1;1;1;
202300036846;155 615 248;A01;0;33;0;0;7;1;1;
202300036847;155 615 246;B01;0;1;0;2;8;0;5;
202300036847;155 615 247;A01;0;7;0;2;2;1;1;
202300036848;155 615 244;B01;1;36;0;2;1;1;1;
202300036848;155 615 245;A01;2;7;0;2;1;13;1;
202300036849;155 615 243;A01;1;37;0;1;2;1;1;1
202300036850;155 615 242;A01;1;7;0;1;1;1;1;
202300036851;155 615 240;A01;2;32;0;1;1;1;1;
202300036852;155 615 238;A01;1;7;0;2;1;15;0;
202300036852;155 615 241;B01;2;31;0;2;3;1;1;
202300036853;155 615 239;A01;1;50;0;0;1;1;3;
202300036854;155 615 235;B01;3;13;0;2;7;16;1;
202300036854;155 615 237;A01;3;32;0;2;8;18;1;
202300036855;155 615 236;A01;1;7;9;1;2;1;1;
202300036856;155 615 234;A01;2;7;1;0;1;1;0;
202300036857;155 615 231;B01;2;7;8;2;9;1;0;
202300036857;155 615 232;A01;2;10;0;2;3;10;1;
202300036858;155 615 229;A01;2;40;0;1;1;1;3;
202300036859;155 615 228;A01;2;7;0;1;3;1;1;
202300036860;155 615 225;A01;0;7;0;1;1;1;1;
202300036861;155 615 224;A01;3;7;0;2;3;17;1;
202300036861;155 615 226;B01;3;7;0;2;1;2;1;
202300036861;155 615 227;C01;3;17;0;2;3;1;1;
202300036862;155 615 223;A01;2;7;0;1;7;1;2;
202300036863;155 615 220;A01;1;10;0;2;2;15;1;
202300036863;155 615 221;B01;2;32;0;2;1;1;1;
202300036864;155 615 222;A01;3;50;0;1;1;13;3;
202300036865;155 615 219;A01;3;14;0;1;1;1;1;
202300036866;155 615 218;A01;0;1;0;2;8;19;5;
202300036867;155 615 217;A01;0;50;0;0;0;14;3;
202300036868;155 615 216;A01;3;7;0;2;3;1;1;
202300036869;155 615 213;B01;1;7;0;2;1;1;1;
202300036869;155 615 215;A01;1;7;0;2;6;2;1;
202300036870;155 615 214;A01;0;33;0;0;8;1;1;
202300036871;155 615 211;B01;1;7;0;2;6;23;1;
202300036871;155 615 212;A01;1;31;0;2;2;1;1;
202300036872;155 615 208;B01;1;2;0;2;1;0;1;
202300036872;155 615 209;A01;1;7;0;2;2;1;1;
202300036873;155 615 207;A01;2;7;0;2;3;15;1;
202300036873;155 615 210;B01;1;1;0;2;8;1;5;
202300036874;155 615 206;A01;2;10;0;1;3;15;0;
202300036875;155 615 205;A01;2;7;9;0;2;1;1;
202300036876;155 615 203;A01;1;7;0;0;0;11;1;
202300036876;155 615 204;B01;1;30;0;0;0;1;0;
202300036877;155 615 200;A01;1;3;0;2;1;1;6;
202300036877;155 615 202;B01;3;1;0;2;8;9;5;
202300036878;155 615 199;B01;1;7;0;2;1;1;1;
202300036878;155 615 201;A01;1;7;0;2;7;19;1;
202300036879;155 615 196;B01;1;7;0;2;2;1;1;
202300036879;155 615 198;A01;3;7;0;2;3;15;1;
202300036880;155 615 195;A01;2;30;0;2;1;17;1;
202300036880;155 615 197;B01;2;7;0;2;3;9;1;
202300036881;155 615 193;A01;3;7;0;2;3;9;1;
202300036881;155 615 194;B01;3;50;0;2;4;0;3;
202300036882;155 615 191;A01;1;7;0;1;1;1;1;
202300036883;155 615 188;A01;1;7;0;2;3;15;0;
202300036883;155 615 189;B01;2;33;0;2;1;1;0;
202300036884;155 615 185;B01;2;7;0;2;2;16;1;
202300036884;155 615 187;A01;2;1;0;2;1;1;5;
202300036885;155 615 184;A01;2;7;0;2;8;10;1;
202300036885;155 615 186;B01;1;7;0;2;1;1;1;
202300036886;155 615 181;C01;1;7;14;2;1;23;1;
202300036886;155 615 182;B01;1;7;0;2;2;2;1;
202300036886;155 615 183;A01;1;15;0;0;6;1;1;
202300036887;155 615 179;A01;3;50;0;2;1;1;3;
202300036887;155 615 180;B01;1;10;0;2;6;1;1;
202300036888;155 615 177;A01;1;7;0;2;6;9;1;
202300036888;155 615 178;B01;1;7;0;2;1;1;1;
202300036889;155 615 175;B01;2;1;0;2;8;0;5;
202300036889;155 615 176;A01;1;7;0;2;3;0;1;
202300036890;155 615 174;A01;1;7;2;0;1;21;1;
202300036891;155 615 172;A01;1;7;0;1;2;15;1;
202300036892;155 615 171;A01;1;7;0;2;1;2;1;
202300036892;155 615 173;B01;1;7;0;2;4;2;1;
202300036893;155 615 169;A01;1;10;0;2;7;19;1;
202300036893;155 615 170;B01;2;7;0;2;5;1;1;
202300036894;155 615 167;A01;2;7;2;0;8;14;1;
202300036895;155 615 165;A01;2;7;3;0;9;1;1;
202300036896;155 615 166;B01;1;2;0;2;1;1;1;
202300036896;155 615 168;A01;1;7;0;2;3;19;1;
202300036897;155 615 164;A01;1;7;6;0;3;0;1;
202300036898;155 615 160;A01;3;7;0;2;5;26;1;
202300036898;155 615 162;B01;3;2;12;2;1;1;1;
202300036899;155 615 161;A01;1;7;0;2;6;9;1;
202300036899;155 615 163;B01;1;33;0;2;1;1;1;
202300036900;155 615 159;A01;1;7;0;1;2;1;1;
202300036901;155 615 158;A01;1;15;1;1;2;1;1;
202300036902;155 615 154;A01;1;7;0;2;1;26;1;
202300036902;155 615 156;B01;1;60;0;2;7;25;5;
202300036903;155 615 155;A01;2;7;0;2;3;15;1;
202300036903;155 615 157;B01;2;32;0;2;7;3;1;
202300036904;155 615 152;A01;1;7;0;2;3;19;1;
202300036904;155 615 153;B01;1;14;0;2;2;1;1;
202300036905;155 615 151;A01;3;7;6;0;1;13;1;
202300036906;155 615 150;A01;3;15;0;1;4;26;6;
202300036907;155 615 148;A01;2;7;6;0;1;0;1;
202300036908;155 615 147;B01;1;7;0;2;1;1;1;
202300036908;155 615 149;A01;1;31;0;2;1;14;1;
202300036909;155 615 146;A01;1;7;15;0;9;1;1;
202300036910;155 615 145;A01;1;7;0;1;2;1;1;
202300036911;155 615 143;A01;3;7;0;2;1;1;1;
202300036911;155 615 144;B01;3;7;0;2;4;23;1;
202300036912;155 615 142;A01;1;7;16;0;2;17;1;
202300036913;155 615 139;A01;1;30;10;0;3;1;1;
202300036914;155 615 136;E01;2;7;3;2;7;2;0;
202300036914;155 615 137;C01;2;17;0;2;8;2;0;
202300036914;155 615 138;B01;2;7;0;2;3;1;0;
202300036914;155 615 140;A01;2;7;3;2;8;11;0;
202300036914;155 615 141;D01;2;10;3;2;3;2;1;
202300036915;155 615 135;A01;1;7;0;1;1;15;1;
202300036916;155 615 130;A01;2;7;4;2;1;0;1;
202300036916;155 615 131;B01;2;7;0;2;4;0;1;
202300036917;155 615 129;A01;1;7;0;2;1;9;1;
202300036917;155 615 132;B01;1;7;0;2;1;17;1;
202300036918;155 615 127;A01;2;7;0;2;7;15;1;
202300036918;155 615 128;B01;2;33;0;2;0;1;1;
202300036919;155 615 126;A01;1;7;0;0;0;0;1;
202300036920;155 615 125;A01;1;7;0;1;0;0;1;
202300036921;155 615 122;C01;1;7;15;2;9;1;1;
202300036921;155 615 123;A01;1;10;0;2;3;17;1;
202300036921;155 615 124;B01;1;7;0;2;2;17;1;
202300036922;155 615 120;A01;1;30;0;0;0;1;1;
202300036923;155 615 119;A01;1;7;0;2;1;16;1;
202300036923;155 615 121;B01;3;1;0;2;7;19;5;
202300036924;155 615 117;B01;3;7;0;2;2;2;1;
202300036924;155 615 118;A01;3;50;0;0;4;2;3;
202300036925;155 615 115;A01;2;7;8;0;2;1;1;
202300036926;155 615 113;A01;0;7;2;0;2;15;1;
202300036927;155 615 112;A01;2;7;1;0;7;21;1;
202300036927;155 615 114;B01;1;17;0;2;5;24;1;
202300036927;155 615 116;C01;2;10;16;0;0;9;1;
202300036928;155 615 111;A01;3;7;0;1;3;15;0;
202300036929;155 615 109;A01;2;7;6;0;3;1;1;
202300036930;155 615 108;B01;3;7;0;2;3;1;1;
202300036930;155 615 110;A01;3;7;0;2;1;11;1;
202300036931;155 615 106;A01;1;7;0;2;1;5;1;
202300036931;155 615 107;B01;2;7;0;2;1;1;1;
202300036932;155 615 103;A01;1;10;0;1;3;1;1;
202300036933;155 615 102;A01;1;7;0;1;2;1;1;
202300036934;155 615 104;A01;1;50;0;2;2;0;3;
202300036934;155 615 105;B01;1;7;0;2;2;16;0;
202300036935;155 615 100;A01;1;7;0;2;1;1;1;
202300036935;155 615 101;B01;1;7;0;2;4;15;1;
202300036936;155 615 096;A01;2;7;0;2;2;1;1;
202300036936;155 615 097;B01;2;33;0;0;4;23;1;
202300036937;155 615 098;B01;3;1;0;2;1;1;5;
202300036937;155 615 099;A01;3;7;0;2;0;0;0;
202300036938;155 615 095;A01;1;2;0;0;0;1;1;
202300036939;155 615 093;A01;2;7;3;0;0;1;1;
202300036940;155 615 092;A01;2;7;0;2;2;15;1;
202300036940;155 615 094;B01;1;7;0;2;3;1;1;
202300036941;155 615 091;A01;1;33;16;0;3;17;1;
202300036942;155 615 090;A01;3;7;0;1;2;1;1;
202300036943;155 615 087;B01;3;7;0;2;4;24;1;
202300036943;155 615 089;A01;2;7;1;0;1;1;1;
202300036944;155 615 083;A01;1;7;0;2;5;12;1;
202300036944;155 615 084;B01;2;33;0;2;1;1;1;
202300036945;155 615 081;A01;1;7;16;2;3;20;1;
202300036945;155 615 082;B01;2;33;0;2;1;1;1;
202300036946;155 615 079;B01;2;10;0;2;3;1;1;
202300036946;155 615 080;A01;2;10;0;2;3;13;1;
202300036947;155 615 076;B01;2;7;0;2;1;1;1;
202300036947;155 615 078;A01;2;10;0;2;8;1;1;
202300036948;155 615 075;A01;2;7;0;2;1;2;1;
202300036948;155 615 077;B01;2;10;0;2;4;23;1;
202300036949;155 615 072;A01;1;7;0;2;1;1;1;
202300036949;155 615 073;B01;1;10;0;2;1;2;1;
202300036949;155 615 074;C01;1;10;0;2;4;2;1;
202300036950;155 615 070;A01;1;7;0;2;8;15;1;
202300036950;155 615 071;B01;1;33;0;2;1;1;1;
202300036951;155 615 069;A01;2;7;4;0;2;1;1;
202300036952;155 615 067;B01;2;33;0;2;4;2;1;
202300036952;155 615 068;A01;2;10;0;2;1;2;1;
202300036953;155 615 064;A01;2;7;0;2;1;1;1;
202300036953;155 615 066;B01;2;1;0;2;8;19;5;
202300036954;155 615 063;A01;2;7;0;2;2;13;2;
202300036954;155 615 065;B01;2;33;0;2;7;1;1;
202300036955;155 615 062;A01;2;7;0;1;1;1;1;
202300036956;155 615 060;A01;2;7;0;0;0;0;1;
202300036956;155 615 061;B01;1;33;0;0;0;0;1;
202300036957;155 615 056;A01;3;7;4;2;1;5;1;
202300036957;155 615 058;B01;3;34;4;2;1;1;1;
202300036958;155 615 055;A01;3;7;0;2;3;9;1;
202300036958;155 615 057;B01;3;1;0;2;1;1;5;
202300036959;155 615 054;A01;3;7;4;0;1;1;1;
202300036960;155 615 052;A01;1;37;0;1;5;20;3;1
202300036961;155 615 053;A01;3;1;0;1;7;1;5;
202300036962;155 615 050;B01;2;80;0;2;1;1;3;
202300036962;155 615 051;A01;2;7;0;2;6;22;1;
202300036963;155 615 048;A01;2;7;0;1;6;4;1;
202300036964;155 615 047;A01;2;7;0;2;1;2;1;
202300036964;155 615 049;B01;2;7;0;2;4;2;1;
202300036965;155 615 045;A01;1;7;0;2;1;1;2;
202300036965;155 615 046;B01;3;60;0;2;7;19;5;
202300036966;155 615 042;A01;1;10;0;2;0;1;1;
202300036966;155 615 044;B01;1;7;0;2;0;1;1;
202300036967;155 615 041;Z01;1;7;0;2;2;22;1;
202300036967;155 615 043;A01;1;32;0;2;1;1;1;
202300036968;155 615 040;A01;2;34;0;1;1;1;3;
202300036969;155 615 037;B01;2;7;0;2;8;16;1;
202300036969;155 615 039;A01;2;31;0;2;8;16;1;
202300036970;155 615 034;Z01;1;7;0;2;6;22;2;
202300036970;155 615 035;A01;1;1;0;2;7;1;5;
202300036971;155 615 036;A01;2;7;0;2;1;23;1;
202300036971;155 615 038;B01;2;10;0;2;4;4;1;
202300036972;155 615 032;B01;2;7;0;2;3;15;0;
202300036972;155 615 033;A01;2;33;0;2;1;1;0;
202300036973;155 615 029;A01;2;1;0;2;4;2;5;
202300036973;155 615 031;B01;2;7;0;2;1;2;1;
202300036974;155 615 028;A01;1;33;0;2;1;1;1;
202300036974;155 615 030;B01;1;50;0;2;4;15;3;
202300036975;155 615 025;B01;2;33;0;2;7;1;1;
202300036975;155 615 026;A01;2;7;0;2;1;15;1;
202300036976;155 615 023;A01;1;10;1;0;8;13;1;
202300036977;155 615 024;B01;2;7;0;0;4;1;1;
202300036977;155 615 027;A01;2;7;0;2;1;1;1;
202300036978;155 615 020;A01;1;50;0;2;3;16;3;
202300036978;155 615 021;B01;1;7;0;2;7;2;1;
202300036979;155 615 019;A01;2;30;0;2;1;17;1;
202300036979;155 615 022;B01;1;7;0;2;1;15;1;
202300036980;155 615 016;A01;1;7;0;2;3;13;1;
202300036980;155 615 017;B01;1;30;0;2;7;17;1;
202300036981;155 615 013;A01;1;10;0;2;1;1;1;
202300036981;155 615 014;B01;3;7;0;2;0;0;1;
202300036981;155 615 015;C01;3;7;0;2;0;0;1;
202300036981;155 615 018;D01;3;7;0;2;0;0;1;
202300036982;155 615 011;A01;2;7;0;2;2;16;1;
202300036982;155 615 012;B01;2;32;0;2;1;7;1;
202300036983;155 615 010;A01;1;7;4;0;1;15;1;
202300036984;155 615 007;Z01;3;7;0;2;5;15;0;
202300036984;155 615 008;A01;3;30;0;2;1;2;0;
202300036985;155 615 005;A01;2;7;2;0;1;1;1;
202300036986;155 615 003;A01;1;33;0;2;1;3;1;
202300036986;155 615 004;B01;1;10;0;2;2;12;1;
202300036986;155 615 006;C01;1;7;0;2;7;1;1;
202300036986;155 615 009;D01;1;7;0;2;5;1;1;
202300036987;155 615 001;B01;2;33;0;2;3;13;1;
202300036987;155 615 002;A01;3;7;0;2;3;15;1;
202300036988;155 614 998;B01;1;7;0;2;1;1;1;
202300036988;155 614 999;A01;1;10;0;2;1;15;1;
202300036989;155 615 000;A01;0;7;0;1;2;1;1;
202300036990;155 614 997;A01;3;7;16;0;8;1;1;
202300036991;155 614 995;A01;3;7;0;2;1;2;1;
202300036991;155 614 996;B01;3;7;0;2;5;2;1;
202300036992;155 614 994;A01;2;7;3;0;0;0;1;
202300036993;155 614 992;A01;1;2;0;0;0;1;0;
202300036994;155 614 989;B01;2;7;0;2;3;5;1;
202300036994;155 614 990;A01;1;7;0;2;3;1;1;
202300036995;155 614 991;A01;1;1;0;2;4;1;5;
202300036995;155 614 993;B01;1;7;0;9;1;1;1;
202300036996;155 614 987;B01;2;7;0;2;1;1;1;
202300036996;155 614 988;A01;1;7;0;2;1;5;1;
202300036997;155 614 986;A01;2;7;13;0;1;1;1;
202300036998;155 614 982;A01;1;7;0;2;2;13;1;
202300036998;155 614 983;B01;2;7;0;2;3;1;1;
202300036999;155 614 984;A01;1;7;0;2;7;9;1;
202300036999;155 614 985;B01;1;7;0;2;1;1;1;
202300037000;155 614 980;A01;1;7;0;2;1;9;1;
202300037000;155 614 981;B01;1;1;0;0;5;1;5;
202300037001;155 614 979;A01;1;7;4;0;1;0;0;
202300037002;155 614 978;A01;1;7;0;1;7;2;1;
202300037003;155 614 975;B01;1;2;0;2;1;1;1;
202300037003;155 614 977;A01;1;7;0;2;3;6;0;
202300037004;155 614 974;A01;1;7;0;2;2;14;1;
202300037004;155 614 976;B01;1;33;0;2;3;3;1;
202300037005;155 614 973;A01;1;7;7;0;0;2;1;
202300037006;155 614 969;A01;1;7;0;2;3;13;1;
202300037006;155 614 971;B01;2;7;0;2;3;1;1;
202300037007;155 614 970;B01;0;33;0;2;0;0;0;
202300037007;155 614 972;A01;0;7;0;0;0;20;1;
202300037008;155 614 967;A01;0;30;0;0;1;1;1;
202300037009;155 614 966;A01;1;0;0;1;1;1;0;
202300037010;155 614 964;C01;2;21;0;2;4;1;1;
202300037010;155 614 965;B01;2;33;0;2;4;1;1;
202300037010;155 614 968;A01;2;33;0;2;1;1;1;
202300037011;155 614 963;A01;3;33;0;0;9;10;1;
202300037012;155 614 962;A01;1;7;0;1;1;26;1;
202300037013;155 614 959;A01;2;7;0;2;3;5;1;
202300037013;155 614 961;B01;1;7;0;0;1;1;1;
202300037014;155 614 958;B01;3;1;0;2;8;1;5;
202300037014;155 614 960;A01;3;3;0;2;3;1;1;
202300037015;155 614 957;A01;1;7;13;0;1;0;1;
202300037016;155 614 953;A01;3;7;0;2;1;2;0;
202300037016;155 614 956;B01;1;31;0;2;4;23;1;
202300037017;155 614 954;B01;1;7;6;2;3;1;0;
202300037017;155 614 955;A01;2;7;0;2;3;13;0;
202300037018;155 614 949;B01;1;7;0;2;3;15;5;
202300037018;155 614 951;A01;1;7;0;9;2;17;1;
202300037019;155 614 950;A01;1;33;0;2;0;1;1;
202300037019;155 614 952;B01;1;7;0;2;4;26;1;
202300037020;155 614 948;A01;1;7;0;1;3;1;1;
202300037021;155 614 946;A01;2;7;0;0;9;1;1;
202300037022;155 614 947;A01;2;7;0;1;1;1;1;
202300037023;155 614 942;B01;2;10;0;2;4;2;1;
202300037023;155 614 943;C01;2;7;0;2;4;2;1;
202300037023;155 614 944;A01;2;7;0;0;4;1;1;
202300037023;155 614 945;D01;2;7;0;2;1;2;1;
202300037024;155 614 940;A01;2;7;0;1;2;1;1;
202300037025;155 614 939;A01;2;2;14;0;1;5;1;
202300037026;155 614 941;A01;1;33;0;0;0;1;1;
202300037027;155 614 936;A01;2;7;0;2;3;21;1;
202300037027;155 614 937;B01;2;7;0;2;1;19;1;
202300037028;155 614 935;B01;2;10;0;2;1;15;1;
202300037028;155 614 938;A01;1;21;0;2;0;0;1;
202300037029;155 614 934;A01;1;7;8;9;1;1;1;
202300037030;155 614 933;A01;2;33;0;0;1;1;1;
202300037031;155 614 929;B01;2;7;0;0;6;1;1;
202300037031;155 614 930;D01;2;7;0;0;2;1;1;
202300037031;155 614 931;C01;2;7;0;0;3;1;1;
202300037031;155 614 932;A01;2;7;0;0;5;1;1;
202300037032;155 614 927;A01;2;2;0;0;0;1;1;
202300037033;155 614 926;A01;1;33;0;2;7;1;1;
202300037033;155 614 928;Z01;1;10;0;2;3;11;0;
202300037034;155 614 925;A01;1;7;0;1;2;1;1;
202300037035;155 614 924;A01;1;7;6;0;3;1;1;
202300037036;155 614 920;B01;2;7;0;2;1;1;2;
202300037036;155 614 922;A01;2;7;0;2;8;1;0;
202300037037;155 614 918;A01;2;7;2;0;9;21;1;
202300037038;155 614 919;A01;2;14;0;2;1;2;1;
202300037038;155 614 921;B01;2;10;0;2;4;2;1;
202300037038;155 614 923;C01;2;7;0;2;4;2;1;
202300037039;155 614 912;C01;2;7;0;2;1;21;1;
202300037039;155 614 914;B01;2;7;0;2;4;2;1;
202300037039;155 614 915;A01;2;7;0;2;1;2;1;
202300037039;155 614 916;D01;2;7;0;2;6;2;1;
202300037040;155 614 913;A01;2;1;0;1;1;8;5;
202300037041;155 614 910;A01;2;2;1;0;1;0;1;
202300037041;155 614 911;B01;2;7;0;2;6;24;1;
202300037042;155 614 908;A01;1;32;0;1;1;16;0;
202300037043;155 614 904;B01;1;7;0;2;3;10;3;
202300037043;155 614 906;A01;1;7;0;2;2;1;1;
202300037044;155 614 905;Z01;1;2;0;2;0;5;1;
202300037044;155 614 907;B01;2;1;0;2;1;15;5;
202300037044;155 614 909;A01;2;1;0;2;0;19;5;
202300037045;155 614 901;A01;1;2;0;0;8;1;1;
202300037046;155 614 900;A01;1;7;0;2;1;15;1;
202300037046;155 614 902;B01;2;2;0;2;1;1;1;
202300037047;155 614 898;B01;1;7;0;2;2;1;1;
202300037047;155 614 899;A01;2;7;8;2;1;1;1;
202300037048;155 614 894;A01;3;7;0;2;3;1;0;
202300037048;155 614 895;B01;3;7;0;2;3;11;0;
202300037049;155 614 896;A01;2;3;0;2;3;13;3;
202300037049;155 614 897;B01;2;50;0;2;2;1;3;
202300037050;155 614 892;B01;2;7;0;2;1;1;1;
202300037050;155 614 893;A01;1;7;0;2;1;13;1;
202300037051;155 614 890;A01;2;7;14;0;2;1;1;
202300037052;155 614 889;A01;1;7;2;0;3;1;1;
202300037053;155 614 888;A01;2;10;0;2;8;9;1;
202300037053;155 614 891;B01;1;33;0;2;1;1;1;
202300037054;155 614 886;A01;1;7;0;2;1;9;1;
202300037054;155 614 887;B01;1;80;0;2;7;2;3;
202300037055;155 614 885;A01;2;33;16;0;7;19;1;
202300037056;155 614 883;B01;1;7;0;2;3;1;1;
202300037056;155 614 884;A01;2;7;0;2;2;1;1;
202300037057;155 614 880;A01;1;7;0;2;1;15;6;
202300037057;155 614 882;B01;0;31;0;2;8;1;3;
202300037058;155 614 879;A01;0;50;0;1;0;26;3;
202300037059;155 614 875;B01;3;7;0;2;7;15;1;
202300037059;155 614 877;A01;3;7;0;2;2;1;1;
202300037060;155 614 876;Z01;1;7;0;2;5;24;0;
202300037060;155 614 878;B01;1;80;1;0;8;1;3;
202300037061;155 614 872;C01;2;7;0;2;1;1;1;
202300037061;155 614 873;A01;2;7;0;2;1;13;1;
202300037061;155 614 874;B01;2;7;0;2;6;1;1;
202300037062;155 614 868;C01;2;7;0;2;2;23;1;
202300037062;155 614 869;B01;2;7;0;2;1;23;1;
202300037062;155 614 870;A01;2;10;0;2;4;26;1;
202300037063;155 614 866;A01;1;7;13;0;8;21;1;
202300037064;155 614 867;A01;1;1;0;2;8;17;5;
202300037064;155 614 871;B01;1;1;0;2;0;1;5;
202300037065;155 614 865;A01;2;7;4;0;3;13;1;
202300037066;155 614 863;A01;1;7;0;0;0;1;1;
202300037066;155 614 864;B01;1;2;0;2;0;1;1;
202300037067;155 614 861;B01;1;7;0;2;6;1;1;
202300037067;155 614 862;A01;1;7;0;2;2;17;1;
202300037068;155 614 860;A01;2;50;0;0;1;1;3;
202300037069;155 614 858;A01;2;7;4;2;1;2;1;
202300037069;155 614 859;B01;2;7;0;2;4;2;1;
202300037070;155 614 856;A01;2;33;0;2;1;2;1;
202300037071;155 614 855;A01;1;1;0;2;1;1;5;
202300037071;155 614 857;B01;1;31;0;2;2;15;1;
202300037072;155 614 851;C01;1;7;0;2;4;2;2;
202300037072;155 614 853;B01;1;10;0;2;1;2;1;
202300037072;155 614 854;A01;1;7;0;2;4;2;1;
202300037073;155 614 852;A01;1;1;12;0;2;14;5;
202300037074;155 614 849;Z01;1;7;0;2;3;11;1;
202300037074;155 614 850;A01;1;7;0;2;2;1;1;
202300037075;155 614 848;A01;1;50;0;1;2;1;3;
202300037076;155 614 846;B01;1;7;0;2;2;2;1;
202300037076;155 614 847;A01;1;7;0;2;6;23;2;
202300037077;155 614 841;D01;1;7;0;2;4;2;1;
202300037077;155 614 842;A01;1;7;0;2;1;2;1;
202300037077;155 614 843;B01;1;10;0;2;4;2;1;
202300037077;155 614 844;C01;1;7;0;2;4;2;1;
202300037078;155 614 840;A01;2;30;0;1;0;1;1;
202300037079;155 614 845;A01;1;7;0;1;2;1;2;
202300037080;155 614 839;A01;0;41;0;1;1;17;0;
202300037081;155 614 838;A01;1;30;0;1;1;25;1;
202300037082;155 614 837;A01;2;10;0;1;1;1;1;
202300037083;155 614 835;A01;1;30;0;2;1;1;1;
202300037083;155 614 836;B01;1;7;0;2;7;1;1;
202300037084;155 614 834;A01;1;7;0;1;1;1;1;
202300037085;155 614 832;A01;1;7;0;1;1;1;1;
202300037086;155 614 831;A01;1;30;0;2;0;2;1;
202300037086;155 614 833;B01;1;7;0;2;6;16;1;
202300037087;155 614 830;A01;1;7;15;0;3;1;1;
202300037088;155 614 828;A01;2;7;0;1;3;9;1;
202300037089;155 614 827;A01;1;7;0;2;5;12;0;
202300037089;155 614 829;B01;1;2;0;2;3;1;0;
202300037090;155 614 826;A01;1;33;0;0;1;1;1;
202300037091;155 614 822;B01;1;7;0;2;8;1;1;
202300037091;155 614 824;A01;1;7;0;2;1;19;1;
202300037092;155 614 823;A01;3;7;0;2;1;2;1;
202300037092;155 614 825;B01;3;7;0;2;4;2;1;
202300037093;155 614 819;A01;1;7;0;2;2;1;2;
202300037093;155 614 821;B01;1;32;0;2;5;1;1;
202300037094;155 614 817;A01;1;99;0;0;1;1;3;
202300037095;155 614 818;B01;1;7;0;2;1;2;0;
202300037095;155 614 820;A01;1;50;0;2;7;2;3;
202300037096;155 614 816;A01;1;7;0;1;8;1;1;
202300037097;155 614 814;A01;2;7;9;0;1;13;1;
202300037098;155 614 813;B01;2;2;0;2;1;1;1;
202300037098;155 614 815;A01;1;7;0;2;2;15;1;
202300037099;155 614 809;C01;1;7;0;2;4;2;1;
202300037099;155 614 810;D01;1;7;0;2;1;1;1;
202300037099;155 614 811;A01;1;34;0;2;4;26;1;
202300037099;155 614 812;B01;1;7;0;2;6;1;1;
202300037100;155 614 807;B01;1;7;0;2;1;1;1;
202300037100;155 614 808;A01;1;7;0;2;1;11;1;
202300037101;155 614 806;A01;2;7;0;1;2;0;1;
202300037102;155 614 804;A01;1;7;1;0;1;1;1;
202300037102;155 614 805;B01;1;7;0;2;4;23;1;
202300037103;155 614 801;B01;0;10;0;2;1;1;1;
202300037103;155 614 803;A01;0;7;0;2;8;19;1;
202300037104;155 614 800;A01;1;7;12;0;2;14;1;
202300037105;155 614 799;A01;3;7;3;0;1;26;1;
202300037106;155 614 798;A01;2;43;0;1;1;26;1;
202300037107;155 614 794;A01;1;33;0;2;1;1;0;
202300037107;155 614 796;B01;1;10;0;0;5;1;0;
202300037108;155 614 792;A01;2;7;0;1;7;1;1;
202300037109;155 614 790;B01;2;50;0;9;0;0;3;