Num_Acc;id_vehicule;num_veh;senc;catv;obs;obsm;choc;manv;motor;occutc
202300037109;155 614 791;A01;2;7;0;2;3;22;1;
202300037110;155 614 788;B01;3;7;0;2;9;1;1;
202300037110;155 614 789;A01;3;7;0;2;1;9;1;
202300037111;155 614 786;A01;3;7;0;2;1;2;0;
202300037111;155 614 787;B01;3;1;0;2;4;7;5;
202300037112;155 614 785;A01;3;7;0;1;4;4;1;
202300037113;155 614 782;A01;1;50;0;2;2;19;3;
202300037113;155 614 784;B01;2;7;0;2;1;1;1;
202300037114;155 614 783;A01;3;7;0;1;1;26;1;
202300037115;155 614 780;A01;3;7;0;2;1;9;2;
202300037115;155 614 781;B01;2;2;0;2;7;15;1;
202300037116;155 614 778;A01;1;7;0;1;1;16;1;
202300037117;155 614 777;B01;3;1;0;2;1;26;5;
202300037117;155 614 779;Z01;0;7;0;2;1;26;0;
202300037118;155 614 776;A01;3;7;0;1;2;1;1;
202300037119;155 614 772;A01;3;7;0;2;1;1;0;
202300037119;155 614 774;B01;0;7;0;0;0;0;1;
202300037120;155 614 773;A01;0;7;0;2;3;15;1;
202300037120;155 614 775;B01;0;32;0;2;0;0;1;
202300037121;155 614 770;B01;1;7;0;2;1;1;1;
202300037121;155 614 771;A01;1;7;0;2;4;1;0;
202300037122;155 614 769;A01;0;10;0;1;3;16;1;
202300037123;155 614 768;A01;1;7;0;1;1;0;1;
202300037124;155 614 767;A01;1;60;0;2;0;1;5;
202300037125;155 614 764;A01;2;7;6;0;1;1;1;
202300037126;155 614 765;A01;2;7;0;2;1;10;1;
202300037126;155 614 766;B01;1;2;0;2;1;1;1;
202300037127;155 614 763;A01;3;7;0;1;1;1;3;
202300037128;155 614 761;A01;3;7;8;0;1;1;1;
202300037129;155 614 762;A01;2;50;0;1;1;0;3;
202300037130;155 614 760;A01;1;7;0;1;3;1;1;
202300037131;155 614 758;A01;2;7;0;9;2;2;1;
202300037131;155 614 759;B01;2;1;0;0;4;2;5;
202300037132;155 614 757;A01;0;7;0;1;1;1;1;
202300037133;155 614 755;A01;3;7;0;1;8;9;1;
202300037134;155 614 754;A01;1;7;0;2;3;8;2;
202300037134;155 614 756;B01;2;33;0;2;2;1;1;
202300037135;155 614 751;A01;1;7;0;2;1;15;1;
202300037135;155 614 753;B01;2;7;0;2;2;1;1;
202300037136;155 614 750;A01;1;1;0;1;8;0;5;
202300037136;155 614 752;B01;1;10;0;2;7;1;0;
202300037137;155 614 748;B01;2;1;0;2;4;1;5;
202300037137;155 614 749;A01;2;7;0;2;2;1;1;
202300037138;155 614 747;A01;0;7;0;1;3;16;1;
202300037139;155 614 744;B01;1;7;0;2;0;23;2;
202300037139;155 614 746;A01;1;32;0;1;1;3;1;
202300037140;155 614 743;B01;2;7;0;2;1;1;1;
202300037140;155 614 745;A01;1;7;0;2;8;15;1;
202300037141;155 614 742;A01;3;2;0;0;0;1;1;
202300037142;155 614 741;A01;1;7;1;0;2;0;1;
202300037143;155 614 739;A01;1;7;4;0;3;17;0;
202300037143;155 614 740;B01;1;7;0;2;2;1;0;
202300037144;155 614 736;A01;1;7;0;2;2;1;1;
202300037144;155 614 738;B01;1;1;0;2;4;1;5;
202300037145;155 614 735;B01;2;33;0;0;1;17;1;
202300037145;155 614 737;A01;2;7;0;0;6;15;1;
202300037146;155 614 731;A01;1;7;0;2;6;17;1;
202300037146;155 614 733;B01;1;7;0;2;2;17;1;
202300037147;155 614 732;B01;1;7;0;2;1;1;1;
202300037147;155 614 734;A01;3;7;0;2;2;15;1;
202300037148;155 614 728;A01;3;7;0;2;1;1;1;
202300037148;155 614 730;B01;3;1;0;2;7;1;5;
202300037149;155 614 727;A01;2;7;0;2;2;2;1;
202300037149;155 614 729;B01;2;2;0;2;4;2;0;
202300037150;155 614 725;A01;3;7;0;2;3;11;3;
202300037150;155 614 726;B01;3;43;0;2;2;1;1;
202300037151;155 614 722;B01;2;2;0;0;1;1;1;
202300037151;155 614 723;A01;1;10;0;0;8;15;1;
202300037152;155 614 721;B01;1;7;0;2;1;1;1;
202300037152;155 614 724;A01;0;7;0;2;1;19;1;
202300037153;155 614 719;A01;2;7;0;2;6;17;1;
202300037153;155 614 720;B01;2;33;0;2;1;17;1;
202300037154;155 614 717;A01;2;33;12;0;7;2;1;
202300037155;155 614 714;A01;1;7;0;2;3;5;1;
202300037155;155 614 716;B01;1;7;0;2;2;1;1;
202300037156;155 614 715;A01;2;7;0;2;3;15;1;
202300037156;155 614 718;B01;1;7;0;2;3;1;1;
202300037157;155 614 711;A01;2;7;0;2;3;19;1;
202300037157;155 614 712;C01;1;15;0;0;3;1;1;
202300037157;155 614 713;B01;2;15;0;2;2;1;1;
202300037158;155 614 709;A01;1;7;0;2;3;15;1;
202300037158;155 614 710;B01;1;31;0;2;1;1;1;
202300037159;155 614 708;A01;1;7;0;1;1;2;1;
202300037160;155 614 706;A01;2;7;0;2;2;1;1;
202300037160;155 614 707;B01;2;10;3;2;6;1;1;
202300037161;155 614 704;A01;0;7;0;2;0;0;1;
202300037161;155 614 705;B01;1;32;0;2;0;0;1;
202300037162;155 614 702;A01;2;1;0;2;1;2;5;
202300037162;155 614 703;B01;2;1;0;0;4;2;5;
202300037163;155 614 700;A01;1;7;0;2;3;15;1;
202300037163;155 614 701;B01;2;31;0;2;3;1;1;
202300037164;155 614 698;A01;2;7;0;2;2;15;0;
202300037164;155 614 699;B01;1;7;0;2;3;1;0;
202300037165;155 614 694;B01;2;33;0;2;1;1;1;
202300037165;155 614 695;D01;2;33;0;2;7;1;1;
202300037165;155 614 696;C01;2;33;0;2;7;2;1;
202300037165;155 614 697;A01;2;7;0;2;4;1;1;
202300037166;155 614 693;A01;1;7;15;0;1;13;1;
202300037167;155 614 692;A01;1;7;8;0;1;14;1;
202300037168;155 614 690;A01;2;7;4;2;1;1;1;
202300037168;155 614 691;B01;2;7;0;2;1;5;1;
202300037169;155 614 689;A01;3;7;0;1;2;1;1;
202300037170;155 614 687;A01;2;7;0;2;7;1;2;
202300037170;155 614 688;B01;1;10;0;2;2;5;1;
202300037171;155 614 683;A01;2;15;0;2;2;14;1;
202300037171;155 614 684;B01;2;50;0;2;4;1;3;
202300037172;155 614 681;A01;3;1;0;2;3;15;5;
202300037172;155 614 682;B01;3;7;0;2;2;1;1;
202300037173;155 614 680;A01;3;7;6;0;1;14;1;
202300037174;155 614 678;A01;2;7;13;2;7;17;1;
202300037174;155 614 679;B01;2;7;0;2;8;1;1;
202300037175;155 614 676;A01;2;7;0;2;1;1;6;
202300037175;155 614 677;B01;1;7;0;2;1;1;6;
202300037176;155 614 675;A01;2;2;17;0;1;1;1;
202300037177;155 614 673;A01;1;2;0;2;1;17;1;
202300037177;155 614 674;B01;1;21;0;2;6;15;1;
202300037178;155 614 671;B01;3;3;0;2;2;15;1;
202300037178;155 614 672;A01;2;33;0;2;1;1;1;
202300037179;155 614 668;A01;1;7;6;0;1;1;1;
202300037180;155 614 667;A01;1;2;0;1;1;1;1;
202300037181;155 614 665;A01;3;7;0;9;2;1;1;
202300037181;155 614 666;B01;3;1;0;2;7;1;5;
202300037182;155 614 664;A01;1;7;0;0;9;1;1;
202300037183;155 614 663;A01;2;7;2;0;0;1;1;
202300037184;155 614 661;A01;2;7;0;2;3;1;0;
202300037184;155 614 662;B01;2;32;0;2;1;13;0;
202300037185;155 614 659;A01;3;7;0;9;3;1;1;
202300037185;155 614 660;B01;3;1;0;2;1;1;5;
202300037186;155 614 657;A01;3;7;0;2;3;1;1;
202300037186;155 614 658;B01;3;17;0;0;1;4;1;
202300037187;155 614 655;A01;2;7;0;2;1;1;0;
202300037187;155 614 656;B01;1;2;0;2;1;1;0;
202300037188;155 614 653;B01;3;7;0;2;6;15;1;
202300037188;155 614 654;A01;1;31;0;2;1;17;1;
202300037189;155 614 652;A01;2;10;6;0;1;0;1;
202300037190;155 614 651;A01;1;2;0;6;8;1;1;
202300037191;155 614 649;A01;1;80;0;2;3;13;3;
202300037191;155 614 650;B01;2;10;0;2;3;14;1;
202300037192;155 614 646;A01;2;7;0;2;1;11;1;
202300037192;155 614 647;B01;1;7;0;2;1;1;1;
202300037193;155 614 643;B01;2;7;0;2;1;1;1;
202300037193;155 614 644;C01;1;2;0;2;1;1;1;
202300037193;155 614 645;A01;1;10;0;2;3;17;1;
202300037194;155 614 641;A01;3;2;0;2;3;13;1;
202300037194;155 614 642;B01;3;20;0;2;3;1;1;
202300037195;155 614 639;A01;1;10;0;2;3;9;1;
202300037195;155 614 640;B01;1;7;0;2;2;2;1;
202300037196;155 614 637;A01;1;7;0;2;2;16;1;
202300037196;155 614 638;B01;2;33;0;2;1;1;1;
202300037197;155 614 630;D01;1;10;1;0;1;1;1;
202300037197;155 614 631;E01;1;7;0;0;4;1;1;
202300037197;155 614 632;C01;1;7;1;0;1;1;1;
202300037197;155 614 633;A01;1;10;0;1;1;14;1;
202300037197;155 614 634;B01;1;7;1;0;1;1;1;
202300037198;155 614 628;A01;1;7;0;0;3;15;1;
202300037198;155 614 629;B01;2;1;0;2;1;1;5;
202300037199;155 614 625;A01;2;33;0;2;4;23;1;
202300037199;155 614 626;B01;2;17;1;0;2;11;1;
202300037200;155 614 623;B01;3;1;0;2;1;16;5;
202300037200;155 614 624;A01;3;7;0;9;3;11;1;
202300037201;155 614 621;A01;2;7;0;2;1;1;1;
202300037201;155 614 622;B01;3;7;8;2;8;6;1;
202300037202;155 614 620;A01;2;10;15;0;0;0;1;
202300037203;155 614 619;A01;0;7;0;1;5;20;1;
202300037204;155 614 618;A01;1;7;6;0;1;13;1;
202300037205;155 614 616;B01;2;7;0;9;3;15;1;
202300037205;155 614 617;A01;1;1;0;2;1;19;5;
202300037206;155 614 614;B01;2;1;0;2;2;26;5;
202300037206;155 614 615;A01;1;7;0;2;8;9;1;
202300037207;155 614 612;A01;3;33;0;2;2;0;1;
202300037207;155 614 613;B01;0;7;0;2;3;0;1;
202300037208;155 614 610;A01;2;7;0;2;8;15;1;
202300037208;155 614 611;B01;1;33;0;2;1;1;1;
202300037209;155 614 608;A01;1;7;0;2;1;1;1;
202300037209;155 614 609;B01;2;10;0;2;1;5;1;
202300037210;155 614 607;A01;0;7;0;1;1;1;1;
202300037211;155 614 606;A01;1;33;9;0;2;14;1;
202300037212;155 614 605;A01;1;7;9;0;1;1;1;
202300037213;155 614 603;A01;1;33;0;2;1;1;1;
202300037213;155 614 604;B01;3;14;0;2;6;15;1;
202300037214;155 614 601;B01;2;10;0;0;3;13;0;
202300037214;155 614 602;A01;1;7;6;0;3;1;0;
202300037215;155 614 599;A01;2;7;0;2;2;13;1;
202300037215;155 614 600;B01;2;1;0;2;3;1;5;
202300037216;155 614 597;B01;1;7;0;2;1;1;1;
202300037216;155 614 598;A01;2;7;0;2;1;5;1;
202300037217;155 614 595;A01;3;31;0;2;1;1;0;
202300037217;155 614 596;B01;3;7;0;2;1;9;0;
202300037218;155 614 593;A01;2;10;0;2;6;1;1;
202300037218;155 614 594;B01;2;7;0;2;1;1;1;
202300037219;155 614 592;A01;2;7;4;0;1;1;1;
202300037220;155 614 590;A01;1;7;0;2;1;2;1;
202300037220;155 614 591;B01;1;7;0;2;4;2;1;
202300037221;155 614 588;A01;1;7;0;2;1;1;3;
202300037221;155 614 589;B01;1;7;0;2;4;1;1;
202300037222;155 614 586;B01;2;7;0;2;3;1;1;
202300037222;155 614 587;A01;2;17;0;2;2;12;1;
202300037223;155 614 584;A01;2;7;0;2;1;2;1;
202300037223;155 614 585;B01;2;7;0;2;4;2;1;
202300037224;155 614 583;A01;2;31;0;0;0;21;1;
202300037225;155 614 582;A01;2;33;4;0;8;13;1;
202300037226;155 614 580;B01;1;7;0;2;7;1;1;
202300037226;155 614 581;A01;1;7;0;2;8;11;1;
202300037227;155 614 578;A01;1;33;0;2;1;2;1;
202300037227;155 614 579;B01;1;7;0;2;4;2;1;
202300037228;155 614 576;A01;2;7;4;2;2;14;1;
202300037228;155 614 577;B01;2;14;0;2;6;1;1;
202300037229;155 614 574;A01;2;10;0;2;7;12;1;
202300037229;155 614 575;B01;2;43;0;2;8;1;1;
202300037230;155 614 573;A01;2;7;4;0;3;1;1;
202300037231;155 614 572;A01;2;7;4;0;9;1;1;
202300037232;155 614 570;B01;1;7;0;2;2;12;1;
202300037232;155 614 571;A01;1;7;3;2;6;1;1;
202300037233;155 614 568;A01;1;10;4;2;5;1;1;
202300037233;155 614 569;B01;1;33;0;2;0;3;1;
202300037234;155 614 555;A01;1;7;0;2;3;1;1;
202300037234;155 614 556;B01;1;7;3;0;8;0;1;
202300037234;155 614 557;C01;1;7;0;2;1;2;1;
202300037234;155 614 558;D01;1;7;3;2;5;2;1;
202300037234;155 614 559;E01;1;7;0;2;0;21;1;
202300037234;155 614 560;F01;1;7;4;0;4;2;3;
202300037234;155 614 561;G01;1;7;0;0;6;2;1;
202300037234;155 614 562;H01;1;7;0;2;4;2;1;
202300037234;155 614 563;I01;1;17;3;2;1;21;1;
202300037234;155 614 564;J01;1;7;4;2;6;1;3;
202300037234;155 614 565;K01;1;7;3;2;2;2;1;
202300037234;155 614 566;L01;1;7;4;0;2;21;1;
202300037234;155 614 567;M01;1;7;3;0;4;21;1;
202300037235;155 614 551;B01;1;7;0;0;3;1;1;
202300037235;155 614 552;C01;1;7;0;0;4;1;1;
202300037235;155 614 553;A01;1;7;0;0;2;12;1;
202300037235;155 614 554;D01;1;7;0;0;4;1;1;
202300037236;155 614 550;A01;1;7;0;1;1;1;1;
202300037237;155 614 548;A01;1;7;0;2;2;13;1;
202300037237;155 614 549;B01;2;7;0;2;1;1;1;
202300037238;155 614 546;A01;1;7;1;9;4;26;1;
202300037238;155 614 547;B01;1;1;0;2;1;2;5;
202300037239;155 614 544;A01;0;7;0;1;2;1;1;
202300037240;155 614 542;B01;1;7;0;2;3;1;1;
202300037240;155 614 543;A01;2;10;0;2;3;13;1;
202300037241;155 614 541;A01;1;7;0;1;0;9;1;
202300037242;155 614 538;C01;1;33;0;2;1;1;1;
202300037242;155 614 539;A01;1;7;0;2;8;9;1;
202300037242;155 614 540;B01;1;33;0;2;1;1;1;
202300037243;155 614 536;B01;1;50;0;9;4;2;3;
202300037243;155 614 537;A01;1;50;0;9;4;2;3;
202300037244;155 614 535;A01;1;2;0;0;0;1;1;
202300037245;155 614 534;A01;2;7;0;1;1;1;1;
202300037246;155 614 532;B01;1;31;0;2;8;1;1;
202300037246;155 614 533;A01;2;7;0;2;1;15;1;
202300037247;155 614 531;A01;1;7;0;2;1;1;1;
202300037248;155 614 529;A01;1;2;0;2;7;26;1;
202300037248;155 614 530;B01;1;33;0;2;8;15;1;
202300037249;155 614 528;A01;1;7;0;1;2;26;1;
202300037250;155 614 526;B01;2;7;0;2;8;1;1;
202300037250;155 614 527;A01;2;32;0;2;8;13;1;
202300037251;155 614 523;B01;0;10;0;2;8;1;1;
202300037251;155 614 524;A01;0;10;0;2;1;1;1;
202300037252;155 614 521;B01;0;10;0;2;3;15;1;
202300037252;155 614 522;A01;0;30;0;2;2;13;1;
202300037253;155 614 520;A01;2;7;3;0;9;1;1;
202300037254;155 614 518;B01;3;7;0;2;2;1;1;
202300037254;155 614 519;A01;3;50;0;2;2;19;3;
202300037255;155 614 516;A01;1;7;0;2;7;19;1;
202300037255;155 614 517;B01;3;7;0;2;1;19;1;
202300037256;155 614 511;A01;0;7;0;2;1;16;1;
202300037256;155 614 512;C01;0;7;0;2;3;1;1;
202300037256;155 614 513;B01;0;7;0;2;7;1;1;
202300037257;155 614 510;A01;0;33;0;0;7;14;1;
202300037258;155 614 508;A01;0;7;0;2;2;2;1;
202300037258;155 614 509;B01;0;7;0;0;6;1;1;
202300037259;155 614 506;A01;1;7;0;2;2;15;1;
202300037259;155 614 507;B01;2;31;4;2;1;1;1;
202300037260;155 614 505;A01;3;7;0;1;1;9;1;
202300037261;155 614 503;A01;2;7;0;2;2;15;1;
202300037261;155 614 504;B01;2;33;0;2;1;1;1;
202300037262;155 614 502;A01;1;7;3;0;3;13;1;
202300037263;155 614 501;A01;3;7;0;1;3;1;1;
202300037264;155 614 499;A01;1;1;12;2;1;2;5;
202300037264;155 614 500;B01;2;1;0;0;4;2;5;
202300037265;155 614 498;A01;1;7;0;1;1;1;1;
202300037266;155 614 497;A01;0;7;1;2;1;14;0;
202300037267;155 614 496;A01;1;7;2;0;1;2;1;
202300037268;155 614 495;A01;3;7;2;0;0;1;1;
202300037269;155 614 492;B01;1;17;0;2;2;2;1;
202300037269;155 614 493;A01;1;7;0;2;8;2;1;
202300037269;155 614 494;C01;1;10;0;2;1;1;1;
202300037270;155 614 490;A01;2;7;0;2;2;1;1;
202300037270;155 614 491;B01;1;1;0;2;1;1;5;
202300037271;155 614 488;A01;1;7;0;2;8;13;1;
202300037271;155 614 489;B01;1;43;1;2;7;17;1;
202300037272;155 614 487;A01;1;2;6;0;1;1;1;
202300037273;155 614 485;A01;1;7;0;2;1;2;1;
202300037273;155 614 486;B01;1;7;0;1;4;2;1;
202300037274;155 614 484;A01;3;37;0;1;2;1;1;2
202300037275;155 614 483;A01;3;35;0;0;9;1;1;
202300037276;155 614 481;A01;1;7;0;2;1;13;1;
202300037276;155 614 482;B01;2;7;0;2;1;1;1;
202300037277;155 614 479;B01;2;7;0;2;3;1;1;
202300037277;155 614 480;A01;1;7;0;2;3;13;1;
202300037278;155 614 477;A01;1;7;0;2;3;9;1;
202300037278;155 614 478;B01;1;7;6;0;5;1;1;
202300037279;155 614 476;A01;1;10;0;1;1;15;1;
202300037280;155 614 475;A01;3;7;0;1;2;1;1;
202300037281;155 614 474;A01;2;7;6;0;1;14;1;
202300037282;155 614 472;B01;2;40;0;2;1;1;3;
202300037282;155 614 473;A01;1;50;0;4;8;19;3;
202300037283;155 614 471;A01;1;7;0;1;1;1;1;
202300037284;155 614 470;A01;2;32;12;0;1;1;1;
202300037285;155 614 468;B01;2;7;0;2;3;15;1;
202300037285;155 614 469;A01;2;32;0;2;3;15;1;
202300037286;155 614 466;A01;1;32;0;2;3;1;3;
202300037286;155 614 467;Z01;1;13;0;2;1;9;1;
202300037287;155 614 465;A01;1;14;0;1;2;1;1;
202300037288;155 614 463;B01;0;10;0;2;1;1;1;
202300037288;155 614 464;A01;1;33;0;2;1;1;1;
202300037289;155 614 461;A01;3;7;0;0;1;1;1;
202300037289;155 614 462;B01;2;33;0;2;8;1;1;
202300037290;155 614 460;A01;2;43;0;1;1;1;1;
202300037291;155 614 458;B01;1;50;0;2;5;1;3;
202300037291;155 614 459;A01;1;15;0;2;0;16;1;
202300037292;155 614 457;A01;2;37;0;1;2;1;1;1
202300037293;155 614 455;B01;1;7;0;0;6;23;1;
202300037293;155 614 456;A01;1;50;0;2;1;2;3;
202300037294;155 614 454;A01;2;1;14;0;1;1;5;
202300037295;155 614 451;A01;2;7;14;2;1;2;1;
202300037295;155 614 452;B01;2;7;14;2;4;0;1;
202300037295;155 614 453;C01;2;7;0;2;4;0;0;
202300037296;155 614 449;A01;3;50;0;2;7;26;3;
202300037296;155 614 450;B01;2;33;0;9;1;1;1;
202300037297;155 614 447;A01;1;10;0;2;1;1;3;
202300037297;155 614 448;B01;1;1;0;2;4;1;5;
202300037298;155 614 445;A01;3;7;0;2;3;0;1;
202300037298;155 614 446;B01;3;7;0;2;3;0;1;
202300037299;155 614 443;A01;3;7;0;2;1;15;1;
202300037299;155 614 444;B01;3;1;0;2;8;1;5;
202300037300;155 614 441;B01;2;32;0;2;7;1;1;
202300037300;155 614 442;A01;1;7;0;2;1;9;1;
202300037301;155 614 439;A01;2;7;0;2;3;15;1;
202300037301;155 614 440;B01;2;33;0;2;2;1;1;
202300037302;155 614 437;A01;1;7;0;2;5;16;1;
202300037302;155 614 438;B01;1;32;0;2;3;18;1;
202300037303;155 614 436;A01;3;7;0;1;1;1;1;
202300037304;155 614 434;A01;2;7;0;2;1;1;1;
202300037304;155 614 435;B01;2;7;0;2;6;1;1;
202300037305;155 614 431;A01;0;7;0;2;1;13;1;
202300037305;155 614 432;C01;0;7;0;2;3;0;1;
202300037305;155 614 433;B01;0;7;0;9;3;23;1;
202300037306;155 614 428;A01;0;37;0;2;4;23;1;1
202300037306;155 614 429;B01;0;7;0;2;4;23;1;
202300037306;155 614 430;C01;0;7;0;2;1;1;1;
202300037307;155 614 427;A01;1;33;8;0;5;14;1;
202300037308;155 614 425;A01;1;7;0;2;1;20;1;
202300037308;155 614 426;B01;2;43;0;2;2;1;1;
202300037309;155 614 424;A01;3;1;0;0;7;1;5;
202300037310;155 614 422;A01;1;33;0;2;8;1;1;
202300037310;155 614 423;B01;1;7;0;2;0;12;0;
202300037311;155 614 420;A01;0;33;0;2;1;1;1;
202300037311;155 614 421;B01;0;7;0;0;3;0;0;
202300037312;155 614 419;A01;1;7;8;0;2;0;1;
202300037313;155 614 418;A01;3;7;1;0;2;13;1;
202300037314;155 614 416;B01;0;39;0;2;3;1;3;
202300037314;155 614 417;A01;1;7;0;4;2;1;1;
202300037315;155 614 413;A01;1;7;0;2;1;15;1;
202300037315;155 614 414;B01;2;7;0;2;3;0;1;
202300037315;155 614 415;C01;2;7;0;2;3;2;1;
202300037316;155 614 412;A01;2;2;0;0;0;1;1;
202300037317;155 614 410;A01;2;7;4;2;2;1;6;
202300037317;155 614 411;B01;2;17;0;0;6;13;6;
202300037318;155 614 408;A01;2;7;0;2;2;14;1;
202300037318;155 614 409;B01;2;15;0;2;6;1;1;
202300037319;155 614 407;E01;1;17;0;1;2;21;1;
202300037320;155 614 406;A01;2;7;0;1;1;1;1;
202300037321;155 614 405;A01;2;33;2;0;1;0;0;
202300037322;155 614 404;A01;2;10;0;1;1;2;1;
202300037323;155 614 402;A01;0;1;0;2;2;13;5;
202300037323;155 614 403;B01;0;10;0;9;2;1;1;
202300037324;155 614 401;A01;2;7;0;0;2;1;1;
202300037325;155 614 398;A01;1;10;0;2;7;17;1;
202300037325;155 614 399;B01;1;15;0;2;8;15;1;
202300037326;155 614 397;A01;1;7;0;1;3;9;1;
202300037327;155 614 395;A01;2;7;0;2;2;1;1;
202300037327;155 614 396;B01;2;7;7;2;6;23;1;
202300037328;155 614 394;A01;0;7;0;0;9;1;1;
202300037329;155 614 392;A01;1;10;0;2;3;1;1;
202300037329;155 614 393;B01;2;21;0;2;3;1;1;
202300037330;155 614 390;A01;2;7;0;2;1;15;1;
202300037330;155 614 391;B01;1;2;0;2;1;1;1;
202300037331;155 614 387;A01;1;7;0;2;2;1;1;
202300037331;155 614 388;B01;2;33;0;2;1;1;1;
202300037331;155 614 389;C01;2;7;0;2;3;19;1;
202300037332;155 614 386;A01;1;2;5;0;2;1;1;
202300037333;155 614 385;A01;3;21;0;0;9;1;1;
202300037334;155 614 384;A01;3;80;0;0;0;1;3;
202300037335;155 614 382;A01;1;7;0;2;8;9;1;
202300037335;155 614 383;B01;2;33;0;2;3;2;1;
202300037336;155 614 381;A01;1;33;15;0;1;13;1;
202300037337;155 614 380;A01;2;10;7;0;1;1;1;
202300037338;155 614 378;A01;1;10;0;2;1;13;1;
202300037338;155 614 379;B01;2;7;0;2;1;1;1;
202300037339;155 614 376;A01;2;7;0;2;1;2;1;
202300037339;155 614 377;B01;2;15;0;0;4;2;1;
202300037340;155 614 374;A01;2;33;0;0;8;1;1;
202300037340;155 614 375;B01;2;7;0;2;7;12;1;
202300037341;155 614 373;A01;1;15;0;0;7;14;1;
202300037342;155 614 372;A01;2;33;8;0;2;1;1;
202300037343;155 614 371;A01;1;7;0;1;2;1;2;
202300037344;155 614 369;B01;2;7;3;0;6;1;1;
202300037344;155 614 370;A01;2;10;0;2;2;17;1;
202300037345;155 614 367;A01;1;7;0;0;8;1;1;
202300037345;155 614 368;B01;2;7;0;2;1;17;6;
202300037346;155 614 366;A01;3;33;0;0;8;1;1;
202300037347;155 614 365;A01;2;10;0;1;6;4;1;
202300037348;155 614 363;B01;1;7;0;0;1;1;1;
202300037348;155 614 364;A01;2;7;0;0;8;15;1;
202300037349;155 614 362;A01;1;7;0;1;1;1;1;
202300037350;155 614 360;A01;2;1;0;2;1;1;5;
202300037350;155 614 361;B01;2;7;0;9;8;15;1;
202300037351;155 614 358;A01;3;7;0;9;2;2;0;
202300037351;155 614 359;B01;3;1;0;2;4;0;5;
202300037352;155 614 357;A01;3;33;1;0;1;2;1;
202300037353;155 614 355;A01;2;7;0;2;6;15;1;
202300037353;155 614 356;B01;1;10;0;2;1;1;1;
202300037354;155 614 354;A01;3;10;0;1;1;15;3;
202300037355;155 614 353;A01;2;33;0;0;0;1;1;
202300037356;155 614 352;A01;2;10;0;0;0;1;1;
202300037357;155 614 349;A01;1;33;0;2;2;21;1;
202300037357;155 614 350;B01;1;7;0;2;6;26;1;
202300037358;155 614 346;B01;1;7;0;2;2;1;1;
202300037358;155 614 347;C01;1;7;0;2;3;1;2;
202300037358;155 614 348;Z01;1;7;0;2;6;11;1;
202300037359;155 614 344;A01;2;7;0;2;1;2;1;
202300037359;155 614 345;B01;2;7;0;2;4;2;1;
202300037360;155 614 341;B01;3;32;0;2;1;2;1;
202300037360;155 614 342;A01;3;7;0;2;3;9;1;
202300037361;155 614 339;A01;2;50;0;2;4;1;3;
202300037361;155 614 340;Z01;2;50;0;2;1;1;3;
202300037362;155 614 338;A01;3;37;0;1;5;9;1;1
202300037363;155 614 337;A01;1;7;8;0;1;14;1;
202300037364;155 614 335;A01;2;7;0;2;3;17;1;
202300037364;155 614 336;B01;1;7;0;2;3;1;1;
202300037365;155 614 334;A01;3;30;0;2;7;21;1;
202300037366;155 614 333;A01;2;32;0;0;0;0;1;
202300037367;155 614 332;A01;1;10;0;1;2;0;1;
202300037368;155 614 330;A01;1;10;0;4;2;19;1;
202300037368;155 614 331;B01;1;40;0;2;1;2;3;
202300037369;155 614 328;A01;1;33;0;2;1;3;1;
202300037369;155 614 329;B01;1;7;0;2;1;9;3;
202300037370;155 614 326;A01;1;7;0;2;1;1;1;
202300037370;155 614 327;B01;2;7;0;2;1;0;1;
202300037371;155 614 324;A01;1;7;0;2;1;1;1;
202300037371;155 614 325;B01;1;13;0;0;6;2;1;
202300037372;155 614 319;A01;1;7;0;2;2;15;1;
202300037372;155 614 320;B01;2;33;0;2;2;1;1;
202300037373;155 614 317;A01;1;7;0;2;1;1;1;
202300037373;155 614 318;B01;1;7;0;2;8;1;1;
202300037374;155 614 315;A01;1;30;0;2;8;17;1;
202300037374;155 614 316;B01;1;7;0;2;8;1;1;
202300037375;155 614 313;B01;-1;7;0;2;3;1;1;
202300037375;155 614 314;A01;0;7;0;2;2;16;1;
202300037376;155 614 311;B01;3;50;0;2;1;1;3;
202300037376;155 614 312;A01;0;7;0;2;0;0;0;
202300037377;155 614 310;A01;3;7;0;1;1;21;0;
202300037378;155 614 308;A01;3;10;0;2;1;1;1;
202300037378;155 614 309;B01;3;7;0;2;3;15;1;
202300037379;155 614 306;A01;2;7;0;2;1;9;1;
202300037379;155 614 307;B01;2;33;0;2;1;1;1;
202300037380;155 614 303;A01;2;50;0;0;0;1;3;
202300037381;155 614 301;A01;1;7;0;2;1;20;1;
202300037381;155 614 302;B01;3;30;0;2;4;23;1;
202300037382;155 614 299;B01;0;7;0;2;4;0;1;
202300037382;155 614 300;A01;0;7;0;2;1;0;1;
202300037383;155 614 297;A01;1;7;0;9;2;16;1;
202300037383;155 614 298;B01;1;99;0;2;1;1;0;
202300037384;155 614 295;A01;0;7;0;2;4;26;1;
202300037384;155 614 296;B01;0;7;0;2;4;0;1;
202300037385;155 614 293;A01;0;7;0;2;3;1;1;
202300037385;155 614 294;B01;0;7;0;2;3;1;1;
202300037386;155 614 292;A01;3;7;0;1;3;1;1;
202300037387;155 614 290;A01;0;7;0;2;3;9;1;
202300037387;155 614 291;B01;0;33;0;2;1;1;1;