Num_Acc;id_vehicule;num_veh;senc;catv;obs;obsm;choc;manv;motor;occutc
202300037663;155 613 795;A01;2;7;0;2;1;1;1;
202300037663;155 613 796;B01;2;7;0;2;8;19;1;
202300037664;155 613 793;A01;1;7;0;1;1;1;1;
202300037665;155 613 792;A01;3;10;0;2;1;1;3;
202300037665;155 613 794;B01;3;33;0;2;2;19;1;
202300037666;155 613 788;B01;3;33;0;2;1;0;1;
202300037666;155 613 791;A01;3;7;0;2;1;13;1;
202300037667;155 613 787;B01;2;7;0;2;6;2;3;
202300037667;155 613 790;A01;1;7;0;2;1;14;1;
202300037668;155 613 789;A01;1;7;0;1;1;1;1;
202300037669;155 613 786;A01;3;7;2;0;1;20;1;
202300037670;155 613 784;A01;1;31;0;0;6;1;1;
202300037671;155 613 783;B01;3;33;0;2;3;18;1;
202300037671;155 613 785;A01;3;7;0;2;2;1;1;
202300037672;155 613 779;A01;2;7;0;2;1;26;1;
202300037672;155 613 781;B01;2;10;0;2;1;26;1;
202300037673;155 613 780;A01;1;7;0;1;1;1;1;
202300037674;155 613 778;A01;3;7;0;2;5;15;1;
202300037674;155 613 782;B01;3;7;0;2;1;2;1;
202300037675;155 613 776;A01;3;7;1;0;2;14;1;
202300037676;155 613 774;A01;1;7;0;2;1;15;1;
202300037676;155 613 777;B01;2;50;0;2;1;1;3;
202300037677;155 613 772;A01;1;7;0;1;1;2;1;
202300037678;155 613 771;A01;2;1;0;2;0;1;5;
202300037678;155 613 773;Z01;2;10;0;2;5;22;0;
202300037679;155 613 770;A01;1;7;0;1;1;9;6;
202300037680;155 613 769;A01;3;50;0;0;0;1;3;
202300037681;155 613 768;A01;1;7;0;1;2;15;1;
202300037682;155 613 767;A01;1;7;2;0;3;1;1;
202300037683;155 613 765;B01;2;7;0;2;4;1;1;
202300037683;155 613 766;A01;2;7;0;2;1;1;1;
202300037684;155 613 763;A01;3;7;0;1;1;1;1;
202300037685;155 613 762;B01;1;7;0;2;3;15;1;
202300037685;155 613 764;A01;2;32;0;2;6;1;1;
202300037686;155 613 759;B01;2;7;0;2;4;1;0;
202300037686;155 613 761;A01;1;7;0;2;1;1;0;
202300037687;155 613 757;B01;1;7;0;2;4;2;1;
202300037687;155 613 760;A01;1;7;0;2;1;2;1;
202300037688;155 613 756;A01;2;50;0;2;4;1;3;
202300037688;155 613 758;Z01;2;50;0;2;1;1;3;
202300037689;155 613 752;B01;3;7;0;2;4;1;1;
202300037689;155 613 755;A01;3;7;0;2;1;1;1;
202300037690;155 613 749;A01;1;7;0;2;1;2;2;
202300037690;155 613 751;B01;1;7;0;2;4;2;0;
202300037691;155 613 747;A01;3;2;8;0;3;1;1;
202300037692;155 613 745;A01;1;7;12;0;1;1;3;
202300037693;155 613 743;B01;2;1;0;2;1;1;5;
202300037693;155 613 744;C01;2;1;0;2;1;1;5;
202300037693;155 613 746;A01;1;7;0;2;1;13;1;
202300037694;155 613 740;B01;1;37;0;2;3;1;1;1
202300037694;155 613 742;A01;2;34;0;2;1;5;1;
202300037695;155 613 739;B01;1;1;0;2;3;1;5;
202300037695;155 613 741;A01;1;7;0;2;5;20;1;
202300037696;155 613 736;A01;1;7;0;2;4;23;1;
202300037696;155 613 738;B01;1;1;0;2;1;2;5;
202300037697;155 613 735;A01;1;10;0;1;2;1;1;
202300037698;155 613 734;A01;3;10;0;2;2;0;0;
202300037698;155 613 737;B01;3;7;1;0;3;0;0;
202300037699;155 613 731;A01;3;50;0;2;1;5;3;
202300037699;155 613 733;B01;1;7;0;2;3;26;1;
202300037700;155 613 730;B01;3;7;1;2;1;1;1;
202300037700;155 613 732;A01;3;3;1;2;4;15;3;
202300037701;155 613 728;B01;3;7;0;0;1;15;1;
202300037701;155 613 729;A01;3;7;0;0;1;1;1;
202300037702;155 613 725;B01;0;1;0;2;1;1;5;
202300037702;155 613 727;A01;0;7;0;2;1;15;1;
202300037703;155 613 724;A01;1;7;0;2;1;12;1;
202300037703;155 613 726;B01;1;31;0;2;6;3;1;
202300037704;155 613 723;A01;3;33;0;1;3;13;1;
202300037705;155 613 720;A01;2;7;1;0;8;14;1;
202300037706;155 613 721;A01;2;32;0;2;1;3;1;
202300037706;155 613 722;B01;2;7;0;2;5;12;1;
202300037707;155 613 718;A01;1;7;0;2;3;10;1;
202300037707;155 613 719;B01;2;7;0;2;2;15;1;
202300037708;155 613 717;A01;3;7;2;2;1;26;1;
202300037709;155 613 716;A01;2;7;4;0;3;13;1;
202300037710;155 613 714;B01;1;7;0;2;1;1;1;
202300037710;155 613 715;A01;2;21;0;2;2;6;1;
202300037711;155 613 712;A01;2;7;0;1;1;1;1;
202300037712;155 613 710;B01;1;7;0;2;8;1;1;
202300037712;155 613 711;C01;1;7;0;2;1;1;3;
202300037712;155 613 713;A01;1;17;0;2;2;12;1;
202300037713;155 613 709;A01;2;33;7;0;1;1;3;
202300037714;155 613 707;A01;3;10;0;2;1;1;1;
202300037714;155 613 708;B01;3;10;0;2;4;23;1;
202300037715;155 613 704;A01;1;33;0;2;1;1;1;
202300037715;155 613 706;B01;1;7;0;2;0;1;1;
202300037716;155 613 703;A01;2;7;0;0;3;7;2;
202300037716;155 613 705;B01;2;30;0;0;5;9;1;
202300037717;155 613 701;B01;1;7;0;0;4;2;1;
202300037717;155 613 702;A01;1;32;0;2;1;2;1;
202300037718;155 613 697;A01;1;7;6;0;1;13;1;
202300037719;155 613 696;A01;1;99;0;2;8;10;1;
202300037719;155 613 699;B01;1;7;0;2;1;2;1;
202300037720;155 613 695;A01;1;33;0;2;8;3;1;
202300037720;155 613 698;B01;1;17;0;2;8;1;1;
202300037720;155 613 700;Z01;1;7;0;2;7;12;0;
202300037721;155 613 693;A01;2;50;0;0;0;25;3;
202300037722;155 613 692;B01;1;7;0;2;4;24;1;
202300037722;155 613 694;A01;1;7;0;2;1;21;1;
202300037723;155 613 687;B01;2;7;0;2;2;16;1;
202300037723;155 613 689;A01;2;43;0;2;3;18;1;
202300037724;155 613 686;A01;2;7;0;2;6;11;1;
202300037724;155 613 690;B01;2;31;0;2;2;1;1;
202300037724;155 613 691;C01;2;10;0;2;4;1;1;
202300037725;155 613 685;A01;2;34;0;0;0;0;1;
202300037725;155 613 688;B01;1;7;0;2;3;15;1;
202300037726;155 613 681;A01;1;7;0;2;1;17;1;
202300037726;155 613 682;B01;2;1;0;2;0;0;5;
202300037727;155 613 680;A01;2;33;0;2;3;3;1;
202300037727;155 613 684;B01;2;10;0;2;8;12;0;
202300037728;155 613 679;A01;1;33;0;2;1;1;1;
202300037728;155 613 683;B01;2;7;0;2;8;19;2;
202300037729;155 613 676;A01;1;7;0;2;3;13;1;
202300037729;155 613 678;B01;2;7;0;2;3;1;1;
202300037730;155 613 674;A01;1;7;0;1;2;1;1;
202300037731;155 613 669;B01;1;43;0;2;7;16;1;
202300037731;155 613 671;A01;1;30;0;2;1;1;1;
202300037732;155 613 670;A01;2;7;0;2;3;17;2;
202300037732;155 613 672;B01;1;7;0;2;6;2;2;
202300037732;155 613 673;C01;1;7;0;2;8;2;1;
202300037732;155 613 675;D01;1;2;0;2;1;2;3;
202300037732;155 613 677;E01;1;7;0;2;1;2;1;
202300037733;155 613 667;A01;2;33;0;2;0;1;1;
202300037733;155 613 668;B01;1;7;0;2;3;1;1;
202300037734;155 613 666;A01;1;2;10;0;1;13;1;
202300037735;155 613 664;A01;1;2;0;2;3;9;1;
202300037735;155 613 665;B01;1;34;0;2;2;1;1;
202300037736;155 613 662;A01;2;7;6;0;1;14;1;
202300037737;155 613 661;B01;1;33;13;0;2;21;1;
202300037737;155 613 663;A01;2;7;0;0;0;17;1;
202300037738;155 613 659;A01;3;1;0;1;1;1;5;
202300037739;155 613 660;A01;1;32;0;1;1;1;1;
202300037740;155 613 658;A01;2;7;0;1;2;16;1;
202300037741;155 613 656;A01;2;7;0;0;2;1;1;
202300037742;155 613 657;A01;1;7;9;0;1;19;1;
202300037743;155 613 655;A01;3;7;0;1;1;1;2;
202300037744;155 613 653;A01;1;7;17;0;3;13;1;
202300037745;155 613 650;A01;1;10;0;2;1;1;1;
202300037745;155 613 654;B01;2;33;0;2;1;1;1;
202300037746;155 613 651;A01;2;14;0;2;7;16;1;
202300037746;155 613 652;B01;2;1;0;2;1;1;5;
202300037747;155 613 648;A01;3;30;0;2;3;1;1;
202300037747;155 613 649;B01;3;21;0;2;6;1;1;
202300037748;155 613 647;A01;1;2;0;0;0;1;1;
202300037749;155 613 643;B01;3;33;0;2;1;1;1;
202300037749;155 613 646;A01;3;7;0;2;2;16;1;
202300037750;155 613 642;A01;1;7;0;2;1;2;1;
202300037750;155 613 644;B01;1;7;0;0;0;2;1;
202300037751;155 613 641;B01;2;7;0;2;1;1;1;
202300037751;155 613 645;A01;1;7;0;2;1;13;1;
202300037752;155 613 636;A01;2;10;0;2;3;13;1;
202300037752;155 613 637;B01;1;7;0;2;3;1;1;
202300037753;155 613 639;A01;1;7;0;2;5;15;1;
202300037753;155 613 640;B01;1;33;0;2;1;1;1;
202300037754;155 613 635;B01;1;10;7;2;1;1;1;
202300037754;155 613 638;A01;1;10;7;0;4;23;1;
202300037755;155 613 633;A01;1;33;0;2;1;17;1;
202300037755;155 613 634;B01;1;37;0;2;1;1;1;1
202300037756;155 613 630;B01;3;10;0;2;1;1;1;
202300037756;155 613 632;A01;3;10;0;2;7;15;1;
202300037757;155 613 629;A01;2;7;0;2;1;2;1;
202300037757;155 613 631;B01;2;7;0;0;4;2;1;
202300037758;155 613 626;A01;1;7;12;0;1;1;1;
202300037759;155 613 627;A01;1;43;0;2;1;18;1;
202300037759;155 613 628;B01;2;1;0;2;3;5;5;
202300037760;155 613 623;A01;2;7;0;2;3;1;1;
202300037760;155 613 625;B01;1;1;0;2;8;19;5;
202300037761;155 613 620;A01;3;7;0;2;6;11;2;
202300037761;155 613 622;B01;3;33;0;2;2;3;1;
202300037762;155 613 619;A01;2;7;0;0;9;12;1;
202300037763;155 613 618;A01;2;7;0;1;2;26;1;
202300037764;155 613 616;A01;2;7;3;2;1;2;1;
202300037765;155 613 615;A01;1;10;0;2;3;15;1;
202300037765;155 613 617;B01;1;32;0;2;2;1;1;
202300037766;155 613 613;B01;2;7;0;2;1;2;0;
202300037766;155 613 614;A01;1;7;0;2;1;13;0;
202300037767;155 613 612;A01;1;10;2;0;1;13;1;
202300037768;155 613 611;A01;2;7;0;1;1;15;2;
202300037769;155 613 608;A01;1;7;0;2;1;1;1;
202300037769;155 613 609;B01;2;7;0;2;1;1;1;
202300037770;155 613 607;B01;1;7;0;2;1;1;1;
202300037770;155 613 610;A01;2;7;4;2;1;17;1;
202300037771;155 613 604;A01;0;2;0;0;0;0;1;
202300037772;155 613 605;A01;2;7;0;2;5;1;4;
202300037772;155 613 606;B01;2;30;0;2;3;23;3;
202300037773;155 613 602;A01;1;10;0;2;2;14;1;
202300037773;155 613 603;B01;1;34;0;2;6;1;1;
202300037774;155 613 599;A01;3;7;0;2;8;22;1;
202300037774;155 613 601;B01;3;1;0;2;7;1;5;
202300037775;155 613 597;B01;2;7;0;2;6;15;1;
202300037775;155 613 598;A01;2;10;0;2;3;17;1;
202300037776;155 613 596;B01;0;33;0;2;1;26;1;
202300037776;155 613 600;A01;0;7;0;2;2;9;2;
202300037777;155 613 593;A01;1;7;0;1;3;1;1;
202300037778;155 613 592;A01;1;7;0;2;3;22;1;
202300037778;155 613 595;B01;1;1;0;2;1;1;5;
202300037779;155 613 591;B01;2;1;0;2;8;1;5;
202300037779;155 613 594;A01;1;7;0;2;2;1;1;
202300037780;155 613 588;A01;1;7;0;2;2;15;1;
202300037780;155 613 590;B01;2;33;0;2;1;1;1;
202300037781;155 613 587;B01;0;7;0;2;3;15;1;
202300037781;155 613 589;A01;0;31;0;2;2;17;1;
202300037782;155 613 585;B01;2;7;0;2;4;2;1;
202300037782;155 613 586;A01;2;33;0;2;1;2;1;
202300037783;155 613 582;A01;2;7;0;2;1;1;1;
202300037783;155 613 584;B01;2;7;0;0;4;15;1;
202300037784;155 613 580;A01;1;80;0;2;2;18;3;
202300037784;155 613 583;B01;1;10;0;2;2;16;1;
202300037785;155 613 579;A01;2;7;0;2;1;16;1;
202300037785;155 613 581;B01;3;33;0;2;7;1;1;
202300037786;155 613 578;A01;2;33;5;0;3;0;0;
202300037787;155 613 575;A01;1;30;0;2;1;1;1;
202300037787;155 613 577;B01;2;7;0;2;1;15;1;
202300037788;155 613 572;A01;3;33;0;2;1;1;1;
202300037788;155 613 574;C01;3;7;0;2;0;0;0;
202300037788;155 613 576;B01;3;7;0;2;0;0;1;
202300037789;155 613 571;A01;0;7;0;0;8;17;0;
202300037789;155 613 573;B01;0;33;0;2;8;0;0;
202300037790;155 613 569;A01;3;7;0;2;3;10;1;
202300037790;155 613 570;B01;3;33;0;2;2;1;1;
202300037791;155 613 566;A01;2;7;0;2;2;15;1;
202300037791;155 613 568;Y01;1;50;0;2;1;1;3;
202300037792;155 613 567;A01;3;7;0;1;1;2;0;
202300037793;155 613 563;A01;1;7;0;2;2;1;1;
202300037793;155 613 565;B01;1;7;0;2;3;2;1;
202300037794;155 613 561;A01;2;7;0;2;0;0;1;
202300037794;155 613 564;B01;1;7;0;2;0;0;1;
202300037795;155 613 560;A01;1;7;0;2;1;1;1;
202300037795;155 613 562;B01;2;33;0;2;3;1;1;
202300037796;155 613 557;B01;1;32;0;2;3;1;1;
202300037796;155 613 559;A01;1;7;0;2;7;12;1;
202300037797;155 613 555;A01;3;7;0;2;2;9;0;
202300037797;155 613 558;B01;3;33;0;2;1;0;1;
202300037798;155 613 554;B01;1;33;0;2;1;1;1;
202300037798;155 613 556;A01;1;7;0;2;3;9;1;
202300037799;155 613 551;A01;2;33;13;0;1;1;1;
202300037800;155 613 552;A01;2;7;0;2;1;13;1;
202300037800;155 613 553;B01;2;7;0;2;6;15;1;
202300037801;155 613 550;A01;1;7;0;1;2;1;1;
202300037802;155 613 549;A01;2;7;6;0;2;14;1;
202300037803;155 613 547;A01;1;37;0;1;7;20;1;1
202300037804;155 613 546;A01;0;50;0;2;1;1;3;
202300037804;155 613 548;B01;0;7;0;0;8;1;1;
202300037805;155 613 545;A01;1;7;6;0;1;1;1;
202300037806;155 613 544;A01;0;7;0;1;3;15;0;
202300037807;155 613 540;A01;1;7;0;2;3;9;1;
202300037807;155 613 543;B01;1;50;0;2;0;0;3;
202300037808;155 613 539;B01;3;7;0;2;3;1;1;
202300037808;155 613 542;A01;3;2;0;2;1;0;1;
202300037809;155 613 538;B01;1;50;0;2;5;1;3;
202300037809;155 613 541;A01;0;7;0;2;1;15;1;
202300037810;155 613 537;A01;2;7;6;0;1;1;1;
202300037811;155 613 536;A01;3;2;12;0;1;0;1;
202300037812;155 613 534;A01;1;7;0;1;1;15;1;
202300037813;155 613 532;A01;1;7;0;2;1;1;1;
202300037813;155 613 533;B01;1;7;0;2;0;0;1;
202300037814;155 613 531;B01;1;7;0;2;3;1;0;
202300037814;155 613 535;A01;2;7;0;2;2;15;0;
202300037815;155 613 529;A01;1;50;0;0;1;5;3;
202300037815;155 613 530;B01;2;7;0;2;2;1;1;
202300037816;155 613 527;B01;1;7;0;2;4;1;1;
202300037816;155 613 528;A01;1;7;0;2;1;1;1;
202300037817;155 613 526;A01;2;7;0;1;1;1;1;
202300037818;155 613 522;A01;1;7;0;1;0;26;1;
202300037819;155 613 524;A01;2;34;0;2;2;17;1;
202300037819;155 613 525;B01;2;7;0;2;3;15;1;
202300037820;155 613 519;A01;1;10;0;1;1;1;0;
202300037821;155 613 516;A01;1;7;13;2;3;5;1;
202300037821;155 613 521;B01;2;7;13;2;3;1;1;
202300037822;155 613 515;C01;2;7;0;2;4;1;1;
202300037822;155 613 517;B01;2;7;0;2;7;0;1;
202300037822;155 613 518;A01;2;7;3;0;1;9;1;
202300037822;155 613 520;D01;2;10;0;2;1;2;1;
202300037823;155 613 513;B01;3;30;0;2;1;19;0;
202300037823;155 613 514;A01;3;7;0;2;3;1;1;
202300037824;155 613 511;B01;1;40;0;1;7;1;4;
202300037825;155 613 510;B01;1;7;3;0;4;1;0;
202300037825;155 613 512;A01;1;33;0;2;1;14;0;
202300037826;155 613 508;A01;3;7;2;0;1;15;1;
202300037827;155 613 505;A01;1;7;0;2;8;16;1;
202300037827;155 613 507;B01;1;80;0;0;7;1;3;
202300037828;155 613 506;B01;2;7;0;2;2;0;1;
202300037828;155 613 509;A01;2;7;0;2;3;1;1;
202300037829;155 613 504;A01;1;7;13;0;2;14;1;
202300037830;155 613 502;A01;1;33;15;0;0;0;1;
202300037831;155 613 501;A01;2;7;0;2;6;23;1;
202300037831;155 613 503;B01;2;1;0;2;1;1;5;
202300037832;155 613 500;A01;2;30;0;0;7;1;1;
202300037833;155 613 497;A01;3;7;0;2;1;1;0;
202300037833;155 613 499;B01;3;1;0;2;8;16;5;
202300037834;155 613 496;A01;2;7;0;1;1;1;1;
202300037835;155 613 495;B01;3;7;0;2;3;2;1;
202300037835;155 613 498;A01;3;30;0;2;2;1;1;
202300037836;155 613 494;A01;1;7;13;0;3;13;1;
202300037837;155 613 492;A01;1;30;0;1;1;1;1;
202300037838;155 613 491;A01;3;10;0;2;4;4;3;
202300037838;155 613 493;B01;2;1;0;2;1;23;5;
202300037839;155 613 490;A01;1;33;0;0;8;2;1;
202300037840;155 613 488;A01;1;7;3;0;1;0;1;
202300037841;155 613 487;A01;2;33;0;0;0;17;1;
202300037842;155 613 486;Z01;0;7;0;2;1;0;0;
202300037842;155 613 489;A01;3;50;0;2;1;19;3;
202300037843;155 613 485;A01;1;7;1;0;3;1;1;
202300037844;155 613 483;A01;1;7;14;0;0;0;1;
202300037845;155 613 482;A01;2;33;0;2;1;1;1;
202300037845;155 613 484;B01;0;7;0;2;3;9;1;
202300037846;155 613 480;A01;1;33;0;2;1;2;1;
202300037846;155 613 481;B01;1;7;0;2;4;15;1;
202300037847;155 613 479;A01;3;7;0;1;1;1;1;
202300037848;155 613 478;A01;0;32;0;0;0;23;1;
202300037849;155 613 476;B01;2;7;0;2;3;1;1;
202300037849;155 613 477;A01;1;50;0;2;1;25;3;
202300037850;155 613 474;B01;0;7;0;1;3;1;0;
202300037851;155 613 473;A01;2;7;0;2;3;5;1;
202300037851;155 613 475;B01;1;31;0;2;0;1;1;
202300037852;155 613 470;A01;1;10;15;0;1;0;1;
202300037853;155 613 467;A01;3;7;0;2;7;1;1;
202300037853;155 613 469;B01;3;1;0;2;8;1;5;
202300037854;155 613 468;A01;1;33;0;0;3;1;1;
202300037855;155 613 466;B01;1;7;0;2;3;1;1;
202300037855;155 613 471;A01;1;7;0;2;1;1;1;
202300037856;155 613 464;B01;2;1;0;2;1;1;5;
202300037856;155 613 465;Z01;1;2;0;2;1;13;1;
202300037857;155 613 463;A01;2;43;11;0;0;1;1;
202300037858;155 613 460;B01;2;2;0;2;1;2;1;
202300037858;155 613 461;A01;1;7;0;2;2;15;1;
202300037859;155 613 457;A01;2;7;0;2;1;13;1;
202300037859;155 613 459;B01;1;7;0;2;3;1;1;
202300037860;155 613 455;B01;1;33;0;2;1;21;1;
202300037860;155 613 456;A01;2;7;0;2;8;10;1;
202300037861;155 613 452;A01;2;7;0;2;2;1;1;
202300037861;155 613 454;B01;2;80;0;2;4;1;3;
202300037862;155 613 453;A01;1;33;13;0;6;1;1;
202300037863;155 613 450;B01;1;7;0;2;0;0;0;
202300037863;155 613 451;A01;1;33;1;0;1;0;0;
202300037864;155 613 448;A01;2;33;16;0;2;1;1;
202300037865;155 613 445;B01;1;7;0;2;3;1;1;
202300037865;155 613 447;A01;1;7;0;2;1;9;1;
202300037866;155 613 446;B01;1;7;0;2;1;5;1;
202300037866;155 613 449;A01;2;10;0;2;1;1;1;
202300037867;155 613 444;A01;1;7;6;0;3;0;1;
202300037868;155 613 441;A01;3;36;2;0;1;0;1;
202300037869;155 613 440;A01;2;7;0;2;0;0;0;
202300037869;155 613 442;B01;2;7;13;0;0;1;1;
202300037870;155 613 439;A01;3;32;0;2;1;1;1;
202300037870;155 613 443;B01;3;30;0;2;2;1;1;
202300037871;155 613 436;A01;1;34;0;1;1;17;1;
202300037872;155 613 434;B01;1;17;0;2;2;1;1;
202300037872;155 613 438;A01;3;10;0;2;3;19;1;
202300037873;155 613 433;C01;1;17;0;2;1;0;1;
202300037873;155 613 435;B01;1;10;0;2;1;0;1;
202300037873;155 613 437;A01;1;17;3;2;1;19;1;
202300037874;155 613 432;A01;3;7;0;1;1;1;1;
202300037875;155 613 431;A01;1;33;0;0;7;1;1;
202300037876;155 613 428;B01;1;7;0;2;4;2;2;
202300037876;155 613 429;A01;1;10;0;2;1;2;1;
202300037877;155 613 427;A01;1;7;0;0;5;2;1;
202300037877;155 613 430;B01;1;7;0;2;3;2;1;
202300037878;155 613 424;A01;2;7;8;0;1;13;2;
202300037879;155 613 423;A01;1;7;0;0;2;1;1;
202300037879;155 613 425;B01;1;1;0;0;1;1;5;
202300037880;155 613 418;B01;2;33;0;2;3;1;1;
202300037880;155 613 422;A01;1;7;0;2;3;17;1;
202300037881;155 613 419;B01;2;7;0;2;4;23;1;
202300037881;155 613 421;A01;2;30;0;2;1;2;1;
202300037882;155 613 417;A01;1;2;0;0;1;13;1;
202300037882;155 613 420;B01;2;10;0;0;1;1;1;
202300037883;155 613 414;A01;1;13;0;1;2;19;1;
202300037884;155 613 412;A01;2;7;0;2;8;19;1;
202300037884;155 613 415;B01;1;7;0;2;1;2;1;
202300037885;155 613 411;B01;3;34;0;2;7;1;1;
202300037885;155 613 413;C01;3;43;0;2;7;1;1;
202300037885;155 613 416;A01;3;10;0;2;1;1;1;
202300037886;155 613 408;A01;1;7;0;2;3;1;1;
202300037886;155 613 410;B01;2;7;0;2;3;13;1;
202300037887;155 613 406;B01;3;7;0;2;8;1;1;
202300037887;155 613 409;A01;3;7;0;2;1;1;1;
202300037888;155 613 405;A01;3;7;0;2;1;1;1;
202300037888;155 613 407;B01;3;7;0;2;8;1;2;
202300037889;155 613 403;B01;2;15;0;0;0;23;1;
202300037889;155 613 404;A01;1;32;14;0;1;1;3;
202300037890;155 613 400;B01;2;7;0;2;3;1;1;
202300037890;155 613 402;A01;1;7;0;2;3;13;1;
202300037891;155 613 397;A01;1;7;0;2;3;15;1;
202300037891;155 613 401;B01;2;43;0;2;8;1;1;
202300037892;155 613 396;A01;1;7;0;2;1;15;0;
202300037892;155 613 398;B01;2;7;0;2;3;1;0;
202300037892;155 613 399;C01;3;10;0;2;8;23;1;
202300037893;155 613 395;A01;0;10;0;1;3;19;1;
202300037894;155 613 394;A01;1;7;6;0;1;21;1;
202300037895;155 613 392;A01;1;7;0;0;3;1;1;
202300037895;155 613 393;B01;1;7;0;2;3;1;1;
202300037896;155 613 390;A01;1;7;0;2;2;12;1;
202300037896;155 613 391;B01;1;7;0;2;3;1;1;
202300037897;155 613 388;A01;3;0;0;1;1;0;0;
202300037898;155 613 387;A01;0;2;0;2;1;5;1;
202300037898;155 613 389;B01;0;7;0;2;3;1;1;
202300037899;155 613 386;A01;3;7;0;1;4;4;0;
202300037900;155 613 384;A01;1;32;8;0;2;0;1;
202300037901;155 613 383;A01;2;32;14;0;1;6;1;
202300037902;155 613 381;B01;2;7;0;2;5;12;1;
202300037902;155 613 382;A01;2;32;0;2;5;7;1;
202300037903;155 613 380;B01;1;7;0;2;7;19;1;
202300037903;155 613 385;A01;2;7;0;2;1;1;1;
202300037904;155 613 378;A01;2;38;13;0;7;14;6;3
202300037905;155 613 373;A01;2;33;0;2;1;2;1;
202300037905;155 613 376;B01;2;33;0;2;4;2;1;
202300037906;155 613 374;A01;1;7;2;0;3;2;1;
202300037907;155 613 375;A01;2;13;0;2;2;1;1;
202300037907;155 613 377;B01;2;7;0;2;8;11;1;
202300037908;155 613 369;B01;1;7;0;2;6;0;0;
202300037908;155 613 372;A01;1;7;0;2;3;0;0;
202300037909;155 613 366;C01;1;7;0;9;2;1;0;
202300037909;155 613 368;B01;1;7;0;2;1;1;0;
202300037909;155 613 371;A01;1;7;0;2;1;13;0;
202300037910;155 613 367;A01;2;33;3;2;1;0;1;
202300037910;155 613 370;B01;1;7;0;2;3;1;1;
202300037911;155 613 362;A01;2;33;0;2;1;0;0;
202300037911;155 613 365;B01;2;10;0;2;6;15;1;
202300037912;155 613 360;B01;2;7;0;2;1;21;1;
202300037912;155 613 363;A01;1;7;0;2;1;13;1;
202300037913;155 613 359;B01;1;7;0;2;4;11;1;
202300037913;155 613 361;C01;1;7;0;2;6;23;1;
202300037913;155 613 364;A01;1;34;0;2;1;11;1;
202300037914;155 613 355;B01;2;7;0;2;3;1;1;
202300037914;155 613 357;A01;1;7;0;2;3;17;1;
202300037914;155 613 358;C01;1;15;0;2;7;1;1;
202300037915;155 613 353;A01;2;7;0;2;5;23;1;
202300037915;155 613 356;B01;2;7;1;2;3;1;1;
202300037916;155 613 352;B01;2;7;0;2;3;1;1;
202300037916;155 613 354;A01;2;7;0;2;2;12;1;
202300037917;155 613 351;A01;1;7;17;0;1;1;1;
202300037918;155 613 350;A01;1;7;13;0;1;1;1;
202300037919;155 613 349;A01;1;7;4;0;3;1;1;
202300037920;155 613 347;B01;2;7;3;2;1;5;1;
202300037920;155 613 348;A01;1;10;0;2;1;1;1;
202300037921;155 613 344;B01;1;1;0;0;7;1;5;
202300037921;155 613 346;A01;1;7;0;0;1;9;1;
202300037922;155 613 342;A01;1;7;0;1;2;1;1;
202300037923;155 613 341;A01;1;7;0;2;1;2;1;
202300037923;155 613 343;B01;1;7;0;2;4;2;2;
202300037923;155 613 345;C01;1;7;0;2;4;2;1;
202300037924;155 613 339;B01;1;1;0;2;4;1;5;
202300037924;155 613 340;A01;1;7;0;2;1;1;0;
202300037925;155 613 338;A01;1;7;5;0;1;13;1;
202300037926;155 613 334;A01;2;7;0;2;1;17;1;
202300037926;155 613 336;B01;1;15;0;2;1;26;1;
202300037927;155 613 332;B01;1;7;0;2;4;1;1;
202300037927;155 613 335;C01;1;7;0;2;4;1;1;
202300037927;155 613 337;A01;1;10;0;2;1;1;1;
202300037928;155 613 331;B01;3;7;0;2;4;16;1;
202300037928;155 613 333;A01;3;10;0;2;1;2;1;
202300037929;155 613 325;B01;2;7;0;2;7;1;1;
202300037929;155 613 329;C01;1;7;0;2;2;1;1;
202300037929;155 613 330;A01;2;10;7;2;1;1;1;
202300037930;155 613 323;A01;1;7;0;2;3;9;1;
202300037930;155 613 327;B01;1;31;0;0;5;1;1;
202300037931;155 613 322;A01;2;50;0;2;1;13;3;
202300037931;155 613 326;B01;1;1;0;2;1;14;5;
202300037932;155 613 320;A01;1;7;0;2;4;1;0;
202300037932;155 613 321;B01;1;7;0;2;1;1;0;
202300037932;155 613 324;D01;1;7;0;2;1;1;0;
202300037932;155 613 328;C01;1;7;0;2;1;1;0;
202300037933;155 613 317;A01;2;7;0;2;2;15;1;
202300037933;155 613 319;B01;1;7;0;2;2;1;1;
202300037934;155 613 316;A01;1;7;15;2;1;0;1;
202300037934;155 613 318;B01;1;7;0;2;4;1;1;
202300037935;155 613 315;A01;1;1;0;1;1;1;5;
202300037936;155 613 314;A01;2;30;0;1;8;17;1;
202300037937;155 613 312;A01;1;10;4;0;2;1;1;
202300037938;155 613 310;A01;1;7;0;2;1;13;1;
202300037938;155 613 313;B01;2;7;0;2;1;1;1;
202300037939;155 613 308;A01;1;7;0;2;1;1;1;
202300037939;155 613 311;B01;1;7;0;2;3;1;1;
202300037940;155 613 309;A01;2;31;0;2;1;13;1;
202300037941;155 613 307;A01;2;17;3;0;0;1;1;
202300037942;155 613 306;A01;3;33;14;0;1;1;1;
202300037943;155 613 302;B01;3;1;0;2;0;1;5;
202300037943;155 613 305;A01;3;1;0;2;0;17;5;