Num_Acc;id_vehicule;num_veh;senc;catv;obs;obsm;choc;manv;motor;occutc
202300037944;155 613 301;A01;3;7;0;2;1;1;0;
202300037944;155 613 304;B01;3;7;0;0;4;1;1;
202300037945;155 613 300;A01;2;33;13;0;7;12;1;
202300037946;155 613 298;A01;1;50;0;0;0;0;3;
202300037947;155 613 296;A01;0;7;0;1;4;4;1;
202300037948;155 613 294;B01;3;7;0;2;3;9;1;
202300037948;155 613 297;A01;1;7;0;2;2;1;1;
202300037949;155 613 292;A01;3;10;0;2;3;9;1;
202300037949;155 613 295;B01;2;10;0;2;2;1;1;
202300037950;155 613 290;A01;3;38;0;2;3;1;1;1
202300037950;155 613 291;B01;3;38;0;2;8;1;1;4
202300037951;155 613 288;A01;1;30;0;2;1;19;1;
202300037951;155 613 293;B01;2;10;0;2;7;1;1;
202300037952;155 613 286;A01;1;2;0;2;1;9;1;
202300037952;155 613 289;B01;3;1;0;2;1;0;5;
202300037953;155 613 285;B01;1;1;0;0;6;15;5;
202300037953;155 613 287;A01;1;7;0;0;2;17;1;
202300037954;155 613 284;A01;1;7;2;0;0;17;1;
202300037955;155 613 283;A01;0;1;0;2;0;1;5;
202300037956;155 613 281;A01;0;7;0;2;1;1;1;
202300037956;155 613 282;B01;0;7;0;2;4;1;1;
202300037957;155 613 278;A01;2;2;9;2;0;21;1;
202300037958;155 613 277;B01;0;33;0;2;1;1;0;
202300037958;155 613 279;A01;3;7;0;2;3;11;0;
202300037959;155 613 275;B01;1;10;0;2;3;1;1;
202300037959;155 613 280;A01;2;7;0;2;2;15;1;
202300037960;155 613 272;B01;2;7;0;2;3;1;1;
202300037960;155 613 276;A01;1;30;0;2;1;5;1;
202300037961;155 613 271;A01;3;50;0;0;0;0;3;
202300037962;155 613 270;A01;1;7;0;0;2;1;1;
202300037962;155 613 274;B01;1;1;0;2;4;2;5;
202300037963;155 613 269;A01;1;33;0;2;8;2;1;
202300037963;155 613 273;B01;2;7;0;2;1;15;1;
202300037964;155 613 264;A01;2;7;0;2;2;1;1;
202300037964;155 613 268;B01;2;1;0;2;1;1;5;
202300037965;155 613 263;A01;1;7;0;2;7;15;1;
202300037965;155 613 265;B01;2;7;3;2;2;1;1;
202300037965;155 613 267;C01;2;7;0;2;3;23;1;
202300037966;155 613 259;A01;1;7;0;2;3;13;1;
202300037966;155 613 262;B01;2;7;0;2;3;1;1;
202300037966;155 613 266;C01;2;7;13;2;8;1;1;
202300037967;155 613 260;A01;2;7;14;2;1;15;1;
202300037967;155 613 261;B01;2;7;0;2;4;26;1;
202300037968;155 613 257;A01;1;7;0;1;3;0;1;
202300037969;155 613 256;B01;1;7;1;2;2;1;0;
202300037969;155 613 258;A01;1;7;1;2;6;26;0;
202300037970;155 613 255;A01;2;7;9;0;1;9;1;
202300037971;155 613 254;A01;3;34;0;1;3;25;1;
202300037972;155 613 250;A01;2;7;0;2;3;13;1;
202300037972;155 613 253;B01;1;7;0;2;3;1;1;
202300037973;155 613 248;A01;2;7;0;2;1;13;1;
202300037973;155 613 251;B01;1;7;0;2;1;1;1;
202300037974;155 613 244;A01;0;3;2;0;3;2;1;
202300037975;155 613 245;A01;1;7;0;2;4;0;0;
202300037975;155 613 247;B01;1;7;0;2;1;0;0;
202300037976;155 613 242;B01;3;7;0;2;7;1;1;
202300037976;155 613 246;A01;3;30;0;2;1;19;1;
202300037977;155 613 241;A01;0;10;0;2;1;1;0;
202300037977;155 613 243;B01;2;7;0;2;4;1;1;
202300037978;155 613 233;A01;1;10;4;0;2;2;1;
202300037979;155 613 234;B01;2;7;0;2;1;1;1;
202300037979;155 613 237;A01;1;7;0;2;1;15;1;
202300037980;155 613 230;A01;1;10;0;0;4;23;1;
202300037980;155 613 232;B01;1;7;1;1;5;21;1;
202300037980;155 613 235;E01;1;10;0;2;4;23;1;
202300037980;155 613 238;F01;1;7;1;0;1;21;1;
202300037980;155 613 240;C01;1;7;0;0;0;26;1;
202300037981;155 613 228;A01;1;7;0;2;1;15;0;
202300037981;155 613 231;B01;2;33;0;2;8;2;1;
202300037982;155 613 227;A01;1;7;0;2;1;15;1;
202300037982;155 613 229;B01;2;32;0;2;7;1;1;
202300037983;155 613 225;A01;1;7;0;2;1;1;1;
202300037983;155 613 226;B01;2;7;0;2;1;1;1;
202300037984;155 613 224;A01;1;33;13;0;1;2;1;
202300037985;155 613 217;B01;2;10;0;0;1;1;1;
202300037985;155 613 222;A01;1;10;13;0;1;13;1;
202300037986;155 613 220;B01;1;33;0;0;0;0;0;
202300037986;155 613 223;A01;1;10;0;2;1;16;0;
202300037987;155 613 216;A01;1;13;0;2;3;13;1;
202300037987;155 613 219;B01;2;10;3;2;3;1;1;
202300037988;155 613 215;A01;1;33;0;2;1;2;1;
202300037988;155 613 218;B01;1;33;0;0;4;1;1;
202300037988;155 613 221;C01;1;10;0;0;4;23;1;
202300037989;155 613 211;A01;1;7;0;2;1;13;1;
202300037989;155 613 214;B01;2;14;0;2;1;1;1;
202300037990;155 613 209;A01;3;7;0;9;3;9;1;
202300037990;155 613 213;B01;3;80;0;2;1;1;3;
202300037991;155 613 207;A01;0;7;0;2;6;15;1;
202300037991;155 613 210;B01;0;33;0;2;2;0;1;
202300037992;155 613 208;A01;1;7;0;4;3;1;2;
202300037992;155 613 212;B01;3;39;0;2;2;1;3;
202300037993;155 613 204;A01;0;7;0;2;1;1;0;
202300037993;155 613 206;B01;0;2;0;2;1;1;1;
202300037994;155 613 203;A01;2;2;0;0;0;1;1;
202300037995;155 613 202;B01;1;7;0;2;8;1;2;
202300037995;155 613 205;A01;2;7;0;2;1;19;1;
202300037996;155 613 198;A01;1;15;0;2;4;2;1;
202300037996;155 613 200;B01;1;7;0;2;1;2;1;
202300037997;155 613 199;A01;2;7;0;2;3;15;0;
202300037997;155 613 201;B01;1;33;0;2;8;1;0;
202300037998;155 613 197;A01;2;7;0;1;7;21;0;
202300037999;155 613 192;A01;1;7;13;2;2;1;1;
202300037999;155 613 196;B01;1;7;13;2;3;1;1;
202300038000;155 613 191;B01;2;7;0;2;1;2;1;
202300038000;155 613 194;A01;2;7;0;2;4;2;1;
202300038001;155 613 190;B01;0;7;0;0;0;26;1;
202300038001;155 613 193;A01;0;60;0;2;0;26;5;
202300038002;155 613 184;A01;1;7;0;2;1;1;1;
202300038002;155 613 186;B01;2;7;0;2;2;15;1;
202300038003;155 613 185;A01;2;14;0;2;4;2;1;
202300038003;155 613 187;B01;2;31;0;2;1;2;1;
202300038004;155 613 188;A01;2;7;0;2;3;5;1;
202300038004;155 613 189;B01;1;7;0;2;3;21;1;
202300038004;155 613 195;C01;1;7;0;2;8;21;2;
202300038005;155 613 182;A01;2;33;0;2;1;0;1;
202300038005;155 613 183;B01;2;7;0;2;0;0;1;
202300038006;155 613 178;A01;1;7;0;2;2;12;1;
202300038006;155 613 180;B01;1;33;0;2;3;3;1;
202300038007;155 613 177;B01;0;7;0;2;1;0;1;
202300038007;155 613 181;A01;0;7;0;2;1;0;0;
202300038008;155 613 175;B01;3;7;0;2;1;1;1;
202300038008;155 613 179;A01;3;7;0;2;6;1;1;
202300038009;155 613 174;A01;1;14;0;2;6;9;1;
202300038009;155 613 176;B01;1;33;0;2;1;2;1;
202300038010;155 613 172;A01;1;7;13;0;1;2;1;
202300038011;155 613 170;A01;0;2;0;0;8;1;1;
202300038012;155 613 169;A01;2;7;0;2;1;1;1;
202300038012;155 613 171;B01;2;7;0;2;4;2;1;
202300038012;155 613 173;C01;2;7;0;2;4;2;1;
202300038013;155 613 165;A01;2;43;3;0;3;16;1;
202300038014;155 613 166;A01;2;7;0;1;1;0;1;
202300038015;155 613 164;A01;1;31;0;2;3;1;1;
202300038015;155 613 168;B01;1;7;0;2;3;15;1;
202300038016;155 613 163;B01;1;7;0;2;7;1;1;
202300038016;155 613 167;A01;1;7;0;2;1;9;1;
202300038017;155 613 161;A01;1;7;0;0;0;1;1;
202300038018;155 613 160;A01;1;7;0;2;1;5;1;
202300038018;155 613 162;B01;2;7;0;2;2;2;1;
202300038019;155 613 158;A01;1;7;0;1;1;17;1;
202300038020;155 613 157;B01;1;7;0;2;1;1;1;
202300038020;155 613 159;A01;2;7;0;2;7;15;1;
202300038021;155 613 154;B01;2;7;0;2;4;1;1;
202300038021;155 613 156;A01;2;7;0;2;1;2;0;
202300038022;155 613 153;A01;2;7;0;2;1;2;1;
202300038022;155 613 155;B01;2;7;0;2;4;2;1;
202300038023;155 613 150;A01;1;10;0;2;0;9;1;
202300038023;155 613 151;B01;1;33;0;2;0;0;1;
202300038024;155 613 149;B01;1;7;0;2;5;1;1;
202300038024;155 613 152;A01;1;7;0;2;3;11;1;
202300038025;155 613 148;A01;2;7;3;0;2;1;1;
202300038026;155 613 146;B01;2;7;0;2;4;1;1;
202300038026;155 613 147;A01;2;7;0;2;1;2;1;
202300038027;155 613 144;A01;2;7;6;0;1;1;1;
202300038028;155 613 143;B01;2;7;0;2;0;0;1;
202300038028;155 613 145;A01;2;10;0;2;1;1;1;
202300038029;155 613 141;A01;1;7;0;2;1;2;1;
202300038029;155 613 142;B01;1;7;0;2;4;2;1;
202300038030;155 613 140;A01;1;2;3;0;8;16;1;
202300038031;155 613 136;A01;1;43;16;0;7;21;1;
202300038032;155 613 134;A01;1;7;4;2;7;14;1;
202300038032;155 613 137;B01;1;7;3;2;8;9;1;
202300038033;155 613 133;A01;3;37;0;1;2;17;1;1
202300038033;155 613 138;B01;3;20;0;2;1;17;1;
202300038034;155 613 132;A01;1;7;0;2;1;17;1;
202300038034;155 613 135;B01;1;7;0;2;6;1;1;
202300038034;155 613 139;C01;2;7;0;2;1;1;1;
202300038035;155 613 129;A01;1;7;0;2;1;12;1;
202300038035;155 613 131;B01;1;33;0;2;3;3;1;
202300038036;155 613 125;A01;2;7;3;0;1;1;1;
202300038036;155 613 128;B01;2;7;0;2;4;2;1;
202300038036;155 613 130;C01;2;7;0;2;1;1;1;
202300038037;155 613 123;B01;1;7;0;2;1;1;1;
202300038037;155 613 126;A01;2;7;0;2;1;15;1;
202300038038;155 613 124;B01;1;7;0;2;1;1;0;
202300038038;155 613 127;A01;2;7;0;2;2;15;0;
202300038039;155 613 119;Z01;2;7;0;2;1;0;0;
202300038039;155 613 121;A01;2;7;0;2;5;1;1;
202300038040;155 613 116;B01;0;30;12;2;0;10;1;
202300038040;155 613 118;A01;0;7;0;2;0;26;1;
202300038041;155 613 115;A01;1;3;5;0;2;1;1;
202300038042;155 613 113;E01;2;15;0;2;8;21;1;
202300038042;155 613 114;A01;2;10;0;2;1;21;1;
202300038042;155 613 117;B01;2;7;0;2;4;1;1;
202300038042;155 613 120;C01;2;15;0;2;5;1;1;
202300038042;155 613 122;D01;2;10;0;2;9;1;1;
202300038043;155 613 110;A01;2;33;0;2;1;2;1;
202300038043;155 613 112;B01;2;7;0;0;6;23;1;
202300038044;155 613 108;B01;1;7;0;2;3;1;1;
202300038044;155 613 111;A01;1;7;0;2;5;12;1;
202300038045;155 613 109;A01;0;7;0;1;1;15;1;
202300038046;155 613 106;A01;2;7;0;2;3;1;1;
202300038046;155 613 107;B01;2;7;0;2;7;1;1;
202300038047;155 613 101;B01;1;7;0;2;4;2;1;
202300038047;155 613 103;C01;1;7;0;2;4;1;1;
202300038047;155 613 104;A01;1;7;0;2;1;2;1;
202300038048;155 613 099;B01;1;7;0;2;3;1;1;
202300038048;155 613 105;A01;2;7;0;0;3;13;1;
202300038049;155 613 097;B01;2;7;0;2;1;1;1;
202300038049;155 613 098;C01;2;7;0;2;8;1;1;
202300038049;155 613 100;A01;3;33;0;2;4;9;1;
202300038050;155 613 094;A01;2;33;7;0;1;13;1;
202300038051;155 613 096;A01;3;1;0;1;1;1;5;
202300038052;155 613 091;A01;1;7;0;2;1;1;1;
202300038052;155 613 093;B01;1;7;0;2;4;1;0;
202300038052;155 613 095;C01;1;7;0;2;4;1;0;
202300038053;155 613 087;A01;1;14;3;2;2;14;0;
202300038053;155 613 090;B01;2;17;0;2;3;1;1;
202300038053;155 613 092;C01;2;10;0;2;3;9;1;
202300038054;155 613 086;A01;2;32;0;2;1;1;1;
202300038054;155 613 089;B01;1;7;0;2;3;1;1;
202300038055;155 613 085;A01;3;1;0;1;1;1;5;
202300038056;155 613 084;B01;2;7;0;2;3;1;1;
202300038056;155 613 088;A01;3;7;0;2;1;13;1;
202300038057;155 613 083;A01;1;7;8;0;3;0;1;
202300038058;155 613 081;A01;3;1;0;2;4;2;5;
202300038058;155 613 082;B01;3;1;0;2;1;2;5;
202300038059;155 613 080;A01;1;7;9;0;1;1;1;
202300038060;155 613 079;A01;1;33;16;0;1;2;1;
202300038061;155 613 076;B01;1;33;16;0;4;2;1;
202300038061;155 613 078;A01;1;33;6;2;1;2;1;
202300038062;155 613 074;B01;3;33;0;2;1;17;1;
202300038062;155 613 077;A01;3;7;0;2;3;10;1;
202300038063;155 613 071;B01;2;1;0;2;7;1;5;
202300038063;155 613 075;A01;1;7;0;2;1;16;1;
202300038064;155 613 069;B01;2;7;0;2;1;2;1;
202300038064;155 613 072;A01;2;7;0;2;1;2;1;
202300038064;155 613 073;C01;2;7;0;2;6;0;1;
202300038065;155 613 070;A01;1;7;6;0;2;15;1;
202300038066;155 613 068;A01;1;1;0;1;1;1;5;
202300038067;155 613 066;A01;3;7;15;0;1;1;1;
202300038068;155 613 067;Z01;3;30;0;1;1;16;0;
202300038069;155 613 061;A01;2;33;0;2;7;3;1;
202300038069;155 613 063;B01;2;7;0;2;6;1;1;
202300038069;155 613 065;Z01;2;99;0;2;8;12;0;
202300038070;155 613 062;A01;2;1;0;2;1;2;5;
202300038070;155 613 064;B01;2;7;0;2;5;23;1;
202300038071;155 613 059;B01;1;31;0;2;1;2;1;
202300038071;155 613 060;A01;1;1;0;2;8;10;5;
202300038072;155 613 055;A01;1;30;12;0;2;14;1;
202300038073;155 613 054;B01;1;7;0;2;7;1;1;
202300038073;155 613 057;A01;1;33;0;2;3;3;1;
202300038074;155 613 056;A01;1;7;0;2;3;13;1;
202300038074;155 613 058;B01;2;43;0;2;3;1;1;
202300038075;155 613 052;B01;1;7;0;2;7;16;1;
202300038075;155 613 053;A01;1;31;0;2;1;18;1;
202300038076;155 613 051;A01;3;7;0;1;4;20;1;
202300038077;155 613 049;A01;1;10;0;2;2;17;1;
202300038077;155 613 050;B01;1;7;3;2;8;1;1;
202300038078;155 613 046;A01;2;30;0;2;4;13;1;
202300038078;155 613 048;B01;2;10;14;0;3;13;1;
202300038079;155 613 045;A01;2;7;0;2;1;1;1;
202300038079;155 613 047;B01;1;7;0;2;1;15;1;
202300038080;155 613 042;B01;2;2;0;2;3;18;1;
202300038080;155 613 044;A01;2;7;0;2;7;16;0;
202300038081;155 613 039;B01;2;10;4;2;8;1;1;
202300038081;155 613 040;Z01;2;7;4;2;1;1;1;
202300038081;155 613 043;A01;2;7;4;2;4;1;1;
202300038082;155 613 038;A01;2;7;0;2;2;14;1;
202300038082;155 613 041;B01;2;1;0;2;4;2;5;
202300038083;155 613 037;A01;2;33;0;0;1;1;1;
202300038084;155 613 036;A01;1;7;1;0;2;1;1;
202300038085;155 613 035;A01;1;7;13;2;9;1;1;
202300038086;155 613 033;A01;3;50;0;0;0;0;3;
202300038087;155 613 032;A01;0;7;0;1;4;20;0;
202300038088;155 613 028;A01;1;7;0;2;1;1;1;
202300038088;155 613 030;B01;1;7;0;2;4;1;1;
202300038089;155 613 027;B01;2;7;1;2;8;2;1;
202300038089;155 613 029;C01;2;7;0;2;3;24;1;
202300038089;155 613 031;A01;2;10;0;2;2;12;1;
202300038089;155 613 034;D01;2;7;0;2;6;24;1;
202300038090;155 613 024;A01;2;7;0;2;3;1;2;
202300038090;155 613 026;B01;1;7;1;2;3;13;1;
202300038091;155 613 021;A01;2;7;0;2;2;15;1;
202300038091;155 613 025;B01;1;7;0;2;0;0;1;
202300038092;155 613 019;B01;2;7;14;0;4;23;1;
202300038092;155 613 023;A01;2;7;0;2;1;23;1;
202300038093;155 613 015;B01;2;31;0;2;1;2;0;
202300038093;155 613 017;A01;1;99;0;0;8;26;0;
202300038094;155 613 010;A01;1;7;0;2;1;21;1;
202300038094;155 613 011;B01;1;7;0;2;0;1;1;
202300038094;155 613 014;C01;1;31;0;2;1;21;1;
202300038095;155 613 009;B01;1;43;0;2;3;1;1;
202300038095;155 613 013;A01;1;7;0;2;3;15;1;
202300038096;155 613 008;A01;2;14;0;1;7;16;1;
202300038097;155 613 004;A01;2;34;0;2;1;1;1;
202300038097;155 613 007;B01;1;7;0;2;5;15;0;
202300038098;155 613 001;A01;3;10;0;0;0;0;0;
202300038098;155 613 006;B01;3;2;0;2;0;0;1;
202300038099;155 613 003;B01;1;15;0;2;1;1;1;
202300038099;155 613 005;A01;2;2;0;2;1;17;1;
202300038100;155 613 000;B01;2;2;0;2;8;1;1;
202300038100;155 613 002;A01;2;7;0;2;2;9;1;
202300038101;155 612 997;A01;1;31;1;1;3;13;1;
202300038102;155 612 996;A01;1;7;0;2;7;9;1;
202300038102;155 612 998;B01;2;34;4;2;1;1;1;
202300038103;155 612 995;B01;2;7;0;0;6;1;1;
202300038103;155 612 999;A01;2;7;0;2;1;1;1;
202300038104;155 612 992;A01;2;7;6;1;3;13;1;
202300038105;155 612 991;B01;3;39;0;2;1;1;3;
202300038105;155 612 994;A01;3;80;0;4;7;19;5;
202300038106;155 612 989;A01;2;10;1;0;3;13;1;
202300038107;155 612 990;A01;3;7;0;2;3;13;1;
202300038107;155 612 993;B01;3;7;0;2;3;1;1;
202300038108;155 612 985;B01;2;2;0;2;7;1;1;
202300038108;155 612 988;A01;2;7;0;2;1;9;1;
202300038109;155 612 983;A01;2;2;1;0;1;1;1;
202300038110;155 612 982;A01;1;2;0;2;1;2;3;
202300038110;155 612 986;B01;1;7;0;2;4;2;1;
202300038111;155 612 981;C01;1;7;0;2;1;1;1;
202300038111;155 612 984;A01;1;10;0;2;1;1;1;
202300038111;155 612 987;B01;1;33;0;2;1;1;1;
202300038112;155 612 979;A01;1;7;0;2;1;13;1;
202300038112;155 612 980;B01;2;7;0;2;1;1;1;
202300038113;155 612 978;A01;1;80;0;0;0;1;3;
202300038114;155 612 973;A01;1;7;0;1;1;1;1;
202300038115;155 612 974;A01;1;10;0;2;0;20;1;
202300038115;155 612 976;B01;1;60;0;2;0;1;5;
202300038116;155 612 975;A01;0;30;0;2;1;2;1;
202300038116;155 612 977;B01;0;7;0;2;6;2;1;
202300038117;155 612 972;A01;2;36;0;0;0;1;1;
202300038118;155 612 966;C01;1;17;0;2;7;1;1;
202300038118;155 612 968;A01;1;7;0;2;1;2;1;
202300038118;155 612 970;B01;1;7;3;2;4;1;1;
202300038119;155 612 969;B01;3;1;0;2;8;19;5;
202300038119;155 612 971;A01;3;7;0;9;1;16;1;
202300038120;155 612 965;A01;2;7;0;2;3;1;2;
202300038120;155 612 967;B01;1;7;0;2;1;1;1;
202300038121;155 612 964;A01;1;7;6;0;1;16;1;
202300038122;155 612 960;A01;1;7;0;2;4;1;1;
202300038122;155 612 962;B01;1;7;0;2;4;1;1;
202300038122;155 612 963;C01;1;7;0;2;4;1;1;
202300038123;155 612 957;B01;2;50;0;2;1;1;3;
202300038123;155 612 958;A01;1;7;0;9;8;9;1;
202300038124;155 612 955;A01;3;7;0;0;9;14;1;
202300038125;155 612 954;A01;1;7;0;2;3;2;1;
202300038125;155 612 956;B01;1;37;0;0;6;2;1;1
202300038126;155 612 952;B01;1;30;0;2;1;1;1;
202300038126;155 612 953;A01;2;7;0;2;5;15;1;
202300038127;155 612 948;B01;1;1;0;2;2;17;5;
202300038127;155 612 950;A01;1;7;0;9;3;1;1;
202300038128;155 612 946;A01;2;7;0;1;1;1;1;
202300038129;155 612 945;A01;1;7;0;2;3;13;1;
202300038129;155 612 947;B01;2;7;0;2;3;1;1;
202300038130;155 612 944;A01;1;7;2;0;9;1;1;
202300038131;155 612 943;A01;1;33;0;0;8;1;1;
202300038132;155 612 938;A01;2;7;0;2;1;19;1;
202300038132;155 612 942;B01;2;37;0;2;3;1;1;8
202300038133;155 612 937;A01;2;33;14;0;0;1;0;
202300038134;155 612 936;A01;1;1;0;2;0;16;5;
202300038134;155 612 939;B01;1;14;0;2;1;1;1;
202300038135;155 612 931;A01;2;1;0;2;1;1;5;
202300038135;155 612 934;B01;2;7;0;2;7;16;1;
202300038136;155 612 930;A01;3;7;0;2;7;14;0;
202300038136;155 612 933;B01;3;7;0;2;1;1;0;
202300038137;155 612 929;C01;2;7;4;0;2;1;1;
202300038137;155 612 932;B01;2;7;0;2;4;26;1;
202300038137;155 612 935;A01;2;7;0;2;1;1;1;
202300038138;155 612 928;A01;2;7;7;0;1;1;1;
202300038139;155 612 927;A01;1;10;8;0;2;1;1;
202300038140;155 612 924;A01;1;7;13;0;2;2;1;
202300038141;155 612 925;B01;2;7;0;2;3;15;1;
202300038141;155 612 926;A01;2;7;2;2;2;17;1;
202300038142;155 612 922;B01;1;7;0;2;1;0;1;
202300038142;155 612 923;A01;2;7;0;2;1;0;1;
202300038143;155 612 921;A01;1;7;13;0;7;14;1;
202300038144;155 612 920;A01;1;2;13;0;1;1;1;
202300038145;155 612 919;A01;2;7;16;0;1;13;1;
202300038146;155 612 918;A01;1;7;6;0;4;1;1;
202300038147;155 612 915;B01;1;7;2;2;3;9;1;
202300038147;155 612 916;A01;1;7;0;2;1;1;1;
202300038148;155 612 917;A01;1;7;2;0;7;14;1;
202300038149;155 612 913;B01;2;1;0;0;4;2;5;
202300038149;155 612 914;A01;2;2;0;9;2;2;1;
202300038150;155 612 911;A01;2;7;2;0;1;19;1;
202300038151;155 612 912;A01;1;7;4;0;1;1;1;
202300038152;155 612 910;A01;2;7;2;0;1;13;1;
202300038153;155 612 908;A01;1;7;0;0;9;1;1;
202300038154;155 612 907;B01;2;31;0;2;2;1;1;
202300038154;155 612 909;A01;3;7;0;2;3;1;1;
202300038155;155 612 906;A01;1;2;12;0;6;1;1;
202300038156;155 612 904;B01;1;50;0;2;4;0;3;
202300038156;155 612 905;A01;1;10;0;2;2;1;1;
202300038157;155 612 903;A01;2;33;0;0;8;15;1;
202300038158;155 612 901;A01;1;7;0;0;1;1;1;
202300038159;155 612 900;A01;3;33;0;2;4;23;1;
202300038159;155 612 902;B01;3;14;0;2;3;1;1;
202300038160;155 612 899;A01;1;7;13;0;2;14;1;
202300038161;155 612 898;A01;3;7;0;1;1;1;1;
202300038162;155 612 895;A01;2;7;0;0;1;1;1;
202300038163;155 612 896;A01;3;33;0;1;1;17;1;
202300038163;155 612 897;B01;3;1;0;2;1;1;5;
202300038164;155 612 892;A01;1;10;0;2;2;16;1;
202300038164;155 612 894;B01;1;50;8;2;3;1;3;
202300038165;155 612 891;A01;2;7;0;2;1;13;0;
202300038165;155 612 893;B01;1;7;0;2;1;1;0;
202300038166;155 612 890;A01;2;7;0;0;0;1;1;
202300038167;155 612 889;A01;2;7;16;0;3;2;1;
202300038168;155 612 888;A01;3;7;0;0;2;15;1;
202300038169;155 612 887;A01;1;33;2;0;1;17;1;
202300038170;155 612 886;A01;2;7;0;1;1;1;1;
202300038171;155 612 883;B01;1;1;1;0;1;1;5;
202300038171;155 612 885;A01;1;10;0;9;3;23;1;
202300038172;155 612 882;A01;1;7;0;2;1;10;0;
202300038172;155 612 884;B01;2;33;0;2;2;1;0;
202300038173;155 612 881;A01;2;7;15;0;1;14;1;
202300038174;155 612 878;A01;2;7;2;0;1;21;1;
202300038174;155 612 879;B01;2;7;2;0;6;1;1;
202300038175;155 612 877;B01;1;10;0;2;3;1;0;
202300038175;155 612 880;A01;2;7;0;2;1;13;0;
202300038176;155 612 876;A01;2;7;2;0;1;13;1;
202300038177;155 612 874;A01;1;33;0;0;9;1;1;
202300038178;155 612 875;A01;1;33;0;0;0;15;1;
202300038179;155 612 873;A01;3;33;12;0;1;15;1;
202300038180;155 612 871;A01;2;7;0;0;8;19;1;
202300038180;155 612 872;B01;2;33;0;2;2;26;1;
202300038181;155 612 868;A01;2;7;8;0;0;1;1;
202300038182;155 612 869;A01;2;10;0;1;3;15;1;
202300038183;155 612 867;B01;2;7;0;2;1;1;1;
202300038183;155 612 870;A01;3;7;0;2;2;19;1;
202300038184;155 612 865;A01;2;7;9;0;2;1;1;
202300038185;155 612 864;A01;1;7;0;2;3;23;1;
202300038185;155 612 866;B01;2;33;0;2;2;1;1;
202300038186;155 612 862;A01;0;33;2;0;1;10;0;
202300038187;155 612 861;A01;1;34;0;0;0;0;1;
202300038187;155 612 863;B01;2;7;9;0;0;0;1;
202300038188;155 612 856;A01;0;7;0;2;7;1;1;
202300038188;155 612 859;B01;0;7;0;2;1;26;1;
202300038189;155 612 857;A01;1;7;0;2;1;17;1;
202300038189;155 612 860;B01;1;21;0;0;5;15;1;
202300038190;155 612 855;B01;1;33;0;2;3;1;1;
202300038190;155 612 858;A01;2;7;0;2;6;15;1;
202300038191;155 612 853;A01;0;7;0;2;3;6;0;
202300038191;155 612 854;B01;0;7;0;2;2;21;0;
202300038192;155 612 849;A01;1;30;0;2;1;10;1;
202300038192;155 612 852;B01;1;32;0;2;8;1;1;
202300038193;155 612 847;A01;3;7;0;2;3;26;1;
202300038193;155 612 851;B01;3;1;0;2;3;16;5;
202300038194;155 612 846;A01;2;7;0;2;1;13;1;
202300038194;155 612 848;C01;1;7;0;2;1;0;1;
202300038194;155 612 850;B01;1;7;0;2;6;0;1;
202300038195;155 612 844;B01;0;7;0;9;3;1;0;
202300038195;155 612 845;A01;0;99;0;2;1;0;3;
202300038196;155 612 842;A01;1;7;6;0;1;1;1;
202300038197;155 612 839;A01;3;14;0;0;7;1;1;
202300038198;155 612 841;B01;1;1;0;2;4;2;5;
202300038198;155 612 843;A01;1;1;0;2;1;2;5;
202300038199;155 612 838;B01;0;1;0;2;1;14;5;
202300038199;155 612 840;A01;0;7;0;2;2;15;1;
202300038200;155 612 836;B01;1;7;0;2;5;14;1;
202300038200;155 612 837;A01;1;33;0;2;1;1;1;
202300038201;155 612 835;A01;1;7;2;0;8;1;1;
202300038202;155 612 834;A01;1;43;0;1;1;1;1;
202300038203;155 612 830;B01;1;10;0;2;4;2;1;
202300038203;155 612 832;A01;1;15;0;2;1;2;1;
202300038203;155 612 833;C01;1;15;0;2;4;2;0;
202300038204;155 612 828;A01;1;7;0;2;5;1;1;
202300038204;155 612 831;B01;1;1;0;2;3;1;5;
202300038205;155 612 829;A01;1;7;0;0;9;19;1;
202300038206;155 612 826;B01;2;7;0;2;6;2;1;
202300038206;155 612 827;A01;2;17;6;2;7;12;1;
202300038207;155 612 823;A01;1;7;0;9;7;2;1;
202300038207;155 612 825;B01;1;1;0;0;4;2;5;
202300038208;155 612 824;A01;2;33;3;0;1;17;1;
202300038209;155 612 821;A01;2;10;0;2;1;2;1;
202300038209;155 612 822;B01;2;7;0;2;4;2;1;
202300038210;155 612 820;A01;0;7;0;1;1;1;6;
202300038211;155 612 817;B01;2;32;0;2;4;2;1;
202300038211;155 612 819;A01;2;7;0;2;1;2;1;
202300038212;155 612 816;A01;0;33;0;6;1;1;0;
202300038213;155 612 814;A01;2;7;4;0;1;1;1;
202300038214;155 612 813;A01;3;7;0;9;2;0;1;
202300038214;155 612 815;B01;3;1;0;0;4;0;5;
202300038215;155 612 812;B01;2;7;0;2;8;1;1;
202300038215;155 612 818;A01;1;7;0;2;1;1;1;
202300038216;155 612 810;A01;1;1;0;0;0;1;5;
202300038217;155 612 809;B01;2;10;0;2;9;11;1;
202300038217;155 612 811;A01;2;7;0;2;2;1;1;
202300038218;155 612 807;A01;3;7;13;0;9;1;1;
202300038219;155 612 804;B01;1;7;3;2;4;1;1;