Num_Acc;id_vehicule;num_veh;senc;catv;obs;obsm;choc;manv;motor;occutc
202300038506;155 612 303;A01;1;10;0;2;3;1;1;
202300038507;155 612 297;B01;2;1;0;2;1;5;5;
202300038507;155 612 299;A01;1;7;0;2;1;1;1;
202300038508;155 612 294;A01;2;17;0;1;2;1;0;
202300038508;155 612 298;C01;2;7;0;0;3;24;0;
202300038509;155 612 292;C01;1;7;0;2;4;1;1;
202300038509;155 612 295;A01;1;7;0;2;2;2;1;
202300038509;155 612 296;B01;1;7;0;2;6;1;1;
202300038510;155 612 291;A01;1;7;0;2;3;15;1;
202300038510;155 612 293;B01;2;1;0;2;2;1;5;
202300038511;155 612 289;A01;1;7;4;2;1;26;1;
202300038511;155 612 290;B01;1;7;0;2;4;1;1;
202300038512;155 612 287;A01;1;7;0;1;2;1;1;
202300038513;155 612 285;A01;2;7;0;0;1;2;1;
202300038513;155 612 288;B01;2;7;0;0;4;2;1;
202300038514;155 612 281;B01;2;7;0;2;7;1;2;
202300038514;155 612 283;A01;2;50;0;2;8;26;3;
202300038515;155 612 278;A01;1;7;16;0;7;1;1;
202300038516;155 612 277;A01;1;7;4;0;0;2;1;
202300038516;155 612 279;B01;1;7;0;2;1;2;1;
202300038516;155 612 280;C01;1;7;0;2;2;2;0;
202300038517;155 612 282;A01;2;7;0;2;1;2;1;
202300038517;155 612 284;B01;2;7;0;2;4;2;1;
202300038517;155 612 286;C01;2;7;0;2;4;2;1;
202300038518;155 612 275;A01;1;10;0;1;2;14;1;
202300038519;155 612 273;A01;2;7;0;2;1;2;1;
202300038519;155 612 274;B01;2;7;0;2;4;2;1;
202300038519;155 612 276;C01;2;7;0;2;4;2;1;
202300038520;155 612 271;A01;1;7;1;0;1;13;1;
202300038521;155 612 270;B01;2;7;0;2;3;1;0;
202300038521;155 612 272;A01;1;7;0;2;3;5;0;
202300038522;155 612 269;A01;3;7;0;1;2;1;1;
202300038523;155 612 267;A01;1;7;0;2;1;13;0;
202300038523;155 612 268;B01;1;2;0;0;4;11;0;
202300038524;155 612 265;A01;0;31;0;2;1;2;1;
202300038524;155 612 266;B01;1;7;0;2;6;15;1;
202300038525;155 612 263;A01;1;33;0;2;1;17;0;
202300038525;155 612 264;B01;1;7;0;0;8;15;0;
202300038526;155 612 262;A01;1;7;0;1;2;1;1;
202300038527;155 612 261;A01;2;7;13;0;9;12;1;
202300038528;155 612 260;A01;2;7;0;1;3;1;1;
202300038529;155 612 258;A01;1;7;0;2;8;10;1;
202300038529;155 612 259;B01;1;99;0;2;1;1;1;
202300038530;155 612 257;A01;1;10;0;5;2;1;1;
202300038531;155 612 254;A01;2;7;1;0;3;13;1;
202300038532;155 612 253;A01;2;7;0;2;3;13;1;
202300038532;155 612 255;B01;1;7;0;2;1;1;1;
202300038532;155 612 256;C01;2;7;0;9;0;1;1;
202300038533;155 612 251;A01;1;7;8;9;3;13;1;
202300038534;155 612 250;A01;1;7;0;2;3;6;1;
202300038534;155 612 252;B01;2;7;0;2;2;1;1;
202300038535;155 612 249;A01;1;7;6;0;1;1;1;
202300038536;155 612 248;A01;1;33;16;0;1;21;1;
202300038537;155 612 246;A01;1;7;0;2;8;1;1;
202300038537;155 612 247;B01;1;7;0;2;1;26;1;
202300038538;155 612 244;A01;3;7;0;2;1;2;1;
202300038538;155 612 245;B01;1;7;0;0;4;2;1;
202300038539;155 612 243;A01;2;33;0;0;1;26;1;
202300038540;155 612 241;A01;3;7;0;1;3;15;1;
202300038541;155 612 240;A01;1;7;0;9;7;16;1;
202300038541;155 612 242;B01;1;1;0;2;8;1;5;
202300038542;155 612 238;A01;1;7;0;2;2;1;1;
202300038542;155 612 239;B01;1;50;0;2;1;19;3;
202300038543;155 612 236;A01;1;7;0;2;3;9;1;
202300038543;155 612 237;B01;1;33;0;2;2;2;1;
202300038544;155 612 234;A01;2;7;0;1;1;15;3;
202300038545;155 612 233;B01;1;30;0;2;8;1;1;
202300038545;155 612 235;Y01;1;10;0;2;1;9;0;
202300038546;155 612 230;A01;2;7;8;0;9;1;1;
202300038547;155 612 229;A01;2;7;0;1;2;2;1;
202300038547;155 612 231;B01;2;7;1;0;1;2;3;
202300038547;155 612 232;C01;2;7;1;0;2;2;2;
202300038548;155 612 228;A01;1;7;15;0;2;14;1;
202300038549;155 612 221;A01;2;7;0;2;3;18;1;
202300038549;155 612 223;E01;1;7;0;2;1;1;1;
202300038549;155 612 225;B01;2;7;0;2;4;23;1;
202300038549;155 612 226;C01;1;7;0;2;3;1;1;
202300038549;155 612 227;D01;2;7;0;2;2;1;1;
202300038550;155 612 219;A01;1;2;0;2;2;17;1;
202300038550;155 612 220;B01;1;7;0;2;3;13;1;
202300038551;155 612 218;A01;3;7;2;0;1;13;1;
202300038552;155 612 217;A01;1;7;0;1;1;1;1;
202300038553;155 612 216;A01;1;34;13;0;9;1;1;
202300038554;155 612 215;A01;3;7;8;0;1;15;1;
202300038555;155 612 213;A01;1;7;0;2;3;9;6;
202300038555;155 612 214;B01;1;1;0;2;7;9;5;
202300038556;155 612 212;A01;1;7;0;1;2;1;0;
202300038557;155 612 208;B01;1;30;0;2;1;2;1;
202300038557;155 612 209;C01;1;30;0;2;4;2;1;
202300038557;155 612 211;A01;1;30;0;2;1;2;1;
202300038558;155 612 207;B01;2;7;0;2;7;15;1;
202300038558;155 612 210;A01;1;30;0;2;1;2;1;
202300038559;155 612 206;A01;1;7;4;0;2;14;2;
202300038560;155 612 204;A01;2;7;0;1;3;1;1;
202300038561;155 612 203;A01;2;10;0;2;4;4;1;
202300038561;155 612 205;B01;1;2;0;2;1;9;1;
202300038562;155 612 202;A01;1;31;0;0;8;3;1;
202300038563;155 612 200;A01;2;33;0;2;1;13;1;
202300038563;155 612 201;B01;1;7;0;2;3;1;1;
202300038564;155 612 199;A01;3;80;14;0;1;9;3;
202300038565;155 612 195;B01;2;33;0;2;1;1;0;
202300038565;155 612 197;A01;1;13;0;2;2;15;0;
202300038566;155 612 196;B01;2;32;0;2;1;1;1;
202300038566;155 612 198;A01;2;30;0;2;8;10;1;
202300038567;155 612 193;A01;1;30;0;2;6;1;1;
202300038567;155 612 194;Z01;1;10;0;0;3;1;4;
202300038568;155 612 191;A01;3;7;0;2;1;1;1;
202300038568;155 612 192;B01;3;7;0;2;7;15;1;
202300038569;155 612 189;B01;2;32;0;2;1;1;1;
202300038569;155 612 190;A01;1;7;0;2;2;15;1;
202300038570;155 612 186;A01;2;7;0;2;1;15;1;
202300038570;155 612 188;B01;1;7;7;2;3;1;1;
202300038571;155 612 185;A01;1;32;0;2;2;14;1;
202300038571;155 612 187;B01;1;7;0;2;3;1;1;
202300038572;155 612 184;A01;1;80;3;0;2;1;3;
202300038573;155 612 183;A01;3;10;0;1;2;1;3;
202300038574;155 612 180;B01;3;80;0;2;1;16;3;
202300038574;155 612 182;A01;3;7;0;2;1;1;1;
202300038575;155 612 181;A01;3;7;4;0;9;13;1;
202300038576;155 612 177;B01;2;33;0;2;7;1;1;
202300038576;155 612 179;A01;1;10;0;2;5;15;1;
202300038577;155 612 178;Z01;3;7;0;1;2;1;1;
202300038578;155 612 174;A01;1;7;0;2;3;1;1;
202300038578;155 612 176;B01;1;7;0;2;1;1;1;
202300038579;155 612 173;B01;1;7;0;2;2;12;3;
202300038579;155 612 175;A01;1;32;0;2;1;7;1;
202300038580;155 612 171;A01;3;1;5;2;3;1;5;
202300038580;155 612 172;B01;3;1;0;2;1;1;5;
202300038581;155 612 170;A01;1;37;0;1;2;16;4;1
202300038582;155 612 168;A01;3;50;0;0;0;1;3;
202300038583;155 612 169;A01;1;7;0;0;0;1;1;
202300038584;155 612 167;A01;3;80;12;0;1;1;3;
202300038585;155 612 165;B01;2;33;0;2;1;1;1;
202300038585;155 612 166;A01;1;10;0;2;1;13;1;
202300038586;155 612 164;A01;2;7;17;0;3;13;1;
202300038587;155 612 162;A01;1;34;0;2;1;1;1;
202300038587;155 612 163;B01;1;1;0;2;2;19;5;
202300038588;155 612 160;A01;2;7;0;2;3;13;0;
202300038588;155 612 161;B01;1;10;0;2;3;1;1;
202300038589;155 612 159;A01;0;7;0;1;1;1;0;
202300038590;155 612 154;A01;2;7;0;2;1;1;1;
202300038590;155 612 156;B01;1;7;0;2;1;1;1;
202300038590;155 612 158;C01;1;7;0;2;3;1;1;
202300038591;155 612 152;A01;3;7;0;1;2;2;2;
202300038592;155 612 151;A01;2;31;0;2;1;1;6;
202300038592;155 612 153;B01;1;10;0;2;7;15;6;
202300038593;155 612 149;A01;0;10;0;1;4;23;1;
202300038594;155 612 148;A01;3;7;0;2;7;1;2;
202300038594;155 612 150;Z01;3;7;0;2;1;9;0;
202300038595;155 612 147;A01;3;7;0;0;2;0;0;
202300038596;155 612 144;A01;1;33;0;2;1;1;1;
202300038596;155 612 145;B01;2;10;0;2;5;15;1;
202300038597;155 612 146;A01;2;7;0;1;3;1;3;
202300038598;155 612 142;A01;2;7;0;1;3;1;1;
202300038599;155 612 141;Z01;3;7;0;2;3;15;1;
202300038599;155 612 143;A01;3;32;0;2;5;1;1;
202300038600;155 612 139;A01;2;33;0;0;8;1;1;
202300038600;155 612 140;B01;1;7;0;2;3;9;1;
202300038601;155 612 137;A01;2;1;0;2;0;0;5;
202300038601;155 612 138;B01;3;7;0;2;5;15;1;
202300038602;155 612 135;B01;1;10;0;2;4;2;1;
202300038602;155 612 136;A01;1;7;0;2;1;2;1;
202300038603;155 612 133;A01;2;7;4;0;1;13;1;
202300038604;155 612 132;B01;2;7;0;2;1;0;3;
202300038604;155 612 134;A01;1;7;0;2;2;15;1;
202300038605;155 612 130;A01;2;7;0;2;1;1;1;
202300038605;155 612 131;B01;2;7;0;2;4;1;1;
202300038606;155 612 129;A01;1;10;0;1;2;16;1;
202300038607;155 612 126;B01;1;7;0;2;4;1;1;
202300038607;155 612 127;C01;1;15;0;2;4;1;1;
202300038607;155 612 128;A01;1;10;0;2;1;14;1;
202300038608;155 612 123;B01;1;7;0;2;3;1;1;
202300038608;155 612 125;A01;2;7;0;2;1;15;1;
202300038609;155 612 122;A01;2;33;0;2;1;2;1;
202300038609;155 612 124;B01;2;7;0;2;0;0;1;
202300038610;155 612 120;Z01;2;7;0;2;7;12;0;
202300038610;155 612 121;A01;2;33;0;2;8;3;1;
202300038611;155 612 119;A01;1;7;13;0;1;1;1;
202300038612;155 612 117;A01;1;7;0;2;5;23;1;
202300038612;155 612 118;B01;1;10;0;2;1;1;1;
202300038613;155 612 115;A01;2;10;0;2;3;15;1;
202300038613;155 612 116;B01;1;7;0;2;3;1;3;
202300038614;155 612 114;A01;1;33;4;0;8;17;1;
202300038615;155 612 112;A01;2;7;2;0;7;1;1;
202300038616;155 612 111;A01;1;34;0;2;1;1;1;
202300038616;155 612 113;B01;1;7;0;0;4;15;2;
202300038617;155 612 110;A01;0;7;8;0;1;1;1;
202300038618;155 612 109;A01;3;7;0;2;5;26;1;
202300038619;155 612 108;A01;1;7;0;1;3;1;1;
202300038620;155 612 106;B01;3;7;0;2;3;1;1;
202300038620;155 612 107;A01;3;15;0;2;8;13;1;
202300038621;155 612 105;A01;2;7;0;0;9;1;1;
202300038622;155 612 101;A01;2;1;0;2;4;1;5;
202300038622;155 612 104;B01;2;7;0;2;2;2;1;
202300038623;155 612 102;A01;1;7;8;2;3;1;1;
202300038623;155 612 103;B01;2;7;0;2;3;1;1;
202300038624;155 612 099;A01;1;32;5;1;0;1;6;
202300038625;155 612 098;A01;2;7;0;2;1;13;1;
202300038625;155 612 100;B01;1;10;0;2;1;1;1;
202300038626;155 612 096;A01;1;7;13;0;1;1;1;
202300038627;155 612 094;A01;1;7;0;2;8;21;1;
202300038627;155 612 095;B01;1;7;0;2;7;21;1;
202300038627;155 612 097;C01;1;7;0;2;1;21;1;
202300038628;155 612 091;A01;1;7;13;0;0;21;1;
202300038628;155 612 093;B01;2;7;0;0;0;0;0;
202300038629;155 612 090;B01;1;7;0;2;6;15;1;
202300038629;155 612 092;A01;2;31;0;2;1;2;1;
202300038630;155 612 087;A01;2;3;0;0;6;2;1;
202300038630;155 612 089;B01;2;7;0;2;2;13;2;
202300038631;155 612 086;A01;3;30;0;2;1;26;1;
202300038631;155 612 088;B01;3;2;0;2;1;5;1;
202300038632;155 612 083;A01;0;7;0;2;1;1;1;
202300038632;155 612 085;B01;0;7;0;2;8;0;1;
202300038633;155 612 082;B01;1;7;0;2;3;0;1;
202300038633;155 612 084;A01;1;50;0;2;3;1;3;
202300038634;155 612 079;A01;1;2;0;2;1;1;1;
202300038634;155 612 081;B01;2;7;0;2;3;1;1;
202300038635;155 612 078;A01;1;10;0;2;1;1;1;
202300038635;155 612 080;B01;1;7;0;2;4;1;1;
202300038636;155 612 074;A01;2;7;0;2;8;1;1;
202300038636;155 612 077;B01;2;7;0;2;1;1;1;
202300038637;155 612 069;F01;2;7;0;2;4;1;1;
202300038637;155 612 070;A01;2;7;0;2;1;2;1;
202300038637;155 612 072;B01;2;7;0;2;4;1;1;
202300038637;155 612 073;C01;2;7;0;2;4;1;1;
202300038637;155 612 075;D01;2;7;0;2;4;1;1;
202300038637;155 612 076;E01;2;7;0;2;4;1;1;
202300038638;155 612 068;B01;2;7;0;9;1;1;1;
202300038638;155 612 071;A01;2;50;0;2;7;1;3;
202300038639;155 612 066;A01;1;7;0;0;9;26;1;
202300038640;155 612 065;A01;1;7;0;2;3;13;1;
202300038640;155 612 067;B01;2;7;0;2;2;1;1;
202300038641;155 612 064;A01;1;10;0;1;1;15;1;
202300038642;155 612 062;A01;3;7;0;2;1;9;1;
202300038642;155 612 063;B01;3;7;0;2;8;1;1;
202300038643;155 612 060;B01;1;33;0;2;1;1;1;
202300038643;155 612 061;A01;3;7;0;2;7;19;1;
202300038644;155 612 059;A01;1;31;17;0;1;13;1;
202300038645;155 612 058;A01;1;7;2;0;3;14;1;
202300038646;155 612 057;A01;2;7;13;0;1;13;1;
202300038647;155 612 053;A01;1;7;4;2;1;5;1;
202300038647;155 612 055;B01;1;7;0;0;0;1;3;
202300038647;155 612 056;C01;1;7;0;2;1;2;1;
202300038648;155 612 052;A01;1;7;13;0;1;14;1;
202300038649;155 612 050;A01;2;7;0;2;1;9;0;
202300038649;155 612 051;B01;3;7;0;2;2;1;0;
202300038650;155 612 049;A01;3;7;0;1;3;15;0;
202300038651;155 612 047;A01;1;7;0;2;2;19;1;
202300038651;155 612 048;B01;1;7;0;2;2;1;0;
202300038652;155 612 046;A01;2;7;13;0;1;1;0;
202300038653;155 612 044;A01;2;7;8;0;0;0;1;
202300038654;155 612 041;B01;3;32;0;2;1;5;1;
202300038654;155 612 043;C01;3;7;0;2;1;24;1;
202300038654;155 612 045;A01;3;7;0;2;1;0;1;
202300038655;155 612 040;A01;2;7;0;2;1;13;1;
202300038655;155 612 042;B01;1;7;0;2;1;1;1;
202300038656;155 612 039;A01;2;7;0;0;0;0;1;
202300038657;155 612 037;B01;1;7;0;2;1;1;1;
202300038657;155 612 038;A01;1;1;0;2;1;1;5;
202300038658;155 612 035;A01;2;7;15;0;3;1;1;
202300038659;155 612 036;A01;1;7;2;0;1;15;1;
202300038660;155 612 034;A01;3;7;13;0;0;1;1;
202300038661;155 612 033;A01;1;7;2;0;1;1;1;
202300038662;155 612 031;A01;0;30;14;0;1;1;1;
202300038663;155 612 032;A01;1;7;0;1;3;15;1;
202300038664;155 612 030;A01;2;33;0;6;1;1;1;
202300038665;155 612 029;A01;1;3;0;1;7;1;3;
202300038666;155 612 028;A01;1;7;13;0;1;1;1;
202300038667;155 612 027;A01;2;30;0;1;4;14;1;
202300038668;155 612 023;A01;1;34;0;2;3;1;1;
202300038668;155 612 025;Z01;2;7;0;2;1;1;0;
202300038669;155 612 022;B01;2;7;0;2;2;1;1;
202300038669;155 612 024;C01;2;7;0;2;2;1;1;
202300038669;155 612 026;A01;1;7;3;2;8;13;1;
202300038670;155 612 020;A01;3;7;0;2;3;9;1;
202300038670;155 612 021;B01;1;33;0;2;7;1;1;
202300038671;155 612 018;A01;2;7;0;2;3;1;1;
202300038671;155 612 019;B01;1;7;0;2;3;13;1;
202300038672;155 612 016;A01;2;7;0;0;9;1;1;
202300038673;155 612 015;A01;3;7;0;2;7;1;2;
202300038673;155 612 017;B01;3;7;0;2;1;9;1;
202300038674;155 612 012;A01;2;7;0;2;0;1;1;
202300038674;155 612 013;B01;2;50;0;2;1;19;3;
202300038675;155 612 011;B01;1;7;7;2;1;1;1;
202300038675;155 612 014;A01;2;7;8;2;7;19;1;
202300038676;155 612 009;B01;1;33;0;2;7;1;1;
202300038676;155 612 010;A01;1;7;0;2;6;15;1;
202300038677;155 612 008;A01;1;36;0;0;9;0;1;
202300038678;155 612 007;Z01;1;7;0;1;2;1;0;
202300038679;155 612 005;A01;1;7;0;2;1;15;1;
202300038679;155 612 006;B01;1;32;0;0;7;1;1;
202300038680;155 612 003;B01;1;43;0;2;1;1;1;
202300038680;155 612 004;A01;2;7;0;2;1;13;1;
202300038681;155 612 001;A01;1;7;0;2;8;11;1;
202300038681;155 612 002;B01;1;33;0;2;1;1;1;
202300038682;155 612 000;A01;1;7;0;1;1;2;1;
202300038683;155 611 998;A01;1;33;15;0;7;1;1;
202300038684;155 611 997;A01;3;7;1;0;1;1;1;
202300038684;155 611 999;B01;3;15;0;0;4;24;1;
202300038685;155 611 996;A01;1;31;4;0;2;14;1;
202300038686;155 611 995;A01;3;7;13;0;0;1;1;
202300038687;155 611 993;A01;3;7;0;1;1;15;1;
202300038688;155 611 992;B01;1;7;0;2;1;1;1;
202300038688;155 611 994;A01;2;7;0;2;3;15;1;
202300038689;155 611 989;A01;3;10;0;2;1;13;1;
202300038689;155 611 990;B01;3;7;0;2;1;1;1;
202300038690;155 611 988;B01;1;50;0;2;4;16;3;
202300038690;155 611 991;A01;2;7;0;9;1;9;1;
202300038691;155 611 986;B01;2;7;0;2;2;1;1;
202300038691;155 611 987;A01;1;7;0;2;3;13;1;
202300038692;155 611 983;A01;2;7;0;1;2;1;1;
202300038693;155 611 984;A01;1;50;0;0;4;6;3;
202300038693;155 611 985;B01;1;7;0;0;4;0;1;
202300038694;155 611 981;B01;3;36;0;2;3;1;1;
202300038694;155 611 982;A01;3;7;0;2;3;1;1;
202300038695;155 611 978;A01;1;2;0;2;8;1;1;
202300038695;155 611 979;B01;2;7;0;0;7;15;1;
202300038696;155 611 977;A01;1;7;0;2;5;15;3;
202300038696;155 611 980;B01;2;33;0;2;1;1;1;
202300038697;155 611 976;A01;1;7;0;0;1;13;1;
202300038698;155 611 973;A01;1;7;0;2;8;1;1;
202300038698;155 611 974;B01;1;7;0;2;1;1;1;
202300038698;155 611 975;C01;2;7;0;2;1;13;1;
202300038699;155 611 971;A01;0;7;0;2;7;1;0;
202300038699;155 611 972;B01;3;7;0;2;2;9;0;
202300038700;155 611 970;Z01;2;7;0;1;1;26;0;
202300038701;155 611 967;A01;2;7;0;2;3;13;1;
202300038701;155 611 968;B01;1;7;0;2;3;1;1;
202300038702;155 611 969;A01;2;7;13;0;1;1;1;
202300038703;155 611 965;A01;0;7;0;2;4;4;1;
202300038703;155 611 966;B01;0;7;0;2;1;2;1;
202300038704;155 611 963;A01;1;33;0;0;1;0;1;
202300038705;155 611 962;A01;1;7;0;2;2;15;1;
202300038705;155 611 964;B01;2;33;0;2;1;1;1;
202300038706;155 611 960;A01;0;3;0;2;1;2;1;
202300038706;155 611 961;B01;1;7;0;2;4;1;1;
202300038707;155 611 957;B01;0;7;0;2;2;9;0;
202300038707;155 611 958;A01;3;7;0;2;1;1;0;
202300038708;155 611 956;B01;1;7;0;2;7;1;1;
202300038708;155 611 959;A01;1;10;0;2;1;9;1;
202300038709;155 611 955;A01;0;14;0;1;4;4;0;
202300038710;155 611 952;B01;3;7;0;2;5;26;1;
202300038710;155 611 954;A01;3;7;0;2;1;26;3;
202300038711;155 611 953;A01;1;7;2;0;1;1;1;
202300038712;155 611 949;A01;1;7;0;2;1;1;1;
202300038712;155 611 951;B01;1;7;0;2;4;23;2;
202300038713;155 611 948;A01;2;7;0;2;6;11;1;
202300038713;155 611 950;B01;2;33;0;2;2;11;1;
202300038714;155 611 946;B01;3;7;0;2;1;1;1;
202300038714;155 611 947;A01;3;7;0;2;1;1;1;
202300038715;155 611 944;A01;1;7;0;2;8;26;1;
202300038715;155 611 945;B01;1;7;0;2;1;17;1;
202300038716;155 611 943;A01;1;7;1;2;1;14;1;
202300038717;155 611 939;B01;2;7;0;2;8;15;1;
202300038717;155 611 942;A01;1;30;0;2;1;17;1;
202300038718;155 611 938;B01;2;7;0;2;1;1;1;
202300038718;155 611 940;C01;2;32;0;2;1;1;1;
202300038718;155 611 941;A01;2;7;0;2;4;1;1;
202300038719;155 611 933;A01;1;31;0;0;1;0;0;
202300038719;155 611 935;B01;1;7;0;0;3;20;0;
202300038720;155 611 929;A01;3;7;0;2;1;15;1;
202300038720;155 611 931;B01;3;2;0;2;1;1;1;
202300038721;155 611 930;A01;2;7;0;2;4;1;1;
202300038721;155 611 932;B01;2;7;0;2;4;0;1;
202300038721;155 611 934;C01;2;7;3;2;3;0;1;
202300038722;155 611 926;A01;2;7;0;0;8;1;1;
202300038722;155 611 928;B01;1;33;0;0;1;1;1;
202300038723;155 611 927;A01;1;7;4;0;1;1;1;
202300038724;155 611 925;A01;1;7;5;0;1;14;1;
202300038725;155 611 922;B01;2;7;0;2;5;1;1;
202300038725;155 611 924;A01;2;33;0;2;3;3;1;
202300038726;155 611 918;B01;2;32;0;2;2;1;3;
202300038726;155 611 919;A01;2;7;0;2;3;11;1;
202300038726;155 611 920;C01;2;32;0;2;1;11;3;
202300038727;155 611 921;A01;1;10;0;2;1;1;1;
202300038727;155 611 923;B01;1;7;0;2;4;1;1;
202300038728;155 611 917;A01;2;7;0;1;2;16;1;
202300038729;155 611 916;A01;2;7;0;1;3;1;2;
202300038730;155 611 914;B01;1;7;0;2;8;22;1;
202300038730;155 611 915;A01;1;80;0;2;2;2;3;
202300038731;155 611 913;A01;1;7;0;1;1;1;1;
202300038732;155 611 909;A01;2;7;0;2;2;16;1;
202300038732;155 611 910;B01;2;1;0;2;1;1;5;
202300038733;155 611 907;A01;1;7;0;2;7;22;1;
202300038733;155 611 908;B01;1;1;0;2;1;1;5;
202300038734;155 611 905;A01;1;7;0;2;2;15;1;
202300038734;155 611 906;B01;2;43;0;2;1;1;1;
202300038735;155 611 903;A01;3;7;0;2;5;22;1;
202300038735;155 611 904;B01;3;1;0;2;1;1;5;
202300038736;155 611 902;A01;1;1;0;1;1;1;5;
202300038737;155 611 901;A01;1;7;0;1;1;1;1;
202300038738;155 611 900;A01;1;7;0;1;1;15;0;
202300038739;155 611 899;A01;1;7;0;1;2;1;1;
202300038740;155 611 897;A01;1;7;0;2;1;1;1;
202300038740;155 611 898;B01;2;7;0;2;3;15;1;
202300038741;155 611 896;A01;2;31;0;6;1;1;1;
202300038742;155 611 895;A01;2;7;0;1;1;1;0;
202300038743;155 611 894;A01;2;7;13;0;3;1;1;
202300038744;155 611 892;A01;2;7;0;2;3;13;1;
202300038744;155 611 893;B01;2;43;0;2;0;0;1;
202300038745;155 611 891;A01;1;33;13;0;1;1;1;
202300038746;155 611 887;C01;1;7;0;2;4;1;1;
202300038746;155 611 889;B01;1;7;0;2;4;1;1;
202300038746;155 611 890;A01;1;10;0;2;1;1;1;
202300038747;155 611 886;A01;1;13;0;2;3;1;1;
202300038747;155 611 888;B01;2;7;0;2;1;13;1;
202300038748;155 611 885;A01;1;32;0;0;0;1;1;
202300038749;155 611 884;A01;1;7;12;0;9;1;1;
202300038750;155 611 882;A01;0;0;0;1;1;0;0;
202300038751;155 611 883;A01;2;7;3;0;0;0;1;
202300038752;155 611 881;A01;0;0;0;1;1;1;0;
202300038753;155 611 879;A01;1;7;0;2;3;13;1;
202300038753;155 611 880;B01;2;7;0;2;3;1;1;
202300038754;155 611 878;A01;0;7;0;1;4;4;1;
202300038755;155 611 876;A01;1;7;0;0;6;15;1;
202300038755;155 611 877;B01;1;33;0;2;1;2;1;
202300038756;155 611 874;A01;2;7;0;2;8;1;1;
202300038756;155 611 875;B01;1;10;0;2;1;1;1;
202300038757;155 611 871;A01;1;7;0;2;1;12;1;
202300038757;155 611 872;B01;1;7;0;2;4;1;1;
202300038757;155 611 873;C01;1;10;0;0;5;1;1;
202300038758;155 611 869;A01;1;7;0;2;8;20;1;
202300038758;155 611 870;B01;1;30;0;2;7;1;1;
202300038759;155 611 866;A01;0;7;0;1;1;1;1;
202300038760;155 611 867;B01;1;33;0;2;1;1;1;
202300038760;155 611 868;A01;1;7;0;2;3;19;1;
202300038761;155 611 865;A01;2;43;0;1;1;2;1;
202300038762;155 611 864;A01;1;2;0;0;8;1;1;
202300038763;155 611 861;A01;2;7;0;2;7;24;0;
202300038763;155 611 863;B01;2;99;1;0;1;1;0;
202300038764;155 611 860;A01;2;10;0;2;8;17;1;
202300038764;155 611 862;B01;2;33;3;2;7;17;1;
202300038765;155 611 859;A01;1;7;0;1;2;1;1;
202300038766;155 611 858;A01;2;33;6;0;2;1;1;
202300038767;155 611 855;A01;1;7;0;2;1;2;1;
202300038767;155 611 857;B01;1;7;3;0;4;2;1;
202300038768;155 611 854;A01;1;7;0;2;1;1;0;
202300038768;155 611 856;B01;2;7;0;2;1;13;0;
202300038769;155 611 853;A01;1;2;0;0;9;1;1;
202300038770;155 611 851;A01;1;7;2;5;1;1;0;
202300038771;155 611 850;A01;3;10;0;2;1;9;1;
202300038771;155 611 852;B01;3;1;0;2;7;9;5;
202300038772;155 611 849;A01;1;7;13;0;1;1;1;
202300038773;155 611 845;B01;3;7;0;2;1;1;1;
202300038773;155 611 846;A01;3;7;0;2;1;5;1;
202300038774;155 611 844;A01;2;7;0;2;3;13;1;
202300038774;155 611 847;B01;1;10;0;2;3;1;1;
202300038774;155 611 848;C01;1;14;0;2;1;2;1;
202300038775;155 611 842;A01;2;15;0;2;1;2;1;
202300038775;155 611 843;B01;1;7;0;2;7;19;1;
202300038776;155 611 840;A01;2;7;0;2;7;17;1;
202300038776;155 611 841;B01;2;1;0;0;6;1;5;
202300038777;155 611 839;A01;2;10;0;1;3;1;1;
202300038778;155 611 834;A01;1;7;0;2;1;1;1;
202300038778;155 611 836;B01;1;7;0;0;4;1;1;
202300038778;155 611 837;C01;1;7;0;0;4;1;1;
202300038778;155 611 838;D01;1;7;0;0;4;1;1;
202300038779;155 611 833;A01;2;7;0;2;2;19;1;
202300038779;155 611 835;B01;2;10;0;2;1;1;1;
202300038780;155 611 830;A01;2;7;0;2;3;1;1;
202300038780;155 611 832;B01;1;7;0;2;3;1;1;
202300038781;155 611 829;A01;1;7;0;0;0;23;1;
202300038782;155 611 825;A01;1;7;0;2;2;15;1;
202300038782;155 611 827;B01;2;7;0;2;1;1;1;
202300038783;155 611 824;A01;2;7;0;9;2;17;1;
202300038783;155 611 826;B01;2;1;0;0;4;1;5;
202300038784;155 611 823;A01;1;2;0;0;8;14;1;
202300038785;155 611 819;B01;3;7;0;2;1;15;1;
202300038785;155 611 821;A01;3;2;0;2;8;1;1;
202300038786;155 611 818;A01;2;7;8;0;3;1;1;
202300038787;155 611 820;B01;3;7;0;2;6;0;1;
202300038787;155 611 822;A01;3;33;0;2;1;1;1;
202300038788;155 611 817;A01;1;43;3;0;3;1;1;
202300038789;155 611 814;A01;3;7;0;2;8;9;1;
202300038789;155 611 816;B01;2;10;0;2;1;1;1;
202300038790;155 611 813;A01;1;2;0;2;7;1;1;
202300038790;155 611 815;B01;2;7;0;2;3;16;2;
202300038791;155 611 812;A01;2;7;2;0;1;0;1;
202300038792;155 611 811;A01;1;7;0;1;2;0;1;
202300038793;155 611 810;A01;3;1;0;0;0;0;5;