Num_Acc;id_vehicule;num_veh;senc;catv;obs;obsm;choc;manv;motor;occutc
202300039064;155 611 307;A01;0;7;0;2;3;15;1;
202300039065;155 611 303;A01;1;7;0;2;2;10;1;
202300039065;155 611 305;B01;1;33;0;2;1;1;1;
202300039066;155 611 301;A01;1;7;0;2;2;16;1;
202300039066;155 611 302;B01;2;1;0;2;1;1;5;
202300039067;155 611 299;A01;1;7;0;2;1;1;1;
202300039067;155 611 300;B01;2;30;0;2;1;5;1;
202300039068;155 611 297;B01;3;7;0;2;2;1;1;
202300039068;155 611 298;A01;3;7;0;2;1;1;1;
202300039069;155 611 294;A01;1;7;0;2;0;12;1;
202300039069;155 611 296;B01;1;33;0;2;2;2;1;
202300039070;155 611 292;A01;1;7;0;2;2;15;1;
202300039070;155 611 293;B01;2;32;0;2;1;1;1;
202300039071;155 611 291;A01;1;7;9;0;2;1;1;
202300039072;155 611 295;A01;3;7;1;1;1;2;1;
202300039073;155 611 289;A01;1;7;1;0;1;1;1;
202300039073;155 611 290;B01;2;7;1;0;3;15;1;
202300039074;155 611 287;A01;3;7;0;2;1;9;1;
202300039074;155 611 288;B01;3;7;0;2;2;1;1;
202300039075;155 611 285;A01;3;1;0;2;4;2;5;
202300039075;155 611 286;B01;3;34;0;2;1;1;1;
202300039076;155 611 284;A01;2;1;0;0;0;1;5;
202300039077;155 611 282;A01;1;7;0;2;2;0;1;
202300039077;155 611 283;B01;1;1;0;2;6;0;5;
202300039078;155 611 279;B01;2;30;0;2;1;2;1;
202300039078;155 611 280;A01;2;10;0;2;4;1;3;
202300039078;155 611 281;C01;1;1;0;2;0;0;5;
202300039079;155 611 277;A01;0;7;0;2;3;15;0;
202300039079;155 611 278;B01;0;32;0;2;2;1;0;
202300039080;155 611 275;B01;3;33;0;2;3;1;1;
202300039080;155 611 276;A01;3;7;0;2;3;15;1;
202300039081;155 611 273;A01;2;7;0;2;1;2;1;
202300039081;155 611 274;B01;2;10;0;2;4;2;1;
202300039082;155 611 272;A01;1;7;0;1;3;2;1;
202300039083;155 611 270;B01;1;7;0;2;6;2;1;
202300039083;155 611 271;A01;1;10;0;2;1;2;1;
202300039084;155 611 268;B01;2;7;0;2;5;1;1;
202300039084;155 611 269;A01;1;31;0;2;1;2;1;
202300039085;155 611 266;B01;1;7;0;2;1;1;1;
202300039085;155 611 267;A01;2;7;0;2;5;1;1;
202300039086;155 611 264;A01;0;7;0;0;0;0;0;
202300039086;155 611 265;B01;1;34;0;2;1;17;1;
202300039087;155 611 262;A01;1;7;0;2;3;9;1;
202300039087;155 611 263;B01;2;34;0;2;1;17;1;
202300039088;155 611 261;A01;2;33;12;0;1;6;1;
202300039089;155 611 259;A01;1;7;0;2;8;24;0;
202300039089;155 611 260;B01;2;7;1;2;2;17;0;
202300039090;155 611 257;B01;0;1;0;2;1;1;5;
202300039090;155 611 258;A01;3;7;0;0;4;1;1;
202300039091;155 611 255;B01;1;15;0;0;2;1;1;
202300039091;155 611 256;A01;3;7;6;0;8;9;1;
202300039092;155 611 254;A01;1;7;0;0;9;1;1;
202300039093;155 611 252;A01;2;10;0;2;5;15;1;
202300039093;155 611 253;B01;1;33;0;2;1;1;1;
202300039094;155 611 250;A01;3;7;0;2;1;1;1;
202300039094;155 611 251;B01;3;10;0;2;2;1;1;
202300039095;155 611 248;A01;1;13;0;2;4;4;1;
202300039095;155 611 249;B01;1;80;0;2;1;23;3;
202300039096;155 611 246;B01;1;33;0;2;1;1;1;
202300039096;155 611 247;A01;1;7;0;2;6;1;1;
202300039097;155 611 244;A01;2;7;0;2;5;0;1;
202300039097;155 611 245;B01;2;7;0;2;1;2;1;
202300039098;155 611 242;B01;2;7;0;2;4;23;1;
202300039098;155 611 243;A01;2;17;0;2;3;2;1;
202300039099;155 611 240;B01;1;7;0;2;4;1;2;
202300039099;155 611 241;A01;1;7;0;2;1;1;1;
202300039100;155 611 238;A01;2;7;0;2;7;1;1;
202300039100;155 611 239;B01;2;31;0;2;1;12;1;
202300039101;155 611 236;A01;2;7;0;2;0;0;1;
202300039101;155 611 237;B01;2;7;0;2;0;1;1;
202300039102;155 611 235;A01;2;7;4;0;1;0;1;
202300039103;155 611 233;B01;2;33;0;2;6;1;1;
202300039103;155 611 234;A01;2;10;0;2;7;12;1;
202300039104;155 611 231;A01;2;7;0;2;1;13;1;
202300039104;155 611 232;B01;1;7;0;2;1;1;1;
202300039105;155 611 229;B01;3;1;0;9;0;1;5;
202300039105;155 611 230;A01;3;7;0;9;0;16;0;
202300039106;155 611 227;A01;1;37;0;9;2;1;1;1
202300039106;155 611 228;B01;2;1;0;2;7;1;5;
202300039107;155 611 226;A01;1;7;0;1;1;1;0;
202300039108;155 611 225;A01;2;7;0;0;0;1;2;
202300039109;155 611 221;A01;1;7;6;2;1;1;1;
202300039109;155 611 222;B01;2;33;0;2;3;1;1;
202300039109;155 611 223;C01;2;33;0;2;3;1;1;
202300039109;155 611 224;D01;2;33;0;2;3;1;1;
202300039110;155 611 219;A01;1;10;0;2;1;13;1;
202300039110;155 611 220;B01;2;7;0;2;3;1;1;
202300039111;155 611 217;B01;2;10;0;2;1;1;1;
202300039111;155 611 218;A01;1;7;0;2;1;17;1;
202300039112;155 611 215;A01;1;7;0;2;3;15;1;
202300039112;155 611 216;B01;1;33;0;2;5;17;1;
202300039113;155 611 213;B01;1;33;0;2;1;17;1;
202300039113;155 611 214;A01;1;7;0;2;4;15;1;
202300039114;155 611 212;A01;2;10;0;1;8;15;1;
202300039115;155 611 211;A01;3;7;0;1;3;21;1;
202300039116;155 611 209;A01;1;7;0;2;1;1;1;
202300039116;155 611 210;B01;1;7;0;2;7;1;2;
202300039117;155 611 207;A01;2;7;0;2;1;0;1;
202300039117;155 611 208;B01;1;33;0;2;1;0;1;
202300039118;155 611 206;A01;2;13;1;0;1;23;1;
202300039119;155 611 204;B01;2;7;0;2;4;1;1;
202300039119;155 611 205;A01;2;31;0;2;1;13;1;
202300039120;155 611 203;A01;2;7;12;0;1;25;1;
202300039121;155 611 200;A01;1;7;0;9;1;1;0;
202300039121;155 611 201;B01;2;7;0;2;0;0;0;
202300039121;155 611 202;C01;1;7;0;2;0;0;1;
202300039122;155 611 198;A01;3;7;0;2;1;12;1;
202300039122;155 611 199;B01;3;7;0;2;6;1;1;
202300039123;155 611 197;A01;1;37;0;1;2;1;1;1
202300039124;155 611 195;A01;2;10;0;2;2;9;0;
202300039124;155 611 196;B01;2;33;0;2;1;21;0;
202300039125;155 611 193;A01;2;7;0;2;4;2;1;
202300039125;155 611 194;Z01;2;7;0;2;1;2;0;
202300039126;155 611 192;A01;3;33;12;0;8;1;1;
202300039127;155 611 191;A01;1;7;4;0;3;14;1;
202300039128;155 611 189;A01;3;7;0;2;1;9;1;
202300039128;155 611 190;B01;3;1;0;2;8;9;5;
202300039129;155 611 188;A01;2;7;0;1;5;9;1;
202300039130;155 611 186;A01;1;30;0;2;1;13;1;
202300039130;155 611 187;B01;2;7;0;2;2;1;1;
202300039131;155 611 185;A01;2;7;0;1;1;9;2;
202300039132;155 611 183;A01;2;7;4;2;9;1;1;
202300039132;155 611 184;B01;2;7;0;2;1;1;1;
202300039133;155 611 181;A01;3;7;0;2;3;15;1;
202300039133;155 611 182;B01;2;10;0;2;2;1;1;
202300039134;155 611 178;A01;1;7;0;2;4;2;1;
202300039134;155 611 179;B01;1;7;0;2;9;2;1;
202300039134;155 611 180;C01;1;7;0;2;1;2;1;
202300039135;155 611 176;A01;3;7;0;2;1;1;1;
202300039135;155 611 177;B01;3;7;0;2;2;1;1;
202300039136;155 611 174;B01;3;7;1;0;4;24;1;
202300039136;155 611 175;A01;3;7;0;2;1;2;1;
202300039137;155 611 172;A01;2;7;9;2;1;1;1;
202300039137;155 611 173;B01;2;7;0;2;1;1;1;
202300039138;155 611 169;B01;1;7;0;2;4;1;1;
202300039138;155 611 170;C01;1;7;0;2;4;1;1;
202300039138;155 611 171;A01;1;7;0;2;1;1;1;
202300039139;155 611 168;A01;2;7;0;0;3;1;1;
202300039140;155 611 164;B01;3;7;0;2;6;23;1;
202300039140;155 611 165;A01;3;7;0;2;1;2;1;
202300039141;155 611 163;A01;0;7;8;0;1;15;1;
202300039142;155 611 161;A01;3;7;0;2;1;2;1;
202300039142;155 611 162;B01;3;7;0;2;4;2;1;
202300039143;155 611 159;A01;1;10;0;2;2;13;1;
202300039143;155 611 160;B01;1;34;14;2;8;21;1;
202300039144;155 611 157;A01;2;7;0;2;1;16;1;
202300039144;155 611 158;B01;1;1;0;2;7;1;5;
202300039145;155 611 156;A01;1;7;0;1;3;1;1;
202300039146;155 611 154;A01;2;7;0;2;3;15;1;
202300039146;155 611 155;B01;1;1;0;2;1;1;5;
202300039147;155 611 152;A01;1;33;0;2;1;1;1;
202300039147;155 611 153;B01;1;7;0;2;4;1;1;
202300039148;155 611 150;A01;0;7;0;9;2;15;0;
202300039148;155 611 151;B01;1;50;0;2;1;1;3;
202300039149;155 611 149;A01;0;7;0;1;1;1;1;
202300039150;155 611 147;B01;3;7;0;2;8;26;1;
202300039150;155 611 148;A01;1;2;0;2;1;1;1;
202300039151;155 611 146;A01;3;7;6;0;1;14;0;
202300039152;155 611 144;B01;2;33;0;2;5;1;1;
202300039152;155 611 145;A01;2;7;0;2;3;9;1;
202300039153;155 611 142;A01;0;7;0;2;1;15;1;
202300039153;155 611 143;B01;0;37;0;2;1;1;1;1
202300039154;155 611 140;A01;1;7;0;2;1;1;1;
202300039154;155 611 141;B01;2;7;0;2;8;1;1;
202300039155;155 611 139;A01;3;7;6;0;2;14;1;
202300039156;155 611 137;A01;1;30;0;2;1;1;1;
202300039156;155 611 138;B01;1;37;0;2;4;23;1;1
202300039157;155 611 134;B01;1;10;0;2;3;1;1;
202300039157;155 611 135;A01;1;33;0;2;1;1;1;
202300039158;155 611 132;A01;3;7;0;2;3;1;1;
202300039158;155 611 133;B01;3;30;0;2;1;13;1;
202300039159;155 611 131;A01;2;7;0;1;3;26;1;
202300039160;155 611 130;A01;1;1;1;0;1;1;5;
202300039161;155 611 128;A01;2;50;0;2;1;1;3;
202300039161;155 611 129;B01;1;7;0;2;3;1;1;
202300039162;155 611 126;A01;1;7;0;0;0;0;2;
202300039162;155 611 127;B01;1;32;8;2;8;1;1;
202300039163;155 611 124;Z01;3;7;0;2;0;17;0;
202300039163;155 611 125;B01;3;30;0;2;8;1;1;
202300039164;155 611 122;B01;2;7;0;2;4;2;1;
202300039164;155 611 123;A01;2;7;0;2;1;2;1;
202300039165;155 611 120;A01;1;15;0;2;1;2;1;
202300039165;155 611 121;B01;1;7;0;2;4;2;1;
202300039166;155 611 119;A01;1;7;12;0;8;1;1;
202300039167;155 611 117;B01;2;10;0;2;4;12;1;
202300039167;155 611 118;A01;2;32;0;2;1;3;1;
202300039168;155 611 116;A01;2;80;0;1;1;21;3;
202300039169;155 611 115;A01;1;50;0;1;1;2;3;
202300039170;155 611 113;B01;1;10;0;0;4;2;1;
202300039170;155 611 114;A01;1;80;0;2;1;2;3;
202300039171;155 611 112;A01;1;33;0;0;0;21;1;
202300039172;155 611 110;B01;2;80;0;2;1;1;3;
202300039172;155 611 111;A01;2;7;0;2;8;24;1;
202300039173;155 611 108;B01;1;33;0;2;1;17;1;
202300039173;155 611 109;A01;1;7;0;2;3;15;0;
202300039174;155 611 106;A01;1;7;0;2;1;1;1;
202300039174;155 611 107;B01;1;2;0;2;4;10;1;
202300039175;155 611 104;A01;3;7;0;2;1;1;1;
202300039175;155 611 105;B01;3;10;0;2;4;1;1;
202300039176;155 611 100;A01;1;7;0;2;1;0;1;
202300039176;155 611 101;B01;1;7;0;2;4;1;1;
202300039176;155 611 102;C01;1;7;0;2;4;23;1;
202300039176;155 611 103;D01;1;10;0;2;4;23;1;
202300039177;155 611 098;B01;1;31;0;2;2;17;0;
202300039177;155 611 099;A01;1;7;0;2;3;9;0;
202300039178;155 611 096;B01;2;50;0;2;1;1;3;
202300039178;155 611 097;A01;1;7;16;2;3;9;0;
202300039179;155 611 094;B01;1;7;0;2;7;1;1;
202300039179;155 611 095;A01;2;7;0;2;1;9;0;
202300039180;155 611 093;A01;1;7;9;0;9;21;1;
202300039181;155 611 091;B01;1;31;0;2;4;1;1;
202300039181;155 611 092;A01;1;7;0;2;2;19;1;
202300039182;155 611 089;A01;2;7;0;2;2;1;2;
202300039182;155 611 090;B01;2;7;0;0;1;1;1;
202300039183;155 611 086;A01;1;7;0;2;1;9;1;
202300039183;155 611 087;B01;1;7;0;2;1;9;1;
202300039183;155 611 088;C01;1;7;0;2;7;0;1;
202300039184;155 611 084;A01;0;10;0;2;1;9;1;
202300039184;155 611 085;B01;0;1;0;2;7;19;5;
202300039185;155 611 082;A01;2;2;0;2;1;2;1;
202300039185;155 611 083;B01;2;10;0;0;4;23;1;
202300039186;155 611 080;A01;1;2;0;2;7;1;1;
202300039186;155 611 081;B01;1;7;0;2;3;16;2;
202300039187;155 611 078;A01;2;33;9;9;1;17;1;
202300039187;155 611 079;B01;2;1;0;0;3;13;5;
202300039188;155 611 076;A01;0;2;0;0;0;0;1;
202300039188;155 611 077;B01;0;7;0;0;3;0;1;
202300039189;155 611 074;A01;1;7;0;2;2;14;1;
202300039189;155 611 075;B01;3;10;0;0;8;23;1;
202300039190;155 611 072;B01;1;34;0;0;1;13;0;
202300039190;155 611 073;A01;1;7;0;0;4;15;0;
202300039191;155 611 070;A01;1;10;1;0;2;14;1;
202300039191;155 611 071;B01;1;16;0;2;8;24;1;
202300039192;155 611 068;A01;2;7;3;2;2;13;1;
202300039192;155 611 069;B01;1;15;0;2;5;21;6;
202300039193;155 611 067;A01;2;36;15;0;0;13;1;
202300039194;155 611 065;A01;1;7;0;0;8;1;1;
202300039194;155 611 066;B01;3;10;0;2;1;19;1;
202300039195;155 611 064;A01;1;2;6;0;1;0;1;
202300039196;155 611 062;A01;2;2;0;2;7;15;1;
202300039196;155 611 063;B01;2;7;0;2;1;1;3;
202300039197;155 611 060;A01;2;33;0;2;3;1;1;
202300039197;155 611 061;B01;1;32;0;2;1;1;1;
202300039198;155 611 059;A01;2;15;3;0;3;0;1;
202300039199;155 611 058;A01;1;7;2;0;1;1;0;
202300039200;155 611 056;A01;2;7;0;2;3;1;1;
202300039200;155 611 057;B01;1;99;0;2;3;1;1;
202300039201;155 611 054;A01;2;7;0;2;2;2;1;
202300039201;155 611 055;B01;2;2;0;0;6;2;1;
202300039202;155 611 052;A01;2;7;4;2;3;13;1;
202300039202;155 611 053;B01;1;15;4;2;3;1;1;
202300039203;155 611 050;A01;1;7;0;2;1;13;1;
202300039203;155 611 051;B01;2;7;0;2;1;21;1;
202300039204;155 611 048;A01;1;7;0;2;1;13;0;
202300039204;155 611 049;B01;2;7;0;2;1;1;0;
202300039205;155 611 046;A01;3;33;13;0;1;2;1;
202300039205;155 611 047;B01;3;33;13;0;1;2;1;
202300039206;155 611 045;A01;1;7;6;0;1;0;1;
202300039207;155 611 044;A01;1;31;0;6;7;1;1;
202300039208;155 611 043;A01;2;7;6;0;1;13;1;
202300039209;155 611 041;A01;2;7;0;2;2;17;1;
202300039209;155 611 042;B01;2;3;0;2;6;1;1;
202300039210;155 611 039;A01;1;7;0;0;3;1;1;
202300039210;155 611 040;B01;2;7;0;0;3;1;1;
202300039211;155 611 038;A01;1;7;15;0;3;1;1;
202300039212;155 611 036;A01;2;10;0;2;2;2;0;
202300039212;155 611 037;B01;2;1;0;2;2;2;5;
202300039213;155 611 034;A01;2;33;0;2;1;1;1;
202300039213;155 611 035;B01;1;10;0;2;3;15;1;
202300039214;155 611 032;A01;1;33;4;0;1;2;1;
202300039214;155 611 033;B01;1;17;0;2;8;1;1;
202300039215;155 611 030;A01;1;7;0;2;3;1;2;
202300039215;155 611 031;B01;2;31;0;2;1;13;1;
202300039216;155 611 029;A01;2;7;0;2;2;1;1;
202300039217;155 611 028;A01;1;7;3;0;2;1;1;
202300039218;155 611 026;B01;1;7;0;2;3;1;1;
202300039218;155 611 027;A01;2;31;0;2;3;13;1;
202300039219;155 611 025;A01;1;15;0;2;2;1;1;
202300039220;155 611 024;A01;3;7;6;0;1;26;1;
202300039221;155 611 022;A01;1;10;0;2;2;13;1;
202300039221;155 611 023;B01;2;7;0;2;2;21;1;
202300039222;155 611 020;A01;1;2;0;2;1;1;1;
202300039222;155 611 021;B01;3;7;0;0;5;23;1;
202300039223;155 611 019;A01;2;7;13;0;1;2;1;
202300039224;155 611 017;B01;0;7;0;0;8;1;3;
202300039224;155 611 018;A01;0;7;0;2;8;9;1;
202300039225;155 611 015;A01;1;33;0;1;1;1;1;
202300039226;155 611 013;A01;2;7;0;2;1;13;1;
202300039226;155 611 014;B01;1;33;0;2;8;1;1;
202300039227;155 611 011;A01;1;7;0;2;2;15;1;
202300039227;155 611 012;B01;2;7;0;2;3;1;1;
202300039228;155 611 009;A01;3;7;0;2;3;1;1;
202300039228;155 611 010;B01;3;33;0;2;3;1;1;
202300039229;155 611 007;A01;2;33;0;2;1;2;1;
202300039229;155 611 008;B01;2;7;0;0;4;23;1;
202300039230;155 611 006;A01;1;1;0;2;1;2;5;
202300039231;155 611 004;A01;1;2;0;2;1;1;1;
202300039231;155 611 005;B01;1;7;0;2;1;19;1;
202300039232;155 611 002;A01;1;7;0;2;7;19;1;
202300039232;155 611 003;B01;1;7;0;2;1;1;1;
202300039233;155 611 001;A01;1;7;6;0;1;13;2;
202300039234;155 610 999;A01;1;7;0;9;7;2;1;
202300039234;155 611 000;B01;1;1;0;2;8;2;5;
202300039235;155 610 997;A01;3;33;0;0;8;1;1;
202300039236;155 610 996;A01;0;7;0;0;0;21;1;
202300039237;155 610 993;A01;2;7;0;2;1;1;1;
202300039237;155 610 994;B01;2;7;0;2;4;1;1;
202300039237;155 610 995;C01;2;7;0;2;4;1;1;
202300039238;155 610 992;A01;1;10;0;1;2;1;1;
202300039239;155 610 990;A01;1;31;0;2;4;2;1;
202300039239;155 610 991;B01;1;7;0;0;4;2;1;
202300039240;155 610 988;B01;1;15;0;2;4;2;1;
202300039240;155 610 989;A01;1;10;0;2;1;2;1;
202300039241;155 610 986;A01;1;7;0;2;0;1;1;
202300039241;155 610 987;B01;1;7;0;2;0;1;1;
202300039242;155 610 984;A01;2;7;0;2;1;1;1;
202300039242;155 610 985;B01;2;7;0;2;6;1;1;
202300039243;155 610 981;C01;1;7;1;0;2;14;1;
202300039243;155 610 982;B01;1;7;0;2;8;1;1;
202300039243;155 610 983;A01;1;7;0;2;7;14;1;
202300039244;155 610 979;A01;1;7;0;2;1;1;1;
202300039244;155 610 980;B01;1;7;0;2;4;1;1;
202300039245;155 610 978;A01;1;7;3;0;1;0;1;
202300039246;155 610 977;A01;1;7;4;0;9;2;1;
202300039247;155 610 975;A01;1;7;0;2;1;1;1;
202300039247;155 610 976;B01;1;7;0;2;4;11;1;
202300039248;155 610 972;A01;2;7;0;2;1;2;1;
202300039248;155 610 973;B01;2;7;0;2;4;2;1;
202300039248;155 610 974;C01;2;7;0;2;4;1;1;
202300039249;155 610 970;A01;1;7;0;2;1;2;1;
202300039249;155 610 971;B01;1;7;0;2;6;2;1;
202300039250;155 610 969;A01;1;33;0;-1;-1;1;1;
202300039251;155 610 967;A01;2;31;0;2;8;3;1;
202300039251;155 610 968;B01;2;7;0;2;5;1;1;
202300039252;155 610 964;A01;2;7;1;0;1;1;2;
202300039252;155 610 965;B01;2;7;0;2;4;26;1;
202300039252;155 610 966;C01;2;7;1;0;1;1;1;
202300039253;155 610 962;B01;1;7;3;2;8;1;1;
202300039253;155 610 963;A01;1;7;0;2;7;1;3;
202300039254;155 610 960;A01;3;7;0;2;4;20;1;
202300039254;155 610 961;B01;3;2;0;2;3;21;1;
202300039255;155 610 958;A01;2;32;0;2;1;0;1;
202300039255;155 610 959;B01;1;7;0;2;1;1;1;
202300039256;155 610 956;A01;1;7;14;2;1;1;1;
202300039256;155 610 957;B01;1;7;14;2;4;1;1;
202300039257;155 610 955;A01;1;7;4;0;8;0;1;
202300039258;155 610 953;A01;1;2;0;2;1;2;1;
202300039258;155 610 954;B01;2;7;0;2;8;2;1;
202300039259;155 610 950;A01;0;7;0;2;1;2;1;
202300039259;155 610 951;B01;0;7;0;2;4;2;1;
202300039259;155 610 952;C01;1;7;0;2;4;2;1;
202300039260;155 610 948;A01;3;7;0;2;1;9;1;
202300039260;155 610 949;B01;3;7;0;2;2;1;1;
202300039261;155 610 946;A01;2;7;0;2;6;0;1;
202300039261;155 610 947;B01;2;0;0;2;4;2;0;
202300039262;155 610 944;A01;2;7;0;2;2;9;1;
202300039262;155 610 945;B01;2;1;0;2;1;1;5;
202300039263;155 610 943;A01;0;7;2;0;1;0;1;
202300039264;155 610 942;A01;2;50;0;0;0;2;3;
202300039265;155 610 940;A01;2;50;0;2;8;1;3;
202300039265;155 610 941;Z01;1;7;0;2;2;17;1;
202300039266;155 610 937;A01;1;10;0;0;0;1;1;
202300039266;155 610 938;B01;2;33;14;0;1;1;1;
202300039267;155 610 935;A01;2;33;0;2;3;17;1;
202300039267;155 610 936;B01;2;7;0;2;3;15;1;
202300039268;155 610 934;A01;0;10;0;9;1;0;3;
202300039269;155 610 933;A01;3;7;2;0;1;0;1;
202300039270;155 610 932;A01;3;30;0;0;0;1;1;
202300039271;155 610 930;B01;3;7;0;2;0;2;1;
202300039271;155 610 931;A01;3;30;0;2;1;2;1;
202300039272;155 610 928;Z01;2;7;0;2;0;13;0;
202300039272;155 610 929;B01;1;7;0;2;8;1;2;
202300039273;155 610 926;B01;3;7;0;2;0;15;1;
202300039273;155 610 927;A01;3;33;0;2;1;0;1;
202300039274;155 610 924;B01;3;7;0;2;2;9;1;
202300039274;155 610 925;A01;3;30;0;2;1;9;3;
202300039275;155 610 922;A01;3;7;0;2;1;15;1;
202300039275;155 610 923;B01;3;33;0;2;1;16;1;
202300039276;155 610 921;A01;1;7;0;0;1;14;1;
202300039277;155 610 919;A01;3;7;0;2;1;2;1;
202300039277;155 610 920;B01;3;7;0;2;4;1;2;
202300039278;155 610 918;A01;3;80;0;5;9;21;3;
202300039279;155 610 916;A01;2;1;0;2;1;1;5;
202300039279;155 610 917;B01;1;7;0;2;7;1;1;
202300039280;155 610 914;A01;3;50;0;2;1;1;3;
202300039280;155 610 915;B01;3;7;0;2;3;15;1;
202300039281;155 610 912;A01;3;15;0;2;2;16;6;
202300039281;155 610 913;B01;3;1;0;2;0;1;5;
202300039282;155 610 911;A01;2;10;0;0;1;14;1;
202300039283;155 610 909;A01;1;3;0;2;3;13;1;
202300039283;155 610 910;B01;2;7;0;2;3;1;1;
202300039284;155 610 907;B01;1;31;1;0;1;13;1;
202300039284;155 610 908;A01;2;7;0;0;0;1;1;
202300039285;155 610 905;A01;1;7;0;9;3;1;1;
202300039285;155 610 906;B01;3;50;0;2;1;0;3;
202300039286;155 610 903;A01;1;1;0;2;1;1;5;
202300039286;155 610 904;B01;2;7;0;9;2;1;1;
202300039287;155 610 902;A01;1;7;13;0;0;1;1;
202300039288;155 610 900;A01;2;33;0;2;1;1;1;
202300039288;155 610 901;B01;2;10;0;0;5;1;1;
202300039289;155 610 898;A01;3;7;0;2;2;1;1;
202300039289;155 610 899;B01;3;1;0;2;1;19;5;
202300039290;155 610 897;A01;1;7;13;0;1;0;1;
202300039291;155 610 894;A01;1;15;0;0;6;0;1;
202300039291;155 610 895;B01;1;15;1;0;5;2;1;
202300039291;155 610 896;C01;1;15;0;9;1;1;1;
202300039292;155 610 892;B01;1;33;0;2;1;1;0;
202300039292;155 610 893;A01;2;10;0;2;3;15;1;
202300039293;155 610 890;A01;2;2;0;2;3;15;1;
202300039293;155 610 891;B01;2;10;0;2;7;17;1;
202300039294;155 610 888;A01;2;7;0;2;3;15;1;
202300039294;155 610 889;B01;2;31;15;2;2;17;1;
202300039295;155 610 887;A01;1;7;13;0;1;13;1;
202300039296;155 610 886;A01;3;2;12;0;1;0;1;
202300039297;155 610 883;B01;2;7;0;2;8;26;1;
202300039297;155 610 884;C01;2;32;0;2;8;26;1;
202300039297;155 610 885;A01;2;7;0;2;1;1;1;
202300039298;155 610 881;A01;2;33;0;2;3;1;1;
202300039298;155 610 882;B01;1;7;0;2;1;1;1;
202300039299;155 610 879;A01;1;7;0;2;1;1;1;
202300039299;155 610 880;B01;3;7;0;2;7;19;1;
202300039300;155 610 875;A01;1;10;0;2;1;2;1;
202300039300;155 610 876;B01;1;17;0;0;4;2;1;
202300039301;155 610 874;A01;1;7;1;0;1;0;1;
202300039302;155 610 873;A01;2;33;0;0;8;1;1;
202300039303;155 610 870;A01;2;7;0;2;4;23;1;
202300039303;155 610 871;B01;2;7;0;2;4;23;1;
202300039303;155 610 872;C01;2;10;0;2;1;2;1;
202300039304;155 610 868;A01;1;7;0;2;8;17;1;
202300039304;155 610 869;B01;2;1;0;2;3;1;5;
202300039305;155 610 866;A01;1;10;13;2;3;1;1;
202300039305;155 610 867;B01;2;7;0;2;3;1;1;
202300039306;155 610 865;A01;0;31;0;0;0;20;1;
202300039307;155 610 864;A01;3;2;0;0;0;26;1;
202300039308;155 610 863;A01;0;33;0;0;8;1;1;
202300039309;155 610 861;A01;2;2;0;9;1;5;1;
202300039309;155 610 862;B01;1;17;0;2;1;1;1;
202300039310;155 610 859;A01;1;7;0;2;2;15;1;
202300039310;155 610 860;B01;1;33;0;2;8;1;1;
202300039311;155 610 850;A01;1;7;0;2;8;1;1;
202300039311;155 610 851;B01;1;7;0;2;7;1;1;
202300039311;155 610 852;C01;1;7;0;0;4;1;1;
202300039311;155 610 853;D01;1;7;0;0;4;1;2;
202300039311;155 610 854;E01;1;7;0;0;4;1;1;
202300039311;155 610 855;F01;1;10;0;0;4;1;1;
202300039311;155 610 856;G01;1;7;1;0;4;1;1;
202300039311;155 610 857;H01;1;10;1;0;4;1;1;
202300039311;155 610 858;I01;1;7;1;0;1;1;1;
202300039312;155 610 849;A01;2;33;0;0;7;3;1;
202300039313;155 610 848;A01;1;33;0;0;0;1;1;
202300039314;155 610 847;A01;1;7;7;0;7;14;1;
202300039315;155 610 845;A01;1;7;0;2;2;1;1;
202300039315;155 610 846;B01;1;15;0;2;4;1;1;
202300039316;155 610 843;A01;1;14;0;2;7;12;1;
202300039316;155 610 844;B01;2;7;4;2;8;1;1;
202300039317;155 610 841;A01;1;7;0;2;7;12;1;
202300039317;155 610 842;B01;1;33;0;2;8;1;1;
202300039318;155 610 839;A01;1;7;3;2;1;2;3;
202300039318;155 610 840;B01;1;7;3;2;4;2;3;
202300039319;155 610 837;A01;2;7;0;2;4;2;1;
202300039319;155 610 838;B01;2;33;0;2;1;2;1;
202300039320;155 610 836;A01;2;32;0;0;0;26;1;
202300039321;155 610 834;A01;1;10;3;0;1;19;1;
202300039321;155 610 835;B01;1;7;0;2;8;2;1;
202300039322;155 610 833;A01;2;7;4;0;1;1;1;
202300039323;155 610 831;A01;1;7;0;2;4;12;1;
202300039323;155 610 832;B01;1;33;0;2;1;3;1;
202300039324;155 610 829;Z01;1;7;0;2;0;0;0;
202300039324;155 610 830;A01;1;7;0;2;7;1;1;
202300039325;155 610 827;A01;1;33;0;2;1;3;1;
202300039325;155 610 828;B01;1;7;0;2;6;1;1;
202300039326;155 610 825;A01;2;7;0;2;2;1;1;
202300039326;155 610 826;B01;2;7;0;2;6;1;1;
202300039327;155 610 823;B01;1;7;0;2;6;2;1;
202300039327;155 610 824;A01;1;10;0;2;2;2;1;
202300039328;155 610 820;A01;2;7;0;2;1;2;1;
202300039328;155 610 821;B01;2;7;0;2;4;2;1;
202300039328;155 610 822;C01;2;7;0;2;4;2;1;
202300039329;155 610 819;A01;3;36;0;0;0;1;1;
202300039330;155 610 818;A01;2;99;0;1;1;2;1;