Num_Acc;id_vehicule;num_veh;senc;catv;obs;obsm;choc;manv;motor;occutc
202300040172;155 609 314;A01;1;7;1;0;3;16;1;
202300040173;155 609 311;A01;2;1;6;0;1;0;5;
202300040174;155 609 312;B01;2;10;0;2;2;16;1;
202300040174;155 609 313;A01;2;1;0;2;8;19;5;
202300040175;155 609 308;A01;1;16;0;2;2;17;1;
202300040175;155 609 310;B01;1;50;0;2;8;13;3;
202300040176;155 609 307;B01;1;31;0;2;1;17;1;
202300040176;155 609 309;A01;2;7;0;2;8;10;1;
202300040177;155 609 305;B01;1;1;0;2;1;1;5;
202300040177;155 609 306;A01;1;7;0;2;5;20;1;
202300040178;155 609 304;A01;1;7;12;0;1;6;1;
202300040179;155 609 302;A01;2;10;0;2;2;1;1;
202300040179;155 609 303;B01;2;7;0;2;6;1;1;
202300040180;155 609 301;Z01;3;7;0;1;3;1;1;
202300040181;155 609 300;A01;1;7;0;1;1;14;1;
202300040182;155 609 297;A01;1;1;0;2;6;15;5;
202300040182;155 609 299;B01;1;37;0;9;8;7;1;1
202300040183;155 609 296;A01;2;7;0;2;1;2;0;
202300040183;155 609 298;B01;2;7;0;2;4;2;0;
202300040184;155 609 295;A01;3;32;0;1;1;1;1;
202300040185;155 609 293;A01;1;10;0;2;7;2;1;
202300040185;155 609 294;B01;1;50;0;2;8;1;3;
202300040186;155 609 291;A01;1;33;0;0;7;2;1;
202300040187;155 609 290;B01;2;7;0;2;3;1;1;
202300040187;155 609 292;A01;2;33;0;2;5;14;0;
202300040188;155 609 286;B01;1;1;0;2;1;1;5;
202300040188;155 609 288;A01;1;7;0;9;3;15;1;
202300040189;155 609 285;A01;2;7;0;2;9;3;1;
202300040189;155 609 287;B01;2;7;0;2;4;1;2;
202300040189;155 609 289;C01;2;7;0;2;7;1;1;
202300040190;155 609 282;B01;1;7;0;2;6;1;1;
202300040190;155 609 284;A01;2;7;0;2;1;19;1;
202300040191;155 609 281;Z01;1;1;0;2;0;16;5;
202300040191;155 609 283;A01;2;1;0;2;2;1;5;
202300040192;155 609 279;A01;1;7;9;0;1;1;1;
202300040193;155 609 278;B01;2;10;0;2;4;23;1;
202300040193;155 609 280;A01;2;7;0;2;1;1;1;
202300040194;155 609 277;A01;2;43;0;1;8;1;1;
202300040195;155 609 274;A01;1;7;0;2;3;13;1;
202300040195;155 609 276;B01;2;7;0;2;7;1;1;
202300040196;155 609 271;A01;1;7;0;2;3;15;1;
202300040196;155 609 272;B01;1;31;0;2;2;17;1;
202300040197;155 609 273;B01;1;7;9;2;7;1;2;
202300040197;155 609 275;A01;1;7;0;2;3;15;1;
202300040198;155 609 268;A01;1;38;0;2;1;1;1;1
202300040198;155 609 270;B01;1;1;0;2;7;19;5;
202300040199;155 609 267;B01;1;7;0;2;2;1;1;
202300040199;155 609 269;A01;1;7;0;2;3;15;1;
202300040200;155 609 266;A01;2;80;1;0;1;2;3;
202300040201;155 609 264;A01;1;7;0;2;1;15;1;
202300040201;155 609 265;B01;1;1;0;2;8;1;5;
202300040202;155 609 262;A01;2;7;0;1;1;2;1;
202300040203;155 609 260;A01;2;7;0;1;2;1;1;
202300040204;155 609 259;A01;1;7;0;2;1;26;1;
202300040204;155 609 261;B01;1;7;0;2;4;0;1;
202300040204;155 609 263;C01;2;7;0;2;7;0;1;
202300040205;155 609 256;A01;2;7;4;0;3;1;1;
202300040206;155 609 255;A01;1;1;0;2;7;1;5;
202300040206;155 609 257;Z01;1;1;0;2;8;15;5;
202300040207;155 609 253;A01;3;7;0;2;7;1;1;
202300040207;155 609 254;B01;3;7;6;2;1;21;1;
202300040207;155 609 258;Y01;2;50;0;2;1;5;3;
202300040208;155 609 252;A01;2;33;3;0;1;3;1;
202300040209;155 609 250;B01;2;7;0;2;3;20;1;
202300040209;155 609 251;A01;1;43;0;2;2;1;1;
202300040210;155 609 247;B01;3;50;0;2;1;16;3;
202300040210;155 609 249;A01;3;7;0;9;1;1;1;
202300040211;155 609 246;A01;1;32;1;0;1;1;1;
202300040212;155 609 244;C01;1;7;0;2;7;0;1;
202300040212;155 609 245;A01;1;7;0;2;1;21;1;
202300040212;155 609 248;B01;1;7;0;2;6;0;1;
202300040213;155 609 243;A01;2;7;0;1;1;1;2;
202300040214;155 609 240;A01;1;7;3;0;1;1;1;
202300040215;155 609 241;A01;1;33;1;2;0;1;1;
202300040215;155 609 242;B01;1;2;1;0;0;19;1;
202300040216;155 609 236;B01;2;7;0;2;4;1;1;
202300040216;155 609 237;A01;2;7;0;2;1;2;1;
202300040217;155 609 235;A01;1;7;1;0;1;1;1;
202300040218;155 609 234;A01;1;10;0;1;2;0;1;
202300040219;155 609 232;A01;1;10;0;2;4;2;1;
202300040219;155 609 233;B01;1;7;0;2;1;2;1;
202300040220;155 609 231;A01;1;7;12;0;3;17;1;
202300040221;155 609 229;A01;1;30;8;0;1;14;3;
202300040222;155 609 228;B01;2;7;0;2;2;17;1;
202300040222;155 609 230;A01;1;7;0;2;2;1;1;
202300040223;155 609 226;A01;1;7;0;2;2;1;1;
202300040223;155 609 227;B01;1;2;0;2;5;19;1;
202300040224;155 609 225;A01;2;7;1;0;1;14;1;
202300040225;155 609 223;A01;2;7;0;0;3;1;1;
202300040225;155 609 224;B01;1;31;0;2;1;11;1;
202300040226;155 609 220;B01;2;7;0;2;2;15;1;
202300040226;155 609 222;A01;3;7;0;2;1;26;1;
202300040227;155 609 218;A01;2;7;0;2;1;1;1;
202300040227;155 609 219;B01;2;7;0;2;4;1;1;
202300040227;155 609 221;C01;2;7;0;2;4;1;1;
202300040228;155 609 217;A01;1;7;0;1;3;1;1;
202300040229;155 609 214;A01;3;10;0;1;1;1;1;
202300040230;155 609 213;A01;3;10;0;2;1;1;1;
202300040230;155 609 215;C01;3;7;0;2;4;1;1;
202300040230;155 609 216;B01;3;7;0;2;1;1;1;
202300040231;155 609 209;A01;3;50;0;2;7;1;5;
202300040231;155 609 210;B01;3;7;0;0;0;0;3;
202300040232;155 609 212;A01;1;7;0;1;8;1;1;
202300040233;155 609 208;B01;2;50;0;2;1;1;3;
202300040233;155 609 211;A01;1;7;0;2;8;15;0;
202300040234;155 609 204;A01;1;7;0;2;2;16;1;
202300040234;155 609 206;B01;1;7;0;2;6;1;2;
202300040235;155 609 205;B01;0;1;0;0;0;0;5;
202300040235;155 609 207;A01;3;7;0;2;2;26;1;
202300040236;155 609 203;A01;1;10;0;1;3;15;1;
202300040237;155 609 199;A01;2;7;0;1;3;1;1;
202300040238;155 609 198;B01;1;7;0;2;1;15;1;
202300040238;155 609 202;A01;2;7;0;2;7;1;1;
202300040239;155 609 197;C01;1;7;1;0;4;24;1;
202300040239;155 609 200;A01;3;3;1;2;4;0;1;
202300040239;155 609 201;B01;1;7;1;0;4;24;1;
202300040240;155 609 194;A01;1;7;1;0;9;0;0;
202300040241;155 609 193;B01;1;7;0;2;4;26;1;
202300040241;155 609 196;Z01;1;7;0;2;0;0;0;
202300040242;155 609 192;B01;2;7;0;2;3;1;1;
202300040242;155 609 195;A01;1;7;0;2;1;19;1;
202300040243;155 609 190;A01;0;7;0;2;0;0;0;
202300040243;155 609 191;B01;3;30;0;2;2;15;0;
202300040244;155 609 189;A01;0;7;0;5;1;1;1;
202300040245;155 609 186;A01;0;7;0;2;6;4;0;
202300040245;155 609 187;B01;0;7;0;2;6;23;0;
202300040246;155 609 185;B01;1;7;0;2;1;1;1;
202300040246;155 609 188;A01;2;7;0;2;3;15;1;
202300040247;155 609 181;B01;1;7;0;2;2;1;1;
202300040247;155 609 184;A01;1;7;0;2;7;15;1;
202300040248;155 609 182;B01;2;7;0;2;3;13;1;
202300040248;155 609 183;A01;2;32;0;2;2;2;1;
202300040249;155 609 180;A01;2;36;0;2;1;1;1;
202300040250;155 609 177;A01;1;7;0;1;1;1;1;
202300040251;155 609 178;A01;2;7;0;1;3;1;1;
202300040252;155 609 174;A01;1;7;0;1;3;1;1;
202300040253;155 609 175;B01;2;33;0;2;1;1;1;
202300040253;155 609 179;A01;2;7;0;2;8;1;1;
202300040254;155 609 173;A01;1;10;0;2;1;1;1;
202300040254;155 609 176;B01;1;7;0;2;4;1;1;
202300040255;155 609 169;A01;1;7;0;0;4;23;1;
202300040255;155 609 172;B01;1;7;3;2;2;21;1;
202300040256;155 609 167;B01;1;7;0;2;8;1;1;
202300040256;155 609 170;A01;1;7;8;2;1;1;1;
202300040257;155 609 168;A01;3;7;0;2;3;15;1;
202300040257;155 609 171;B01;3;30;0;2;8;1;1;
202300040258;155 609 166;A01;2;1;10;0;0;0;5;
202300040259;155 609 164;A01;3;7;0;2;1;2;2;
202300040259;155 609 165;B01;3;7;0;2;4;2;1;
202300040260;155 609 163;A01;1;7;0;1;3;15;1;
202300040261;155 609 157;B01;3;7;0;2;8;1;1;
202300040261;155 609 160;C01;3;7;0;2;1;1;1;
202300040261;155 609 161;A01;3;7;0;2;1;13;1;
202300040262;155 609 158;A01;1;33;0;0;9;1;1;
202300040263;155 609 159;A01;2;7;13;2;3;13;1;
202300040263;155 609 162;B01;1;7;13;2;3;1;1;
202300040264;155 609 154;A01;1;33;0;1;1;1;1;
202300040265;155 609 155;B01;1;7;0;2;9;13;1;
202300040265;155 609 156;A01;1;10;0;2;1;15;1;
202300040266;155 609 152;A01;1;7;6;0;1;0;1;
202300040267;155 609 150;A01;3;7;0;2;1;0;1;
202300040267;155 609 151;B01;3;2;0;2;8;9;1;
202300040268;155 609 145;A01;3;15;0;2;2;15;1;
202300040268;155 609 148;B01;1;33;0;2;1;1;1;
202300040269;155 609 144;B01;3;7;0;2;4;23;0;
202300040269;155 609 146;A01;3;32;0;2;9;3;1;
202300040270;155 609 143;B01;2;7;0;0;9;2;1;
202300040270;155 609 147;C01;2;7;1;0;1;1;1;
202300040270;155 609 149;D01;2;7;1;0;2;1;1;
202300040270;155 609 153;A01;2;7;0;2;9;2;1;
202300040271;155 609 142;A01;2;7;9;0;1;1;1;
202300040272;155 609 141;A01;3;7;0;1;0;1;3;
202300040273;155 609 139;A01;0;33;0;1;1;1;1;
202300040274;155 609 138;A01;1;33;0;2;1;2;6;
202300040274;155 609 140;B01;2;7;0;0;5;2;6;
202300040275;155 609 137;A01;3;3;0;1;2;26;1;
202300040276;155 609 136;A01;2;7;0;1;1;26;1;
202300040277;155 609 135;A01;1;7;13;0;2;1;1;
202300040278;155 609 133;A01;2;7;1;0;2;1;1;
202300040279;155 609 132;A01;1;7;0;2;7;26;1;
202300040279;155 609 134;B01;2;7;0;2;1;1;1;
202300040280;155 609 131;A01;1;7;1;0;7;1;6;
202300040281;155 609 128;B01;1;2;15;0;1;1;1;
202300040281;155 609 130;A01;2;7;0;2;3;15;0;
202300040282;155 609 127;A01;2;7;0;2;1;13;1;
202300040282;155 609 129;B01;1;7;0;2;1;1;1;
202300040283;155 609 125;A01;1;10;0;2;1;13;1;
202300040283;155 609 126;B01;2;7;0;2;1;1;1;
202300040284;155 609 123;A01;2;7;8;0;7;13;1;
202300040285;155 609 120;A01;3;7;14;0;1;2;1;
202300040285;155 609 122;C01;3;7;1;0;0;0;4;
202300040285;155 609 124;B01;3;7;14;0;2;2;1;
202300040286;155 609 119;A01;2;33;0;2;1;2;1;
202300040286;155 609 121;B01;2;7;0;2;4;1;1;
202300040287;155 609 116;A01;0;7;0;2;1;9;1;
202300040287;155 609 117;B01;0;1;0;2;7;0;5;
202300040288;155 609 115;A01;1;7;0;2;1;26;1;
202300040288;155 609 118;B01;2;7;0;2;1;1;1;
202300040289;155 609 113;B01;1;7;0;2;3;1;1;
202300040289;155 609 114;A01;1;7;0;2;3;1;1;
202300040290;155 609 110;A01;1;7;8;0;3;14;1;
202300040291;155 609 109;A01;3;7;0;1;1;17;1;
202300040292;155 609 107;A01;2;7;0;2;3;13;1;
202300040292;155 609 108;B01;1;7;0;2;8;1;3;
202300040293;155 609 105;A01;0;7;0;1;1;1;1;
202300040294;155 609 104;A01;1;7;0;1;3;1;1;
202300040295;155 609 106;A01;2;7;13;0;2;1;1;
202300040296;155 609 101;B01;1;37;0;2;8;1;1;1
202300040296;155 609 103;A01;2;1;0;2;1;16;5;
202300040297;155 609 099;B01;3;7;0;2;1;1;0;
202300040297;155 609 102;A01;3;7;0;2;1;15;0;
202300040298;155 609 100;A01;1;33;3;0;8;1;1;
202300040299;155 609 097;A01;2;7;3;0;1;1;1;
202300040300;155 609 095;A01;3;2;0;0;0;1;1;
202300040301;155 609 096;A01;2;7;0;2;1;15;1;
202300040301;155 609 098;B01;1;2;0;2;8;1;1;
202300040302;155 609 094;A01;2;7;0;1;1;0;0;
202300040303;155 609 093;A01;1;33;0;0;8;26;1;
202300040304;155 609 091;A01;1;2;0;2;1;1;3;
202300040304;155 609 092;B01;1;7;0;2;4;23;1;
202300040305;155 609 089;A01;1;7;0;2;4;0;1;
202300040305;155 609 090;B01;1;7;0;2;1;0;1;
202300040306;155 609 088;A01;1;7;6;0;2;2;1;
202300040307;155 609 085;A01;2;7;0;2;1;1;1;
202300040307;155 609 087;B01;2;7;0;2;4;1;1;
202300040308;155 609 083;B01;2;32;0;2;1;1;1;
202300040308;155 609 086;A01;2;7;0;2;3;1;1;
202300040309;155 609 084;A01;1;7;2;0;1;14;1;
202300040310;155 609 081;B01;1;7;0;2;4;1;1;
202300040310;155 609 082;A01;1;7;0;2;1;1;1;
202300040311;155 609 080;A01;1;33;12;0;9;1;1;
202300040312;155 609 078;A01;1;7;0;2;7;15;1;
202300040312;155 609 079;B01;2;31;0;2;1;18;1;
202300040313;155 609 076;A01;1;7;0;1;2;20;1;
202300040314;155 609 075;A01;2;7;0;2;2;2;0;
202300040314;155 609 077;B01;2;1;0;2;8;2;5;
202300040315;155 609 073;A01;2;7;0;2;8;13;1;
202300040315;155 609 074;B01;2;7;0;2;7;1;1;
202300040316;155 609 072;A01;1;37;0;1;2;1;4;1
202300040317;155 609 071;A01;2;7;0;1;1;1;1;
202300040318;155 609 067;A01;0;7;0;0;0;0;1;
202300040318;155 609 070;B01;0;7;0;2;4;2;1;
202300040319;155 609 066;A01;1;7;0;2;4;23;0;
202300040319;155 609 068;B01;1;7;0;2;4;23;1;
202300040319;155 609 069;C01;1;7;0;2;1;2;1;
202300040320;155 609 065;A01;1;7;13;0;1;1;1;
202300040321;155 609 064;A01;1;7;0;1;0;1;1;
202300040322;155 609 063;A01;3;99;0;0;0;1;1;
202300040323;155 609 060;B01;2;7;0;2;7;1;1;
202300040323;155 609 062;A01;2;31;0;2;8;13;1;
202300040324;155 609 061;A01;1;31;15;0;1;0;1;
202300040325;155 609 057;A01;2;7;2;0;1;1;1;
202300040326;155 609 056;A01;3;7;0;1;1;1;1;
202300040327;155 609 053;A01;2;31;16;0;9;1;1;
202300040328;155 609 051;A01;1;7;2;0;1;1;1;
202300040329;155 609 050;B01;2;33;8;2;3;0;1;
202300040329;155 609 052;A01;2;7;0;2;2;12;1;
202300040330;155 609 046;B01;0;99;0;2;8;26;5;
202300040330;155 609 048;A01;0;7;0;2;7;1;1;
202300040331;155 609 044;A01;3;7;0;2;4;2;1;
202300040331;155 609 047;B01;0;7;0;2;1;2;1;
202300040332;155 609 045;A01;1;7;4;2;1;0;1;
202300040332;155 609 049;B01;1;7;0;2;3;1;1;
202300040333;155 609 042;B01;1;7;0;2;1;1;1;
202300040333;155 609 043;A01;2;7;0;2;1;6;1;
202300040334;155 609 037;B01;2;7;0;2;1;1;1;
202300040334;155 609 040;C01;2;10;0;2;1;1;1;
202300040334;155 609 041;A01;1;7;0;2;3;15;1;
202300040335;155 609 035;B01;2;30;0;2;7;17;1;
202300040335;155 609 038;A01;2;7;0;2;8;15;1;
202300040336;155 609 036;A01;0;7;0;2;1;15;1;
202300040336;155 609 039;B01;3;30;0;2;8;1;1;
202300040337;155 609 033;A01;1;7;2;0;1;0;1;
202300040338;155 609 032;B01;1;31;0;2;1;17;3;
202300040338;155 609 034;A01;1;7;0;2;8;15;2;
202300040339;155 609 031;A01;1;2;0;0;2;1;1;
202300040340;155 609 029;A01;2;7;2;0;2;13;1;
202300040341;155 609 023;A01;1;7;0;2;0;0;1;
202300040341;155 609 025;B01;1;7;0;2;0;0;1;
202300040341;155 609 027;C01;1;10;0;2;0;0;1;
202300040342;155 609 024;A01;1;7;0;2;1;2;1;
202300040342;155 609 026;C01;1;10;0;2;4;2;1;
202300040342;155 609 028;B01;1;7;0;2;4;2;1;
202300040343;155 609 022;A01;2;7;0;0;9;21;1;
202300040344;155 609 019;A01;1;7;0;2;3;15;1;
202300040344;155 609 021;B01;2;32;0;2;1;1;1;
202300040345;155 609 018;B01;3;7;0;2;2;1;1;
202300040345;155 609 020;A01;3;7;0;2;7;10;1;
202300040346;155 609 015;B01;3;50;0;2;2;19;3;
202300040346;155 609 017;A01;2;10;0;2;0;1;1;
202300040347;155 609 013;C01;1;7;0;2;4;23;1;
202300040347;155 609 014;B01;1;7;0;2;4;26;1;
202300040347;155 609 016;A01;1;7;0;2;1;26;1;
202300040348;155 609 011;A01;1;7;0;0;0;1;1;
202300040349;155 609 010;A01;3;7;0;2;2;15;1;
202300040349;155 609 012;B01;3;7;0;2;3;1;1;
202300040350;155 609 005;A01;2;7;0;2;1;1;1;
202300040350;155 609 007;B01;2;7;0;2;4;1;1;
202300040351;155 609 006;A01;1;10;2;0;1;1;1;
202300040352;155 609 003;B01;1;7;0;2;3;1;1;
202300040352;155 609 004;A01;2;7;0;2;3;1;2;
202300040353;155 609 001;A01;3;7;0;1;3;15;1;
202300040354;155 608 999;A01;1;1;1;0;7;2;5;
202300040355;155 609 000;A01;1;7;0;2;1;15;1;
202300040355;155 609 002;B01;2;7;0;2;1;1;1;
202300040356;155 608 998;A01;1;10;0;1;3;1;1;
202300040357;155 608 997;A01;1;7;0;1;1;9;1;
202300040358;155 608 996;A01;2;7;8;0;3;13;1;
202300040359;155 608 994;A01;2;7;0;2;3;15;1;
202300040359;155 608 995;B01;1;33;0;2;8;1;1;
202300040360;155 608 990;A01;1;7;13;0;2;0;1;
202300040361;155 608 989;A01;3;7;0;2;6;13;1;
202300040361;155 608 991;B01;3;10;0;2;3;1;1;
202300040362;155 608 984;A01;2;33;0;2;1;2;1;
202300040362;155 608 987;B01;2;7;0;2;4;2;3;
202300040363;155 608 986;A01;2;31;15;0;1;1;1;
202300040364;155 608 985;B01;3;7;0;2;1;2;1;
202300040364;155 608 988;A01;3;7;0;2;1;13;1;
202300040365;155 608 980;A01;2;2;0;2;1;1;1;
202300040365;155 608 983;B01;2;7;0;2;3;10;1;
202300040366;155 608 979;B01;2;10;0;9;4;4;1;
202300040366;155 608 981;A01;1;1;0;2;0;1;5;
202300040367;155 608 978;B01;2;7;0;2;7;1;1;
202300040367;155 608 982;A01;2;2;0;2;1;1;1;
202300040368;155 608 973;A01;1;7;0;2;3;15;1;
202300040368;155 608 976;B01;2;1;0;2;1;1;5;
202300040369;155 608 970;A01;3;7;0;9;4;2;1;
202300040369;155 608 972;B01;3;33;0;2;1;2;1;
202300040369;155 608 975;C01;3;33;0;2;1;2;1;
202300040370;155 608 971;B01;1;7;0;2;4;2;1;
202300040370;155 608 974;C01;1;7;0;2;1;2;1;
202300040370;155 608 977;A01;1;7;0;2;4;2;1;
202300040371;155 608 969;A01;2;2;0;1;1;1;1;
202300040372;155 608 967;A01;1;7;3;0;1;14;1;
202300040373;155 608 966;B01;2;7;0;2;1;0;1;
202300040373;155 608 968;A01;1;1;0;2;0;0;5;
202300040374;155 608 965;A01;2;80;0;1;1;21;3;
202300040375;155 608 960;C01;1;7;0;2;4;1;1;
202300040375;155 608 962;B01;1;7;0;2;4;1;1;
202300040375;155 608 963;A01;1;7;0;2;1;1;1;
202300040376;155 608 959;B01;2;7;0;2;4;1;1;
202300040376;155 608 964;A01;2;7;0;2;1;1;1;
202300040377;155 608 958;A01;3;7;0;2;7;1;1;
202300040377;155 608 961;B01;2;7;0;2;1;1;1;
202300040378;155 608 956;A01;1;10;6;2;2;17;1;
202300040379;155 608 953;A01;1;7;14;0;1;13;1;
202300040380;155 608 952;B01;1;1;0;2;1;1;5;
202300040380;155 608 954;A01;1;7;0;2;3;1;0;
202300040381;155 608 947;B01;2;34;0;2;1;1;1;
202300040381;155 608 949;A01;1;34;0;2;7;19;1;
202300040382;155 608 948;A01;1;1;0;2;1;1;5;
202300040382;155 608 951;B01;3;7;0;2;8;19;3;
202300040383;155 608 946;A01;1;7;0;2;2;17;1;
202300040383;155 608 950;B01;1;7;0;2;3;1;6;
202300040384;155 608 943;A01;1;7;0;1;8;1;1;
202300040385;155 608 944;A01;1;50;0;2;0;0;3;
202300040385;155 608 945;B01;1;7;0;2;0;0;3;
202300040386;155 608 941;A01;2;7;0;2;1;2;1;
202300040386;155 608 942;B01;2;7;0;2;4;2;1;
202300040387;155 608 939;A01;3;7;0;1;1;1;1;
202300040388;155 608 938;A01;3;7;0;2;6;10;1;
202300040388;155 608 940;B01;3;2;0;2;1;1;1;
202300040389;155 608 935;A01;0;7;0;1;1;15;1;
202300040390;155 608 934;A01;2;7;0;2;1;1;0;
202300040390;155 608 937;B01;2;7;3;0;4;2;0;
202300040391;155 608 933;A01;2;7;0;2;1;15;1;
202300040391;155 608 936;B01;1;31;0;2;1;1;1;
202300040392;155 608 931;A01;1;7;0;1;1;17;1;
202300040393;155 608 928;A01;1;33;0;2;1;2;1;
202300040393;155 608 930;B01;1;10;0;2;4;2;1;
202300040394;155 608 927;C01;2;7;0;2;5;0;1;
202300040394;155 608 929;A01;2;7;0;2;1;14;1;
202300040394;155 608 932;B01;2;7;0;2;4;2;1;
202300040395;155 608 926;A01;1;33;0;0;1;3;1;
202300040396;155 608 925;A01;0;7;0;1;2;1;1;
202300040397;155 608 923;A01;2;7;0;2;1;1;1;
202300040397;155 608 924;B01;2;7;0;2;4;1;1;
202300040398;155 608 920;A01;2;7;0;2;6;10;1;
202300040398;155 608 921;B01;2;32;0;2;1;2;1;
202300040399;155 608 919;A01;0;32;0;2;3;1;3;
202300040399;155 608 922;B01;2;7;0;2;6;2;0;
202300040400;155 608 918;A01;1;33;3;0;3;14;1;
202300040401;155 608 917;A01;1;3;8;0;0;0;1;
202300040402;155 608 914;A01;3;1;0;0;1;2;5;
202300040403;155 608 915;A01;2;10;0;2;1;2;1;
202300040403;155 608 916;B01;2;7;0;2;4;1;1;
202300040404;155 608 913;A01;1;7;0;1;2;26;6;
202300040405;155 608 911;A01;3;7;6;0;2;1;1;
202300040406;155 608 910;A01;1;10;0;2;2;1;1;
202300040406;155 608 912;B01;1;33;0;2;8;15;1;
202300040407;155 608 908;A01;3;7;2;0;8;0;1;
202300040408;155 608 906;A01;1;30;0;1;2;1;3;
202300040409;155 608 905;B01;1;7;0;2;1;0;1;
202300040409;155 608 907;C01;1;7;0;2;4;0;0;
202300040409;155 608 909;A01;1;7;0;2;4;0;1;
202300040410;155 608 901;A01;1;32;0;0;7;0;1;
202300040411;155 608 900;A01;2;1;0;2;1;1;5;
202300040411;155 608 903;B01;1;7;0;2;6;1;1;
202300040412;155 608 899;B01;1;7;0;2;1;2;1;
202300040412;155 608 902;C01;1;15;0;0;3;1;1;
202300040412;155 608 904;A01;1;7;0;2;4;2;1;
202300040413;155 608 894;A01;2;15;0;2;2;1;1;
202300040413;155 608 898;B01;2;50;0;0;4;1;3;
202300040414;155 608 895;A01;2;30;0;2;6;5;1;
202300040414;155 608 897;Z01;1;50;0;2;1;1;3;
202300040415;155 608 892;A01;1;7;0;2;1;2;1;
202300040415;155 608 893;B01;1;7;0;2;4;23;1;
202300040415;155 608 896;C01;1;7;0;0;4;23;1;
202300040416;155 608 890;A01;3;7;0;2;3;1;1;
202300040416;155 608 891;B01;3;7;0;6;3;13;1;
202300040417;155 608 888;A01;1;50;0;2;1;1;3;
202300040417;155 608 889;B01;1;50;0;2;4;1;3;
202300040418;155 608 886;A01;1;7;0;0;4;23;1;
202300040418;155 608 887;B01;1;7;0;2;1;1;1;
202300040419;155 608 884;A01;1;7;6;0;2;2;1;
202300040420;155 608 883;A01;1;10;0;2;3;20;0;
202300040420;155 608 885;B01;1;32;0;2;2;26;1;
202300040421;155 608 881;A01;1;33;13;0;1;13;1;
202300040422;155 608 880;B01;0;10;0;2;1;0;1;
202300040422;155 608 882;A01;0;10;0;2;1;26;1;
202300040423;155 608 877;A01;2;7;0;1;1;1;1;
202300040424;155 608 875;B01;1;7;0;2;4;2;1;
202300040424;155 608 878;A01;1;7;0;2;1;2;1;
202300040424;155 608 879;C01;1;7;0;2;4;2;1;
202300040425;155 608 874;A01;1;33;0;2;0;11;1;
202300040425;155 608 876;B01;1;7;0;0;0;0;1;
202300040426;155 608 873;A01;1;7;0;1;1;1;0;
202300040427;155 608 871;A01;1;7;0;2;1;10;1;
202300040427;155 608 872;B01;1;7;0;2;1;1;1;
202300040428;155 608 869;A01;3;7;0;1;7;16;0;
202300040429;155 608 868;A01;2;1;0;2;7;9;5;
202300040429;155 608 870;B01;2;7;0;2;8;9;1;
202300040430;155 608 865;B01;1;50;0;2;7;1;3;
202300040430;155 608 866;A01;2;7;0;9;7;1;1;
202300040431;155 608 862;A01;0;7;0;2;1;2;1;
202300040431;155 608 864;B01;0;7;0;2;6;2;1;
202300040431;155 608 867;C01;0;7;0;2;5;2;1;
202300040432;155 608 861;A01;1;7;0;0;7;15;0;
202300040432;155 608 863;B01;2;31;0;0;2;1;1;
202300040433;155 608 859;B01;1;50;0;2;7;1;3;
202300040433;155 608 860;A01;1;10;0;2;7;9;1;
202300040434;155 608 856;A01;1;7;0;2;3;10;1;
202300040434;155 608 858;B01;1;30;0;2;2;17;1;
202300040435;155 608 855;A01;2;7;3;2;5;17;1;
202300040435;155 608 857;B01;2;7;13;2;3;1;1;
202300040436;155 608 854;A01;3;10;0;1;4;4;1;
202300040437;155 608 852;A01;1;10;12;1;6;1;0;
202300040438;155 608 850;A01;1;7;0;2;1;17;1;
202300040438;155 608 853;B01;2;2;0;2;1;1;1;
202300040439;155 608 851;A01;1;10;10;2;9;26;1;
202300040440;155 608 848;A01;2;7;9;0;1;1;1;
202300040441;155 608 847;A01;1;33;0;2;1;2;1;
202300040441;155 608 849;B01;1;10;0;2;4;2;1;
202300040442;155 608 845;A01;1;7;0;2;1;17;1;
202300040442;155 608 846;B01;2;14;0;2;1;0;1;
202300040443;155 608 841;A01;1;32;0;2;8;18;1;
202300040443;155 608 842;B01;1;7;0;2;2;2;1;
202300040444;155 608 839;A01;3;7;0;1;1;1;0;
202300040444;155 608 844;B01;0;7;0;2;1;1;0;
202300040445;155 608 840;A01;2;7;0;2;2;15;1;
202300040445;155 608 843;B01;2;42;0;2;1;1;1;
202300040446;155 608 836;A01;2;7;13;0;1;0;1;
202300040447;155 608 834;A01;1;3;0;2;1;1;1;
202300040447;155 608 835;C01;1;3;0;2;0;0;0;
202300040447;155 608 838;B01;1;3;0;2;1;1;0;
202300040448;155 608 833;A01;1;7;0;2;7;1;1;
202300040448;155 608 837;B01;2;50;0;2;1;1;3;
202300040449;155 608 832;A01;2;7;2;0;3;1;1;
202300040450;155 608 830;A01;1;0;0;0;0;0;0;
202300040451;155 608 829;B01;2;7;0;2;3;1;1;
202300040451;155 608 831;A01;1;99;0;2;2;1;3;
202300040452;155 608 827;B01;3;2;0;2;1;9;1;
202300040452;155 608 828;A01;0;7;0;2;2;1;1;
202300040453;155 608 823;C01;3;7;0;2;1;2;1;
202300040453;155 608 825;B01;3;7;0;2;1;2;1;
202300040453;155 608 826;A01;3;7;0;2;4;2;0;
202300040454;155 608 822;A01;1;7;0;2;2;26;1;
202300040454;155 608 824;B01;1;1;0;2;8;1;5;
202300040455;155 608 821;A01;1;7;3;0;2;26;1;
202300040456;155 608 819;A01;2;7;4;0;3;1;1;
202300040457;155 608 818;A01;1;7;0;2;3;6;1;
202300040457;155 608 820;B01;1;32;0;2;3;1;1;