Num_Acc;id_vehicule;num_veh;senc;catv;obs;obsm;choc;manv;motor;occutc
202300040747;155 608 316;A01;2;7;0;2;3;13;1;
202300040747;155 608 317;B01;1;15;0;2;3;2;1;
202300040747;155 608 319;C01;1;13;0;2;1;2;1;
202300040748;155 608 315;Y01;1;7;0;1;0;1;0;
202300040749;155 608 314;A01;2;7;0;0;9;1;1;
202300040750;155 608 313;A01;0;7;2;0;1;26;1;
202300040751;155 608 310;B01;1;33;0;2;8;3;1;
202300040751;155 608 312;A01;1;7;0;2;2;12;1;
202300040752;155 608 309;B01;2;10;0;2;6;21;1;
202300040752;155 608 311;A01;2;10;0;2;2;2;1;
202300040753;155 608 307;B01;3;7;0;2;4;15;0;
202300040753;155 608 308;A01;3;34;0;2;1;19;0;
202300040754;155 608 305;A01;2;7;0;2;1;9;1;
202300040754;155 608 306;B01;1;34;0;2;1;1;1;
202300040755;155 608 303;A01;1;50;0;2;0;0;3;
202300040755;155 608 304;B01;3;7;0;9;2;9;1;
202300040756;155 608 302;A01;2;7;0;1;2;1;1;
202300040757;155 608 300;A01;1;33;1;0;8;13;1;
202300040758;155 608 297;A01;1;30;0;2;1;2;1;
202300040758;155 608 298;B01;1;30;0;2;4;1;1;
202300040759;155 608 299;B01;3;13;0;2;1;1;1;
202300040759;155 608 301;A01;3;32;0;0;8;5;1;
202300040760;155 608 295;B01;2;1;0;2;7;1;5;
202300040760;155 608 296;A01;1;7;0;2;1;9;1;
202300040761;155 608 294;A01;2;10;0;1;3;1;1;
202300040762;155 608 291;B01;1;7;0;2;1;1;1;
202300040762;155 608 292;A01;1;7;0;2;4;1;1;
202300040763;155 608 293;A01;0;7;1;1;3;13;0;
202300040764;155 608 289;A01;3;7;0;2;3;15;1;
202300040764;155 608 290;B01;3;50;0;2;1;1;3;
202300040765;155 608 287;A01;1;33;0;0;0;1;1;
202300040766;155 608 286;A01;1;10;0;1;1;1;1;
202300040767;155 608 288;A01;1;7;13;0;9;1;1;
202300040768;155 608 284;A01;1;34;0;2;3;1;1;
202300040768;155 608 285;B01;2;7;0;2;1;15;1;
202300040769;155 608 282;B01;2;33;0;2;3;19;1;
202300040769;155 608 283;A01;1;7;0;2;2;19;1;
202300040770;155 608 280;A01;2;7;0;2;1;15;1;
202300040770;155 608 281;B01;1;2;0;2;1;1;1;
202300040771;155 608 279;A01;1;10;0;1;4;4;1;
202300040772;155 608 275;A01;1;7;0;2;1;11;1;
202300040772;155 608 277;C01;1;7;0;2;3;1;1;
202300040772;155 608 278;B01;1;7;0;2;1;1;1;
202300040773;155 608 274;B01;0;7;0;4;7;1;1;
202300040773;155 608 276;A01;0;40;0;2;1;1;3;
202300040774;155 608 273;A01;1;7;0;1;2;2;1;
202300040775;155 608 272;A01;3;30;11;0;1;1;1;
202300040776;155 608 268;A01;1;7;0;2;7;14;1;
202300040776;155 608 270;B01;3;32;0;2;1;14;1;
202300040777;155 608 269;B01;1;38;0;2;0;0;1;1
202300040777;155 608 271;A01;1;7;0;0;0;0;1;
202300040778;155 608 265;A01;2;30;0;2;1;1;1;
202300040778;155 608 267;B01;2;1;0;2;4;1;5;
202300040779;155 608 264;A01;1;10;0;2;1;2;1;
202300040779;155 608 266;B01;1;7;0;2;4;2;3;
202300040780;155 608 262;A01;3;7;0;2;1;1;1;
202300040780;155 608 263;B01;3;7;0;2;4;1;1;
202300040781;155 608 259;A01;2;7;1;0;1;14;1;
202300040781;155 608 260;B01;2;7;0;2;6;24;1;
202300040781;155 608 261;C01;2;15;0;2;8;24;6;
202300040782;155 608 256;A01;1;10;0;2;1;2;1;
202300040782;155 608 257;B01;1;7;0;2;4;2;1;
202300040783;155 608 255;B01;2;33;0;2;8;3;1;
202300040783;155 608 258;A01;2;7;0;2;7;12;1;
202300040784;155 608 254;A01;3;7;0;1;4;4;1;
202300040785;155 608 253;A01;2;33;0;0;0;1;1;
202300040786;155 608 248;A01;3;7;0;2;2;1;1;
202300040786;155 608 252;B01;3;1;0;2;8;1;5;
202300040787;155 608 249;B01;1;7;0;2;4;2;1;
202300040787;155 608 250;C01;1;7;0;2;4;2;1;
202300040787;155 608 251;A01;1;10;0;2;1;12;1;
202300040788;155 608 246;A01;2;33;0;0;0;3;1;
202300040789;155 608 245;B01;0;1;0;2;0;1;5;
202300040789;155 608 247;A01;0;7;0;2;1;1;1;
202300040790;155 608 244;A01;1;7;4;0;3;26;2;
202300040791;155 608 242;B01;2;7;0;2;3;15;1;
202300040791;155 608 243;A01;2;33;0;2;1;17;1;
202300040792;155 608 241;A01;1;7;3;0;1;26;1;
202300040793;155 608 238;A01;2;7;0;2;1;0;1;
202300040793;155 608 240;B01;2;7;0;2;4;1;1;
202300040794;155 608 236;A01;3;7;0;1;1;1;1;
202300040795;155 608 235;B01;2;7;0;2;4;2;1;
202300040795;155 608 237;C01;2;7;0;2;4;2;1;
202300040795;155 608 239;A01;2;10;0;2;1;2;0;
202300040796;155 608 233;B01;3;50;0;2;0;0;3;
202300040796;155 608 234;A01;3;7;0;2;0;0;1;
202300040797;155 608 229;A01;1;7;0;2;5;12;1;
202300040797;155 608 232;B01;1;33;0;2;3;1;1;
202300040798;155 608 222;A01;1;7;0;1;2;1;1;
202300040799;155 608 223;B01;2;33;0;2;2;3;1;
202300040799;155 608 224;A01;2;10;0;2;8;13;1;
202300040800;155 608 220;A01;1;7;12;0;2;1;1;
202300040801;155 608 217;A01;1;7;0;2;2;12;1;
202300040801;155 608 218;B01;1;33;0;2;8;1;1;
202300040802;155 608 216;B01;1;7;0;2;4;1;1;
202300040802;155 608 219;C01;1;33;0;2;8;1;1;
202300040802;155 608 221;A01;1;7;0;2;2;12;1;
202300040803;155 608 214;A01;2;7;0;2;1;13;1;
202300040803;155 608 215;B01;1;7;0;2;1;1;1;
202300040804;155 608 211;B01;2;7;0;2;1;3;1;
202300040804;155 608 212;A01;2;32;0;2;2;1;1;
202300040805;155 608 210;B01;3;7;0;2;3;1;1;
202300040805;155 608 213;A01;3;7;0;2;1;1;1;
202300040806;155 608 206;A01;1;7;0;2;1;14;1;
202300040806;155 608 209;B01;1;7;0;2;3;0;1;
202300040807;155 608 204;A01;2;7;1;0;5;20;2;
202300040807;155 608 205;B01;2;37;0;2;1;1;1;5
202300040808;155 608 203;A01;1;34;0;1;1;3;1;
202300040809;155 608 199;A01;1;7;0;2;1;9;1;
202300040809;155 608 200;B01;1;7;0;2;7;1;1;
202300040810;155 608 197;A01;1;7;0;1;0;0;0;
202300040811;155 608 196;A01;2;7;0;2;1;1;1;
202300040811;155 608 198;B01;2;7;0;2;4;1;1;
202300040811;155 608 201;C01;2;7;0;2;4;1;1;
202300040811;155 608 202;D01;2;7;0;2;4;1;1;
202300040812;155 608 194;A01;2;10;0;2;1;2;1;
202300040812;155 608 195;B01;2;7;0;2;4;1;1;
202300040813;155 608 191;A01;2;33;0;2;1;2;1;
202300040813;155 608 192;B01;2;7;0;2;5;2;2;
202300040814;155 608 193;A01;2;31;0;0;7;1;1;
202300040815;155 608 187;A01;1;43;0;2;2;3;1;
202300040815;155 608 189;B01;1;33;0;2;3;3;1;
202300040816;155 608 188;A01;1;14;0;0;6;1;1;
202300040816;155 608 190;B01;1;7;0;0;2;2;2;
202300040817;155 608 183;D01;2;7;0;2;4;2;3;
202300040817;155 608 184;B01;2;7;0;2;4;2;1;
202300040817;155 608 185;C01;2;7;0;2;4;2;2;
202300040817;155 608 186;A01;2;7;0;2;1;2;1;
202300040818;155 608 180;B01;2;10;0;2;3;1;1;
202300040818;155 608 182;A01;1;10;0;2;3;13;1;
202300040819;155 608 179;A01;2;7;0;2;7;2;1;
202300040819;155 608 181;B01;2;1;0;2;1;1;5;
202300040820;155 608 178;A01;2;30;0;0;7;2;1;
202300040821;155 608 175;A01;3;32;0;2;7;1;1;
202300040821;155 608 176;B01;3;1;0;2;8;19;5;
202300040822;155 608 173;B01;3;7;0;2;2;1;0;
202300040822;155 608 174;A01;3;32;0;2;3;18;1;
202300040823;155 608 170;A01;2;7;0;2;1;0;1;
202300040823;155 608 177;B01;1;7;0;2;2;1;1;
202300040824;155 608 171;A01;3;1;0;2;0;10;5;
202300040824;155 608 172;B01;3;31;0;2;0;1;1;
202300040825;155 608 169;B01;2;1;12;2;8;1;5;
202300040826;155 608 168;A01;0;7;0;1;5;24;0;
202300040827;155 608 165;A01;1;2;0;2;3;16;3;
202300040827;155 608 167;B01;1;13;0;2;3;1;6;
202300040828;155 608 163;A01;1;7;0;1;1;1;1;
202300040829;155 608 162;Z01;2;32;0;2;0;5;0;
202300040829;155 608 164;A01;1;7;1;2;0;1;1;
202300040830;155 608 161;A01;2;1;0;1;1;1;5;
202300040831;155 608 160;A01;2;10;0;1;1;15;1;
202300040832;155 608 158;A01;3;7;0;2;1;1;1;
202300040832;155 608 159;B01;3;38;0;2;8;1;1;1
202300040833;155 608 156;A01;1;7;0;2;1;15;1;
202300040833;155 608 157;B01;1;2;0;2;1;1;1;
202300040834;155 608 154;A01;1;7;0;2;2;12;2;
202300040834;155 608 155;B01;1;43;0;2;3;1;1;
202300040835;155 608 152;A01;1;7;0;2;1;14;1;
202300040835;155 608 153;B01;1;2;0;2;1;1;3;
202300040836;155 608 151;A01;1;10;0;1;3;15;1;
202300040837;155 608 148;A01;2;1;0;2;8;7;5;
202300040837;155 608 150;B01;1;7;0;2;3;15;1;
202300040838;155 608 147;B01;3;33;0;2;0;0;0;
202300040838;155 608 149;A01;3;7;0;2;3;19;1;
202300040839;155 608 145;A01;3;34;0;2;1;1;1;
202300040839;155 608 146;B01;3;7;0;2;4;23;1;
202300040840;155 608 144;A01;1;10;0;1;2;15;1;
202300040841;155 608 141;B01;2;7;0;2;0;15;1;
202300040841;155 608 143;A01;2;7;0;2;1;17;1;
202300040842;155 608 139;A01;3;14;4;0;7;19;0;
202300040843;155 608 138;A01;2;50;0;1;1;1;3;
202300040844;155 608 137;A01;2;7;0;1;2;1;1;
202300040845;155 608 136;A01;1;7;14;1;2;2;1;
202300040846;155 608 133;A01;1;7;0;2;1;2;1;
202300040846;155 608 135;B01;1;7;14;0;4;2;1;
202300040847;155 608 131;A01;3;40;0;1;1;1;3;
202300040848;155 608 128;A01;1;37;0;2;3;1;1;1
202300040848;155 608 129;B01;1;10;0;2;1;19;0;
202300040849;155 608 127;A01;2;7;0;1;1;15;1;
202300040850;155 608 124;B01;1;17;0;2;2;1;1;
202300040850;155 608 126;A01;2;7;0;2;1;15;1;
202300040851;155 608 125;A01;3;7;0;1;1;1;1;
202300040852;155 608 123;A01;3;7;8;0;9;1;1;
202300040853;155 608 121;A01;1;7;0;2;2;15;1;
202300040853;155 608 122;B01;2;1;0;2;1;1;5;
202300040854;155 608 119;A01;1;7;0;2;3;15;1;
202300040854;155 608 120;B01;1;7;0;2;1;1;1;
202300040855;155 608 118;A01;3;7;0;1;3;1;1;
202300040856;155 608 115;A01;2;7;0;2;5;15;1;
202300040856;155 608 117;B01;1;7;0;2;1;1;1;
202300040857;155 608 116;A01;1;3;0;1;1;15;0;
202300040858;155 608 112;A01;2;7;0;2;2;15;1;
202300040858;155 608 113;B01;1;1;0;2;1;1;5;
202300040859;155 608 111;A01;1;33;1;2;2;1;1;
202300040859;155 608 114;B01;1;10;0;2;3;15;1;
202300040860;155 608 108;B01;2;7;0;2;4;1;1;
202300040860;155 608 110;A01;2;7;0;2;1;1;1;
202300040861;155 608 107;A01;3;7;0;2;3;20;0;
202300040861;155 608 109;B01;0;0;0;0;0;0;0;
202300040862;155 608 104;B01;1;7;0;2;7;9;1;
202300040862;155 608 106;A01;1;7;0;2;1;9;1;
202300040863;155 608 105;A01;2;7;0;1;3;15;1;
202300040864;155 608 101;A01;1;50;0;2;1;25;3;
202300040864;155 608 103;B01;2;7;0;9;2;9;1;
202300040865;155 608 102;A01;1;7;0;1;2;1;1;
202300040866;155 608 100;A01;1;10;0;1;3;1;3;
202300040867;155 608 097;B01;1;7;1;2;4;1;1;
202300040867;155 608 098;A01;1;7;1;2;1;1;1;
202300040868;155 608 096;A01;1;32;0;2;7;9;1;
202300040868;155 608 099;B01;1;7;0;2;1;1;1;
202300040869;155 608 094;A01;0;7;0;1;2;17;1;
202300040870;155 608 093;A01;2;7;0;0;3;1;1;
202300040870;155 608 095;B01;2;33;0;2;2;0;1;
202300040871;155 608 092;A01;1;7;8;0;1;14;1;
202300040872;155 608 090;A01;1;7;0;1;1;1;1;
202300040873;155 608 089;A01;0;7;0;2;1;1;0;
202300040873;155 608 091;B01;0;7;0;2;4;23;0;
202300040874;155 608 087;B01;2;7;0;2;3;9;1;
202300040874;155 608 088;A01;2;1;0;2;1;9;5;
202300040875;155 608 085;A01;1;3;0;2;4;2;1;
202300040875;155 608 086;B01;3;10;0;2;1;0;3;
202300040876;155 608 083;Z01;2;7;0;2;8;15;0;
202300040876;155 608 084;B01;2;30;0;2;2;15;1;
202300040877;155 608 081;A01;2;7;0;2;2;20;1;
202300040877;155 608 082;B01;2;1;0;2;1;1;5;
202300040878;155 608 079;A01;2;7;8;0;2;1;1;
202300040879;155 608 077;B01;1;7;0;9;8;1;1;
202300040879;155 608 078;A01;1;50;0;2;1;1;3;
202300040880;155 608 075;A01;1;30;0;0;8;3;1;
202300040880;155 608 076;B01;1;7;0;0;2;1;1;
202300040881;155 608 073;A01;2;32;0;0;8;1;1;
202300040882;155 608 072;B01;1;7;0;2;4;1;1;
202300040882;155 608 074;A01;1;10;0;2;1;1;1;
202300040883;155 608 070;A01;1;7;0;1;1;1;1;
202300040884;155 608 069;A01;1;7;0;2;3;15;1;
202300040884;155 608 071;B01;1;33;0;2;7;2;1;
202300040885;155 608 066;C01;2;7;0;9;7;1;-1;
202300040885;155 608 068;B01;1;1;0;2;4;1;5;
202300040886;155 608 065;A01;1;7;0;2;0;0;1;
202300040886;155 608 067;B01;2;43;0;2;1;0;1;
202300040887;155 608 064;A01;1;50;9;0;1;17;3;
202300040888;155 608 062;A01;2;10;0;2;3;15;0;
202300040888;155 608 063;B01;2;32;0;2;2;3;0;
202300040889;155 608 061;A01;2;7;0;1;2;1;1;
202300040890;155 608 059;A01;2;7;0;0;8;22;1;
202300040890;155 608 060;B01;2;1;1;0;3;22;5;
202300040891;155 608 058;A01;2;7;0;1;1;16;1;
202300040892;155 608 057;A01;1;33;0;1;1;1;1;
202300040893;155 608 054;A01;1;7;0;2;3;9;1;
202300040893;155 608 056;B01;1;1;0;2;1;1;5;
202300040894;155 608 053;B01;1;1;5;0;4;26;5;
202300040894;155 608 055;A01;1;10;9;0;1;0;1;
202300040895;155 608 052;A01;2;7;0;1;1;1;1;
202300040896;155 608 051;A01;2;32;0;1;1;21;1;
202300040897;155 608 049;A01;2;1;0;1;3;1;5;
202300040898;155 608 047;C01;1;7;0;2;4;1;0;
202300040898;155 608 048;B01;1;7;0;2;4;1;1;
202300040898;155 608 050;A01;1;7;0;2;1;1;1;
202300040899;155 608 046;A01;2;7;0;0;2;14;1;
202300040900;155 608 044;B01;1;7;0;2;2;1;1;
202300040900;155 608 045;A01;0;1;0;2;1;19;5;
202300040901;155 608 042;B01;3;7;0;2;3;1;1;
202300040901;155 608 043;A01;3;7;0;2;3;5;2;
202300040902;155 608 040;A01;2;1;0;2;1;12;5;
202300040902;155 608 041;B01;2;7;0;2;6;1;1;
202300040903;155 608 038;A01;3;33;6;0;1;19;1;
202300040904;155 608 037;A01;1;7;0;2;1;15;1;
202300040904;155 608 039;B01;1;33;0;2;7;1;1;
202300040905;155 608 035;A01;3;7;0;1;3;20;1;
202300040906;155 608 033;A01;1;7;0;2;1;13;1;
202300040906;155 608 034;B01;2;7;3;2;1;1;1;
202300040906;155 608 036;C01;2;7;0;2;1;1;1;
202300040907;155 608 031;A01;2;7;0;2;1;9;1;
202300040907;155 608 032;B01;2;1;0;0;4;0;5;
202300040908;155 608 029;A01;1;10;0;2;2;2;0;
202300040908;155 608 030;B01;1;7;2;2;4;2;1;
202300040909;155 608 025;C01;0;7;0;2;1;0;0;
202300040909;155 608 027;B01;0;7;0;2;4;2;0;
202300040909;155 608 028;A01;0;7;0;2;4;0;0;
202300040910;155 608 024;B01;2;1;0;2;2;1;5;
202300040910;155 608 026;A01;0;7;0;9;2;15;1;
202300040911;155 608 022;A01;3;2;0;0;2;1;1;
202300040912;155 608 021;B01;3;10;0;2;2;1;1;
202300040912;155 608 023;A01;3;7;0;2;5;1;1;
202300040913;155 608 018;A01;3;7;0;2;3;1;1;
202300040913;155 608 020;B01;3;7;0;2;2;15;1;
202300040914;155 608 019;A01;1;7;0;0;2;1;3;
202300040915;155 608 016;B01;1;7;0;2;1;1;2;
202300040915;155 608 017;A01;1;1;0;2;1;1;5;
202300040916;155 608 013;A01;1;7;0;2;1;15;1;
202300040916;155 608 015;B01;2;34;0;2;8;1;1;
202300040917;155 608 012;A01;1;2;0;2;1;1;1;
202300040917;155 608 014;B01;2;7;0;2;7;15;1;
202300040918;155 608 011;A01;3;7;0;1;4;4;1;
202300040919;155 608 008;B01;2;33;0;2;1;1;0;
202300040919;155 608 010;A01;1;7;0;2;2;5;0;
202300040920;155 608 007;A01;2;7;0;2;2;9;1;
202300040920;155 608 009;B01;2;80;0;2;1;5;3;
202300040921;155 608 006;A01;3;30;0;0;7;1;1;
202300040922;155 608 002;A01;3;7;0;2;2;15;1;
202300040922;155 608 004;B01;3;2;0;2;8;1;1;
202300040923;155 608 000;B01;2;17;0;0;4;1;1;
202300040923;155 608 001;C01;2;17;0;0;8;1;1;
202300040923;155 608 003;A01;2;7;0;2;1;1;1;
202300040924;155 607 999;A01;1;33;0;2;1;1;1;
202300040924;155 608 005;B01;2;7;0;2;3;15;1;
202300040925;155 607 994;A01;1;10;0;2;1;1;1;
202300040925;155 607 997;C01;1;7;0;2;4;2;1;
202300040925;155 607 998;B01;1;7;0;2;4;2;1;
202300040926;155 607 993;B01;0;7;0;2;0;0;1;
202300040926;155 607 996;A01;0;30;0;2;0;0;1;
202300040927;155 607 992;A01;0;7;0;2;3;1;1;
202300040927;155 607 995;B01;0;2;0;2;3;1;1;
202300040928;155 607 988;A01;1;10;0;2;3;15;1;
202300040928;155 607 990;B01;1;30;0;2;1;1;1;
202300040929;155 607 986;B01;2;7;0;2;1;15;1;
202300040929;155 607 991;A01;2;33;0;2;1;17;1;
202300040930;155 607 987;B01;2;33;0;2;1;21;1;
202300040930;155 607 989;A01;2;10;0;2;6;9;1;
202300040931;155 607 982;A01;1;7;0;2;1;2;1;
202300040931;155 607 985;B01;1;2;0;2;4;1;1;
202300040932;155 607 981;A01;1;33;12;0;2;1;1;
202300040933;155 607 980;B01;0;7;0;2;7;1;1;
202300040933;155 607 984;A01;0;32;0;2;1;19;0;
202300040934;155 607 983;A01;3;7;2;0;1;1;0;
202300040935;155 607 979;A01;3;2;12;0;1;0;3;
202300040936;155 607 977;A01;2;2;0;0;0;21;1;
202300040937;155 607 976;A01;1;7;1;0;3;1;1;
202300040938;155 607 975;B01;3;50;0;2;7;9;3;
202300040938;155 607 978;A01;2;7;0;2;3;1;1;
202300040939;155 607 969;C01;1;10;0;2;7;1;1;
202300040939;155 607 970;D01;1;7;0;2;4;1;1;
202300040939;155 607 972;B01;1;7;0;2;5;1;1;
202300040939;155 607 974;A01;1;7;0;2;3;14;1;
202300040940;155 607 967;B01;3;7;0;2;4;23;1;
202300040940;155 607 968;A01;3;10;0;2;1;2;1;
202300040941;155 607 965;B01;1;7;0;2;6;2;1;
202300040941;155 607 966;A01;1;32;0;2;1;2;1;
202300040942;155 607 963;A01;1;37;0;1;5;1;6;1
202300040943;155 607 962;A01;3;7;0;2;6;19;1;
202300040943;155 607 964;B01;0;33;0;2;0;0;1;
202300040944;155 607 959;A01;2;7;0;2;5;12;1;
202300040944;155 607 961;B01;2;50;0;2;1;1;3;
202300040945;155 607 958;B01;2;7;0;2;4;1;0;
202300040945;155 607 960;A01;2;7;0;2;1;1;1;
202300040946;155 607 957;A01;3;50;0;1;1;25;3;
202300040947;155 607 955;B01;1;7;0;2;4;1;0;
202300040947;155 607 956;A01;1;10;0;2;1;26;1;
202300040948;155 607 953;A01;3;7;0;2;6;10;0;
202300040948;155 607 954;B01;3;1;0;2;1;1;5;
202300040949;155 607 951;B01;2;7;0;2;4;23;1;
202300040949;155 607 952;A01;2;7;1;0;1;2;1;
202300040950;155 607 949;B01;0;7;0;2;4;1;1;
202300040950;155 607 950;A01;0;10;0;2;1;1;1;
202300040951;155 607 947;A01;1;7;0;2;3;9;1;
202300040951;155 607 948;B01;2;33;0;2;1;1;1;
202300040952;155 607 946;A01;2;7;0;1;2;16;2;
202300040953;155 607 944;A01;3;7;6;1;1;4;1;
202300040954;155 607 941;B01;1;1;0;2;7;21;5;
202300040954;155 607 943;A01;2;7;0;9;8;9;1;
202300040955;155 607 940;A01;1;7;0;2;3;1;1;
202300040955;155 607 942;B01;2;1;0;2;1;15;5;
202300040956;155 607 938;A01;1;7;0;2;3;16;1;
202300040956;155 607 939;B01;1;7;0;2;5;1;1;
202300040957;155 607 936;B01;2;7;0;2;2;1;2;
202300040957;155 607 937;A01;2;50;0;2;3;15;3;
202300040958;155 607 934;B01;0;7;0;2;2;9;1;
202300040958;155 607 935;A01;1;31;0;2;2;17;1;
202300040959;155 607 933;A01;1;7;15;0;1;1;1;
202300040960;155 607 931;A01;3;7;0;2;8;9;0;
202300040960;155 607 932;B01;3;7;0;2;1;1;0;
202300040961;155 607 929;A01;2;1;0;0;1;1;5;
202300040962;155 607 928;B01;3;33;0;2;1;2;1;
202300040962;155 607 930;A01;3;7;0;2;6;2;1;
202300040963;155 607 927;A01;3;7;0;1;4;4;1;
202300040964;155 607 926;A01;3;7;0;1;3;1;1;
202300040965;155 607 924;B01;2;1;0;2;1;1;5;
202300040965;155 607 925;A01;1;7;0;2;1;15;1;
202300040966;155 607 922;A01;1;30;0;2;1;11;1;
202300040966;155 607 923;B01;2;30;0;2;1;1;1;
202300040967;155 607 921;A01;3;2;2;0;2;0;1;
202300040968;155 607 919;B01;2;7;0;2;8;1;1;
202300040968;155 607 920;A01;2;7;0;2;7;17;1;
202300040969;155 607 917;A01;1;7;0;9;1;1;1;
202300040969;155 607 918;B01;1;1;0;2;8;19;5;
202300040970;155 607 915;A01;3;7;0;2;1;15;1;
202300040970;155 607 916;B01;3;7;0;2;5;23;1;
202300040971;155 607 914;A01;0;7;0;1;3;26;1;
202300040972;155 607 913;A01;2;10;8;1;5;19;1;
202300040973;155 607 911;A01;2;7;0;2;1;1;3;
202300040973;155 607 912;B01;0;10;0;2;5;15;1;
202300040974;155 607 910;A01;1;34;0;1;3;7;1;
202300040975;155 607 908;A01;3;1;0;0;0;0;5;
202300040975;155 607 909;B01;3;1;0;0;0;0;5;
202300040976;155 607 906;B01;1;34;0;2;7;0;1;
202300040976;155 607 907;A01;1;99;0;2;8;10;1;
202300040977;155 607 904;A01;3;7;0;2;3;1;0;
202300040977;155 607 905;B01;3;7;4;2;1;5;1;
202300040978;155 607 901;B01;1;0;0;2;1;0;0;
202300040978;155 607 903;A01;2;7;0;2;1;1;1;
202300040979;155 607 900;A01;1;7;0;2;8;23;1;
202300040979;155 607 902;B01;1;50;0;2;1;1;3;
202300040980;155 607 899;A01;1;34;0;0;6;1;1;
202300040981;155 607 898;A01;3;36;6;0;1;1;1;
202300040982;155 607 896;B01;1;7;0;2;3;15;1;
202300040982;155 607 897;A01;1;33;0;2;1;1;1;
202300040983;155 607 895;A01;1;7;4;0;3;1;1;
202300040984;155 607 893;B01;1;7;0;2;1;1;1;
202300040984;155 607 894;A01;1;1;12;2;9;1;5;
202300040985;155 607 892;A01;1;32;3;0;8;2;0;
202300040986;155 607 891;A01;1;50;0;1;1;1;3;
202300040987;155 607 890;A01;1;7;0;1;2;26;1;
202300040988;155 607 888;A01;3;7;17;0;2;1;1;
202300040989;155 607 887;B01;0;1;0;2;1;1;5;
202300040989;155 607 889;A01;1;7;0;2;2;1;1;
202300040990;155 607 886;A01;1;33;0;0;9;1;1;
202300040991;155 607 885;A01;3;7;0;1;1;9;1;
202300040992;155 607 884;A01;1;7;0;2;1;1;1;
202300040993;155 607 882;A01;1;7;0;2;1;15;1;
202300040993;155 607 883;B01;2;7;0;2;1;1;1;
202300040994;155 607 880;A01;2;15;0;2;1;1;1;
202300040994;155 607 881;B01;2;7;0;0;4;23;1;
202300040995;155 607 879;A01;1;2;0;0;8;9;1;
202300040996;155 607 876;A01;2;33;0;2;1;2;1;
202300040996;155 607 877;B01;2;7;0;2;5;23;1;
202300040997;155 607 874;A01;1;30;0;2;1;26;1;
202300040997;155 607 875;B01;0;7;0;2;3;26;1;
202300040998;155 607 872;B01;3;1;0;2;0;0;5;
202300040998;155 607 873;A01;1;7;0;2;8;9;1;
202300040999;155 607 870;B01;3;7;0;2;1;1;1;
202300040999;155 607 871;A01;3;2;0;2;1;13;1;
202300041000;155 607 869;A01;1;0;0;1;8;1;0;
202300041001;155 607 866;A01;1;7;0;0;0;0;1;
202300041002;155 607 865;A01;3;7;0;9;0;1;1;
202300041002;155 607 867;B01;0;50;0;2;1;1;-1;
202300041003;155 607 862;A01;2;7;0;2;1;1;1;
202300041003;155 607 864;B01;2;1;0;2;8;9;5;
202300041004;155 607 861;B01;1;7;0;2;5;1;1;
202300041004;155 607 863;A01;1;3;0;2;1;1;1;
202300041005;155 607 860;A01;1;2;13;0;0;1;1;
202300041006;155 607 857;A01;3;7;0;2;5;15;1;
202300041006;155 607 859;B01;3;7;0;2;1;23;1;
202300041007;155 607 858;A01;1;7;0;1;2;1;1;
202300041008;155 607 856;A01;0;33;4;0;2;12;1;
202300041009;155 607 855;A01;2;7;0;1;1;1;2;
202300041010;155 607 853;A01;2;7;2;0;1;13;1;
202300041011;155 607 852;A01;1;7;0;2;3;1;1;
202300041011;155 607 854;B01;1;1;0;2;3;19;5;
202300041012;155 607 851;A01;1;33;16;0;1;1;1;
202300041013;155 607 850;A01;2;33;0;0;0;1;1;
202300041014;155 607 847;A01;1;7;0;2;1;26;1;
202300041014;155 607 849;B01;1;33;0;2;4;26;1;
202300041015;155 607 845;A01;2;10;0;2;4;1;1;
202300041015;155 607 846;B01;2;7;0;2;4;1;1;
202300041015;155 607 848;C01;2;7;0;2;4;1;1;
202300041016;155 607 843;A01;1;7;0;1;3;15;1;
202300041017;155 607 842;A01;2;7;16;0;1;1;1;
202300041018;155 607 839;A01;2;7;0;2;3;1;3;
202300041018;155 607 841;B01;1;7;0;2;1;13;1;
202300041019;155 607 838;A01;1;7;14;2;8;1;1;
202300041019;155 607 840;B01;1;33;14;2;8;1;1;
202300041020;155 607 836;A01;1;7;0;2;7;15;1;
202300041020;155 607 837;B01;1;1;0;2;1;1;5;
202300041021;155 607 835;A01;1;7;13;0;3;1;1;
202300041022;155 607 832;B01;1;1;0;2;4;2;5;
202300041022;155 607 834;A01;1;7;0;2;1;2;1;
202300041023;155 607 831;B01;1;21;0;0;3;1;1;
202300041023;155 607 833;A01;1;33;0;2;7;17;0;
202300041024;155 607 829;A01;1;33;5;0;1;1;0;
202300041025;155 607 827;A01;1;10;0;2;1;2;1;
202300041025;155 607 828;B01;1;7;0;2;1;2;1;
202300041025;155 607 830;C01;1;7;0;2;4;2;1;
202300041026;155 607 826;A01;3;2;0;0;0;1;1;
202300041027;155 607 824;Z01;1;7;0;2;1;2;0;
202300041027;155 607 825;_01;2;1;0;2;5;15;5;
202300041028;155 607 822;A01;2;7;0;2;1;13;0;
202300041028;155 607 823;B01;1;7;9;2;1;1;2;
202300041029;155 607 821;A01;2;7;0;1;2;1;1;
202300041030;155 607 820;A01;3;31;13;0;1;21;1;
202300041031;155 607 819;A01;3;7;0;1;2;1;1;
202300041032;155 607 818;A01;3;2;2;0;2;1;1;
202300041033;155 607 816;A01;1;7;0;2;2;2;2;