Num_Acc;id_vehicule;num_veh;senc;catv;obs;obsm;choc;manv;motor;occutc
202300042723;155 604 859;B01;2;0;0;2;6;26;0;
202300042723;155 604 862;A01;2;33;3;0;2;17;1;
202300042724;155 604 854;A01;3;7;6;0;1;14;1;
202300042725;155 604 853;A01;1;7;0;1;1;11;1;
202300042726;155 604 855;A01;1;32;0;-1;1;1;1;
202300042727;155 604 852;A01;1;7;2;0;0;13;1;
202300042728;155 604 851;A01;2;7;0;2;9;1;1;
202300042729;155 604 850;A01;1;10;0;1;1;15;1;
202300042730;155 604 844;A01;2;7;0;2;2;10;1;
202300042730;155 604 847;B01;1;7;0;2;1;1;1;
202300042731;155 604 845;A01;1;33;0;2;1;2;1;
202300042731;155 604 848;B01;1;7;0;2;4;2;1;
202300042732;155 604 846;B01;0;15;0;2;2;1;1;
202300042732;155 604 849;A01;0;7;0;0;7;9;1;
202300042733;155 604 839;B01;0;7;0;0;3;1;0;
202300042733;155 604 841;A01;0;7;0;2;3;13;0;
202300042734;155 604 836;B01;1;33;0;2;4;2;1;
202300042734;155 604 838;A01;1;10;0;2;1;2;1;
202300042735;155 604 835;A01;2;7;0;2;8;14;1;
202300042735;155 604 837;B01;2;7;0;2;7;1;1;
202300042735;155 604 840;C01;2;7;0;2;7;1;1;
202300042735;155 604 842;D01;2;14;0;2;5;1;1;
202300042736;155 604 834;A01;1;7;6;0;1;0;1;
202300042737;155 604 832;A01;2;7;0;2;2;21;1;
202300042737;155 604 833;B01;2;1;0;2;8;19;5;
202300042738;155 604 830;A01;1;7;0;2;3;1;0;
202300042738;155 604 831;B01;1;10;0;2;5;24;0;
202300042739;155 604 827;A01;1;7;0;2;3;9;1;
202300042739;155 604 828;B01;1;1;0;2;2;16;5;
202300042740;155 604 826;A01;2;10;0;0;7;19;1;
202300042740;155 604 829;B01;2;7;0;2;1;1;1;
202300042741;155 604 825;A01;2;7;4;0;3;1;1;
202300042742;155 604 824;A01;1;7;6;0;1;1;1;
202300042743;155 604 822;A01;2;7;4;0;3;1;1;
202300042744;155 604 820;A01;1;30;0;0;1;1;1;
202300042745;155 604 819;A01;1;7;0;2;3;9;1;
202300042745;155 604 821;B01;1;30;0;2;4;1;1;
202300042745;155 604 823;C01;2;10;0;2;3;1;1;
202300042746;155 604 818;A01;1;31;0;0;7;1;1;
202300042747;155 604 816;A01;2;7;4;2;1;1;1;
202300042748;155 604 813;A01;1;7;0;2;1;13;0;
202300042748;155 604 815;B01;2;7;0;2;1;0;0;
202300042749;155 604 814;B01;2;7;0;2;3;1;1;
202300042749;155 604 817;A01;3;7;9;2;1;15;1;
202300042750;155 604 812;A01;1;7;0;1;2;17;1;
202300042751;155 604 810;A01;1;7;0;1;2;1;1;
202300042752;155 604 809;B01;2;17;0;2;6;1;1;
202300042752;155 604 811;A01;2;7;0;2;2;12;1;
202300042753;155 604 807;A01;3;7;0;2;8;15;1;
202300042753;155 604 808;B01;1;32;0;2;1;1;1;
202300042754;155 604 805;A01;1;7;0;0;3;13;1;
202300042755;155 604 802;B01;2;33;0;2;1;1;1;
202300042755;155 604 804;A01;1;7;0;2;1;13;1;
202300042756;155 604 803;B01;3;7;0;2;1;19;1;
202300042756;155 604 806;A01;3;2;0;2;7;1;1;
202300042757;155 604 800;B01;1;30;0;9;1;26;1;
202300042757;155 604 801;Y01;3;50;0;0;0;0;3;
202300042758;155 604 797;B01;1;7;0;0;0;15;1;
202300042758;155 604 799;A01;2;33;0;0;3;21;1;
202300042759;155 604 798;A01;2;7;2;0;1;0;1;
202300042760;155 604 794;B01;1;7;0;0;0;0;0;
202300042760;155 604 795;A01;1;1;0;0;0;0;5;
202300042761;155 604 792;A01;1;3;16;0;9;1;1;
202300042762;155 604 793;B01;2;7;0;2;2;15;1;
202300042762;155 604 796;A01;1;1;0;2;1;1;5;
202300042763;155 604 790;B01;2;30;0;2;1;2;1;
202300042763;155 604 791;A01;2;7;0;2;5;1;1;
202300042764;155 604 786;B01;2;7;13;2;1;0;1;
202300042764;155 604 789;A01;1;7;0;2;6;1;1;
202300042765;155 604 785;B01;1;30;0;2;1;1;1;
202300042765;155 604 788;A01;3;7;0;2;4;4;1;
202300042766;155 604 784;A01;2;50;0;2;1;1;3;
202300042766;155 604 787;B01;1;7;0;2;3;16;1;
202300042767;155 604 781;A01;1;7;0;2;2;2;1;
202300042767;155 604 783;B01;1;1;0;2;8;1;5;
202300042768;155 604 780;A01;2;7;0;2;1;13;1;
202300042768;155 604 782;B01;1;7;7;2;1;1;1;
202300042769;155 604 778;A01;1;7;15;0;1;14;1;
202300042770;155 604 773;B01;0;50;0;2;1;1;3;
202300042770;155 604 776;A01;0;1;0;2;1;13;5;
202300042771;155 604 772;A01;1;7;0;2;3;15;1;
202300042771;155 604 774;B01;2;7;0;2;3;1;1;
202300042771;155 604 777;C01;1;7;0;2;8;1;1;
202300042771;155 604 779;D01;1;7;0;2;6;1;1;
202300042772;155 604 771;A01;1;7;0;0;7;19;1;
202300042772;155 604 775;B01;1;10;0;0;1;1;1;
202300042773;155 604 770;A01;2;7;2;0;0;1;1;
202300042774;155 604 767;A01;1;99;0;2;4;15;1;
202300042774;155 604 769;B01;1;33;0;2;0;0;1;
202300042775;155 604 765;A01;1;7;0;2;1;1;1;
202300042775;155 604 768;B01;1;2;0;2;7;1;1;
202300042776;155 604 764;B01;2;7;0;2;4;23;1;
202300042776;155 604 766;A01;2;7;0;2;1;2;1;
202300042777;155 604 759;A01;2;7;0;2;3;13;1;
202300042777;155 604 761;B01;2;7;0;2;8;1;1;
202300042778;155 604 758;A01;1;7;0;2;3;1;1;
202300042778;155 604 762;B01;2;7;0;2;3;1;1;
202300042779;155 604 755;A01;1;0;1;0;1;1;0;
202300042779;155 604 757;B01;1;7;0;2;4;24;1;
202300042780;155 604 753;A01;1;7;0;1;1;9;1;
202300042781;155 604 751;B01;0;2;0;2;7;1;1;
202300042781;155 604 752;A01;0;7;0;2;1;15;1;
202300042782;155 604 744;A01;3;7;14;0;1;1;1;
202300042782;155 604 746;B01;3;7;0;2;4;23;1;
202300042782;155 604 748;C01;3;7;0;2;4;23;3;
202300042782;155 604 749;D01;3;15;0;2;5;23;1;
202300042783;155 604 742;A01;3;7;0;2;1;2;1;
202300042783;155 604 747;B01;3;7;0;2;4;2;1;
202300042784;155 604 743;C01;2;7;0;2;6;1;1;
202300042784;155 604 745;B01;1;7;0;2;3;1;1;
202300042784;155 604 750;A01;2;7;0;2;8;13;1;
202300042785;155 604 739;A01;1;10;2;0;3;1;0;
202300042786;155 604 736;A01;2;7;0;2;3;16;1;
202300042786;155 604 738;B01;1;7;0;2;2;0;1;
202300042787;155 604 735;A01;2;7;0;2;3;19;1;
202300042787;155 604 737;B01;1;1;0;2;1;19;5;
202300042788;155 604 734;A01;1;7;0;1;1;0;1;
202300042789;155 604 732;A01;1;7;6;0;1;1;1;
202300042790;155 604 730;A01;2;10;0;2;1;13;1;
202300042790;155 604 733;B01;2;7;0;2;3;0;1;
202300042791;155 604 727;B01;3;2;0;2;4;2;1;
202300042791;155 604 728;A01;3;7;0;2;2;2;1;
202300042792;155 604 723;A01;3;33;0;2;1;2;1;
202300042792;155 604 724;B01;3;7;0;2;4;2;1;
202300042793;155 604 720;A01;1;7;0;1;1;1;1;
202300042794;155 604 722;B01;1;10;0;0;3;2;1;
202300042794;155 604 726;A01;1;10;0;0;2;9;1;
202300042795;155 604 719;B01;1;7;0;2;1;2;1;
202300042795;155 604 721;A01;1;7;0;2;4;2;1;
202300042796;155 604 715;A01;3;33;0;2;3;13;1;
202300042796;155 604 717;B01;3;7;0;2;8;1;1;
202300042797;155 604 713;B01;2;10;0;2;1;2;1;
202300042797;155 604 716;A01;2;32;0;2;4;2;1;
202300042798;155 604 712;A01;3;1;0;9;2;25;5;
202300042798;155 604 714;B01;3;50;0;2;3;26;3;
202300042799;155 604 707;A01;1;7;0;2;3;2;1;
202300042799;155 604 710;B01;1;1;0;2;4;2;5;
202300042800;155 604 709;A01;1;7;15;0;1;1;1;
202300042801;155 604 708;A01;1;7;0;2;3;9;1;
202300042801;155 604 711;B01;2;2;0;2;1;17;1;
202300042802;155 604 705;A01;3;7;0;2;3;1;1;
202300042802;155 604 706;B01;3;7;0;2;3;1;1;
202300042803;155 604 702;A01;3;7;0;2;4;1;1;
202300042803;155 604 704;B01;3;7;0;2;1;1;1;
202300042804;155 604 701;A01;3;7;0;2;2;26;1;
202300042804;155 604 703;B01;3;31;0;2;2;1;3;
202300042805;155 604 696;A01;1;7;5;0;9;1;1;
202300042806;155 604 695;A01;1;15;0;2;1;1;1;
202300042806;155 604 697;B01;1;7;0;2;4;23;1;
202300042806;155 604 698;C01;1;7;0;2;4;23;1;
202300042806;155 604 699;D01;1;7;0;2;4;23;2;
202300042806;155 604 700;E01;1;7;0;2;4;23;1;
202300042807;155 604 694;A01;0;7;0;1;2;9;1;
202300042808;155 604 691;A01;2;7;0;2;0;0;1;
202300042808;155 604 693;B01;1;2;0;2;1;1;1;
202300042809;155 604 686;A01;0;7;0;1;1;1;1;
202300042810;155 604 687;B01;1;33;0;2;1;1;1;
202300042810;155 604 689;A01;1;10;0;2;6;15;1;
202300042811;155 604 688;A01;2;7;0;2;2;1;1;
202300042811;155 604 690;C01;2;17;0;2;8;1;1;
202300042811;155 604 692;B01;2;7;0;2;8;0;1;
202300042812;155 604 685;A01;3;7;1;1;2;15;0;
202300042813;155 604 682;A01;1;7;0;2;1;2;2;
202300042813;155 604 683;B01;1;33;0;2;4;2;1;
202300042814;155 604 680;A01;2;34;0;1;1;26;1;
202300042814;155 604 681;B01;1;7;0;2;1;1;1;
202300042815;155 604 679;B01;3;7;0;2;3;1;1;
202300042815;155 604 684;A01;1;7;0;2;6;1;1;
202300042816;155 604 674;A01;1;7;0;2;1;2;1;
202300042816;155 604 676;B01;1;7;0;2;4;2;1;
202300042816;155 604 677;C01;1;7;0;2;4;2;1;
202300042817;155 604 675;A01;1;7;0;2;1;1;1;
202300042817;155 604 678;B01;1;7;0;2;4;2;1;
202300042818;155 604 669;A01;1;7;0;2;8;9;1;
202300042818;155 604 672;B01;1;1;0;2;1;1;5;
202300042819;155 604 671;A01;2;1;0;2;1;5;5;
202300042819;155 604 673;B01;2;7;0;2;2;1;5;
202300042820;155 604 668;A01;2;7;6;0;1;1;1;
202300042821;155 604 667;A01;1;7;0;2;1;1;1;
202300042821;155 604 670;B01;1;7;0;2;4;1;1;
202300042822;155 604 665;A01;3;7;8;0;1;15;1;
202300042823;155 604 664;A01;0;10;0;2;3;0;0;
202300042823;155 604 666;B01;0;34;0;2;1;13;1;
202300042824;155 604 660;Z01;2;10;0;2;6;11;0;
202300042824;155 604 662;A01;2;33;0;2;2;3;1;
202300042825;155 604 659;C01;1;7;0;2;4;2;1;
202300042825;155 604 661;B01;2;7;0;2;4;2;0;
202300042825;155 604 663;A01;2;10;0;2;1;2;1;
202300042826;155 604 656;A01;1;7;0;2;2;2;2;
202300042826;155 604 658;B01;1;1;0;2;4;2;5;
202300042827;155 604 654;A01;3;10;0;2;1;2;1;
202300042827;155 604 657;B01;3;7;0;2;4;23;1;
202300042828;155 604 651;A01;0;10;0;2;8;24;1;
202300042828;155 604 652;B01;1;1;1;0;2;1;5;
202300042829;155 604 653;A01;1;10;0;2;1;2;1;
202300042829;155 604 655;B01;1;10;0;2;4;2;1;
202300042830;155 604 649;A01;1;7;0;1;3;1;1;
202300042831;155 604 647;A01;2;31;0;2;8;18;1;
202300042831;155 604 650;B01;2;7;0;2;2;16;1;
202300042832;155 604 645;C01;2;7;0;2;8;1;1;
202300042832;155 604 646;B01;2;7;0;2;5;1;2;
202300042832;155 604 648;A01;2;7;0;2;3;3;1;
202300042833;155 604 642;A01;1;14;0;2;2;1;1;
202300042833;155 604 643;B01;1;1;0;2;4;15;5;
202300042834;155 604 641;A01;1;7;0;2;1;15;1;
202300042834;155 604 644;B01;2;43;0;2;3;1;1;
202300042835;155 604 637;A01;1;10;1;0;4;20;1;
202300042835;155 604 638;B01;1;2;0;0;2;24;1;
202300042836;155 604 639;A01;2;10;0;2;1;2;1;
202300042836;155 604 640;B01;2;17;0;2;4;26;1;
202300042837;155 604 635;A01;1;7;0;2;6;16;2;
202300042837;155 604 636;B01;2;1;0;2;1;19;5;
202300042838;155 604 633;A01;2;7;0;2;6;13;1;
202300042838;155 604 634;B01;2;2;0;2;7;17;3;
202300042839;155 604 631;B01;2;7;0;2;6;1;1;
202300042839;155 604 632;A01;2;31;0;2;1;1;1;
202300042840;155 604 628;A01;3;1;0;2;3;13;5;
202300042840;155 604 630;B01;3;80;0;2;2;13;3;
202300042841;155 604 627;A01;1;2;0;2;7;17;1;
202300042841;155 604 629;B01;1;7;0;2;3;15;1;
202300042842;155 604 626;A01;2;7;8;0;9;13;2;
202300042843;155 604 623;B01;3;50;0;2;3;19;3;
202300042843;155 604 625;A01;3;10;0;2;2;1;1;
202300042844;155 604 621;A01;1;7;0;2;8;22;1;
202300042844;155 604 622;B01;1;80;1;0;0;1;3;
202300042845;155 604 619;A01;2;7;0;2;2;2;1;
202300042845;155 604 620;B01;2;7;0;2;4;23;1;
202300042845;155 604 624;C01;2;7;0;0;4;23;1;
202300042846;155 604 618;A01;1;7;1;0;1;20;1;
202300042847;155 604 616;A01;1;7;0;2;7;16;1;
202300042847;155 604 617;B01;1;37;0;2;8;1;3;2
202300042848;155 604 613;B01;1;2;0;2;1;1;2;
202300042848;155 604 615;A01;2;7;0;2;1;15;1;
202300042849;155 604 612;A01;1;34;0;2;3;13;1;
202300042849;155 604 614;B01;2;7;0;2;6;1;1;
202300042850;155 604 610;B01;2;7;0;2;4;23;1;
202300042850;155 604 611;A01;2;30;0;2;1;1;1;
202300042851;155 604 607;A01;2;7;1;0;1;1;1;
202300042852;155 604 602;D01;2;7;0;2;4;1;2;
202300042852;155 604 603;C01;2;7;0;2;4;1;1;
202300042852;155 604 605;E01;2;7;0;2;4;1;1;
202300042852;155 604 606;A01;2;7;0;2;1;9;3;
202300042852;155 604 608;F01;2;7;0;2;4;1;2;
202300042852;155 604 609;B01;2;7;0;2;4;1;1;
202300042853;155 604 604;Z01;2;7;0;1;1;1;1;
202300042854;155 604 600;A01;1;1;0;1;1;1;5;
202300042855;155 604 597;A01;2;10;0;2;3;21;1;
202300042855;155 604 599;B01;2;7;0;2;4;1;2;
202300042855;155 604 601;C01;2;7;0;2;4;23;1;
202300042856;155 604 596;A01;1;33;0;2;8;18;1;
202300042856;155 604 598;B01;1;7;0;2;2;16;1;
202300042857;155 604 595;A01;3;31;12;0;1;6;1;
202300042858;155 604 593;A01;2;33;14;0;1;1;6;
202300042859;155 604 591;B01;1;34;0;2;2;1;1;
202300042859;155 604 592;A01;1;7;0;2;8;22;1;
202300042860;155 604 590;B01;2;7;0;0;0;0;1;
202300042860;155 604 594;A01;1;33;0;2;1;13;1;
202300042861;155 604 589;A01;0;7;0;1;3;15;1;
202300042862;155 604 588;A01;1;30;0;1;1;1;3;
202300042863;155 604 586;A01;3;32;0;9;1;1;1;
202300042863;155 604 587;B01;3;50;0;2;8;26;3;
202300042864;155 604 584;A01;1;7;0;2;2;10;1;
202300042864;155 604 585;B01;1;2;0;2;1;1;1;
202300042865;155 604 579;B01;1;7;0;9;1;0;1;
202300042865;155 604 582;A01;1;50;0;2;4;0;3;
202300042866;155 604 581;A01;1;50;0;2;2;1;3;
202300042866;155 604 583;B01;1;7;0;2;3;16;2;
202300042867;155 604 578;A01;1;7;0;2;3;13;2;
202300042867;155 604 580;B01;2;10;0;2;3;1;1;
202300042868;155 604 577;A01;1;34;0;0;0;0;1;
202300042869;155 604 573;B01;2;1;0;2;1;1;5;
202300042869;155 604 575;A01;1;7;0;2;4;1;1;
202300042870;155 604 576;A01;2;30;0;1;8;1;3;
202300042871;155 604 571;A01;3;7;0;1;1;19;6;
202300042872;155 604 567;A01;1;7;0;2;1;15;1;
202300042872;155 604 570;B01;1;1;0;2;8;1;5;
202300042873;155 604 568;A01;3;7;0;2;1;2;2;
202300042873;155 604 569;B01;3;10;0;2;4;1;6;
202300042874;155 604 565;B01;2;7;0;2;7;1;1;
202300042874;155 604 566;A01;2;7;0;2;1;9;1;
202300042875;155 604 563;A01;2;7;0;1;2;1;1;
202300042876;155 604 562;A01;1;7;0;2;1;15;1;
202300042876;155 604 564;B01;2;43;0;2;1;1;1;
202300042877;155 604 561;A01;2;1;12;0;9;13;5;
202300042878;155 604 559;A01;3;1;0;2;1;0;5;
202300042878;155 604 560;B01;3;7;0;2;0;0;2;
202300042879;155 604 557;A01;1;7;4;0;1;1;1;
202300042880;155 604 555;A01;3;50;0;2;1;19;3;
202300042880;155 604 556;B01;2;10;0;2;2;1;3;
202300042881;155 604 554;B01;2;30;0;2;1;1;3;
202300042881;155 604 558;A01;1;7;0;2;7;15;1;
202300042882;155 604 552;A01;1;7;0;1;2;16;1;
202300042883;155 604 549;A01;1;7;3;2;2;17;1;
202300042883;155 604 551;B01;1;7;3;2;8;1;1;
202300042884;155 604 550;B01;2;1;0;2;2;17;5;
202300042884;155 604 553;A01;2;10;0;2;3;13;1;
202300042885;155 604 548;A01;2;7;0;1;1;1;1;
202300042886;155 604 546;A01;2;3;0;2;1;13;1;
202300042886;155 604 547;B01;1;7;0;2;1;1;1;
202300042887;155 604 545;A01;1;14;0;1;3;1;1;
202300042888;155 604 543;A01;2;7;0;2;3;17;1;
202300042888;155 604 544;B01;1;7;0;2;3;1;1;
202300042889;155 604 542;Z01;2;7;0;1;4;26;0;
202300042890;155 604 540;A01;1;33;0;2;1;1;1;
202300042890;155 604 541;B01;1;7;0;2;6;1;1;
202300042891;155 604 537;A01;1;1;0;0;7;16;5;
202300042892;155 604 535;C01;1;7;0;2;1;1;0;
202300042892;155 604 536;D01;1;7;0;2;4;1;2;
202300042892;155 604 538;A01;1;7;0;2;2;1;1;
202300042892;155 604 539;B01;1;7;0;2;0;0;1;
202300042893;155 604 530;B01;0;60;0;2;4;2;5;
202300042893;155 604 532;A01;0;7;0;2;3;2;1;
202300042894;155 604 533;A01;1;1;0;1;1;1;5;
202300042895;155 604 531;A01;1;30;0;2;1;2;1;
202300042895;155 604 534;B01;1;7;0;2;0;0;2;
202300042896;155 604 525;A01;0;7;0;2;2;14;0;
202300042896;155 604 527;B01;0;7;0;0;2;23;1;
202300042896;155 604 529;C01;0;1;0;0;4;23;5;
202300042897;155 604 524;A01;1;99;12;2;4;0;3;
202300042897;155 604 528;B01;1;7;0;2;1;0;1;
202300042898;155 604 526;A01;2;50;0;0;0;1;3;
202300042899;155 604 520;A01;2;10;0;2;1;2;1;
202300042899;155 604 522;B01;2;7;0;2;4;2;1;
202300042899;155 604 523;C01;2;10;0;2;6;2;1;
202300042900;155 604 519;A01;2;7;0;2;3;2;1;
202300042900;155 604 521;B01;2;7;0;2;5;2;1;
202300042901;155 604 517;A01;3;2;0;2;1;2;1;
202300042901;155 604 518;B01;3;10;0;2;4;2;1;
202300042902;155 604 515;A01;3;7;0;2;2;15;1;
202300042902;155 604 516;B01;3;33;0;2;1;19;1;
202300042903;155 604 513;A01;3;7;0;2;1;1;1;
202300042903;155 604 514;B01;2;50;0;2;8;25;3;
202300042904;155 604 511;A01;3;1;0;1;1;2;5;
202300042905;155 604 512;A01;2;7;0;1;1;14;1;
202300042906;155 604 509;A01;1;7;0;0;2;0;1;
202300042907;155 604 507;A01;3;2;0;2;1;1;0;
202300042907;155 604 510;B01;3;7;0;2;4;23;2;
202300042908;155 604 505;A01;3;15;8;2;3;1;0;
202300042908;155 604 508;B01;3;15;6;0;2;1;1;
202300042909;155 604 503;A01;3;7;8;0;3;13;1;
202300042910;155 604 502;A01;2;7;0;1;2;1;1;
202300042911;155 604 499;B01;1;7;0;2;3;13;1;
202300042911;155 604 501;A01;1;33;0;2;2;17;1;
202300042912;155 604 497;A01;1;34;0;2;8;18;0;
202300042912;155 604 498;B01;1;7;0;2;2;16;0;
202300042913;155 604 496;A01;3;7;0;2;1;15;1;
202300042913;155 604 500;B01;1;2;0;2;7;1;1;
202300042914;155 604 493;A01;3;7;0;2;2;21;1;
202300042914;155 604 494;B01;0;30;1;0;1;23;1;
202300042914;155 604 495;C01;0;7;0;0;4;23;2;
202300042915;155 604 491;A01;2;7;2;0;3;13;1;
202300042916;155 604 490;A01;1;7;0;2;2;15;1;
202300042916;155 604 492;B01;1;43;0;2;1;2;1;
202300042917;155 604 487;A01;2;14;0;2;7;1;1;
202300042917;155 604 488;B01;2;80;0;2;6;13;3;
202300042918;155 604 485;B01;3;1;0;2;7;17;5;
202300042918;155 604 486;A01;1;7;0;2;8;23;1;
202300042919;155 604 483;A01;1;7;0;2;2;1;6;
202300042919;155 604 484;B01;1;50;0;2;0;18;3;
202300042920;155 604 482;A01;0;10;0;1;5;4;1;
202300042921;155 604 480;A01;2;7;0;2;3;10;1;
202300042921;155 604 481;B01;2;33;0;2;2;2;1;
202300042922;155 604 479;A01;2;7;0;1;5;1;1;
202300042923;155 604 478;B01;2;38;0;2;3;1;1;10
202300042923;155 604 489;A01;1;7;0;2;1;1;1;
202300042924;155 604 476;A01;0;7;0;1;2;1;0;
202300042925;155 604 475;A01;3;50;0;2;2;16;3;
202300042925;155 604 477;B01;1;7;0;2;2;15;2;
202300042926;155 604 472;B01;0;10;0;2;5;1;1;
202300042926;155 604 474;A01;0;30;0;2;3;2;1;
202300042927;155 604 471;A01;2;7;1;2;1;20;0;
202300042927;155 604 473;B01;1;2;0;2;1;1;0;
202300042928;155 604 470;A01;2;30;0;1;1;1;1;
202300042929;155 604 466;A01;2;7;0;2;2;10;1;
202300042929;155 604 468;B01;1;7;0;2;3;1;1;
202300042929;155 604 469;C01;1;7;0;2;1;0;1;
202300042930;155 604 465;B01;3;33;0;2;8;1;1;
202300042930;155 604 467;A01;3;7;0;2;3;15;1;
202300042931;155 604 463;A01;3;80;9;0;7;1;3;
202300042932;155 604 462;A01;1;10;0;2;6;20;1;
202300042932;155 604 464;B01;1;30;0;2;1;2;1;
202300042933;155 604 459;B01;1;31;0;0;0;21;1;
202300042933;155 604 461;A01;1;7;0;0;0;20;1;
202300042934;155 604 458;B01;2;7;0;2;2;1;1;
202300042934;155 604 460;A01;2;7;0;2;6;15;1;
202300042935;155 604 456;B01;1;32;0;2;8;1;1;
202300042935;155 604 457;A01;1;7;0;2;7;1;1;
202300042936;155 604 454;A01;2;32;1;2;8;1;1;
202300042936;155 604 455;B01;1;7;0;2;2;15;0;
202300042937;155 604 452;B01;2;50;14;2;1;2;3;
202300042937;155 604 453;A01;1;7;0;2;7;26;1;
202300042938;155 604 449;B01;1;7;0;2;3;15;2;
202300042938;155 604 451;A01;1;33;0;2;2;1;1;
202300042939;155 604 448;B01;1;7;0;2;1;1;1;
202300042939;155 604 450;A01;2;7;0;2;8;11;1;
202300042940;155 604 446;A01;2;10;0;2;1;2;1;
202300042940;155 604 447;B01;2;31;0;2;4;2;1;
202300042941;155 604 445;A01;1;7;2;0;1;19;6;
202300042942;155 604 442;B01;3;2;0;2;4;23;1;
202300042942;155 604 443;A01;3;7;0;2;1;2;1;
202300042943;155 604 441;B01;1;1;0;2;1;1;5;
202300042943;155 604 444;A01;1;7;0;2;2;1;1;
202300042944;155 604 437;B01;3;7;0;2;8;15;1;
202300042944;155 604 439;A01;1;33;0;2;1;1;1;
202300042945;155 604 435;A01;2;7;13;0;0;1;1;
202300042946;155 604 434;A01;3;33;0;2;8;25;1;
202300042946;155 604 436;B01;0;7;16;2;1;0;1;
202300042947;155 604 433;A01;1;7;0;0;9;0;1;
202300042948;155 604 430;A01;3;10;0;2;2;15;1;
202300042948;155 604 431;B01;3;2;0;2;1;1;1;
202300042949;155 604 428;A01;1;7;4;0;0;0;1;
202300042950;155 604 426;B01;2;33;0;2;1;1;1;
202300042950;155 604 427;A01;1;15;0;2;5;20;1;
202300042951;155 604 424;A01;1;7;0;0;1;1;1;
202300042952;155 604 423;A01;2;7;0;2;2;15;1;
202300042952;155 604 425;B01;1;33;0;2;1;1;1;
202300042953;155 604 422;A01;2;7;12;0;1;1;0;
202300042954;155 604 419;B01;2;1;0;2;1;1;5;
202300042954;155 604 421;A01;1;7;0;9;7;15;1;
202300042955;155 604 418;B01;3;10;0;2;1;1;1;
202300042955;155 604 420;A01;3;10;0;2;2;19;0;
202300042956;155 604 417;A01;2;33;0;0;1;1;1;
202300042957;155 604 414;A01;1;7;13;0;0;13;1;
202300042958;155 604 411;A01;1;7;8;0;3;1;0;
202300042959;155 604 410;A01;1;33;0;2;3;1;1;
202300042959;155 604 412;B01;1;7;0;2;1;15;2;
202300042960;155 604 408;A01;2;7;8;0;1;16;1;
202300042961;155 604 407;B01;1;7;1;0;3;2;1;
202300042961;155 604 409;A01;1;7;3;0;3;26;1;
202300042962;155 604 406;A01;1;7;13;0;1;1;1;
202300042963;155 604 403;A01;1;7;0;2;1;17;1;
202300042963;155 604 405;B01;1;7;0;0;4;1;1;
202300042964;155 604 402;A01;2;7;0;2;5;15;1;
202300042964;155 604 404;B01;1;33;0;2;1;1;1;
202300042965;155 604 400;A01;1;2;7;0;1;0;1;
202300042966;155 604 399;A01;1;7;0;2;3;9;1;
202300042966;155 604 401;B01;2;7;0;2;1;1;1;
202300042967;155 604 397;A01;2;7;0;2;1;17;1;
202300042967;155 604 398;B01;1;7;0;2;1;1;1;
202300042968;155 604 396;A01;2;10;0;1;3;1;1;
202300042969;155 604 394;A01;2;15;7;0;0;2;1;
202300042970;155 604 393;A01;2;7;0;2;3;13;1;
202300042970;155 604 395;B01;1;10;0;2;3;1;1;
202300042971;155 604 391;A01;2;33;0;0;8;0;1;
202300042972;155 604 390;A01;3;7;0;0;3;19;1;
202300042972;155 604 392;B01;3;33;0;2;1;1;1;
202300042973;155 604 386;B01;2;3;0;2;3;19;1;
202300042973;155 604 389;A01;1;7;0;2;2;1;1;
202300042974;155 604 384;A01;2;7;2;0;1;1;0;
202300042975;155 604 382;A01;3;33;0;2;1;1;1;
202300042975;155 604 383;B01;3;33;0;2;4;1;1;
202300042976;155 604 380;B01;1;7;0;2;3;1;1;
202300042976;155 604 381;A01;1;2;0;2;2;17;1;
202300042977;155 604 379;A01;2;7;14;0;1;1;1;
202300042978;155 604 377;A01;3;7;0;1;2;2;1;
202300042979;155 604 376;B01;0;7;0;2;1;0;1;
202300042979;155 604 378;A01;3;3;0;2;3;0;3;
202300042980;155 604 374;A01;1;7;7;0;0;1;1;
202300042981;155 604 370;A01;1;7;0;2;7;1;1;
202300042981;155 604 372;B01;2;7;0;2;1;1;1;
202300042982;155 604 369;C01;2;1;0;2;3;1;5;
202300042982;155 604 371;A01;1;7;0;9;3;1;1;
202300042982;155 604 373;B01;2;1;0;2;3;1;5;
202300042983;155 604 367;A01;1;7;3;0;1;0;1;
202300042984;155 604 366;A01;2;7;8;2;1;13;1;
202300042984;155 604 368;B01;1;7;0;2;3;1;1;
202300042985;155 604 365;A01;1;33;0;0;1;0;1;
202300042986;155 604 363;A01;1;7;0;2;1;2;1;
202300042986;155 604 364;B01;1;17;0;2;4;1;1;
202300042987;155 604 360;A01;1;7;0;0;4;23;6;
202300042987;155 604 362;B01;1;7;0;0;1;2;0;
202300042988;155 604 359;A01;3;7;0;0;8;9;1;
202300042988;155 604 361;B01;3;7;0;2;1;1;1;
202300042989;155 604 357;B01;1;15;0;2;8;1;1;
202300042989;155 604 358;A01;1;7;0;2;1;14;1;
202300042990;155 604 355;A01;1;7;0;2;3;15;1;
202300042990;155 604 356;B01;2;33;7;2;1;1;1;
202300042991;155 604 353;A01;1;10;3;2;0;14;1;
202300042991;155 604 354;B01;1;14;0;2;8;1;1;
202300042992;155 604 352;A01;0;1;0;0;0;1;5;