Num_Acc;id_vehicule;num_veh;senc;catv;obs;obsm;choc;manv;motor;occutc
202300042993;155 604 350;A01;2;7;0;2;1;5;1;
202300042993;155 604 351;B01;1;7;0;2;1;1;1;
202300042994;155 604 349;A01;1;7;7;0;1;1;1;
202300042995;155 604 347;A01;3;14;0;4;7;19;1;
202300042995;155 604 348;B01;3;39;0;2;1;1;1;
202300042996;155 604 345;A01;1;7;0;2;1;1;1;
202300042996;155 604 346;B01;1;80;0;2;8;15;3;
202300042997;155 604 342;A01;3;7;14;0;1;0;1;
202300042998;155 604 341;B01;1;7;0;0;4;23;1;
202300042998;155 604 343;C01;1;7;0;0;4;23;1;
202300042998;155 604 344;A01;1;10;0;2;1;2;1;
202300042999;155 604 339;A01;1;7;0;2;8;1;1;
202300042999;155 604 340;B01;2;33;0;2;8;1;1;
202300043000;155 604 338;A01;1;7;2;0;3;1;1;
202300043001;155 604 336;A01;3;21;14;0;2;14;1;
202300043002;155 604 335;B01;2;7;0;0;6;2;0;
202300043002;155 604 337;A01;2;10;0;2;2;2;1;
202300043003;155 604 334;A01;0;2;12;0;1;1;1;
202300043004;155 604 332;A01;1;7;0;9;2;1;1;
202300043004;155 604 333;B01;2;1;0;2;2;1;5;
202300043005;155 604 330;A01;1;7;0;2;3;1;1;
202300043005;155 604 331;B01;2;7;0;0;8;1;1;
202300043006;155 604 328;A01;2;7;2;0;2;1;2;
202300043007;155 604 327;B01;2;7;0;2;1;17;0;
202300043007;155 604 329;A01;1;7;0;2;1;1;0;
202300043008;155 604 324;A01;1;2;0;2;3;13;1;
202300043008;155 604 326;B01;2;7;0;2;3;1;2;
202300043009;155 604 322;C01;2;7;0;2;1;2;1;
202300043009;155 604 323;B01;2;7;0;2;3;1;1;
202300043009;155 604 325;A01;1;7;0;2;3;13;1;
202300043010;155 604 319;A01;3;14;0;2;2;15;0;
202300043010;155 604 321;B01;3;7;15;0;3;2;2;
202300043011;155 604 318;A01;1;33;0;2;1;17;1;
202300043011;155 604 320;B01;1;7;0;2;3;15;1;
202300043012;155 604 316;A01;1;7;0;2;1;1;0;
202300043012;155 604 317;B01;2;7;0;2;7;21;0;
202300043013;155 604 313;B01;2;7;0;2;8;2;1;
202300043013;155 604 314;C01;2;7;0;2;3;2;1;
202300043013;155 604 315;A01;1;43;0;2;1;26;1;
202300043014;155 604 308;B01;1;7;0;2;3;1;0;
202300043014;155 604 310;A01;2;1;0;2;1;19;5;
202300043015;155 604 307;A01;1;33;0;2;1;1;1;
202300043015;155 604 309;B01;1;7;0;2;4;2;1;
202300043016;155 604 303;A01;1;7;0;2;6;13;1;
202300043016;155 604 305;B01;1;33;0;2;5;17;1;
202300043017;155 604 301;A01;2;7;0;2;1;1;0;
202300043017;155 604 302;B01;2;7;0;2;4;1;0;
202300043017;155 604 304;C01;2;10;0;2;4;23;0;
202300043017;155 604 306;D01;2;7;0;2;4;23;0;
202300043018;155 604 300;A01;1;7;8;0;3;19;1;
202300043019;155 604 297;B01;1;33;0;2;8;3;1;
202300043019;155 604 299;A01;1;7;0;2;5;12;1;
202300043020;155 604 296;A01;1;7;0;2;1;19;1;
202300043020;155 604 298;B01;2;7;0;2;8;1;1;
202300043021;155 604 295;A01;2;7;3;0;1;1;0;
202300043022;155 604 293;A01;2;7;0;2;3;26;1;
202300043022;155 604 294;B01;2;7;0;2;3;1;1;
202300043023;155 604 291;B01;2;7;4;0;6;0;1;
202300043023;155 604 292;A01;2;7;4;2;1;1;1;
202300043024;155 604 289;A01;2;7;0;2;1;1;1;
202300043024;155 604 290;B01;1;10;0;2;2;1;1;
202300043025;155 604 284;A01;2;7;0;2;9;12;1;
202300043025;155 604 286;B01;2;7;0;2;3;2;2;
202300043025;155 604 288;C01;2;10;0;2;5;0;1;
202300043026;155 604 281;A01;2;7;0;2;3;10;1;
202300043026;155 604 283;B01;1;10;0;2;1;1;1;
202300043027;155 604 280;A01;1;33;0;2;0;0;1;
202300043027;155 604 282;B01;1;7;0;2;5;2;1;
202300043028;155 604 278;A01;1;7;3;0;0;0;1;
202300043029;155 604 276;A01;1;7;4;2;8;13;1;
202300043029;155 604 277;B01;1;7;4;2;7;0;1;
202300043029;155 604 279;C01;1;10;0;2;1;1;1;
202300043030;155 604 272;C01;2;7;0;2;1;2;1;
202300043030;155 604 274;A01;2;7;0;0;4;1;0;
202300043030;155 604 275;B01;2;7;0;2;1;2;1;
202300043031;155 604 273;A01;2;7;3;0;1;1;1;
202300043032;155 604 268;A01;1;10;0;2;1;13;1;
202300043032;155 604 269;B01;2;7;3;2;1;0;1;
202300043032;155 604 271;C01;2;7;0;2;1;21;1;
202300043033;155 604 267;A01;2;7;4;2;2;2;1;
202300043033;155 604 270;Z01;2;0;0;2;0;0;0;
202300043034;155 604 263;A01;2;7;0;2;1;2;1;
202300043034;155 604 265;B01;2;7;0;0;4;2;1;
202300043035;155 604 262;A01;2;7;0;2;3;2;1;
202300043035;155 604 264;B01;2;14;0;2;2;1;1;
202300043036;155 604 260;B01;2;0;0;2;0;0;0;
202300043036;155 604 261;A01;2;43;0;2;1;3;1;
202300043037;155 604 259;A01;1;7;0;6;2;1;1;
202300043038;155 604 254;C01;1;7;14;1;5;1;2;
202300043038;155 604 257;B01;1;7;1;0;0;24;1;
202300043038;155 604 258;A01;1;7;0;0;4;23;1;
202300043039;155 604 252;A01;2;7;4;2;1;2;1;
202300043039;155 604 253;B01;2;33;0;0;4;2;1;
202300043039;155 604 255;C01;2;7;0;0;3;1;1;
202300043039;155 604 256;D01;2;7;0;0;4;2;1;
202300043040;155 604 251;A01;1;7;0;1;1;1;1;
202300043041;155 604 250;A01;1;7;0;1;2;21;6;
202300043042;155 604 249;A01;1;7;0;1;1;21;1;
202300043043;155 604 248;A01;3;80;1;0;1;0;3;
202300043044;155 604 247;A01;3;7;0;1;2;1;1;
202300043045;155 604 245;A01;1;7;0;2;1;13;1;
202300043045;155 604 246;B01;2;7;0;2;1;1;1;
202300043046;155 604 244;A01;1;7;0;1;2;1;1;
202300043047;155 604 243;A01;1;7;8;0;2;1;1;
202300043048;155 604 242;A01;0;7;0;1;6;4;1;
202300043049;155 604 241;A01;1;33;0;0;0;1;1;
202300043050;155 604 240;A01;1;32;0;1;1;2;1;
202300043051;155 604 238;A01;2;7;0;2;2;14;1;
202300043051;155 604 239;B01;2;15;0;2;6;1;1;
202300043052;155 604 237;A01;2;33;3;0;1;9;1;
202300043053;155 604 236;A01;1;7;6;0;3;0;1;
202300043054;155 604 235;A01;1;10;0;1;1;1;1;
202300043055;155 604 234;A01;2;21;13;0;3;1;1;
202300043056;155 604 232;A01;3;7;0;2;1;1;1;
202300043056;155 604 233;B01;3;50;0;2;4;0;3;
202300043057;155 604 229;A01;2;7;0;2;7;15;1;
202300043057;155 604 231;B01;1;33;0;2;1;1;1;
202300043058;155 604 228;B01;1;10;0;2;3;2;1;
202300043058;155 604 230;A01;1;30;0;2;0;2;1;
202300043059;155 604 224;A01;2;7;0;2;1;1;1;
202300043059;155 604 227;B01;1;7;0;2;1;14;1;
202300043060;155 604 225;A01;1;10;0;2;2;0;1;
202300043060;155 604 226;B01;2;30;0;2;0;0;3;
202300043061;155 604 220;A01;2;1;0;2;7;1;5;
202300043061;155 604 222;B01;1;7;0;2;3;23;1;
202300043062;155 604 219;A01;1;7;0;2;4;1;1;
202300043062;155 604 221;B01;1;7;0;2;8;1;1;
202300043062;155 604 223;C01;1;7;0;2;0;17;0;
202300043063;155 604 218;A01;1;7;16;0;1;1;1;
202300043064;155 604 217;A01;2;10;0;1;3;16;1;
202300043065;155 604 215;A01;0;7;0;0;8;1;0;
202300043065;155 604 216;B01;0;33;0;0;7;17;0;
202300043066;155 604 213;B01;2;7;0;2;1;1;1;
202300043066;155 604 214;A01;1;7;0;2;7;19;1;
202300043067;155 604 210;A01;2;7;0;0;6;1;1;
202300043067;155 604 211;B01;2;7;0;2;1;13;1;
202300043067;155 604 212;C01;1;10;0;2;1;1;1;
202300043068;155 604 207;A01;2;7;13;0;9;13;1;
202300043069;155 604 205;A01;3;7;0;1;1;1;1;
202300043070;155 604 203;A01;2;7;0;2;7;1;1;
202300043070;155 604 204;B01;2;14;0;2;3;13;1;
202300043071;155 604 202;A01;1;7;8;0;1;14;1;
202300043072;155 604 200;A01;1;7;0;2;4;2;1;
202300043072;155 604 201;B01;1;33;0;2;1;2;1;
202300043073;155 604 197;A01;1;7;0;2;3;9;1;
202300043073;155 604 199;B01;2;80;0;2;5;1;3;
202300043074;155 604 198;A01;1;34;3;0;7;14;1;
202300043075;155 604 196;A01;2;7;0;1;1;1;1;
202300043076;155 604 194;A01;1;7;0;2;8;1;1;
202300043076;155 604 195;B01;1;7;0;2;8;1;1;
202300043077;155 604 193;A01;2;7;13;0;9;14;1;
202300043078;155 604 191;A01;2;7;0;1;1;1;1;
202300043079;155 604 190;B01;1;7;0;2;6;1;1;
202300043079;155 604 192;A01;1;17;0;2;2;12;1;
202300043080;155 604 186;A01;1;7;0;2;1;2;1;
202300043080;155 604 187;B01;1;31;0;2;4;23;1;
202300043081;155 604 178;A01;2;10;0;2;4;1;1;
202300043081;155 604 180;B01;2;7;0;2;1;1;1;
202300043081;155 604 182;C01;2;7;0;2;1;1;1;
202300043081;155 604 183;D01;2;7;0;2;1;1;1;
202300043082;155 604 173;A01;2;7;0;2;1;0;1;
202300043082;155 604 174;B01;2;7;0;2;4;26;3;
202300043082;155 604 175;C01;2;7;0;2;1;0;1;
202300043083;155 604 172;A01;1;33;4;0;3;1;1;
202300043084;155 604 169;B01;1;42;0;2;8;3;1;
202300043084;155 604 170;A01;1;7;0;2;7;12;1;
202300043085;155 604 168;B01;2;7;0;2;6;1;1;
202300043085;155 604 171;A01;2;7;0;2;2;1;1;
202300043086;155 604 164;A01;1;33;0;2;1;0;1;
202300043086;155 604 166;B01;1;7;0;2;5;12;1;
202300043087;155 604 163;C01;3;7;0;2;4;23;1;
202300043087;155 604 165;B01;3;7;0;2;9;23;1;
202300043087;155 604 167;A01;3;7;0;2;1;1;1;
202300043088;155 604 162;A01;2;33;0;1;1;13;1;
202300043089;155 604 160;A01;3;7;0;2;5;16;1;
202300043089;155 604 161;B01;3;50;0;2;9;1;3;
202300043090;155 604 159;A01;3;7;0;1;2;26;1;
202300043091;155 604 156;B01;2;7;0;2;1;1;1;
202300043091;155 604 158;A01;1;7;0;2;2;15;1;
202300043092;155 604 155;A01;1;32;0;2;1;1;1;
202300043092;155 604 157;B01;2;7;0;2;1;13;1;
202300043093;155 604 152;A01;1;10;0;9;1;1;1;
202300043093;155 604 154;B01;1;50;0;2;1;1;3;
202300043094;155 604 151;B01;3;2;0;2;1;1;1;
202300043094;155 604 153;A01;3;7;0;2;7;15;1;
202300043095;155 604 148;A01;1;2;0;2;7;17;1;
202300043095;155 604 149;B01;2;7;0;2;8;16;1;
202300043096;155 604 147;B01;2;1;0;2;0;1;5;
202300043096;155 604 150;A01;1;7;0;2;3;15;1;
202300043097;155 604 146;A01;1;7;0;1;2;1;1;
202300043098;155 604 144;A01;3;10;0;2;2;16;1;
202300043098;155 604 145;B01;3;1;0;2;7;1;5;
202300043099;155 604 143;A01;1;30;0;0;1;1;1;
202300043100;155 604 140;A01;1;1;0;2;7;1;5;
202300043100;155 604 141;B01;2;7;0;2;3;1;1;
202300043101;155 604 139;B01;3;7;0;2;1;2;1;
202300043101;155 604 142;A01;3;10;0;2;2;15;1;
202300043102;155 604 138;A01;2;7;8;0;1;21;1;
202300043103;155 604 137;A01;2;10;0;1;4;26;1;
202300043104;155 604 136;A01;2;32;12;0;1;1;1;
202300043105;155 604 133;A01;1;7;0;2;3;17;1;
202300043105;155 604 134;B01;1;80;0;2;3;2;3;
202300043105;155 604 135;C01;2;14;0;2;3;1;1;
202300043106;155 604 131;A01;1;2;0;2;1;2;1;
202300043106;155 604 132;B01;1;7;0;2;6;15;1;
202300043107;155 604 130;A01;1;7;8;1;2;1;1;
202300043108;155 604 128;A01;3;7;0;2;2;15;0;
202300043108;155 604 129;B01;1;7;0;2;1;1;0;
202300043109;155 604 127;Z01;1;7;0;1;0;1;1;
202300043110;155 604 126;A01;2;31;11;0;8;1;1;
202300043111;155 604 124;A01;3;10;0;2;2;2;1;
202300043111;155 604 125;B01;3;1;0;2;4;0;5;
202300043112;155 604 121;A01;3;7;0;2;1;1;1;
202300043112;155 604 122;B01;0;3;0;2;1;1;1;
202300043113;155 604 119;A01;3;7;0;2;7;15;1;
202300043113;155 604 120;B01;3;15;0;0;0;0;1;
202300043114;155 604 118;A01;1;33;1;0;1;26;1;
202300043115;155 604 117;A01;0;3;12;0;0;14;1;
202300043116;155 604 115;A01;0;31;16;2;4;23;1;
202300043116;155 604 116;B01;0;0;0;2;0;0;0;
202300043117;155 604 113;B01;0;80;0;2;1;19;3;
202300043117;155 604 114;A01;0;10;0;2;7;9;1;
202300043118;155 604 111;B01;2;2;0;2;1;1;1;
202300043118;155 604 112;A01;3;7;0;2;3;15;2;
202300043119;155 604 109;A01;2;7;0;2;2;1;1;
202300043119;155 604 110;B01;1;7;0;2;1;1;1;
202300043120;155 604 107;B01;3;7;0;2;9;1;0;
202300043120;155 604 108;A01;3;7;0;2;1;1;0;
202300043121;155 604 105;A01;3;37;0;2;1;1;1;1
202300043121;155 604 106;B01;3;14;0;2;7;1;1;
202300043122;155 604 103;A01;3;1;0;2;1;1;5;
202300043122;155 604 104;B01;3;7;0;2;2;9;1;
202300043123;155 604 101;A01;2;30;0;2;1;1;1;
202300043123;155 604 102;B01;2;7;0;2;4;1;1;
202300043124;155 604 099;A01;0;7;0;2;3;11;1;
202300043124;155 604 100;B01;0;50;0;2;1;1;3;
202300043125;155 604 098;A01;2;7;0;1;1;1;1;
202300043126;155 604 096;B01;3;7;6;0;5;9;1;
202300043126;155 604 097;A01;1;7;0;2;1;1;1;
202300043127;155 604 094;A01;2;7;0;2;2;1;1;
202300043127;155 604 095;B01;1;1;0;2;9;1;5;
202300043128;155 604 093;A01;1;7;0;1;1;1;1;
202300043129;155 604 091;B01;1;7;0;2;7;26;1;
202300043129;155 604 092;A01;1;1;0;2;1;25;5;
202300043130;155 604 089;A01;1;1;0;2;1;19;5;
202300043130;155 604 090;B01;2;7;0;9;2;1;0;
202300043131;155 604 087;A01;0;99;0;2;0;1;1;
202300043131;155 604 088;B01;0;1;0;2;1;1;5;
202300043132;155 604 085;A01;3;10;0;2;2;15;1;
202300043132;155 604 086;B01;3;1;0;2;0;0;5;
202300043133;155 604 083;A01;2;1;0;2;1;1;5;
202300043133;155 604 084;B01;2;7;0;2;3;20;1;
202300043134;155 604 081;A01;2;33;1;0;1;1;1;
202300043134;155 604 082;B01;1;33;0;2;4;23;1;
202300043135;155 604 079;A01;1;15;0;2;7;17;1;
202300043135;155 604 080;B01;1;2;13;2;8;1;1;
202300043136;155 604 077;B01;2;7;0;2;1;1;1;
202300043136;155 604 078;A01;1;7;0;2;1;15;1;
202300043137;155 604 075;B01;2;7;0;2;1;1;1;
202300043137;155 604 076;A01;1;2;0;2;7;16;1;
202300043138;155 604 074;A01;1;7;6;9;1;26;1;
202300043139;155 604 072;A01;1;10;0;2;3;13;1;
202300043139;155 604 073;B01;2;2;0;2;1;1;1;
202300043140;155 604 071;A01;2;33;3;0;2;1;1;
202300043141;155 604 070;A01;1;2;0;0;3;15;1;
202300043142;155 604 068;A01;1;10;0;2;1;1;1;
202300043142;155 604 069;B01;2;7;0;2;1;1;1;
202300043143;155 604 065;A01;1;7;0;2;1;1;1;
202300043143;155 604 066;B01;1;7;2;0;6;1;1;
202300043143;155 604 067;C01;2;10;0;2;3;1;1;
202300043144;155 604 064;A01;1;31;15;0;8;1;1;
202300043145;155 604 062;A01;1;7;0;2;4;23;1;
202300043145;155 604 063;B01;1;2;0;2;1;1;1;
202300043146;155 604 060;A01;2;7;0;2;3;13;3;
202300043146;155 604 061;B01;1;7;0;2;2;1;1;
202300043147;155 604 059;A01;3;7;2;0;2;0;1;
202300043148;155 604 058;A01;2;10;0;0;0;1;1;
202300043149;155 604 056;B01;1;7;0;2;1;1;1;
202300043149;155 604 057;A01;1;7;0;2;1;5;1;
202300043150;155 604 055;A01;1;7;14;0;1;0;1;
202300043151;155 604 054;A01;2;34;0;0;1;1;1;
202300043152;155 604 052;A01;2;7;0;2;1;17;1;
202300043152;155 604 053;B01;1;7;0;2;1;1;1;
202300043153;155 604 051;A01;1;10;13;0;1;1;1;
202300043154;155 604 047;C01;1;7;0;2;1;1;0;
202300043154;155 604 048;D01;1;7;0;2;1;1;1;
202300043154;155 604 049;A01;1;7;0;2;0;1;1;
202300043154;155 604 050;B01;2;7;0;2;1;5;1;
202300043155;155 604 045;A01;1;2;0;2;1;1;1;
202300043155;155 604 046;B01;2;14;0;2;3;1;1;
202300043156;155 604 043;A01;2;7;0;2;3;0;1;
202300043156;155 604 044;B01;1;7;0;2;3;0;1;
202300043157;155 604 041;B01;1;10;0;2;3;19;1;
202300043157;155 604 042;A01;1;10;0;2;1;1;1;
202300043158;155 604 039;A01;0;7;0;2;1;9;2;
202300043158;155 604 040;B01;0;33;0;2;1;9;2;
202300043159;155 604 037;A01;2;7;0;2;3;9;1;
202300043159;155 604 038;B01;1;33;0;2;1;19;1;
202300043160;155 604 036;A01;1;7;13;0;2;14;1;
202300043161;155 604 034;B01;1;17;0;2;3;1;1;
202300043161;155 604 035;A01;2;7;0;2;3;13;1;
202300043162;155 604 032;A01;1;10;0;2;2;17;1;
202300043162;155 604 033;B01;1;15;0;0;6;1;1;
202300043163;155 604 030;A01;1;32;1;0;1;5;1;
202300043163;155 604 031;B01;1;7;0;2;2;23;1;
202300043164;155 604 028;A01;2;7;4;2;3;1;1;
202300043164;155 604 029;B01;2;15;0;2;5;12;0;
202300043165;155 604 026;A01;2;33;0;2;1;14;1;
202300043165;155 604 027;B01;2;10;0;0;5;14;1;
202300043166;155 604 024;A01;2;30;0;2;1;1;1;
202300043166;155 604 025;B01;2;7;0;2;1;1;1;
202300043167;155 604 022;A01;1;1;0;2;1;5;5;
202300043167;155 604 023;B01;2;7;0;2;1;1;1;
202300043168;155 604 021;A01;3;7;0;1;0;1;1;
202300043169;155 604 019;B01;2;33;0;2;1;1;1;
202300043169;155 604 020;A01;2;7;0;2;2;19;1;
202300043170;155 604 017;A01;1;7;13;0;3;1;0;
202300043170;155 604 018;B01;2;7;14;0;1;21;0;
202300043171;155 604 016;A01;1;33;9;9;2;1;1;
202300043172;155 604 014;B01;1;7;0;2;5;1;1;
202300043172;155 604 015;A01;1;32;7;2;1;18;1;
202300043173;155 604 013;A01;1;33;13;0;2;13;1;
202300043174;155 604 012;A01;1;33;3;0;2;17;1;
202300043175;155 604 010;A01;2;2;0;2;3;13;1;
202300043175;155 604 011;B01;1;7;0;2;3;1;1;
202300043176;155 604 008;B01;1;7;0;0;1;1;1;
202300043176;155 604 009;A01;2;7;0;0;1;13;1;
202300043177;155 604 007;A01;2;7;0;1;2;1;1;
202300043178;155 604 005;B01;1;31;0;2;8;1;1;
202300043178;155 604 006;A01;2;7;0;2;1;19;1;
202300043179;155 604 003;A01;1;7;0;0;1;16;1;
202300043179;155 604 004;B01;1;33;0;0;7;1;1;
202300043180;155 604 002;A01;1;7;0;1;1;1;1;
202300043181;155 604 001;A01;1;7;6;0;1;1;1;
202300043182;155 604 000;A01;2;7;13;0;9;0;1;
202300043183;155 603 999;A01;2;31;13;0;1;14;1;
202300043184;155 603 996;Z01;1;7;0;2;1;1;0;
202300043184;155 603 997;A01;1;7;0;2;4;1;1;
202300043184;155 603 998;B01;1;7;0;2;4;1;1;
202300043185;155 603 994;B01;1;32;0;2;1;1;1;
202300043185;155 603 995;A01;1;7;0;2;4;1;1;
202300043186;155 603 992;A01;2;33;0;2;1;3;1;
202300043186;155 603 993;B01;2;7;0;2;7;12;1;
202300043187;155 603 990;A01;1;7;0;2;5;12;1;
202300043187;155 603 991;B01;1;17;0;2;8;1;1;
202300043188;155 603 989;A01;2;33;16;0;7;1;1;
202300043189;155 603 987;A01;1;31;0;2;8;3;1;
202300043189;155 603 988;B01;1;7;0;2;5;12;1;
202300043190;155 603 985;A01;2;33;0;2;1;3;1;
202300043190;155 603 986;B01;2;7;0;2;6;1;1;
202300043191;155 603 981;C01;2;7;0;2;1;0;1;
202300043191;155 603 982;D01;2;7;0;2;1;1;1;
202300043191;155 603 983;A01;2;7;0;2;4;1;1;
202300043191;155 603 984;B01;2;10;0;2;1;1;1;
202300043192;155 603 979;B01;1;7;0;2;2;1;1;
202300043192;155 603 980;A01;1;32;0;2;3;3;1;
202300043193;155 603 976;C01;1;10;0;2;5;1;1;
202300043193;155 603 977;B01;1;31;0;2;8;3;1;
202300043193;155 603 978;A01;1;31;0;2;7;11;1;
202300043194;155 603 974;A01;2;7;0;2;4;1;1;
202300043194;155 603 975;B01;2;7;0;2;1;1;1;
202300043195;155 603 971;A01;1;7;0;2;1;0;1;
202300043195;155 603 972;C01;1;7;0;2;4;2;1;
202300043195;155 603 973;B01;1;10;0;2;4;2;1;
202300043196;155 603 968;A01;1;10;0;0;0;5;1;
202300043196;155 603 969;B01;2;7;0;9;1;14;1;
202300043196;155 603 970;C01;2;14;0;2;1;26;1;
202300043197;155 603 967;A01;1;7;14;0;1;2;1;
202300043198;155 603 965;A01;2;7;0;2;1;1;1;
202300043198;155 603 966;B01;2;7;0;2;4;1;1;
202300043199;155 603 963;A01;1;33;0;2;3;11;1;
202300043199;155 603 964;B01;1;33;0;2;7;2;1;
202300043200;155 603 961;B01;2;34;0;2;1;1;1;
202300043200;155 603 962;A01;2;7;0;2;5;12;1;
202300043201;155 603 959;B01;2;7;0;2;5;2;1;
202300043201;155 603 960;A01;2;7;0;2;3;2;1;
202300043202;155 603 957;A01;2;10;0;2;4;11;1;
202300043202;155 603 958;B01;2;33;0;2;1;3;1;
202300043203;155 603 955;A01;2;7;0;2;2;21;1;
202300043203;155 603 956;B01;2;7;0;2;3;1;1;
202300043204;155 603 953;B01;1;10;0;2;2;1;1;
202300043204;155 603 954;A01;1;31;0;2;1;3;1;
202300043205;155 603 952;A01;2;7;0;1;2;9;1;
202300043206;155 603 950;A01;3;7;0;2;2;15;1;
202300043206;155 603 951;B01;3;32;0;2;3;15;1;
202300043207;155 603 949;A01;1;7;0;1;3;1;1;
202300043208;155 603 948;A01;1;7;8;0;1;1;1;
202300043209;155 603 946;A01;1;7;0;2;1;2;1;
202300043209;155 603 947;B01;1;2;0;2;4;2;1;
202300043210;155 603 943;A01;1;7;0;2;1;2;1;
202300043210;155 603 944;B01;1;7;0;2;4;23;1;
202300043210;155 603 945;C01;1;7;0;2;4;15;1;
202300043211;155 603 940;C01;2;7;0;2;0;0;0;
202300043211;155 603 941;B01;0;37;0;2;0;0;0;1
202300043211;155 603 942;A01;2;2;0;2;1;3;1;
202300043212;155 603 937;A01;2;7;0;2;1;2;1;
202300043212;155 603 938;B01;2;7;0;2;4;2;1;
202300043212;155 603 939;C01;2;36;0;2;9;2;1;
202300043213;155 603 936;A01;1;30;0;0;8;15;1;
202300043214;155 603 934;B01;1;32;0;2;3;2;1;
202300043214;155 603 935;A01;1;10;0;2;2;2;1;
202300043215;155 603 933;A01;1;33;1;1;1;26;1;
202300043216;155 603 931;B01;1;7;0;2;5;2;1;
202300043216;155 603 932;A01;1;34;0;2;1;2;1;
202300043217;155 603 930;A01;1;7;0;1;1;1;1;
202300043218;155 603 928;A01;1;7;0;2;1;1;2;
202300043218;155 603 929;B01;1;10;0;2;4;1;3;
202300043219;155 603 927;A01;2;31;8;0;1;17;1;
202300043220;155 603 920;A01;1;7;0;2;3;13;1;
202300043220;155 603 921;B01;2;7;0;2;3;21;1;
202300043221;155 603 918;A01;3;7;0;2;1;19;1;
202300043221;155 603 919;B01;3;7;2;2;8;1;1;
202300043222;155 603 915;B01;1;7;0;2;3;1;1;
202300043222;155 603 916;C01;2;7;0;0;1;23;0;
202300043222;155 603 917;A01;1;7;0;2;2;1;0;
202300043223;155 603 913;A01;1;13;0;2;7;14;1;
202300043223;155 603 914;B01;1;7;0;2;8;1;1;
202300043224;155 603 911;B01;2;10;0;2;1;1;1;
202300043224;155 603 912;A01;1;7;0;2;8;6;1;
202300043225;155 603 909;B01;1;7;0;2;3;1;1;
202300043225;155 603 910;A01;2;7;0;2;1;13;1;
202300043226;155 603 907;B01;1;7;0;2;5;13;1;
202300043226;155 603 908;A01;0;30;0;2;0;17;1;
202300043227;155 603 906;A01;0;7;0;1;1;2;1;
202300043228;155 603 904;A01;2;37;0;2;2;15;1;1
202300043228;155 603 905;B01;2;7;0;2;3;1;1;
202300043229;155 603 902;B01;1;7;0;2;8;0;0;
202300043229;155 603 903;A01;0;10;0;2;1;9;1;
202300043230;155 603 901;A01;2;7;14;0;1;1;1;
202300043231;155 603 896;A01;3;15;0;2;3;1;1;
202300043231;155 603 897;B01;3;10;0;2;5;12;1;
202300043232;155 603 895;A01;1;7;0;1;1;13;1;
202300043233;155 603 894;A01;1;7;6;0;2;14;1;
202300043234;155 603 892;A01;0;7;0;2;1;1;1;
202300043234;155 603 893;B01;0;7;0;2;8;1;1;
202300043235;155 603 890;A01;0;7;0;2;2;1;1;
202300043235;155 603 891;B01;0;60;0;2;1;19;5;
202300043236;155 603 888;B01;2;2;0;2;1;17;0;
202300043236;155 603 889;A01;2;7;0;2;3;15;0;
202300043237;155 603 886;A01;2;7;0;2;1;2;1;
202300043237;155 603 887;B01;2;7;0;2;4;2;1;
202300043238;155 603 885;A01;1;7;1;0;1;0;1;
202300043239;155 603 883;Z01;3;7;0;1;1;0;0;
202300043239;155 603 884;B01;1;1;0;2;4;0;5;
202300043240;155 603 882;Z01;3;30;0;1;0;0;0;
202300043241;155 603 881;A01;3;7;3;0;3;13;1;
202300043242;155 603 880;A01;0;7;6;0;1;14;1;
202300043243;155 603 878;A01;2;7;0;2;7;15;1;
202300043243;155 603 879;B01;1;7;0;2;1;1;1;
202300043244;155 603 875;A01;1;7;6;2;2;5;1;
202300043244;155 603 876;C01;1;7;0;2;3;15;1;
202300043244;155 603 877;B01;1;33;0;2;1;2;1;
202300043245;155 603 872;A01;2;7;0;2;4;14;1;
202300043245;155 603 873;B01;2;7;0;2;4;1;1;
202300043245;155 603 874;C01;2;7;0;2;1;1;1;
202300043246;155 603 870;A01;1;7;0;2;1;2;0;
202300043246;155 603 871;B01;1;7;0;2;4;2;0;
202300043247;155 603 869;A01;1;32;8;0;1;13;1;
202300043248;155 603 867;A01;1;1;0;2;1;2;5;
202300043248;155 603 868;B01;1;7;0;2;4;23;1;
202300043249;155 603 866;A01;1;31;12;0;1;14;1;
202300043250;155 603 864;A01;1;30;0;2;4;3;1;
202300043250;155 603 865;B01;1;7;0;2;3;1;1;
202300043251;155 603 863;Z01;1;7;0;1;1;1;1;
202300043252;155 603 862;A01;1;33;1;0;1;1;1;
202300043253;155 603 860;A01;3;7;0;2;3;15;1;
202300043253;155 603 861;B01;3;32;0;2;1;1;1;
202300043254;155 603 857;A01;1;33;0;2;1;1;1;
202300043254;155 603 858;C01;1;7;0;2;1;1;1;
202300043254;155 603 859;B01;1;7;0;2;7;15;1;
202300043255;155 603 856;A01;3;2;13;0;2;1;1;
202300043256;155 603 855;A01;1;7;0;1;6;20;1;
202300043257;155 603 853;A01;1;7;0;2;2;17;1;
202300043257;155 603 854;B01;1;30;0;2;1;15;3;
202300043258;155 603 851;A01;1;7;0;2;8;15;1;
202300043258;155 603 852;B01;1;7;0;2;1;1;1;
202300043259;155 603 850;A01;3;7;0;1;1;0;1;
202300043260;155 603 848;B01;1;1;0;2;0;0;5;
202300043260;155 603 849;A01;1;7;0;2;7;1;1;
202300043261;155 603 847;A01;3;1;0;0;9;25;5;