Num_Acc;id_vehicule;num_veh;senc;catv;obs;obsm;choc;manv;motor;occutc
202300043541;155 603 343;A01;1;7;6;0;3;14;1;
202300043542;155 603 342;A01;3;7;13;0;9;1;1;
202300043543;155 603 340;A01;2;7;0;0;8;1;1;
202300043544;155 603 339;A01;2;7;0;0;3;13;1;
202300043544;155 603 341;B01;1;7;0;0;3;1;1;
202300043545;155 603 338;A01;3;7;8;0;2;14;1;
202300043546;155 603 337;A01;2;7;0;1;2;13;0;
202300043547;155 603 336;A01;3;2;1;0;0;0;1;
202300043548;155 603 334;B01;2;1;0;0;8;1;5;
202300043548;155 603 335;A01;2;7;0;9;2;1;1;
202300043549;155 603 333;A01;1;2;8;0;1;17;1;
202300043550;155 603 331;A01;2;33;0;0;0;1;1;
202300043551;155 603 330;A01;2;7;0;2;7;15;1;
202300043551;155 603 332;B01;2;2;0;2;1;1;1;
202300043552;155 603 327;B01;3;7;13;2;1;1;1;
202300043552;155 603 329;A01;3;15;0;2;6;1;1;
202300043553;155 603 326;B01;1;7;0;0;1;1;1;
202300043553;155 603 328;A01;2;7;0;0;1;13;1;
202300043554;155 603 323;A01;3;7;0;1;1;1;1;
202300043555;155 603 324;A01;1;7;0;2;5;15;0;
202300043555;155 603 325;B01;2;33;0;2;2;1;0;
202300043556;155 603 321;A01;2;7;6;0;1;1;0;
202300043557;155 603 318;A01;1;7;13;0;3;1;1;
202300043558;155 603 317;D01;2;7;0;9;2;2;1;
202300043558;155 603 319;A01;2;7;0;2;3;13;1;
202300043558;155 603 320;B01;1;7;0;2;3;1;1;
202300043558;155 603 322;C01;2;7;0;2;3;2;1;
202300043559;155 603 315;A01;1;7;0;9;2;1;1;
202300043560;155 603 314;A01;2;7;0;2;2;2;1;
202300043560;155 603 316;B01;2;1;0;2;4;1;5;
202300043561;155 603 310;A01;1;10;0;2;3;13;1;
202300043561;155 603 312;B01;2;33;0;2;3;13;1;
202300043562;155 603 311;B01;1;7;0;2;3;17;1;
202300043562;155 603 313;A01;1;7;0;2;3;5;1;
202300043563;155 603 309;A01;1;7;4;0;2;1;1;
202300043564;155 603 308;A01;1;7;4;0;2;26;1;
202300043565;155 603 306;A01;2;7;16;0;9;1;1;
202300043566;155 603 305;A01;1;7;0;2;1;9;1;
202300043566;155 603 307;B01;1;7;0;2;1;9;1;
202300043567;155 603 304;A01;2;37;0;1;0;20;1;1
202300043568;155 603 303;A01;2;17;3;0;2;14;0;
202300043569;155 603 301;A01;3;7;0;2;3;13;1;
202300043569;155 603 302;B01;3;31;0;2;5;21;1;
202300043570;155 603 300;A01;3;7;5;0;2;1;1;
202300043571;155 603 297;A01;3;7;0;0;9;1;1;
202300043571;155 603 299;B01;3;2;6;0;1;13;1;
202300043572;155 603 298;A01;1;7;1;0;2;1;1;
202300043573;155 603 295;A01;1;7;0;2;1;1;1;
202300043573;155 603 296;B01;3;1;0;2;7;26;5;
202300043574;155 603 294;A01;3;10;0;0;0;14;1;
202300043575;155 603 293;A01;1;1;0;1;1;1;5;
202300043576;155 603 292;A01;1;7;0;1;2;14;1;
202300043577;155 603 291;A01;3;50;8;0;0;1;3;
202300043578;155 603 290;A01;1;7;0;0;8;1;1;
202300043579;155 603 286;A01;1;2;0;2;1;9;1;
202300043579;155 603 287;B01;2;7;0;0;8;1;1;
202300043580;155 603 284;A01;2;7;0;2;3;13;1;
202300043580;155 603 285;B01;1;15;0;2;3;1;1;
202300043581;155 603 283;A01;3;50;6;0;1;1;3;
202300043582;155 603 281;A01;1;33;3;0;8;26;1;
202300043583;155 603 282;A01;1;33;0;0;8;1;1;
202300043584;155 603 279;A01;1;7;17;0;0;1;1;
202300043585;155 603 278;A01;1;7;0;2;1;13;1;
202300043585;155 603 280;B01;2;7;0;2;1;1;1;
202300043586;155 603 275;A01;2;2;0;2;1;2;1;
202300043586;155 603 277;B01;2;7;0;0;4;0;1;
202300043587;155 603 276;A01;1;7;0;9;1;1;1;
202300043588;155 603 273;A01;1;7;13;0;1;1;1;
202300043589;155 603 272;A01;3;15;0;0;6;24;1;
202300043589;155 603 274;B01;3;33;1;0;1;0;1;
202300043590;155 603 270;A01;2;33;0;2;1;1;1;
202300043590;155 603 271;B01;2;10;0;2;4;16;1;
202300043591;155 603 268;A01;1;7;0;2;3;5;1;
202300043591;155 603 269;B01;2;7;0;2;3;1;1;
202300043592;155 603 266;A01;1;7;0;2;3;10;1;
202300043592;155 603 267;B01;1;7;0;2;2;2;1;
202300043593;155 603 264;B01;2;7;0;2;2;1;0;
202300043593;155 603 265;A01;1;7;0;2;1;1;0;
202300043594;155 603 263;A01;1;7;2;0;9;14;1;
202300043595;155 603 261;A01;1;7;0;0;1;21;1;
202300043596;155 603 259;A01;1;7;0;2;4;1;1;
202300043596;155 603 260;B01;1;7;0;2;4;2;2;
202300043596;155 603 262;C01;1;7;0;2;1;2;1;
202300043597;155 603 257;A01;1;7;0;2;1;13;1;
202300043597;155 603 258;B01;2;7;0;2;1;1;1;
202300043598;155 603 256;A01;2;7;4;0;2;1;1;
202300043599;155 603 255;A01;3;33;13;0;1;1;1;
202300043600;155 603 252;A01;1;34;0;2;1;2;1;
202300043600;155 603 254;B01;1;7;1;2;4;2;1;
202300043601;155 603 251;A01;0;7;0;2;3;19;1;
202300043601;155 603 253;B01;0;7;0;2;1;1;1;
202300043602;155 603 249;B01;2;7;0;2;4;1;1;
202300043602;155 603 250;A01;2;10;0;2;1;14;1;
202300043603;155 603 247;A01;1;7;0;2;4;9;1;
202300043603;155 603 248;B01;1;7;0;2;1;9;1;
202300043604;155 603 244;A01;1;7;0;2;2;13;1;
202300043604;155 603 246;B01;1;7;0;2;4;1;1;
202300043605;155 603 242;A01;1;7;0;2;2;9;1;
202300043605;155 603 243;B01;1;7;0;2;4;23;1;
202300043605;155 603 245;C01;1;7;0;2;7;1;1;
202300043606;155 603 240;A01;1;7;0;2;1;2;1;
202300043606;155 603 241;B01;1;7;0;2;4;1;1;
202300043607;155 603 237;A01;1;7;0;2;2;14;3;
202300043607;155 603 239;B01;1;7;0;2;3;1;1;
202300043608;155 603 238;A01;1;7;4;0;1;1;1;
202300043609;155 603 234;A01;1;17;0;2;7;12;1;
202300043609;155 603 235;B01;1;7;0;2;8;1;1;
202300043610;155 603 233;A01;1;7;0;2;2;17;1;
202300043610;155 603 236;Z01;1;7;0;2;2;9;1;
202300043611;155 603 229;A01;2;7;0;2;1;2;0;
202300043611;155 603 232;B01;2;17;0;0;0;0;0;
202300043612;155 603 230;A01;2;7;0;2;2;1;2;
202300043612;155 603 231;B01;2;7;0;2;6;1;1;
202300043613;155 603 228;A01;1;7;3;0;1;14;1;
202300043614;155 603 226;A01;1;7;0;2;8;10;1;
202300043614;155 603 227;B01;1;7;0;2;2;1;1;
202300043615;155 603 224;A01;2;7;4;2;4;0;1;
202300043615;155 603 225;B01;2;33;4;2;1;0;0;
202300043616;155 603 219;A01;1;7;4;2;2;2;1;
202300043616;155 603 222;B01;1;7;4;2;8;1;1;
202300043616;155 603 223;C01;1;7;0;2;8;1;2;
202300043617;155 603 218;A01;1;7;0;2;3;13;1;
202300043617;155 603 220;B01;1;33;0;2;6;0;1;
202300043617;155 603 221;C01;1;7;0;2;4;2;1;
202300043618;155 603 213;Z01;2;7;0;2;1;2;0;
202300043618;155 603 215;B01;2;7;0;2;3;2;1;
202300043618;155 603 217;C01;2;10;0;2;6;1;1;
202300043619;155 603 212;C01;2;7;0;2;4;2;1;
202300043619;155 603 214;B01;2;7;0;2;4;2;1;
202300043619;155 603 216;A01;2;7;0;2;1;2;1;
202300043620;155 603 211;A01;2;34;14;9;8;1;1;
202300043621;155 603 210;A01;1;7;15;0;1;6;1;
202300043622;155 603 207;B01;1;7;0;0;7;14;1;
202300043622;155 603 209;A01;1;31;0;2;8;3;1;
202300043623;155 603 205;A01;1;7;4;0;1;26;1;
202300043624;155 603 206;B01;2;33;0;2;6;1;1;
202300043624;155 603 208;A01;2;7;0;2;3;11;1;
202300043625;155 603 203;A01;1;7;0;2;4;1;1;
202300043625;155 603 204;B01;1;14;0;2;1;1;1;
202300043626;155 603 198;B01;1;7;0;2;8;11;3;
202300043626;155 603 200;A01;1;43;0;2;7;3;1;
202300043627;155 603 197;C01;2;7;0;2;4;1;0;
202300043627;155 603 199;D01;2;7;0;2;4;1;0;
202300043627;155 603 201;A01;2;7;0;2;1;1;0;
202300043627;155 603 202;B01;2;7;0;2;4;1;0;
202300043628;155 603 193;B01;2;7;0;2;9;1;1;
202300043628;155 603 195;C01;2;14;0;2;8;1;1;
202300043628;155 603 196;Z01;2;7;0;2;0;0;1;
202300043629;155 603 192;B01;2;7;0;2;4;1;0;
202300043629;155 603 194;A01;2;10;0;2;1;1;0;
202300043630;155 603 189;A01;2;33;-1;-1;1;1;1;
202300043631;155 603 188;A01;2;7;0;2;4;11;1;
202300043631;155 603 190;B01;2;7;0;2;1;2;1;
202300043631;155 603 191;Z01;2;0;0;2;2;12;0;
202300043632;155 603 186;B01;1;7;0;2;6;11;1;
202300043632;155 603 187;A01;1;34;0;2;1;3;1;
202300043633;155 603 185;A01;1;14;4;0;7;14;1;
202300043634;155 603 181;B01;2;7;0;2;7;12;1;
202300043634;155 603 183;A01;2;7;0;2;8;1;1;
202300043635;155 603 182;A01;1;10;0;2;1;0;1;
202300043635;155 603 184;B01;1;7;0;2;6;0;3;
202300043636;155 603 177;A01;2;33;0;2;1;0;1;
202300043636;155 603 179;B01;2;7;0;2;5;1;1;
202300043637;155 603 178;A01;1;7;0;2;2;1;1;
202300043637;155 603 180;B01;1;7;0;2;2;1;3;
202300043638;155 603 175;A01;2;7;-1;0;3;2;1;
202300043639;155 603 174;B01;3;7;0;2;7;1;1;
202300043639;155 603 176;A01;3;7;0;2;1;16;1;
202300043640;155 603 173;A01;2;7;2;0;2;1;1;
202300043641;155 603 172;A01;3;1;0;0;0;1;5;
202300043642;155 603 170;A01;3;7;0;9;7;15;1;
202300043642;155 603 171;B01;3;2;0;2;0;1;0;
202300043643;155 603 168;A01;2;33;0;2;1;11;1;
202300043643;155 603 169;B01;2;7;0;2;4;11;1;
202300043644;155 603 167;A01;1;7;2;0;1;1;1;
202300043645;155 603 165;B01;3;1;0;2;4;19;5;
202300043645;155 603 166;A01;3;7;0;2;1;9;2;
202300043646;155 603 163;A01;1;7;0;2;2;2;1;
202300043646;155 603 164;B01;1;7;0;2;4;2;1;
202300043647;155 603 161;A01;0;7;0;2;7;21;0;
202300043648;155 603 160;A01;1;7;0;2;2;19;1;
202300043648;155 603 162;B01;2;50;0;2;1;1;3;
202300043649;155 603 157;A01;1;7;0;2;1;15;1;
202300043649;155 603 159;B01;1;33;0;2;7;1;1;
202300043650;155 603 156;B01;3;7;0;2;2;1;1;
202300043650;155 603 158;A01;3;2;0;2;1;26;3;
202300043651;155 603 154;A01;1;7;0;2;1;2;1;
202300043651;155 603 155;B01;1;7;0;0;4;2;1;
202300043652;155 603 152;A01;1;7;0;2;1;2;1;
202300043652;155 603 153;B01;1;7;0;2;4;2;1;
202300043653;155 603 150;A01;2;30;0;2;1;1;1;
202300043653;155 603 151;B01;2;7;0;2;7;0;1;
202300043654;155 603 147;A01;2;41;12;0;7;1;3;
202300043655;155 603 145;A01;3;7;1;2;2;1;1;
202300043656;155 603 143;A01;0;14;0;2;1;1;3;
202300043656;155 603 144;B01;0;13;0;2;1;1;0;
202300043656;155 603 146;C01;0;7;0;2;9;1;1;
202300043657;155 603 140;A01;0;7;0;2;1;13;1;
202300043657;155 603 142;B01;0;7;0;2;2;2;1;
202300043658;155 603 139;A01;1;7;0;2;2;15;1;
202300043658;155 603 141;B01;2;7;0;2;1;1;1;
202300043659;155 603 138;A01;0;7;0;0;0;2;1;
202300043660;155 603 136;A01;0;14;0;0;0;1;1;
202300043661;155 603 132;A01;1;7;0;2;5;9;3;
202300043661;155 603 133;B01;1;33;0;2;1;1;1;
202300043662;155 603 131;A01;2;7;0;2;2;19;1;
202300043662;155 603 134;B01;1;2;0;2;8;1;1;
202300043663;155 603 130;A01;1;7;0;1;3;1;3;
202300043664;155 603 127;A01;3;50;0;1;0;1;3;
202300043665;155 603 123;A01;2;7;0;2;2;9;1;
202300043665;155 603 125;B01;2;33;1;2;8;1;1;
202300043666;155 603 122;A01;3;7;15;2;1;19;1;
202300043666;155 603 124;B01;3;10;0;2;1;1;1;
202300043667;155 603 121;A01;3;30;0;0;0;1;1;
202300043668;155 603 118;B01;3;1;0;2;0;0;5;
202300043668;155 603 119;A01;3;7;0;2;1;1;1;
202300043669;155 603 117;B01;1;7;0;2;1;1;1;
202300043669;155 603 120;A01;2;7;0;2;7;1;1;
202300043670;155 603 114;B01;3;7;1;2;1;1;1;
202300043670;155 603 116;A01;3;7;0;2;7;15;1;
202300043671;155 603 113;B01;3;7;0;2;3;21;1;
202300043671;155 603 115;A01;3;7;0;2;3;21;1;
202300043672;155 603 111;A01;1;7;0;1;1;9;1;
202300043673;155 603 112;A01;3;7;15;0;1;13;1;
202300043674;155 603 108;A01;2;7;0;2;1;2;1;
202300043674;155 603 110;B01;2;7;0;2;4;1;1;
202300043675;155 603 107;A01;1;7;8;2;3;1;1;
202300043675;155 603 109;B01;2;7;0;2;2;1;1;
202300043676;155 603 106;A01;2;34;16;0;0;1;1;
202300043677;155 603 104;B01;1;2;0;2;1;1;1;
202300043677;155 603 105;A01;2;7;0;2;2;15;1;
202300043678;155 603 103;A01;3;7;15;0;1;14;1;
202300043679;155 603 101;A01;3;10;0;2;2;1;1;
202300043679;155 603 102;B01;3;7;0;2;2;1;1;
202300043680;155 603 100;A01;1;32;13;0;1;1;1;
202300043681;155 603 098;A01;0;31;0;2;1;17;1;
202300043681;155 603 099;B01;0;7;0;2;3;26;1;
202300043682;155 603 094;A01;1;10;0;2;1;2;1;
202300043682;155 603 096;B01;1;33;0;2;4;0;1;
202300043683;155 603 092;A01;3;7;0;1;3;1;0;
202300043684;155 603 091;A01;0;36;0;2;3;9;1;
202300043684;155 603 093;B01;0;33;0;0;0;0;0;
202300043685;155 603 090;A01;1;7;8;0;1;12;1;
202300043686;155 603 088;A01;1;7;8;2;2;19;1;
202300043686;155 603 089;B01;1;7;0;2;1;1;1;
202300043687;155 603 086;B01;3;1;0;2;7;19;5;
202300043687;155 603 087;A01;2;7;0;2;1;1;1;
202300043688;155 603 083;A01;2;7;16;2;1;13;1;
202300043688;155 603 085;B01;1;7;0;2;1;1;2;
202300043689;155 603 082;B01;2;7;0;2;6;23;1;
202300043689;155 603 084;A01;2;2;0;2;1;1;1;
202300043690;155 603 078;A01;2;30;0;2;1;1;1;
202300043690;155 603 080;B01;1;7;0;2;2;1;1;
202300043691;155 603 077;B01;2;7;0;2;4;1;1;
202300043691;155 603 079;A01;2;7;0;2;1;2;1;
202300043691;155 603 081;C01;2;10;0;9;5;1;1;
202300043692;155 603 076;A01;3;7;0;1;2;1;1;
202300043693;155 603 075;A01;1;7;0;0;9;21;1;
202300043694;155 603 073;A01;3;7;0;1;2;15;0;
202300043695;155 603 074;A01;1;33;0;1;1;1;1;
202300043696;155 603 070;A01;1;50;0;2;1;16;3;
202300043696;155 603 072;B01;1;7;0;2;3;16;1;
202300043697;155 603 069;A01;1;10;0;2;2;2;1;
202300043697;155 603 071;B01;1;7;0;2;6;2;1;
202300043698;155 603 067;A01;1;33;12;1;1;14;1;
202300043699;155 603 066;B01;3;10;0;2;5;1;1;
202300043699;155 603 068;A01;3;7;0;2;1;1;1;
202300043700;155 603 064;A01;1;7;0;2;8;13;1;
202300043700;155 603 065;B01;1;33;0;2;2;3;1;
202300043701;155 603 061;A01;1;30;0;2;1;1;3;
202300043701;155 603 063;B01;1;7;0;2;1;1;1;
202300043702;155 603 060;A01;1;7;1;0;3;19;0;
202300043702;155 603 062;B01;1;7;1;0;1;1;0;
202300043703;155 603 058;A01;1;30;8;0;1;0;6;
202300043704;155 603 057;B01;2;33;0;2;3;3;1;
202300043704;155 603 059;A01;2;7;0;2;5;1;1;
202300043705;155 603 054;A01;1;7;0;0;1;9;1;
202300043706;155 603 055;A01;3;7;0;2;1;15;1;
202300043706;155 603 056;B01;3;34;0;2;1;1;1;
202300043707;155 603 052;B01;1;32;0;2;1;2;1;
202300043707;155 603 053;A01;1;7;0;2;5;2;1;
202300043708;155 603 048;A01;1;7;0;2;1;13;1;
202300043708;155 603 049;B01;2;7;0;2;1;1;1;
202300043709;155 603 046;A01;2;7;0;2;4;2;1;
202300043709;155 603 047;B01;2;7;0;2;1;2;1;
202300043710;155 603 040;A01;2;15;0;2;2;2;1;
202300043710;155 603 042;B01;2;7;0;2;6;2;1;
202300043711;155 603 038;D01;1;7;0;2;1;2;1;
202300043711;155 603 039;B01;1;7;0;0;4;2;1;
202300043711;155 603 041;C01;1;7;0;2;1;2;1;
202300043711;155 603 043;E01;1;7;0;2;1;2;1;
202300043711;155 603 044;F01;1;7;0;2;1;2;1;
202300043711;155 603 045;A01;1;7;0;2;1;2;1;
202300043712;155 603 036;A01;1;7;13;0;9;1;1;
202300043713;155 603 035;A01;2;7;0;2;1;2;2;
202300043713;155 603 037;B01;2;7;0;2;4;2;1;
202300043714;155 603 033;B01;1;7;0;2;6;0;1;
202300043714;155 603 034;A01;2;33;0;2;1;17;1;
202300043715;155 603 032;A01;2;33;3;0;7;14;1;
202300043716;155 603 029;A01;1;33;0;2;1;11;1;
202300043716;155 603 031;B01;1;7;0;2;5;13;2;
202300043717;155 603 026;C01;1;7;0;0;2;0;1;
202300043717;155 603 028;B01;3;7;0;2;1;1;1;
202300043717;155 603 030;A01;3;7;0;2;1;15;1;
202300043718;155 603 024;B01;1;7;0;2;4;2;1;
202300043718;155 603 025;C01;1;17;0;2;4;2;1;
202300043718;155 603 027;A01;1;31;0;2;1;3;1;
202300043719;155 603 021;A01;1;31;0;2;1;12;1;
202300043719;155 603 023;Z01;1;10;0;2;0;12;0;
202300043720;155 603 020;A01;1;7;4;0;1;1;1;
202300043721;155 603 019;A01;0;7;0;2;1;19;1;
202300043721;155 603 022;B01;0;7;0;2;8;1;1;
202300043722;155 603 015;A01;2;15;0;2;2;14;0;
202300043722;155 603 017;B01;2;7;0;2;8;1;0;
202300043723;155 603 016;A01;1;10;0;2;2;11;1;
202300043723;155 603 018;B01;1;33;0;2;7;1;1;
202300043724;155 603 014;A01;2;7;6;0;1;1;1;
202300043725;155 603 012;A01;1;7;4;0;1;14;1;
202300043726;155 603 013;A01;2;1;0;0;0;1;5;
202300043727;155 603 010;A01;1;7;0;2;1;1;1;
202300043727;155 603 011;B01;1;7;0;2;4;1;1;
202300043728;155 603 007;A01;2;7;4;0;3;13;1;
202300043729;155 603 006;A01;1;37;0;2;3;14;1;2
202300043729;155 603 008;B01;2;99;0;2;3;1;6;
202300043729;155 603 009;D01;2;7;0;2;2;1;1;
202300043730;155 603 003;B01;1;7;0;2;3;1;1;
202300043730;155 603 004;C01;1;37;0;2;6;1;1;1
202300043730;155 603 005;A01;1;30;0;2;1;17;1;
202300043731;155 603 002;A01;2;7;1;1;1;1;3;
202300043732;155 602 999;A01;1;7;1;0;1;21;1;
202300043732;155 603 000;B01;1;7;0;2;1;0;1;
202300043732;155 603 001;C01;0;7;1;0;1;0;1;
202300043733;155 602 995;C01;1;7;0;2;1;1;1;
202300043733;155 602 996;A01;2;7;0;2;1;13;1;
202300043733;155 602 998;B01;2;7;0;2;1;1;1;
202300043734;155 602 994;B01;1;60;0;2;2;14;5;
202300043734;155 602 997;A01;1;1;0;2;3;1;5;
202300043735;155 602 989;A01;0;1;0;0;0;0;5;
202300043735;155 602 990;C01;0;33;0;0;0;0;0;
202300043735;155 602 991;B01;2;7;0;2;6;2;2;
202300043736;155 602 988;A01;2;34;0;2;1;1;3;
202300043736;155 602 992;B01;2;7;0;0;6;15;1;
202300043737;155 602 987;A01;1;7;0;1;2;1;1;
202300043738;155 602 985;A01;1;10;0;2;5;1;1;
202300043738;155 602 986;B01;1;2;0;2;1;1;0;
202300043739;155 602 984;A01;3;7;0;1;1;1;1;
202300043740;155 602 982;B01;1;7;0;2;4;23;1;
202300043740;155 602 983;A01;1;1;0;2;1;1;5;
202300043741;155 602 981;A01;1;10;0;1;2;1;0;
202300043742;155 602 980;A01;1;7;0;1;1;1;1;
202300043743;155 602 978;B01;2;34;0;2;3;1;1;
202300043743;155 602 979;A01;2;7;0;2;5;16;1;
202300043744;155 602 976;B01;3;7;0;2;6;10;1;
202300043744;155 602 977;A01;3;7;0;2;1;1;1;
202300043745;155 602 975;A01;3;7;0;1;1;15;1;
202300043746;155 602 973;B01;2;7;0;2;2;1;2;
202300043746;155 602 974;A01;2;7;0;2;3;9;1;
202300043747;155 602 971;A01;3;7;0;2;1;1;6;
202300043747;155 602 972;B01;3;7;0;2;4;4;6;
202300043748;155 602 967;A01;1;1;0;2;1;1;5;
202300043748;155 602 970;B01;2;1;0;2;1;9;5;
202300043749;155 602 965;A01;3;7;0;2;1;9;0;
202300043749;155 602 966;B01;3;33;0;2;7;1;0;
202300043750;155 602 963;A01;2;30;0;2;6;11;1;
202300043750;155 602 964;B01;2;31;0;2;1;2;1;
202300043751;155 602 960;C01;1;7;0;2;3;1;1;
202300043751;155 602 961;B01;1;17;0;2;1;1;1;
202300043751;155 602 962;A01;2;17;0;2;1;11;1;
202300043752;155 602 958;A01;3;50;15;2;1;15;3;
202300043752;155 602 959;B01;3;32;15;2;3;1;1;
202300043753;155 602 956;B01;2;1;0;2;4;23;5;
202300043753;155 602 957;A01;2;7;0;2;1;2;1;
202300043754;155 602 953;B01;1;32;0;2;7;1;3;
202300043754;155 602 955;A01;1;7;0;2;3;10;3;
202300043755;155 602 951;C01;2;7;8;2;1;1;1;
202300043755;155 602 952;A01;1;13;8;2;1;13;1;
202300043755;155 602 954;B01;2;7;8;2;3;1;1;
202300043756;155 602 950;A01;1;30;0;0;0;1;1;
202300043757;155 602 949;A01;2;7;12;0;1;1;1;
202300043758;155 602 948;A01;2;80;0;1;1;1;3;
202300043759;155 602 946;B01;1;7;0;2;1;15;1;
202300043759;155 602 947;A01;2;33;0;2;1;17;1;
202300043760;155 602 944;A01;2;37;0;1;2;1;2;1
202300043761;155 602 943;B01;1;1;0;2;0;1;5;
202300043761;155 602 945;A01;1;7;0;2;2;1;1;
202300043762;155 602 942;A01;2;7;0;1;1;1;2;
202300043763;155 602 941;A01;2;7;6;0;3;1;1;
202300043764;155 602 939;B01;3;33;0;2;8;1;1;
202300043764;155 602 940;A01;3;7;0;2;7;12;1;
202300043765;155 602 937;A01;3;33;0;0;1;1;1;
202300043766;155 602 936;A01;2;31;0;2;1;0;1;
202300043766;155 602 938;B01;3;10;0;2;8;15;1;
202300043767;155 602 935;A01;3;32;16;1;7;1;0;
202300043768;155 602 933;A01;1;50;0;2;0;13;3;
202300043768;155 602 934;B01;1;7;0;2;1;10;1;
202300043769;155 602 931;B01;3;1;0;2;8;1;5;
202300043769;155 602 932;A01;3;10;0;2;2;16;1;
202300043770;155 602 930;A01;1;10;0;1;7;1;1;
202300043771;155 602 928;A01;1;7;0;2;3;15;1;
202300043771;155 602 929;B01;1;31;0;2;1;1;1;
202300043772;155 602 926;A01;1;7;0;2;1;7;1;
202300043772;155 602 927;B01;1;7;0;2;2;16;1;
202300043773;155 602 924;B01;1;33;0;2;1;1;1;
202300043773;155 602 925;A01;1;7;0;2;7;16;1;
202300043774;155 602 922;A01;1;33;0;2;1;2;1;
202300043774;155 602 923;B01;2;7;0;2;2;15;1;
202300043775;155 602 921;A01;1;7;9;0;2;1;1;
202300043776;155 602 919;A01;0;33;0;2;6;1;1;
202300043776;155 602 920;B01;0;7;0;2;2;1;1;
202300043777;155 602 917;A01;2;7;0;2;2;16;1;
202300043777;155 602 918;B01;1;1;0;2;2;1;5;
202300043778;155 602 914;A01;0;30;0;2;3;15;1;
202300043778;155 602 916;B01;0;7;0;2;2;2;1;
202300043779;155 602 915;Z01;1;7;0;1;1;15;1;
202300043780;155 602 910;A01;2;7;0;2;1;1;1;
202300043780;155 602 913;B01;1;7;0;2;7;15;1;
202300043781;155 602 908;A01;2;7;0;2;4;23;1;
202300043781;155 602 909;C01;2;7;0;2;4;23;1;
202300043781;155 602 911;D01;2;7;0;2;1;1;1;
202300043781;155 602 912;B01;2;7;0;2;4;23;1;
202300043782;155 602 906;B01;1;31;0;2;7;2;1;
202300043782;155 602 907;A01;0;7;0;2;1;9;0;
202300043783;155 602 905;A01;2;7;0;1;3;1;1;
202300043784;155 602 901;B01;3;7;0;2;8;1;1;
202300043784;155 602 904;A01;1;7;0;2;1;16;1;
202300043785;155 602 900;A01;1;7;15;0;2;14;1;
202300043786;155 602 896;B01;1;99;0;2;8;19;3;
202300043786;155 602 897;A01;2;7;0;9;3;15;1;
202300043787;155 602 895;Z01;2;7;0;2;8;0;0;
202300043787;155 602 898;C01;2;37;0;2;7;1;1;1
202300043787;155 602 899;A01;2;30;0;2;7;3;1;
202300043788;155 602 894;A01;2;7;0;1;2;1;1;
202300043789;155 602 893;A01;3;37;0;1;5;9;2;1
202300043790;155 602 890;A01;2;7;0;1;1;1;1;
202300043791;155 602 891;A01;1;7;0;2;2;0;1;
202300043791;155 602 892;B01;2;60;0;2;0;0;5;
202300043792;155 602 889;A01;1;2;0;0;8;21;1;
202300043793;155 602 887;B01;1;50;0;2;7;1;3;
202300043793;155 602 888;A01;2;10;0;2;3;9;1;
202300043794;155 602 886;A01;3;7;1;1;1;1;3;
202300043795;155 602 885;Z01;1;7;0;1;3;15;1;
202300043796;155 602 884;A01;1;7;6;0;9;1;2;
202300043797;155 602 881;A01;1;32;0;0;7;1;1;
202300043798;155 602 883;A01;1;7;12;0;1;13;1;
202300043799;155 602 880;A01;2;10;0;2;3;10;1;
202300043799;155 602 882;B01;1;33;0;2;1;1;1;
202300043800;155 602 877;B01;2;32;0;0;0;0;1;
202300043800;155 602 878;A01;2;10;0;2;3;16;1;
202300043801;155 602 876;A01;1;33;0;2;1;1;1;
202300043801;155 602 879;B01;2;7;0;2;2;15;1;
202300043802;155 602 874;B01;2;34;0;2;6;16;1;
202300043802;155 602 875;A01;2;50;0;2;1;1;3;
202300043803;155 602 872;A01;1;7;0;1;1;1;1;
202300043804;155 602 871;B01;1;33;0;2;7;1;1;
202300043804;155 602 873;A01;2;33;0;2;1;1;1;
202300043805;155 602 868;B01;1;7;0;2;7;16;1;
202300043805;155 602 869;A01;1;30;0;2;1;1;1;
202300043806;155 602 867;B01;2;1;0;2;1;1;5;
202300043806;155 602 870;A01;2;7;0;2;3;1;2;
202300043807;155 602 866;A01;1;1;0;1;1;17;5;
202300043808;155 602 864;A01;1;7;0;1;1;16;1;
202300043809;155 602 865;A01;2;1;0;0;8;1;5;
202300043810;155 602 860;A01;1;7;0;2;3;10;2;
202300043810;155 602 863;B01;1;33;0;2;1;17;1;
202300043811;155 602 859;A01;2;1;0;1;1;1;5;
202300043812;155 602 858;A01;2;33;12;0;1;1;1;
202300043813;155 602 856;A01;2;50;0;1;1;1;3;
202300043814;155 602 855;A01;1;7;0;2;3;10;2;
202300043814;155 602 857;B01;1;30;0;2;1;5;3;
202300043815;155 602 852;A01;3;7;0;2;8;10;1;
202300043815;155 602 854;B01;3;7;0;2;1;1;1;
202300043816;155 602 851;B01;3;50;0;2;1;19;3;
202300043816;155 602 853;A01;1;7;0;2;1;15;0;
202300043817;155 602 849;A01;3;7;0;1;1;14;1;
202300043818;155 602 848;A01;1;7;0;2;1;2;1;
202300043818;155 602 850;B01;1;7;0;2;4;23;1;
202300043819;155 602 847;A01;3;7;0;9;0;26;1;
202300043820;155 602 845;A01;1;7;8;1;1;16;1;
202300043821;155 602 844;B01;2;7;0;2;8;0;1;
202300043821;155 602 846;A01;1;7;0;2;1;6;1;