Num_Acc;id_vehicule;num_veh;senc;catv;obs;obsm;choc;manv;motor;occutc
202300043822;155 602 838;B01;2;17;4;2;3;1;1;
202300043822;155 602 842;C01;1;17;4;2;3;1;1;
202300043822;155 602 843;A01;1;7;0;2;3;13;1;
202300043823;155 602 839;B01;3;34;0;2;7;1;1;
202300043823;155 602 841;A01;3;7;12;0;1;13;1;
202300043824;155 602 840;B01;2;33;0;0;0;1;1;
202300043825;155 602 834;B01;3;37;0;2;2;26;1;1
202300043825;155 602 837;A01;3;7;0;2;6;9;1;
202300043826;155 602 832;A01;2;7;0;2;1;2;1;
202300043826;155 602 835;B01;2;7;0;2;4;2;1;
202300043827;155 602 833;A01;1;7;0;2;8;20;1;
202300043827;155 602 836;B01;1;30;0;2;7;17;1;
202300043828;155 602 830;A01;2;7;0;0;0;0;1;
202300043828;155 602 831;B01;2;1;0;2;1;2;5;
202300043829;155 602 829;A01;1;10;0;1;1;1;0;
202300043830;155 602 827;B01;2;99;0;2;7;1;1;
202300043830;155 602 828;A01;2;7;0;2;6;1;1;
202300043831;155 602 826;Z01;1;1;0;1;1;1;5;
202300043832;155 602 824;B01;2;33;0;2;1;1;1;
202300043832;155 602 825;A01;1;7;0;2;7;9;1;
202300043833;155 602 821;B01;2;32;0;2;1;2;1;
202300043833;155 602 822;A01;2;7;0;2;5;23;1;
202300043834;155 602 820;A01;2;38;0;2;3;26;1;1
202300043834;155 602 823;B01;1;7;12;2;3;1;1;
202300043835;155 602 815;B01;3;1;0;2;9;18;5;
202300043835;155 602 818;A01;3;17;0;2;2;16;1;
202300043836;155 602 813;C01;2;7;0;2;4;2;1;
202300043836;155 602 814;D01;2;37;0;2;4;2;1;1
202300043836;155 602 817;A01;2;7;0;2;1;2;3;
202300043836;155 602 819;B01;2;7;0;2;4;2;1;
202300043837;155 602 812;Z01;3;7;0;1;2;15;1;
202300043838;155 602 811;A01;1;7;6;0;3;20;1;
202300043839;155 602 810;Z01;1;10;0;1;7;15;1;
202300043840;155 602 808;A01;1;7;0;2;7;1;1;
202300043840;155 602 809;B01;1;2;0;2;3;1;1;
202300043841;155 602 806;A01;2;7;0;2;8;15;1;
202300043841;155 602 807;B01;1;32;0;2;1;1;1;
202300043842;155 602 802;C01;2;7;0;2;1;1;1;
202300043842;155 602 803;B01;1;7;0;2;8;22;0;
202300043842;155 602 804;A01;1;33;0;2;1;17;1;
202300043843;155 602 800;A01;1;34;8;0;1;13;1;
202300043844;155 602 798;CA01;1;7;0;2;0;15;1;
202300043844;155 602 799;CB01;1;50;0;2;-1;2;3;
202300043845;155 602 797;Z01;2;30;0;1;1;1;0;
202300043846;155 602 795;A01;2;7;0;2;3;26;1;
202300043846;155 602 796;B01;1;33;0;2;1;17;1;
202300043847;155 602 794;A01;1;80;0;1;1;1;3;
202300043848;155 602 792;A01;1;7;0;1;1;16;1;
202300043849;155 602 793;A01;2;10;0;1;1;1;3;
202300043850;155 602 790;A01;1;32;0;0;0;1;1;
202300043851;155 602 788;C01;1;1;0;0;1;1;5;
202300043851;155 602 789;A01;2;7;0;2;3;17;0;
202300043851;155 602 791;B01;1;1;0;2;1;1;5;
202300043852;155 602 786;B01;2;34;0;2;8;1;1;
202300043852;155 602 787;A01;3;3;0;2;2;10;1;
202300043853;155 602 784;A01;0;7;0;2;3;15;0;
202300043853;155 602 785;B01;0;34;0;2;1;13;1;
202300043854;155 602 782;B01;1;7;0;2;4;2;1;
202300043854;155 602 783;A01;1;10;0;2;1;1;1;
202300043855;155 602 781;A01;1;7;0;1;3;15;0;
202300043856;155 602 780;A01;1;33;0;1;1;1;1;
202300043857;155 602 779;A01;1;38;7;0;8;21;1;65
202300043858;155 602 777;B01;3;7;0;0;4;2;2;
202300043858;155 602 778;A01;3;7;0;2;1;2;1;
202300043859;155 602 775;A01;2;7;0;0;9;1;1;
202300043860;155 602 776;A01;2;7;2;0;9;13;1;
202300043861;155 602 773;B01;2;7;0;2;8;15;1;
202300043861;155 602 774;A01;1;7;0;2;3;1;1;
202300043862;155 602 772;A01;2;7;0;0;1;1;1;
202300043863;155 602 770;A01;1;7;17;0;1;1;1;
202300043864;155 602 768;B01;1;7;0;2;1;1;1;
202300043864;155 602 771;A01;2;7;0;2;6;1;1;
202300043865;155 602 767;A01;1;7;0;2;2;14;1;
202300043865;155 602 769;B01;1;15;0;2;6;1;1;
202300043866;155 602 763;A01;2;7;0;2;7;5;1;
202300043866;155 602 765;B01;1;10;0;2;1;5;1;
202300043867;155 602 761;A01;0;1;0;0;0;0;5;
202300043868;155 602 762;A01;1;7;3;2;1;1;1;
202300043868;155 602 766;B01;2;7;0;2;1;13;1;
202300043869;155 602 759;B01;1;31;0;0;7;17;1;
202300043869;155 602 760;A01;1;7;0;2;8;15;0;
202300043870;155 602 758;A01;0;99;12;0;1;0;1;
202300043871;155 602 755;A01;2;7;13;0;0;17;1;
202300043872;155 602 754;B01;1;7;1;0;2;1;0;
202300043872;155 602 757;A01;2;7;0;0;5;24;1;
202300043873;155 602 753;A01;2;7;0;2;1;16;1;
202300043873;155 602 756;B01;3;80;0;2;8;19;3;
202300043874;155 602 752;A01;3;1;0;0;0;1;5;
202300043875;155 602 750;A01;2;7;0;2;1;1;1;
202300043875;155 602 751;B01;2;2;0;2;8;1;1;
202300043876;155 602 747;C01;1;7;0;2;0;0;1;
202300043876;155 602 749;A01;1;30;1;2;2;0;1;
202300043877;155 602 748;A01;1;2;14;0;1;1;1;
202300043878;155 602 746;A01;2;7;3;0;1;1;1;
202300043879;155 602 743;A01;2;7;0;2;1;15;1;
202300043879;155 602 744;B01;1;32;0;2;7;1;1;
202300043880;155 602 742;A01;2;2;12;0;2;14;6;
202300043881;155 602 741;B01;1;7;0;2;1;1;1;
202300043881;155 602 745;A01;1;14;0;2;7;1;1;
202300043882;155 602 740;A01;0;80;0;0;4;19;3;
202300043883;155 602 737;A01;3;34;0;2;1;1;1;
202300043883;155 602 739;B01;3;80;0;0;4;15;3;
202300043884;155 602 735;A01;1;10;0;2;1;2;1;
202300043884;155 602 738;B01;1;7;0;0;4;23;1;
202300043885;155 602 736;A01;1;31;12;0;8;21;3;
202300043886;155 602 733;A01;1;7;0;2;1;1;0;
202300043886;155 602 734;B01;2;1;0;2;1;1;5;
202300043887;155 602 730;B01;1;99;0;2;7;1;0;
202300043887;155 602 732;A01;1;7;0;2;7;16;0;
202300043888;155 602 729;B01;1;99;0;2;8;1;1;
202300043888;155 602 731;A01;2;10;6;2;9;13;1;
202300043889;155 602 726;A01;1;31;0;2;1;1;1;
202300043889;155 602 728;B01;1;80;0;0;4;19;3;
202300043890;155 602 724;B01;0;7;0;2;1;1;1;
202300043890;155 602 727;A01;3;7;13;0;7;19;1;
202300043891;155 602 722;A01;1;7;0;2;5;19;1;
202300043891;155 602 725;B01;1;31;0;2;1;1;1;
202300043892;155 602 721;B01;2;1;0;0;4;1;5;
202300043892;155 602 723;A01;2;7;0;2;1;1;1;
202300043893;155 602 720;A01;2;7;0;1;2;1;1;
202300043894;155 602 719;A01;2;7;6;0;1;2;1;
202300043895;155 602 716;B01;1;31;0;2;1;1;1;
202300043895;155 602 718;A01;2;7;0;2;2;5;0;
202300043896;155 602 715;A01;2;7;0;0;0;26;0;
202300043896;155 602 717;B01;2;1;0;0;0;21;5;
202300043897;155 602 710;A01;2;15;0;2;8;13;1;
202300043897;155 602 712;B01;1;7;3;2;8;21;1;
202300043898;155 602 709;A01;2;7;0;2;2;15;1;
202300043898;155 602 714;B01;1;10;0;2;3;1;1;
202300043899;155 602 703;A01;2;7;0;2;2;17;1;
202300043899;155 602 707;B01;2;7;0;0;6;1;1;
202300043900;155 602 701;A01;2;7;0;2;1;2;1;
202300043900;155 602 704;B01;2;7;0;0;4;2;1;
202300043900;155 602 706;C01;2;7;0;0;6;2;1;
202300043901;155 602 702;B01;2;7;0;2;4;2;1;
202300043901;155 602 705;A01;2;7;0;2;1;2;1;
202300043901;155 602 708;C01;2;10;0;0;4;23;1;
202300043902;155 602 700;A01;2;10;2;0;1;1;1;
202300043903;155 602 696;B01;2;10;14;2;2;1;1;
202300043903;155 602 697;A01;1;7;0;2;2;13;1;
202300043904;155 602 695;A01;0;1;0;0;0;0;5;
202300043905;155 602 699;A01;1;2;0;0;1;1;1;
202300043906;155 602 698;A01;1;7;4;0;3;13;1;
202300043907;155 602 693;B01;2;80;0;2;2;2;3;
202300043907;155 602 694;A01;2;7;0;2;3;9;1;
202300043908;155 602 690;B01;1;1;0;0;4;25;5;
202300043908;155 602 692;A01;1;7;12;9;2;2;1;
202300043909;155 602 689;A01;1;7;13;0;1;14;1;
202300043909;155 602 691;B01;1;7;1;0;3;1;1;
202300043910;155 602 686;A01;1;33;6;0;7;0;1;
202300043911;155 602 685;A01;1;10;0;2;1;13;1;
202300043911;155 602 688;B01;2;13;0;2;1;1;1;
202300043912;155 602 684;A01;2;7;0;2;3;17;1;
202300043912;155 602 687;B01;1;7;0;2;3;1;0;
202300043913;155 602 679;A01;3;7;0;2;1;1;1;
202300043913;155 602 682;B01;3;10;0;2;1;1;1;
202300043914;155 602 678;B01;2;32;0;2;1;1;1;
202300043914;155 602 681;A01;1;7;0;2;3;15;1;
202300043915;155 602 677;A01;1;13;8;0;1;1;1;
202300043916;155 602 676;A01;2;7;13;0;1;19;1;
202300043917;155 602 675;A01;2;7;2;0;3;0;1;
202300043918;155 602 674;A01;2;7;2;0;1;13;1;
202300043919;155 602 673;A01;1;7;2;0;3;1;0;
202300043920;155 602 672;A01;1;7;2;0;1;1;1;
202300043921;155 602 668;A01;1;7;0;0;6;24;1;
202300043921;155 602 670;B01;1;32;1;0;1;9;1;
202300043922;155 602 666;A01;1;7;0;2;1;13;1;
202300043922;155 602 669;B01;2;14;0;2;1;1;1;
202300043923;155 602 665;A01;1;7;13;0;1;1;1;
202300043924;155 602 663;B01;2;7;0;2;1;21;1;
202300043924;155 602 664;A01;1;7;0;2;1;13;1;
202300043925;155 602 661;A01;2;2;0;2;1;26;1;
202300043925;155 602 662;B01;2;7;0;2;1;1;1;
202300043926;155 602 660;A01;1;7;0;1;2;1;1;
202300043927;155 602 658;A01;2;1;2;0;1;1;5;
202300043928;155 602 657;A01;1;7;0;2;3;13;1;
202300043928;155 602 659;B01;2;10;0;2;3;2;1;
202300043929;155 602 654;A01;3;7;1;0;9;1;1;
202300043930;155 602 652;B01;2;1;0;2;1;1;5;
202300043930;155 602 655;A01;1;7;0;2;2;15;1;
202300043931;155 602 651;B01;2;7;0;2;3;1;1;
202300043931;155 602 653;A01;2;7;0;2;2;17;1;
202300043932;155 602 648;C01;1;7;0;0;4;2;1;
202300043932;155 602 649;B01;1;7;0;2;4;2;1;
202300043932;155 602 650;A01;1;7;0;2;1;2;1;
202300043933;155 602 647;A01;1;7;16;0;2;1;1;
202300043934;155 602 645;A01;1;7;0;2;6;11;1;
202300043934;155 602 646;B01;1;33;0;2;2;17;1;
202300043935;155 602 641;A01;1;7;0;9;3;9;1;
202300043935;155 602 643;B01;1;1;0;2;1;1;5;
202300043936;155 602 639;A01;1;7;13;0;0;1;1;
202300043937;155 602 638;D01;1;7;0;2;2;1;1;
202300043937;155 602 640;C01;1;7;0;2;4;1;1;
202300043937;155 602 642;A01;2;15;0;2;3;6;6;
202300043937;155 602 644;B01;1;10;0;2;3;1;0;
202300043938;155 602 637;A01;1;33;13;0;1;17;1;
202300043939;155 602 636;A01;1;7;15;9;3;0;1;
202300043940;155 602 634;A01;3;7;0;1;2;4;6;
202300043941;155 602 632;A01;1;33;0;2;1;2;1;
202300043941;155 602 635;B01;1;7;0;0;4;2;1;
202300043942;155 602 631;A01;1;7;8;0;1;13;1;
202300043943;155 602 630;A01;1;7;13;0;2;0;1;
202300043944;155 602 627;A01;3;7;0;2;1;6;1;
202300043944;155 602 629;B01;3;33;0;2;7;1;1;
202300043945;155 602 626;A01;1;7;0;1;2;1;1;
202300043946;155 602 625;B01;2;7;0;2;3;1;1;
202300043946;155 602 628;A01;2;1;0;2;8;9;5;
202300043947;155 602 621;A01;1;7;0;2;6;17;1;
202300043947;155 602 623;B01;1;33;0;2;9;17;1;
202300043948;155 602 620;B01;2;43;0;2;3;2;1;
202300043948;155 602 624;A01;2;7;0;0;5;2;1;
202300043949;155 602 619;A01;0;10;0;9;2;15;1;
202300043949;155 602 622;B01;1;1;0;2;5;1;5;
202300043950;155 602 616;A01;1;7;0;2;1;13;1;
202300043950;155 602 618;B01;2;7;0;2;1;1;1;
202300043951;155 602 614;A01;2;1;0;2;1;1;5;
202300043951;155 602 617;B01;2;10;0;0;4;26;1;
202300043952;155 602 615;A01;2;7;2;0;1;21;1;
202300043953;155 602 612;A01;2;2;0;2;1;13;1;
202300043953;155 602 613;B01;1;7;0;2;1;1;1;
202300043954;155 602 610;A01;1;10;2;0;3;13;1;
202300043955;155 602 608;A01;1;7;8;0;1;1;1;
202300043956;155 602 607;A01;1;10;0;2;5;5;0;
202300043956;155 602 609;B01;2;10;0;2;1;0;0;
202300043957;155 602 604;C01;1;1;0;2;3;1;5;
202300043957;155 602 606;B01;1;7;0;2;3;1;1;
202300043957;155 602 611;A01;1;7;0;2;8;19;0;
202300043958;155 602 605;A01;1;7;13;0;1;1;1;
202300043959;155 602 603;A01;1;7;6;0;3;1;1;
202300043960;155 602 602;A01;2;7;0;1;1;16;1;
202300043961;155 602 601;A01;0;7;2;0;3;1;0;
202300043962;155 602 600;A01;1;1;0;0;1;1;5;
202300043963;155 602 597;A01;3;7;0;9;2;1;1;
202300043964;155 602 593;B01;1;7;0;0;4;1;1;
202300043964;155 602 595;A01;1;2;0;2;1;1;1;
202300043965;155 602 594;B01;1;7;0;2;3;1;1;
202300043965;155 602 596;A01;2;10;0;2;1;19;1;
202300043966;155 602 592;A01;1;7;13;0;1;1;1;
202300043967;155 602 590;B01;1;2;16;2;2;2;1;
202300043967;155 602 591;A01;1;7;16;2;3;11;1;
202300043968;155 602 588;A01;1;7;0;1;2;1;1;
202300043969;155 602 589;A01;1;7;12;0;9;1;1;
202300043970;155 602 583;B01;3;33;0;2;3;16;1;
202300043970;155 602 586;A01;3;7;0;2;3;15;1;
202300043971;155 602 579;A01;1;7;0;2;1;1;1;
202300043971;155 602 581;B01;2;15;0;2;3;1;1;
202300043971;155 602 584;C01;1;7;0;2;6;1;1;
202300043972;155 602 578;A01;1;3;0;1;1;1;3;
202300043973;155 602 580;A01;2;10;0;2;3;17;1;
202300043973;155 602 582;B01;2;7;0;2;6;15;1;
202300043974;155 602 576;B01;2;10;0;2;1;1;1;
202300043974;155 602 577;A01;2;30;14;2;1;17;1;
202300043975;155 602 575;A01;2;7;6;0;1;1;2;
202300043976;155 602 573;A01;2;33;0;0;0;0;1;
202300043977;155 602 572;A01;1;7;15;0;2;1;0;
202300043977;155 602 574;B01;1;7;0;2;2;1;0;
202300043978;155 602 570;A01;2;7;6;0;2;25;1;
202300043979;155 602 569;A01;2;7;0;2;1;9;1;
202300043979;155 602 571;B01;1;33;0;2;1;1;1;
202300043980;155 602 563;A01;1;7;0;2;3;1;1;
202300043980;155 602 567;B01;2;10;0;2;8;1;1;
202300043980;155 602 568;C01;2;7;0;2;3;1;1;
202300043981;155 602 562;B01;1;42;0;2;1;1;1;
202300043981;155 602 565;A01;2;7;0;2;1;15;1;
202300043982;155 602 560;A01;2;7;0;2;6;1;1;
202300043982;155 602 564;B01;1;7;0;2;2;19;1;
202300043983;155 602 557;A01;3;7;0;1;3;15;1;
202300043984;155 602 559;B01;1;7;0;2;2;17;1;
202300043984;155 602 561;A01;1;7;0;0;0;17;0;
202300043984;155 602 566;C01;1;7;6;1;8;15;1;
202300043985;155 602 556;B01;3;7;0;2;7;19;1;
202300043985;155 602 558;A01;3;10;0;2;1;0;1;
202300043986;155 602 550;A01;3;7;9;2;3;0;1;
202300043986;155 602 554;B01;3;7;0;2;6;0;2;
202300043987;155 602 551;A01;3;7;0;1;3;1;1;
202300043988;155 602 549;A01;1;7;0;2;1;5;1;
202300043988;155 602 553;B01;2;7;0;2;1;9;1;
202300043988;155 602 555;C01;2;7;0;2;1;1;1;
202300043989;155 602 547;A01;1;7;0;2;1;2;1;
202300043989;155 602 548;C01;1;15;0;0;6;1;1;
202300043989;155 602 552;B01;1;15;0;0;4;2;1;
202300043990;155 602 543;A01;1;7;0;2;1;2;1;
202300043990;155 602 546;B01;1;3;0;0;4;2;1;
202300043991;155 602 541;A01;1;33;0;2;2;17;1;
202300043991;155 602 544;B01;1;10;0;2;6;15;1;
202300043992;155 602 539;C01;1;7;0;2;1;1;1;
202300043992;155 602 542;B01;1;7;0;2;4;1;1;
202300043992;155 602 545;A01;1;10;0;0;8;1;1;
202300043993;155 602 537;A01;3;7;0;1;3;0;1;
202300043994;155 602 538;A01;1;2;0;2;1;1;1;
202300043994;155 602 540;B01;2;7;0;0;3;15;1;
202300043995;155 602 536;A01;2;7;6;0;9;1;1;
202300043996;155 602 532;A01;3;7;0;2;3;15;1;
202300043996;155 602 534;B01;3;2;0;2;1;1;1;
202300043997;155 602 531;B01;1;7;0;2;3;1;1;
202300043997;155 602 535;A01;2;1;0;2;8;16;5;
202300043998;155 602 530;B01;1;32;1;0;1;2;1;
202300043998;155 602 533;A01;1;7;0;0;4;23;1;
202300043999;155 602 526;A01;1;32;0;2;0;1;1;
202300043999;155 602 529;B01;1;7;0;0;0;1;1;
202300044000;155 602 525;A01;0;7;0;0;6;2;1;
202300044000;155 602 528;B01;0;7;0;2;1;2;1;
202300044001;155 602 523;A01;1;14;0;2;2;12;6;
202300044001;155 602 527;B01;1;7;0;2;8;1;1;
202300044002;155 602 519;C01;1;7;0;2;3;1;1;
202300044002;155 602 522;B01;1;7;0;2;6;1;1;
202300044002;155 602 524;A01;1;7;6;2;2;1;1;
202300044003;155 602 517;B01;2;7;0;2;4;2;1;
202300044003;155 602 520;A01;2;7;0;2;1;2;1;
202300044004;155 602 516;A01;1;15;0;2;1;1;1;
202300044004;155 602 521;B01;1;10;0;0;4;1;0;
202300044005;155 602 515;B01;1;7;0;9;1;1;1;
202300044005;155 602 518;A01;1;7;5;0;1;14;1;
202300044006;155 602 512;B01;2;33;0;2;1;3;1;
202300044006;155 602 514;A01;2;7;0;2;2;12;1;
202300044007;155 602 511;A01;1;33;12;0;0;21;1;
202300044008;155 602 509;A01;2;7;0;2;1;2;1;
202300044008;155 602 513;B01;2;10;0;2;4;2;1;
202300044009;155 602 507;A01;2;33;0;0;2;26;1;
202300044010;155 602 504;A01;2;14;0;0;5;1;1;
202300044010;155 602 506;B01;2;33;0;0;1;1;1;
202300044011;155 602 499;E01;1;7;0;2;4;0;1;
202300044011;155 602 502;D01;0;7;0;2;4;1;1;
202300044011;155 602 505;C01;1;7;0;2;4;1;1;
202300044011;155 602 508;B01;1;7;0;2;4;1;1;
202300044011;155 602 510;A01;1;7;0;2;1;1;1;
202300044012;155 602 497;A01;2;7;0;2;1;12;1;
202300044012;155 602 498;C01;2;7;0;2;5;1;1;
202300044012;155 602 501;B01;2;33;0;2;4;12;1;
202300044013;155 602 493;A01;1;7;0;0;4;1;1;
202300044013;155 602 496;B01;1;7;0;2;2;2;1;
202300044014;155 602 492;A01;2;33;4;0;3;0;1;
202300044015;155 602 490;A01;2;7;0;2;1;2;3;
202300044015;155 602 495;B01;2;7;0;2;4;2;1;
202300044015;155 602 500;C01;2;10;0;2;1;2;1;
202300044015;155 602 503;D01;2;7;0;2;4;2;1;
202300044016;155 602 489;A01;1;7;0;2;3;11;1;
202300044016;155 602 491;B01;1;34;0;2;7;3;1;
202300044016;155 602 494;C01;1;7;0;2;6;1;1;
202300044017;155 602 485;B01;1;7;0;2;3;0;1;
202300044017;155 602 488;A01;1;15;0;2;2;12;1;
202300044018;155 602 484;B01;1;32;0;2;7;1;1;
202300044018;155 602 487;A01;1;7;0;2;6;11;3;
202300044019;155 602 482;B01;2;7;0;2;4;2;1;
202300044019;155 602 483;A01;2;10;0;2;1;2;1;
202300044020;155 602 480;A01;2;7;0;2;2;12;1;
202300044020;155 602 486;B01;1;15;0;2;6;1;1;
202300044021;155 602 478;A01;1;37;0;1;6;7;2;1
202300044022;155 602 474;D01;2;7;0;2;6;0;1;
202300044022;155 602 477;C01;2;7;0;2;8;1;1;
202300044022;155 602 479;B01;2;7;0;2;2;12;1;
202300044022;155 602 481;A01;2;31;0;2;9;3;1;
202300044023;155 602 473;A01;1;37;0;2;2;1;1;1
202300044023;155 602 475;B01;1;13;0;2;3;9;1;
202300044024;155 602 472;B01;1;10;0;0;0;1;1;
202300044024;155 602 476;A01;1;10;0;2;4;1;1;
202300044025;155 602 469;A01;1;7;0;2;2;12;1;
202300044025;155 602 471;B01;1;43;0;2;9;3;1;
202300044026;155 602 468;A01;2;14;0;2;2;1;1;
202300044026;155 602 470;B01;2;10;0;2;6;23;1;
202300044027;155 602 466;A01;1;13;8;0;7;2;1;
202300044028;155 602 465;B01;2;7;0;2;4;1;1;
202300044028;155 602 467;A01;2;7;5;2;8;1;1;
202300044029;155 602 464;A01;2;7;0;1;3;16;2;
202300044030;155 602 463;A01;3;2;0;1;1;1;1;
202300044031;155 602 460;A01;1;10;0;2;2;1;1;
202300044031;155 602 462;B01;2;2;0;2;1;15;1;
202300044032;155 602 461;A01;1;10;4;0;1;1;0;
202300044033;155 602 457;B01;3;33;0;2;1;19;1;
202300044033;155 602 459;A01;3;7;0;2;3;19;2;
202300044034;155 602 454;A01;1;7;0;2;8;11;1;
202300044034;155 602 455;B01;1;33;0;2;7;3;1;
202300044035;155 602 452;A01;2;33;12;0;8;2;1;
202300044036;155 602 451;A01;1;7;0;1;3;1;1;
202300044037;155 602 453;A01;1;2;0;2;1;17;1;
202300044037;155 602 456;B01;1;10;0;2;4;15;1;
202300044038;155 602 448;A01;1;33;0;6;1;1;1;
202300044039;155 602 445;A01;1;7;0;2;1;2;1;
202300044039;155 602 449;B01;1;10;0;2;4;2;1;
202300044039;155 602 450;C01;1;10;0;2;4;2;1;
202300044040;155 602 444;B01;1;7;0;2;5;17;0;
202300044040;155 602 447;A01;1;50;0;2;3;15;3;
202300044041;155 602 442;B01;2;7;0;2;1;1;2;
202300044041;155 602 443;C01;1;7;0;2;6;1;2;
202300044041;155 602 446;A01;2;7;0;2;1;13;3;
202300044042;155 602 440;A01;1;33;0;0;3;26;1;
202300044043;155 602 436;A01;1;7;0;2;1;13;1;
202300044043;155 602 441;B01;2;7;0;2;1;1;1;
202300044044;155 602 437;B01;1;1;0;2;2;1;5;
202300044044;155 602 439;A01;2;7;0;9;3;19;1;
202300044045;155 602 438;A01;1;7;0;1;1;16;1;
202300044046;155 602 435;A01;2;10;13;0;2;14;1;
202300044047;155 602 434;A01;2;7;13;0;2;1;1;
202300044048;155 602 432;A01;1;1;0;1;0;1;5;
202300044049;155 602 429;A01;1;33;0;2;1;2;1;
202300044049;155 602 431;B01;1;7;0;2;5;1;1;
202300044050;155 602 430;B01;2;7;0;2;1;1;1;
202300044050;155 602 433;A01;1;7;0;2;7;15;1;
202300044051;155 602 426;A01;3;10;0;2;2;15;1;
202300044051;155 602 428;B01;2;2;0;2;1;1;1;
202300044052;155 602 425;A01;1;10;0;0;4;15;1;
202300044052;155 602 427;B01;1;7;0;2;1;1;1;
202300044053;155 602 421;B01;1;50;0;2;1;0;3;
202300044053;155 602 424;A01;1;7;0;2;6;0;1;
202300044054;155 602 420;A01;1;30;0;1;1;2;3;
202300044055;155 602 419;C01;2;7;0;2;8;1;2;
202300044055;155 602 422;B01;2;7;0;2;5;1;1;
202300044055;155 602 423;A01;2;33;0;2;9;3;1;
202300044056;155 602 418;A01;1;7;0;1;2;1;0;
202300044057;155 602 416;A01;1;31;0;0;8;21;1;
202300044058;155 602 413;A01;2;60;9;2;2;5;5;
202300044058;155 602 417;B01;1;7;0;2;1;1;1;
202300044059;155 602 412;A01;2;2;0;2;1;6;1;
202300044059;155 602 414;B01;1;10;0;2;3;14;1;
202300044060;155 602 408;A01;2;33;12;0;0;1;1;
202300044061;155 602 407;A01;2;31;3;0;8;15;1;
202300044062;155 602 410;A01;1;50;0;0;0;1;3;
202300044063;155 602 409;A01;2;80;0;2;1;1;3;
202300044063;155 602 411;B01;2;7;0;2;2;14;1;
202300044064;155 602 403;A01;1;40;0;1;2;1;3;
202300044065;155 602 404;A01;2;32;0;2;1;3;1;
202300044065;155 602 406;B01;2;7;0;2;5;23;1;
202300044066;155 602 402;A01;2;7;0;0;9;0;1;
202300044067;155 602 401;A01;2;80;0;2;1;1;3;
202300044067;155 602 405;B01;1;7;0;2;3;15;3;
202300044068;155 602 398;A01;1;7;0;2;3;17;0;
202300044068;155 602 400;B01;2;7;0;2;3;0;1;
202300044069;155 602 395;A01;1;7;0;2;3;13;1;
202300044069;155 602 399;B01;2;7;0;2;3;1;1;
202300044070;155 602 394;A01;2;30;0;2;1;1;1;
202300044070;155 602 397;B01;1;7;0;2;2;0;1;
202300044071;155 602 393;A01;3;32;0;2;4;2;3;
202300044071;155 602 396;B01;3;7;0;2;4;23;1;
202300044072;155 602 391;A01;1;7;0;1;1;1;0;
202300044073;155 602 389;A01;3;7;0;1;2;1;1;
202300044074;155 602 388;A01;1;50;0;2;1;1;3;
202300044074;155 602 390;B01;1;7;0;2;3;15;2;
202300044075;155 602 387;B01;1;7;0;2;7;1;1;
202300044075;155 602 392;A01;1;7;9;2;1;19;1;
202300044076;155 602 384;B01;1;2;0;2;1;1;1;
202300044076;155 602 385;A01;1;10;0;2;3;9;1;
202300044077;155 602 383;A01;1;33;0;1;1;17;1;
202300044078;155 602 381;C01;1;10;0;2;4;1;1;
202300044078;155 602 382;B01;1;7;0;2;4;1;1;
202300044078;155 602 386;A01;1;10;0;2;1;1;1;
202300044079;155 602 376;C01;0;7;0;2;8;0;1;
202300044079;155 602 379;B01;0;7;0;2;3;2;1;
202300044080;155 602 378;A01;1;7;5;1;1;26;1;
202300044081;155 602 375;A01;1;7;0;2;1;13;1;
202300044081;155 602 380;B01;2;33;0;2;1;1;1;
202300044082;155 602 374;B01;2;37;0;2;3;18;1;2
202300044082;155 602 377;A01;2;7;0;2;7;17;1;
202300044083;155 602 371;A01;2;2;0;2;1;1;1;
202300044083;155 602 373;B01;3;1;0;2;8;1;5;
202300044084;155 602 370;A01;1;7;0;2;6;11;1;
202300044084;155 602 372;B01;1;34;0;2;7;1;1;
202300044085;155 602 366;A01;1;33;0;2;1;2;1;
202300044085;155 602 368;B01;1;31;0;2;4;2;1;
202300044086;155 602 364;A01;1;30;0;0;8;1;1;
202300044087;155 602 363;A01;0;33;13;0;1;1;1;
202300044088;155 602 362;A01;1;7;0;2;7;15;1;
202300044088;155 602 365;B01;2;31;0;2;1;1;1;
202300044089;155 602 359;A01;1;7;0;2;8;1;1;
202300044089;155 602 361;B01;1;50;0;2;8;0;3;
202300044090;155 602 356;A01;1;7;0;2;1;2;1;
202300044090;155 602 360;B01;1;10;0;2;4;2;1;
202300044091;155 602 355;A01;1;7;0;2;3;13;1;
202300044091;155 602 358;B01;2;33;0;2;1;1;1;
202300044092;155 602 354;A01;2;7;0;2;2;1;3;
202300044092;155 602 357;B01;1;34;0;2;1;0;1;
202300044093;155 602 352;A01;3;7;0;1;2;19;1;
202300044094;155 602 349;B01;2;33;0;2;8;1;1;
202300044094;155 602 353;A01;1;7;0;2;3;0;1;
202300044095;155 602 348;B01;2;7;0;2;1;1;1;
202300044095;155 602 351;A01;1;7;0;2;1;1;1;
202300044096;155 602 347;B01;3;1;0;2;8;1;5;
202300044096;155 602 350;A01;1;7;0;2;1;18;1;
202300044097;155 602 345;A01;1;50;0;0;0;1;3;
202300044098;155 602 343;A01;1;7;0;2;6;16;1;
202300044098;155 602 346;B01;2;32;0;2;1;1;1;