Num_Acc;id_vehicule;num_veh;senc;catv;obs;obsm;choc;manv;motor;occutc
202300044099;155 602 340;A01;3;7;0;0;4;0;1;
202300044099;155 602 342;B01;2;1;0;2;1;2;5;
202300044100;155 602 339;A01;1;7;0;1;2;1;1;
202300044101;155 602 335;B01;3;7;0;2;2;0;1;
202300044101;155 602 338;A01;3;30;0;2;1;3;1;
202300044102;155 602 334;B01;1;21;0;2;2;1;0;
202300044102;155 602 337;A01;2;2;0;2;1;17;1;
202300044103;155 602 331;A01;3;34;0;2;1;1;1;
202300044103;155 602 336;B01;3;7;0;0;0;0;0;
202300044104;155 602 328;B01;2;7;0;2;4;1;1;
202300044104;155 602 332;A01;2;7;0;2;1;1;1;
202300044104;155 602 333;C01;2;7;0;2;4;1;1;
202300044105;155 602 324;C01;1;7;0;2;1;1;1;
202300044105;155 602 326;A01;1;7;0;2;4;1;1;
202300044105;155 602 329;B01;1;7;0;2;4;1;1;
202300044106;155 602 322;B01;0;33;1;2;5;1;1;
202300044106;155 602 325;A01;0;7;0;2;2;11;1;
202300044107;155 602 321;B01;1;7;0;2;1;1;1;
202300044107;155 602 323;A01;2;7;0;2;3;15;1;
202300044108;155 602 318;A01;1;7;0;2;8;11;3;
202300044108;155 602 320;B01;1;43;0;2;7;1;1;
202300044109;155 602 317;A01;3;7;0;1;1;1;1;
202300044110;155 602 314;B01;3;7;0;2;1;5;1;
202300044110;155 602 316;A01;3;10;0;2;1;1;1;
202300044111;155 602 315;A01;3;7;1;1;1;1;0;
202300044112;155 602 312;A01;1;7;0;2;4;1;2;
202300044112;155 602 313;B01;1;7;0;2;1;2;1;
202300044113;155 602 308;B01;1;7;0;2;2;19;1;
202300044113;155 602 310;A01;2;33;0;2;1;13;1;
202300044114;155 602 307;B01;2;7;0;2;5;1;1;
202300044114;155 602 309;A01;2;33;0;2;8;3;1;
202300044115;155 602 306;A01;1;7;0;2;1;16;1;
202300044115;155 602 311;B01;1;50;0;2;0;16;3;
202300044116;155 602 304;A01;2;7;0;2;4;1;3;
202300044116;155 602 305;B01;2;7;0;2;1;2;1;
202300044117;155 602 302;A01;2;7;0;2;1;26;1;
202300044117;155 602 303;B01;2;34;0;2;4;26;1;
202300044118;155 602 301;A01;3;10;0;1;3;15;1;
202300044119;155 602 297;A01;2;33;0;2;1;2;1;
202300044119;155 602 300;B01;2;7;0;2;4;1;1;
202300044120;155 602 298;A01;1;7;0;2;3;16;1;
202300044120;155 602 299;B01;1;10;0;2;2;16;1;
202300044121;155 602 294;A01;1;7;3;0;1;14;1;
202300044122;155 602 295;A01;1;7;0;1;1;1;1;
202300044123;155 602 292;A01;3;30;0;2;3;1;1;
202300044123;155 602 293;B01;3;32;0;2;3;1;3;
202300044124;155 602 286;A01;2;7;0;2;1;1;1;
202300044124;155 602 289;B01;2;7;0;2;4;1;0;
202300044125;155 602 285;B01;1;7;0;2;8;1;1;
202300044125;155 602 290;A01;2;30;0;2;1;9;1;
202300044126;155 602 284;A01;3;7;0;2;3;15;1;
202300044126;155 602 288;B01;3;31;0;2;1;1;1;
202300044127;155 602 282;A01;1;7;0;1;2;1;1;
202300044128;155 602 280;A01;3;1;0;0;1;1;5;
202300044129;155 602 279;C01;1;15;0;2;4;23;1;
202300044129;155 602 281;A01;1;7;0;2;1;2;2;
202300044129;155 602 283;B01;1;10;0;2;4;2;1;
202300044130;155 602 278;A01;1;7;0;1;2;1;1;
202300044131;155 602 275;A01;2;7;0;2;1;2;1;
202300044131;155 602 277;B01;2;7;0;2;4;2;3;
202300044132;155 602 273;A01;3;7;0;1;2;13;0;
202300044133;155 602 271;A01;3;7;1;0;1;1;1;
202300044133;155 602 274;B01;3;31;1;0;4;23;1;
202300044133;155 602 276;C01;3;7;0;2;4;23;1;
202300044134;155 602 272;A01;2;7;2;0;1;1;1;
202300044135;155 602 268;Z01;0;50;0;1;1;25;3;
202300044136;155 602 267;A01;2;38;3;2;1;9;1;1
202300044136;155 602 269;B01;2;7;3;2;4;0;1;
202300044137;155 602 266;A01;2;7;0;2;1;15;1;
202300044137;155 602 270;B01;2;1;0;2;7;15;5;
202300044138;155 602 263;B01;1;7;0;2;2;0;1;
202300044138;155 602 265;A01;2;33;0;2;1;1;1;
202300044139;155 602 260;A01;3;7;0;2;3;9;1;
202300044139;155 602 264;B01;3;30;0;2;2;2;1;
202300044140;155 602 258;A01;1;10;0;2;1;2;1;
202300044140;155 602 261;B01;1;7;0;2;4;2;1;
202300044141;155 602 259;A01;2;7;0;2;3;13;1;
202300044141;155 602 262;B01;1;7;0;2;3;1;1;
202300044142;155 602 254;A01;1;7;4;0;2;1;1;
202300044143;155 602 255;A01;1;30;0;0;0;1;1;
202300044144;155 602 253;B01;0;7;0;2;8;15;1;
202300044144;155 602 257;A01;0;2;0;2;1;17;1;
202300044145;155 602 250;A01;3;7;14;0;1;1;1;
202300044146;155 602 247;A01;2;33;0;2;2;3;1;
202300044146;155 602 251;B01;2;7;0;2;0;0;1;
202300044147;155 602 244;A01;1;7;0;2;8;2;1;
202300044147;155 602 248;B01;1;31;0;2;2;2;1;
202300044148;155 602 243;A01;2;1;12;0;4;2;5;
202300044148;155 602 246;B01;2;7;0;9;2;2;1;
202300044149;155 602 242;A01;1;7;2;1;2;18;1;
202300044150;155 602 240;A01;3;33;0;0;0;1;1;
202300044151;155 602 239;A01;2;7;0;1;1;1;1;
202300044152;155 602 241;A01;1;7;0;1;1;9;1;
202300044153;155 602 235;A01;1;10;13;0;1;1;1;
202300044154;155 602 234;A01;1;7;0;2;1;13;1;
202300044154;155 602 238;B01;2;33;0;2;1;1;1;
202300044155;155 602 233;A01;1;50;0;2;0;19;3;
202300044155;155 602 237;B01;1;7;0;2;0;1;1;
202300044156;155 602 232;B01;1;38;0;2;3;1;1;1
202300044156;155 602 236;A01;2;7;4;2;2;12;1;
202300044157;155 602 230;A01;2;10;13;0;3;17;1;
202300044158;155 602 227;A01;3;7;0;2;1;9;1;
202300044158;155 602 231;B01;2;1;0;2;7;1;5;
202300044159;155 602 226;A01;1;7;0;2;1;13;1;
202300044159;155 602 228;B01;2;7;0;2;1;1;1;
202300044160;155 602 225;A01;1;7;0;2;2;1;1;
202300044160;155 602 229;B01;3;1;0;2;6;1;5;
202300044161;155 602 223;A01;2;33;0;2;1;17;1;
202300044161;155 602 224;B01;1;7;0;2;6;15;3;
202300044162;155 602 220;B01;0;7;0;2;4;23;1;
202300044162;155 602 222;A01;0;7;0;2;1;1;1;
202300044163;155 602 221;A01;1;30;0;0;2;1;1;
202300044164;155 602 215;A01;1;7;0;2;3;19;1;
202300044164;155 602 218;B01;2;7;8;2;1;1;1;
202300044165;155 602 217;B01;1;33;5;2;0;0;1;
202300044165;155 602 219;A01;1;15;0;2;7;9;1;
202300044166;155 602 213;A01;2;33;0;0;1;1;1;
202300044166;155 602 214;B01;2;7;0;2;8;13;-1;
202300044167;155 602 208;A01;2;7;0;2;3;13;1;
202300044167;155 602 210;B01;1;15;0;2;8;1;1;
202300044167;155 602 212;C01;1;10;0;2;3;1;1;
202300044168;155 602 206;B01;3;50;0;2;8;25;3;
202300044168;155 602 209;A01;1;7;0;9;1;9;1;
202300044169;155 602 211;B01;2;31;0;2;1;15;1;
202300044169;155 602 216;A01;1;7;0;2;8;1;1;
202300044170;155 602 205;B01;2;7;0;2;2;1;1;
202300044170;155 602 207;A01;2;7;0;2;3;11;1;
202300044171;155 602 204;A01;2;7;16;0;9;0;6;
202300044172;155 602 199;B01;3;7;0;2;2;0;1;
202300044172;155 602 203;A01;1;34;0;2;3;1;1;
202300044173;155 602 200;B01;2;1;0;2;8;1;5;
202300044173;155 602 202;A01;1;7;0;2;1;16;1;
202300044174;155 602 198;A01;1;7;0;1;2;1;1;
202300044175;155 602 201;A01;3;7;15;0;3;19;1;
202300044176;155 602 195;A01;2;7;0;0;4;23;1;
202300044176;155 602 197;B01;2;7;0;2;1;2;1;
202300044177;155 602 193;Z01;1;7;0;1;1;0;0;
202300044178;155 602 192;A01;2;7;0;2;5;16;1;
202300044178;155 602 194;B01;2;2;0;2;1;1;1;
202300044179;155 602 191;A01;3;7;0;2;3;19;1;
202300044179;155 602 196;B01;0;33;0;2;1;1;1;
202300044180;155 602 190;A01;1;7;0;1;3;1;2;
202300044181;155 602 185;B01;2;80;0;2;7;1;3;
202300044181;155 602 188;A01;2;30;0;2;1;9;3;
202300044182;155 602 186;B01;1;7;0;2;5;1;1;
202300044182;155 602 189;A01;1;7;0;2;3;2;1;
202300044183;155 602 187;A01;2;7;0;1;5;26;1;
202300044184;155 602 183;A01;2;7;0;2;1;13;0;
202300044184;155 602 184;B01;1;7;0;2;1;1;0;
202300044185;155 602 182;A01;3;7;0;1;4;4;1;
202300044186;155 602 178;A01;1;33;8;0;2;14;1;
202300044187;155 602 177;A01;2;7;0;2;1;1;1;
202300044187;155 602 180;B01;2;15;0;2;4;12;1;
202300044188;155 602 174;B01;2;7;0;2;1;1;1;
202300044188;155 602 179;A01;2;7;0;2;7;19;1;
202300044189;155 602 172;A01;1;30;12;0;7;1;1;
202300044190;155 602 171;B01;1;31;0;2;1;5;1;
202300044190;155 602 173;A01;2;7;0;2;1;1;1;
202300044191;155 602 169;A01;2;7;0;1;1;20;1;
202300044192;155 602 166;A01;0;7;0;0;2;16;1;
202300044193;155 602 165;B01;1;7;0;0;6;23;1;
202300044193;155 602 167;A01;1;7;1;2;2;21;1;
202300044194;155 602 164;A01;2;7;1;0;1;15;1;
202300044195;155 602 162;A01;0;7;0;1;4;26;1;
202300044196;155 602 159;A01;2;7;0;2;6;26;1;
202300044196;155 602 161;B01;2;31;0;2;1;2;1;
202300044197;155 602 157;A01;1;7;2;0;1;1;1;
202300044198;155 602 156;A01;0;1;0;2;0;0;5;
202300044199;155 602 155;B01;2;7;0;2;3;1;1;
202300044199;155 602 158;A01;1;7;0;2;3;26;1;
202300044200;155 602 153;A01;1;10;1;0;1;2;0;
202300044200;155 602 154;B01;1;10;0;2;4;24;0;
202300044201;155 602 149;A01;1;7;0;2;3;1;1;
202300044201;155 602 152;B01;1;50;0;2;2;0;3;
202300044202;155 602 148;A01;2;7;0;2;3;17;1;
202300044202;155 602 151;B01;1;7;0;2;1;1;1;
202300044203;155 602 147;A01;3;7;0;2;7;19;1;
202300044203;155 602 150;B01;3;7;0;2;1;1;1;
202300044204;155 602 144;B01;2;7;0;2;5;2;1;
202300044204;155 602 146;A01;2;7;0;2;2;2;3;
202300044205;155 602 142;A01;2;7;0;2;1;13;1;
202300044205;155 602 143;B01;1;7;0;2;1;1;1;
202300044206;155 602 141;A01;1;50;0;2;1;0;3;
202300044206;155 602 145;B01;1;7;0;2;2;1;1;
202300044207;155 602 139;A01;3;33;5;0;1;2;1;
202300044208;155 602 140;A01;2;30;0;1;8;1;1;
202300044209;155 602 136;B01;1;7;0;2;1;2;1;
202300044209;155 602 138;A01;2;7;0;2;1;11;1;
202300044210;155 602 134;A01;2;7;0;2;2;14;1;
202300044210;155 602 137;B01;1;31;0;2;8;1;1;
202300044211;155 602 133;B01;3;1;0;2;2;1;5;
202300044211;155 602 135;A01;3;7;0;9;3;9;0;
202300044212;155 602 131;A01;1;15;2;0;3;13;1;
202300044213;155 602 132;A01;2;7;0;1;1;26;1;
202300044214;155 602 129;A01;2;7;0;1;2;1;0;
202300044215;155 602 127;B01;2;7;0;2;3;13;1;
202300044215;155 602 130;A01;1;7;0;2;3;1;1;
202300044216;155 602 124;A01;2;7;13;0;0;1;1;
202300044217;155 602 125;A01;2;7;0;1;1;14;1;
202300044218;155 602 126;A01;1;31;0;2;1;18;1;
202300044218;155 602 128;B01;2;7;0;2;7;15;1;
202300044219;155 602 123;A01;2;7;0;1;2;1;0;
202300044220;155 602 120;A01;0;13;2;0;4;20;0;
202300044221;155 602 118;B01;2;7;16;2;1;1;1;
202300044221;155 602 122;A01;1;7;0;2;3;16;1;
202300044222;155 602 117;B01;0;99;0;2;3;0;0;
202300044222;155 602 121;A01;0;10;0;2;1;1;1;
202300044223;155 602 116;A01;3;10;0;2;1;1;1;
202300044223;155 602 119;B01;3;32;0;2;1;0;0;
202300044224;155 602 111;A01;1;10;0;2;3;1;1;
202300044224;155 602 114;B01;1;7;13;0;8;15;1;
202300044225;155 602 110;A01;1;7;1;1;3;16;1;
202300044226;155 602 108;A01;3;33;0;2;2;0;1;
202300044226;155 602 113;B01;3;7;0;2;6;1;1;
202300044227;155 602 109;A01;2;7;0;2;4;2;1;
202300044227;155 602 112;B01;2;7;0;2;4;1;1;
202300044227;155 602 115;C01;2;7;0;2;1;2;1;
202300044228;155 602 105;B01;1;7;0;2;1;1;1;
202300044228;155 602 107;A01;2;7;0;2;1;1;1;
202300044229;155 602 103;A01;1;10;0;2;4;4;3;
202300044229;155 602 106;B01;2;1;0;2;1;1;5;
202300044230;155 602 102;A01;1;7;4;0;1;26;1;
202300044231;155 602 101;A01;2;7;13;0;9;1;2;
202300044232;155 602 099;A01;1;30;0;2;1;15;1;
202300044232;155 602 100;B01;2;7;0;2;1;1;1;
202300044233;155 602 097;A01;2;10;0;9;1;17;1;
202300044233;155 602 098;B01;1;50;0;2;1;1;3;
202300044234;155 602 095;A01;1;38;6;0;3;1;1;3
202300044235;155 602 094;A01;2;7;0;2;1;13;1;
202300044235;155 602 096;B01;1;7;0;2;1;1;1;
202300044236;155 602 091;A01;2;7;2;0;3;1;1;
202300044237;155 602 090;A01;0;32;0;2;1;9;1;
202300044237;155 602 093;B01;0;7;0;2;6;1;1;
202300044238;155 602 088;B01;0;1;0;2;1;19;5;
202300044238;155 602 092;A01;0;7;0;2;3;1;1;
202300044239;155 602 086;A01;2;13;0;2;3;1;1;
202300044239;155 602 087;C01;1;7;0;2;8;1;1;
202300044239;155 602 089;B01;2;7;0;2;5;15;1;
202300044240;155 602 082;A01;2;7;0;2;3;13;1;
202300044240;155 602 085;B01;1;7;0;2;3;13;1;
202300044241;155 602 081;B01;2;60;0;2;1;1;5;
202300044241;155 602 084;A01;1;7;0;9;3;15;0;
202300044242;155 602 079;C01;1;7;0;2;4;0;1;
202300044242;155 602 080;B01;1;7;0;2;4;0;1;
202300044242;155 602 083;A01;1;10;0;2;1;26;1;
202300044243;155 602 073;B01;0;7;0;2;3;15;1;
202300044243;155 602 077;A01;0;33;0;2;1;17;1;
202300044244;155 602 075;B01;2;7;0;2;0;1;1;
202300044244;155 602 078;A01;1;30;0;2;1;1;1;
202300044245;155 602 072;A01;1;7;2;0;3;1;1;
202300044246;155 602 071;C01;2;7;0;2;8;0;1;
202300044246;155 602 074;A01;1;7;0;2;8;13;1;
202300044246;155 602 076;B01;2;7;0;2;8;21;1;
202300044247;155 602 063;A01;1;15;0;2;6;1;0;
202300044247;155 602 066;B01;1;7;0;2;1;17;0;
202300044247;155 602 070;C01;1;7;0;2;2;1;0;
202300044248;155 602 061;B01;1;7;0;2;0;9;1;
202300044248;155 602 068;A01;1;31;0;2;1;9;1;
202300044249;155 602 064;B01;1;7;0;2;6;15;1;
202300044249;155 602 069;A01;1;31;0;2;1;17;1;
202300044250;155 602 060;A01;1;7;0;2;3;17;0;
202300044250;155 602 062;D01;2;7;0;9;3;1;0;
202300044250;155 602 065;B01;2;7;0;2;3;1;0;
202300044250;155 602 067;C01;1;10;0;2;8;1;1;
202300044251;155 602 057;A01;1;7;0;1;1;16;1;
202300044252;155 602 056;A01;0;7;0;2;0;26;1;
202300044252;155 602 059;B01;0;7;0;2;0;0;1;
202300044253;155 602 055;A01;2;7;0;2;2;1;1;
202300044253;155 602 058;B01;1;7;0;2;3;13;1;
202300044254;155 602 054;A01;3;7;0;1;1;1;1;
202300044255;155 602 053;A01;2;7;0;0;9;14;1;
202300044256;155 602 052;A01;2;7;0;0;2;1;1;
202300044257;155 602 051;A01;3;7;0;1;0;0;1;
202300044258;155 602 050;Z01;2;7;0;1;8;1;1;
202300044259;155 602 045;A01;2;7;13;0;8;16;0;
202300044260;155 602 046;A01;3;10;0;2;1;13;1;
202300044260;155 602 049;B01;3;7;0;2;1;1;1;
202300044261;155 602 048;A01;1;33;15;0;1;0;0;
202300044262;155 602 044;B01;1;1;0;2;7;14;5;
202300044262;155 602 047;A01;1;7;0;2;3;0;1;
202300044263;155 602 039;A01;1;7;0;1;1;11;1;
202300044264;155 602 038;A01;3;10;0;2;3;1;0;
202300044264;155 602 041;B01;3;10;0;2;5;15;0;
202300044265;155 602 037;B01;1;7;0;2;6;9;1;
202300044265;155 602 040;A01;1;7;0;2;2;1;1;
202300044266;155 602 036;A01;1;7;4;0;3;1;1;
202300044267;155 602 033;A01;1;7;0;2;1;2;1;
202300044267;155 602 035;B01;1;7;0;2;4;2;3;
202300044268;155 602 032;A01;1;10;4;0;1;1;1;
202300044269;155 602 030;A01;1;7;0;1;1;1;0;
202300044270;155 602 031;A01;1;7;0;2;1;10;1;
202300044270;155 602 034;B01;1;7;0;2;2;1;1;
202300044271;155 602 028;A01;1;33;0;0;8;1;1;
202300044272;155 602 023;A01;1;33;0;0;8;1;1;
202300044273;155 602 021;A01;1;7;0;2;4;2;3;
202300044273;155 602 024;C01;1;7;0;2;1;2;1;
202300044273;155 602 026;B01;1;7;0;2;1;0;4;
202300044273;155 602 029;D01;1;7;0;2;0;9;1;
202300044274;155 602 018;A01;1;7;0;2;1;2;1;
202300044274;155 602 020;B01;1;7;0;2;4;2;3;
202300044275;155 602 019;B01;3;7;0;2;8;9;1;
202300044275;155 602 022;A01;3;7;0;2;1;9;1;
202300044275;155 602 025;C01;3;7;0;2;3;23;1;
202300044276;155 602 017;A01;3;10;0;1;3;1;1;
202300044277;155 602 015;A01;2;31;0;9;1;14;1;
202300044278;155 602 013;A01;1;7;0;1;7;1;1;
202300044279;155 602 011;B01;1;14;0;2;1;21;1;
202300044279;155 602 012;A01;1;7;3;2;1;9;1;
202300044280;155 602 009;A01;1;10;0;2;3;15;1;
202300044280;155 602 010;B01;1;32;0;2;2;17;1;
202300044281;155 602 006;A01;2;50;0;0;0;0;3;
202300044282;155 602 005;A01;2;1;0;2;1;1;5;
202300044282;155 602 008;B01;3;7;0;2;3;1;1;
202300044283;155 602 000;A01;2;7;1;0;3;13;0;
202300044283;155 602 003;C01;1;80;0;2;3;1;3;
202300044284;155 601 999;A01;2;7;3;2;2;0;1;
202300044284;155 602 002;B01;2;7;0;0;3;1;1;
202300044285;155 602 001;B01;2;7;0;2;3;0;1;
202300044285;155 602 004;A01;2;32;0;2;3;5;1;
202300044285;155 602 007;C01;2;10;0;2;8;1;1;
202300044286;155 601 998;Z01;1;0;0;1;1;1;0;
202300044287;155 601 994;A01;1;30;0;2;8;13;1;
202300044287;155 601 996;B01;1;33;0;2;7;17;1;
202300044288;155 601 997;A01;1;10;0;1;1;15;1;
202300044289;155 601 991;A01;2;10;0;2;3;17;1;
202300044289;155 601 993;B01;2;34;0;2;1;1;1;
202300044290;155 601 992;A01;1;7;0;2;3;1;1;
202300044290;155 601 995;B01;1;7;0;2;5;11;1;
202300044291;155 601 988;A01;3;7;0;2;2;15;1;
202300044291;155 601 990;B01;3;33;0;2;1;1;1;
202300044292;155 601 986;A01;3;7;0;1;1;15;0;
202300044293;155 601 989;Z01;1;7;0;1;1;2;1;
202300044294;155 601 982;A01;1;10;0;1;2;1;1;
202300044295;155 601 981;A01;1;33;0;2;1;17;1;
202300044295;155 601 984;B01;1;7;0;2;1;1;1;
202300044296;155 601 980;B01;1;7;0;2;1;16;2;
202300044296;155 601 983;A01;1;1;0;2;1;2;5;
202300044297;155 601 979;A01;1;7;0;1;2;1;1;
202300044298;155 601 978;A01;2;7;13;0;0;2;1;
202300044299;155 601 977;A01;1;7;0;1;2;10;1;
202300044300;155 601 973;B01;2;7;0;2;0;1;1;
202300044300;155 601 975;A01;1;30;0;2;1;13;1;
202300044301;155 601 972;A01;1;7;1;0;2;14;1;
202300044302;155 601 971;A01;2;7;0;2;5;15;1;
202300044302;155 601 974;B01;1;7;0;2;2;1;1;
202300044303;155 601 966;A01;1;7;0;2;3;9;1;
202300044303;155 601 969;B01;1;33;0;2;6;1;1;
202300044304;155 601 965;A01;3;7;0;2;2;17;1;
202300044304;155 601 968;B01;0;10;0;2;3;15;1;
202300044305;155 601 964;B01;2;10;0;2;8;22;1;
202300044305;155 601 967;A01;2;80;1;0;2;1;3;
202300044306;155 601 962;A01;2;7;0;1;1;15;1;
202300044307;155 601 961;A01;2;30;0;2;1;1;6;
202300044307;155 601 963;B01;1;7;0;2;1;15;6;
202300044308;155 601 959;A01;2;7;0;2;3;15;1;
202300044308;155 601 960;B01;1;34;0;2;1;1;1;
202300044309;155 601 957;A01;1;2;0;2;1;1;1;
202300044309;155 601 958;B01;1;7;0;2;3;20;1;
202300044310;155 601 954;A01;1;7;0;0;0;0;1;
202300044310;155 601 956;B01;2;17;0;2;3;1;1;
202300044311;155 601 953;B01;2;2;0;2;2;2;1;
202300044311;155 601 955;A01;2;7;0;2;3;2;2;
202300044312;155 601 952;A01;1;7;0;0;9;1;1;
202300044313;155 601 949;A01;0;14;0;0;4;23;1;
202300044313;155 601 951;B01;0;10;0;2;1;2;1;
202300044314;155 601 950;A01;1;7;0;1;3;1;1;
202300044315;155 601 946;A01;1;10;0;2;6;11;1;
202300044315;155 601 948;B01;1;33;0;2;1;1;1;
202300044316;155 601 945;A01;3;7;0;1;3;15;0;
202300044317;155 601 944;A01;1;15;0;2;7;12;1;
202300044317;155 601 947;B01;1;7;0;2;8;1;1;
202300044318;155 601 941;B01;3;7;0;2;3;9;1;
202300044318;155 601 942;A01;3;7;1;2;2;1;1;
202300044319;155 601 938;A01;2;14;0;2;0;1;1;
202300044319;155 601 940;B01;2;7;0;2;0;1;1;
202300044319;155 601 943;C01;2;7;0;2;1;1;1;
202300044320;155 601 935;A01;1;7;0;1;2;1;1;
202300044321;155 601 932;B01;2;7;0;2;4;2;1;
202300044321;155 601 934;D01;2;10;0;2;4;23;1;
202300044321;155 601 936;A01;2;7;0;2;1;2;1;
202300044321;155 601 937;C01;2;7;0;2;4;2;1;
202300044321;155 601 939;E01;2;7;0;2;4;23;1;
202300044322;155 601 928;A01;2;33;0;2;1;3;1;
202300044322;155 601 930;B01;2;7;0;2;6;11;1;
202300044323;155 601 931;A01;1;7;0;2;4;1;1;
202300044323;155 601 933;B01;1;32;0;2;1;3;1;
202300044324;155 601 929;A01;2;50;12;0;0;1;3;
202300044325;155 601 923;B01;2;7;0;1;6;1;1;
202300044325;155 601 927;A01;1;7;0;2;1;1;1;
202300044326;155 601 924;A01;1;33;0;2;1;2;1;
202300044326;155 601 926;B01;1;7;0;2;4;2;1;
202300044327;155 601 922;A01;1;7;0;2;3;15;1;
202300044327;155 601 925;B01;2;7;0;2;2;1;1;
202300044328;155 601 920;A01;2;80;0;1;1;1;3;
202300044329;155 601 919;A01;2;10;0;1;1;1;1;
202300044330;155 601 915;C01;1;10;0;2;4;2;1;
202300044330;155 601 918;A01;1;7;0;2;1;2;1;
202300044330;155 601 921;B01;1;7;0;2;4;2;1;
202300044331;155 601 916;A01;2;33;0;2;1;1;1;
202300044331;155 601 917;B01;2;33;0;0;4;14;1;
202300044332;155 601 913;B01;3;99;0;2;1;1;3;
202300044332;155 601 914;A01;3;7;0;9;2;1;1;
202300044333;155 601 910;A01;2;50;0;1;1;1;3;
202300044334;155 601 909;A01;2;31;0;0;8;1;1;
202300044335;155 601 908;A01;2;10;0;2;1;2;1;
202300044335;155 601 911;B01;2;10;0;2;4;2;1;
202300044335;155 601 912;C01;2;7;0;2;4;2;1;
202300044336;155 601 907;A01;1;7;0;1;1;15;1;
202300044337;155 601 906;A01;1;7;1;1;3;13;0;
202300044338;155 601 901;A01;2;7;0;2;3;11;1;
202300044338;155 601 904;B01;2;32;0;2;7;3;1;
202300044338;155 601 905;C01;2;7;0;2;4;2;1;
202300044339;155 601 900;A01;1;33;0;2;8;1;6;
202300044339;155 601 903;B01;1;7;0;2;1;15;1;
202300044340;155 601 899;B01;1;99;0;2;8;26;5;
202300044340;155 601 902;A01;1;7;0;2;1;16;1;
202300044341;155 601 898;A01;1;1;0;1;1;2;5;
202300044342;155 601 897;A01;1;7;0;0;1;14;1;
202300044343;155 601 896;A01;1;50;0;1;8;1;3;
202300044344;155 601 894;A01;1;32;5;0;3;15;1;
202300044345;155 601 891;A01;2;30;0;2;1;15;3;
202300044345;155 601 892;B01;2;7;0;2;4;15;1;
202300044346;155 601 893;A01;2;33;0;2;1;3;0;
202300044346;155 601 895;B01;2;7;0;2;8;11;0;
202300044347;155 601 889;A01;1;50;0;0;1;1;3;
202300044348;155 601 888;A01;2;30;0;2;1;2;0;
202300044348;155 601 890;B01;2;7;0;2;5;1;0;
202300044349;155 601 886;A01;1;7;0;2;1;2;1;
202300044349;155 601 887;B01;1;10;0;2;4;2;1;
202300044350;155 601 883;B01;2;7;0;2;3;15;1;
202300044350;155 601 885;A01;2;43;0;2;1;17;1;
202300044351;155 601 882;B01;1;34;0;2;7;12;0;
202300044351;155 601 884;A01;1;7;0;2;2;1;1;
202300044352;155 601 879;A01;1;7;0;2;2;2;1;
202300044352;155 601 880;B01;1;33;0;2;4;23;1;
202300044353;155 601 878;A01;1;10;0;0;3;2;1;
202300044353;155 601 881;B01;1;1;0;0;0;0;5;
202300044354;155 601 874;A01;1;31;0;2;2;3;1;
202300044354;155 601 875;B01;1;7;0;2;6;11;1;
202300044355;155 601 873;A01;1;7;6;2;1;17;1;
202300044355;155 601 877;B01;1;7;0;2;3;11;1;
202300044356;155 601 870;B01;1;7;0;2;4;1;1;
202300044356;155 601 872;C01;1;7;0;2;4;1;1;
202300044356;155 601 876;A01;1;10;0;2;2;1;1;
202300044357;155 601 868;A01;1;33;0;2;1;1;1;
202300044357;155 601 871;B01;3;7;0;2;8;16;1;
202300044358;155 601 864;A01;1;7;4;0;3;1;1;
202300044359;155 601 865;A01;1;33;0;2;0;3;1;
202300044359;155 601 866;B01;1;7;0;2;7;12;1;
202300044360;155 601 862;A01;1;50;0;1;1;1;3;
202300044361;155 601 863;B01;3;2;0;2;8;9;1;
202300044361;155 601 867;A01;1;38;0;2;1;1;1;1
202300044361;155 601 869;C01;2;7;0;2;2;2;1;
202300044362;155 601 861;A01;0;30;1;0;1;1;1;
202300044363;155 601 860;A01;3;31;0;1;0;1;0;
202300044364;155 601 857;A01;1;7;0;0;3;0;1;
202300044364;155 601 859;B01;1;33;0;0;2;1;1;
202300044365;155 601 855;A01;2;7;0;2;1;1;1;
202300044365;155 601 856;B01;2;7;0;2;4;1;1;
202300044365;155 601 858;C01;2;7;0;2;4;1;1;
202300044366;155 601 854;A01;0;33;16;0;1;1;0;
202300044367;155 601 851;A01;2;7;0;2;2;1;1;
202300044367;155 601 852;B01;2;7;0;2;1;1;1;
202300044368;155 601 849;B01;2;2;0;2;3;18;1;
202300044368;155 601 853;A01;2;7;0;2;2;16;0;
202300044369;155 601 848;A01;3;7;0;2;1;26;1;
202300044369;155 601 850;B01;0;1;0;0;8;26;5;
202300044370;155 601 845;A01;2;7;0;2;3;11;1;
202300044370;155 601 846;B01;2;31;0;2;2;3;1;
202300044370;155 601 847;C01;2;7;0;2;4;1;1;
202300044371;155 601 844;A01;1;1;0;1;1;2;5;
202300044372;155 601 840;A01;0;3;0;2;1;9;1;
202300044372;155 601 842;B01;0;13;0;2;2;1;1;
202300044373;155 601 841;B01;1;7;0;2;3;1;1;
202300044373;155 601 843;A01;2;10;0;2;3;13;1;
202300044374;155 601 838;B01;2;2;1;0;7;2;1;
202300044374;155 601 839;A01;2;7;0;2;3;0;1;
202300044375;155 601 836;A01;1;14;0;1;2;1;1;
202300044376;155 601 837;A01;2;7;6;0;2;1;1;
202300044377;155 601 835;A01;1;1;12;0;0;1;5;