Num_Acc;id_vehicule;num_veh;senc;catv;obs;obsm;choc;manv;motor;occutc
202300044378;155 601 833;A01;1;7;0;2;3;5;1;
202300044378;155 601 834;B01;1;7;0;2;3;1;1;
202300044379;155 601 831;A01;1;7;0;2;2;2;1;
202300044379;155 601 832;B01;1;2;0;0;4;2;1;
202300044380;155 601 829;A01;2;10;0;2;6;10;1;
202300044380;155 601 830;B01;2;31;0;2;2;1;1;
202300044381;155 601 827;A01;1;7;0;2;3;15;1;
202300044381;155 601 828;B01;1;32;0;2;1;18;1;
202300044382;155 601 825;A01;1;7;0;2;1;13;2;
202300044382;155 601 826;B01;2;7;0;2;3;1;1;
202300044383;155 601 823;A01;1;33;6;0;1;1;1;
202300044384;155 601 822;B01;2;33;0;2;1;1;1;
202300044384;155 601 824;A01;1;7;0;2;3;15;1;
202300044385;155 601 821;A01;1;32;5;0;1;17;1;
202300044386;155 601 818;B01;2;17;0;0;4;0;1;
202300044386;155 601 819;A01;2;10;0;2;1;0;1;
202300044387;155 601 817;A01;3;7;1;2;2;24;1;
202300044387;155 601 820;B01;3;32;1;2;2;1;1;
202300044388;155 601 816;A01;1;33;2;0;0;1;1;
202300044389;155 601 815;A01;2;7;3;0;1;13;0;
202300044390;155 601 811;B01;1;7;0;2;3;15;1;
202300044390;155 601 813;A01;2;32;0;2;1;17;1;
202300044390;155 601 814;C01;1;32;0;2;1;0;1;
202300044391;155 601 810;A01;3;33;0;2;3;1;1;
202300044391;155 601 812;B01;0;7;0;2;3;1;1;
202300044392;155 601 808;A01;2;10;0;2;2;17;1;
202300044392;155 601 809;B01;2;10;0;2;6;1;1;
202300044393;155 601 806;B01;1;33;0;2;7;3;1;
202300044393;155 601 807;A01;1;7;0;2;3;14;1;
202300044394;155 601 805;A01;1;32;2;0;1;0;1;
202300044395;155 601 803;A01;1;32;0;1;1;13;1;
202300044396;155 601 804;A01;1;7;13;0;1;26;1;
202300044397;155 601 797;A01;1;7;13;0;1;1;1;
202300044398;155 601 798;A01;1;7;0;2;1;19;0;
202300044398;155 601 801;B01;2;1;1;2;8;1;5;
202300044398;155 601 802;C01;2;7;0;2;8;23;1;
202300044399;155 601 796;B01;2;7;12;2;9;26;1;
202300044399;155 601 799;A01;2;7;0;2;2;26;1;
202300044399;155 601 800;C01;2;7;0;2;3;23;1;
202300044400;155 601 792;A01;1;7;0;2;1;0;0;
202300044400;155 601 795;B01;2;7;0;2;1;0;0;
202300044401;155 601 793;A01;1;10;13;0;3;26;1;
202300044402;155 601 791;B01;3;7;1;2;1;1;1;
202300044402;155 601 794;A01;3;7;1;2;3;1;1;
202300044403;155 601 789;A01;3;7;8;0;2;14;1;
202300044404;155 601 788;A01;3;7;0;0;2;1;0;
202300044404;155 601 790;B01;3;10;0;2;3;19;1;
202300044405;155 601 785;A01;0;33;2;0;1;15;1;
202300044406;155 601 782;A01;1;99;2;0;2;1;1;
202300044407;155 601 781;C01;1;7;0;2;6;1;1;
202300044407;155 601 783;A01;1;7;0;2;1;13;2;
202300044407;155 601 784;D01;2;7;0;2;1;1;1;
202300044407;155 601 786;E01;2;13;0;2;1;1;1;
202300044407;155 601 787;B01;1;7;0;2;7;1;1;
202300044408;155 601 777;A01;1;7;0;2;3;13;1;
202300044408;155 601 779;B01;2;7;8;2;3;0;1;
202300044409;155 601 775;A01;2;10;0;2;5;9;1;
202300044409;155 601 780;B01;2;33;0;2;1;1;1;
202300044410;155 601 774;B01;1;7;0;2;1;2;1;
202300044410;155 601 776;C01;1;7;0;2;4;2;1;
202300044410;155 601 778;A01;1;7;0;2;1;2;1;
202300044411;155 601 772;A01;1;7;0;1;1;15;1;
202300044412;155 601 771;A01;2;2;0;2;3;16;6;
202300044412;155 601 773;B01;1;10;0;2;8;15;6;
202300044413;155 601 768;A01;2;33;13;0;0;1;1;
202300044414;155 601 767;A01;1;7;0;2;8;13;1;
202300044414;155 601 770;B01;1;2;0;2;7;17;1;
202300044415;155 601 769;A01;1;15;14;0;9;1;1;
202300044416;155 601 766;A01;2;33;0;0;7;17;1;
202300044417;155 601 765;A01;1;33;0;0;0;2;1;
202300044418;155 601 761;B01;2;2;0;2;0;0;0;
202300044418;155 601 764;A01;1;7;0;2;2;0;6;
202300044419;155 601 760;A01;2;7;0;9;3;9;1;
202300044419;155 601 763;B01;1;80;0;2;2;1;3;
202300044420;155 601 759;A01;3;7;0;2;1;1;1;
202300044420;155 601 762;B01;3;7;0;2;2;1;1;
202300044421;155 601 757;A01;1;7;0;1;7;1;1;
202300044422;155 601 756;A01;1;7;2;0;3;13;1;
202300044423;155 601 755;A01;1;7;0;0;3;19;1;
202300044423;155 601 758;B01;1;10;0;2;1;1;1;
202300044424;155 601 753;B01;3;7;0;0;3;1;1;
202300044424;155 601 754;A01;3;31;0;0;3;1;1;
202300044425;155 601 752;A01;2;7;0;1;3;1;0;
202300044426;155 601 749;B01;1;1;0;2;1;1;5;
202300044426;155 601 751;A01;1;7;0;2;1;1;1;
202300044427;155 601 750;A01;2;33;13;0;1;1;1;
202300044428;155 601 747;A01;1;7;9;2;3;1;1;
202300044428;155 601 748;B01;2;7;2;2;6;1;1;
202300044429;155 601 746;A01;2;7;12;0;3;13;1;
202300044430;155 601 744;A01;1;7;2;0;1;1;1;
202300044431;155 601 741;A01;2;7;0;2;3;1;1;
202300044431;155 601 743;B01;2;7;0;2;1;2;1;
202300044431;155 601 745;C01;1;17;0;2;8;1;1;
202300044432;155 601 740;B01;2;7;0;2;4;23;1;
202300044432;155 601 742;A01;2;7;0;2;1;2;1;
202300044433;155 601 738;A01;3;7;0;1;3;0;1;
202300044434;155 601 736;A01;3;7;0;2;2;15;1;
202300044434;155 601 739;B01;1;2;0;2;1;1;1;
202300044435;155 601 737;A01;2;7;0;1;1;2;1;
202300044436;155 601 735;A01;1;7;1;0;1;1;1;
202300044437;155 601 731;A01;2;7;0;1;2;1;1;
202300044438;155 601 730;A01;1;7;13;0;1;16;1;
202300044439;155 601 732;B01;3;7;0;2;3;1;1;
202300044439;155 601 734;A01;3;7;0;2;7;16;1;
202300044440;155 601 729;A01;1;7;3;2;3;1;1;
202300044440;155 601 733;B01;1;21;0;2;6;1;1;
202300044441;155 601 726;B01;1;33;0;2;1;2;0;
202300044441;155 601 728;A01;1;7;0;2;3;1;0;
202300044442;155 601 720;B01;3;50;0;2;1;1;3;
202300044442;155 601 727;A01;1;7;0;9;2;15;1;
202300044443;155 601 721;B01;3;2;0;2;7;1;1;
202300044443;155 601 725;A01;3;7;0;2;1;9;1;
202300044444;155 601 717;A01;3;7;0;1;1;0;1;
202300044445;155 601 715;B01;1;1;0;2;8;1;5;
202300044445;155 601 718;Z01;3;10;0;2;1;1;0;
202300044446;155 601 712;B01;2;7;0;0;6;2;1;
202300044446;155 601 713;C01;2;33;0;2;7;1;1;
202300044446;155 601 716;A01;2;10;0;0;8;11;1;
202300044447;155 601 714;A01;3;7;13;0;1;1;1;
202300044448;155 601 710;B01;1;15;0;2;1;15;1;
202300044448;155 601 711;A01;2;43;0;2;1;1;1;
202300044449;155 601 707;A01;1;10;0;2;1;1;1;
202300044449;155 601 709;B01;1;1;0;2;4;1;5;
202300044450;155 601 705;A01;1;33;0;2;1;2;1;
202300044450;155 601 706;B01;1;7;0;0;6;2;1;
202300044451;155 601 701;A01;3;10;0;2;4;4;1;
202300044451;155 601 702;B01;3;1;0;2;1;1;5;
202300044452;155 601 699;A01;3;7;0;2;6;15;6;
202300044452;155 601 700;B01;3;33;0;2;1;1;0;
202300044453;155 601 698;A01;1;7;0;1;3;15;1;
202300044454;155 601 696;B01;2;1;0;2;4;2;5;
202300044454;155 601 697;A01;2;10;0;2;2;2;1;
202300044455;155 601 693;A01;2;2;2;0;2;1;1;
202300044456;155 601 694;A01;1;33;0;2;1;1;1;
202300044456;155 601 695;B01;1;7;0;2;6;1;1;
202300044457;155 601 691;A01;1;15;3;0;2;1;1;
202300044458;155 601 690;A01;2;7;1;0;1;21;1;
202300044458;155 601 692;B01;2;7;0;2;4;24;1;
202300044459;155 601 689;A01;0;1;0;0;0;1;5;
202300044460;155 601 687;A01;2;7;5;0;1;1;1;
202300044461;155 601 686;A01;0;37;0;2;3;13;1;1
202300044461;155 601 688;B01;0;7;0;2;5;1;1;
202300044462;155 601 685;A01;1;7;0;1;1;1;1;
202300044463;155 601 682;A01;1;7;0;1;3;1;1;
202300044464;155 601 681;A01;1;7;0;0;1;1;1;
202300044464;155 601 683;B01;1;7;0;2;4;23;1;
202300044465;155 601 680;B01;1;7;0;2;2;1;1;
202300044465;155 601 684;A01;1;3;0;2;7;1;3;
202300044466;155 601 679;A01;1;7;0;1;2;1;1;
202300044467;155 601 676;A01;3;7;10;2;3;13;1;
202300044467;155 601 678;B01;3;2;10;2;1;0;1;
202300044468;155 601 675;A01;1;7;0;2;3;13;1;
202300044468;155 601 677;B01;3;13;0;2;0;0;0;
202300044469;155 601 673;A01;2;7;0;1;3;1;1;
202300044470;155 601 670;A01;1;7;0;2;3;13;1;
202300044470;155 601 671;B01;2;7;0;2;3;1;1;
202300044471;155 601 668;A01;1;7;0;2;8;22;1;
202300044471;155 601 669;B01;1;1;1;0;1;21;5;
202300044472;155 601 666;A01;3;7;8;0;1;1;1;
202300044473;155 601 665;A01;1;10;0;2;3;15;1;
202300044473;155 601 667;B01;1;33;6;2;7;3;0;
202300044474;155 601 662;A01;1;7;0;1;3;2;1;
202300044475;155 601 663;A01;3;33;0;2;2;17;1;
202300044475;155 601 664;B01;3;10;0;2;3;1;3;
202300044476;155 601 660;B01;2;33;0;2;2;17;1;
202300044476;155 601 661;A01;2;10;0;0;8;15;1;
202300044477;155 601 658;A01;1;7;0;1;1;1;1;
202300044478;155 601 656;B01;2;7;0;2;4;2;1;
202300044478;155 601 659;A01;2;7;0;2;1;2;1;
202300044479;155 601 655;B01;1;7;0;2;2;1;1;
202300044479;155 601 657;A01;1;33;0;2;3;19;1;
202300044480;155 601 653;A01;0;30;0;0;8;1;1;
202300044481;155 601 652;B01;3;1;0;2;7;1;5;
202300044481;155 601 654;A01;3;80;0;2;1;1;3;
202300044482;155 601 649;A01;1;7;0;2;7;9;1;
202300044482;155 601 651;B01;1;7;0;2;1;1;1;
202300044483;155 601 648;A01;2;7;0;2;7;15;1;
202300044483;155 601 650;B01;1;2;0;2;7;1;1;
202300044484;155 601 647;B01;3;2;0;0;0;1;1;
202300044485;155 601 645;A01;1;7;0;1;1;2;1;
202300044486;155 601 644;A01;2;7;7;0;1;13;2;
202300044487;155 601 643;A01;1;7;0;2;2;1;1;
202300044487;155 601 646;B01;2;30;0;2;8;1;1;
202300044488;155 601 639;A01;2;31;0;2;1;2;1;
202300044488;155 601 642;B01;2;7;0;2;5;2;1;
202300044489;155 601 638;A01;2;17;0;0;4;11;1;
202300044489;155 601 641;B01;2;7;0;2;1;2;2;
202300044490;155 601 637;A01;2;10;0;2;3;9;3;
202300044490;155 601 640;B01;2;1;0;2;2;1;5;
202300044491;155 601 636;A01;1;33;0;0;0;0;1;
202300044492;155 601 635;A01;3;7;0;1;3;2;1;
202300044493;155 601 631;A01;0;7;0;2;1;9;1;
202300044493;155 601 633;B01;3;1;0;2;1;1;5;
202300044494;155 601 630;A01;2;7;0;2;2;15;1;
202300044494;155 601 632;B01;1;30;0;2;1;1;1;
202300044495;155 601 629;A01;1;10;14;0;1;1;0;
202300044496;155 601 627;Z01;3;7;0;1;1;1;1;
202300044497;155 601 625;A01;2;7;0;2;3;1;0;
202300044497;155 601 628;B01;2;15;0;2;5;12;0;
202300044498;155 601 624;B01;3;1;0;2;4;1;5;
202300044498;155 601 626;A01;1;7;0;2;2;1;1;
202300044499;155 601 620;A01;1;7;0;2;4;1;1;
202300044499;155 601 622;B01;1;7;0;2;4;1;1;
202300044499;155 601 623;C01;1;7;0;2;1;1;1;
202300044500;155 601 618;A01;1;32;0;2;1;13;1;
202300044500;155 601 621;B01;2;7;0;2;3;1;1;
202300044501;155 601 616;A01;1;7;0;1;3;15;1;
202300044502;155 601 613;B01;3;7;0;2;3;1;1;
202300044502;155 601 615;A01;3;50;0;2;1;15;3;
202300044503;155 601 611;A01;3;10;2;0;1;1;1;
202300044504;155 601 610;A01;2;50;12;0;1;1;3;
202300044505;155 601 609;A01;1;31;0;-1;0;21;1;
202300044506;155 601 606;A01;1;10;0;2;3;15;1;
202300044506;155 601 608;B01;2;1;0;2;1;0;5;
202300044507;155 601 605;A01;3;7;0;2;1;1;1;
202300044507;155 601 607;B01;3;33;0;2;1;13;1;
202300044508;155 601 601;B01;1;7;0;2;4;1;1;
202300044508;155 601 603;A01;1;7;0;2;1;1;1;
202300044509;155 601 602;B01;2;7;0;2;3;9;1;
202300044509;155 601 604;A01;1;30;1;2;0;1;3;
202300044510;155 601 599;A01;1;33;0;2;3;2;1;
202300044510;155 601 600;B01;1;7;0;0;4;2;1;
202300044511;155 601 597;A01;1;7;0;1;1;1;1;
202300044512;155 601 596;A01;1;7;0;2;0;17;1;
202300044512;155 601 598;B01;1;33;0;0;0;0;1;
202300044513;155 601 593;A01;1;7;6;0;1;0;1;
202300044514;155 601 592;A01;2;7;0;2;1;10;1;
202300044514;155 601 594;B01;1;33;0;2;1;1;1;
202300044515;155 601 591;A01;2;7;0;2;3;17;1;
202300044515;155 601 595;B01;1;7;0;2;3;1;1;
202300044516;155 601 588;B01;3;2;0;2;1;1;1;
202300044516;155 601 590;A01;3;7;0;2;6;19;1;
202300044517;155 601 587;A01;1;7;0;2;3;13;1;
202300044517;155 601 589;B01;1;7;0;2;3;1;1;
202300044518;155 601 584;A01;2;7;0;1;2;1;1;
202300044519;155 601 585;A01;1;7;0;2;3;16;1;
202300044519;155 601 586;B01;2;7;0;2;1;1;1;
202300044520;155 601 582;A01;1;7;0;2;1;15;1;
202300044520;155 601 583;B01;1;31;0;2;5;1;1;
202300044521;155 601 579;B01;0;7;0;0;2;1;1;
202300044521;155 601 581;A01;0;7;0;2;3;9;0;
202300044522;155 601 577;A01;3;37;0;2;1;1;1;1
202300044522;155 601 578;B01;3;1;0;2;1;15;5;
202300044523;155 601 575;A01;3;7;1;0;1;14;1;
202300044524;155 601 574;B01;3;7;0;2;7;17;3;
202300044524;155 601 576;A01;3;7;1;2;3;20;1;
202300044525;155 601 570;A01;1;7;0;2;3;7;1;
202300044525;155 601 573;B01;1;7;0;2;2;15;1;
202300044526;155 601 569;B01;3;31;0;2;3;1;1;
202300044526;155 601 572;A01;3;7;0;9;2;15;1;
202300044527;155 601 568;A01;1;33;13;2;8;13;1;
202300044527;155 601 571;B01;2;10;0;0;7;26;1;
202300044528;155 601 564;A01;1;33;8;0;1;17;1;
202300044529;155 601 565;B01;1;33;0;2;0;0;1;
202300044529;155 601 567;A01;2;7;0;2;0;0;3;
202300044530;155 601 563;B01;2;32;0;2;1;1;0;
202300044530;155 601 566;A01;0;7;0;2;1;15;0;
202300044531;155 601 560;B01;1;7;0;2;3;2;0;
202300044531;155 601 562;A01;1;16;0;2;0;14;6;
202300044532;155 601 558;B01;1;33;0;0;8;21;1;
202300044532;155 601 561;A01;2;7;0;2;3;26;1;
202300044533;155 601 557;B01;3;10;0;2;1;1;1;
202300044533;155 601 559;A01;3;7;0;2;4;1;1;
202300044534;155 601 554;A01;1;7;0;1;7;16;1;
202300044535;155 601 552;A01;3;7;0;2;1;1;1;
202300044535;155 601 555;B01;3;7;0;2;3;1;1;
202300044536;155 601 550;A01;2;7;0;0;4;16;1;
202300044536;155 601 553;B01;2;7;0;2;1;1;1;
202300044537;155 601 549;B01;2;7;0;2;1;1;1;
202300044537;155 601 551;A01;1;7;0;2;1;21;1;
202300044538;155 601 547;A01;3;7;0;2;1;15;1;
202300044538;155 601 548;B01;3;7;0;2;1;1;1;
202300044539;155 601 545;A01;1;7;0;2;3;13;1;
202300044539;155 601 546;B01;2;7;0;2;6;0;1;
202300044540;155 601 544;A01;2;7;0;1;1;1;1;
202300044541;155 601 542;A01;1;36;2;0;0;2;1;
202300044542;155 601 541;A01;1;32;0;1;1;1;1;
202300044543;155 601 537;A01;0;10;0;2;3;2;1;
202300044543;155 601 540;B01;0;7;0;2;5;2;1;
202300044544;155 601 539;A01;1;10;0;1;7;1;1;
202300044545;155 601 536;A01;1;10;0;2;1;1;1;
202300044545;155 601 538;B01;1;7;0;2;5;26;3;
202300044546;155 601 534;A01;0;10;0;2;1;1;1;
202300044546;155 601 535;B01;0;10;0;2;4;1;1;
202300044547;155 601 531;A01;1;7;0;2;1;15;1;
202300044547;155 601 533;B01;2;7;0;2;3;1;1;
202300044548;155 601 530;A01;3;31;0;2;1;2;1;
202300044548;155 601 532;Z01;3;7;0;2;4;0;1;
202300044549;155 601 528;A01;1;7;7;0;2;1;1;
202300044550;155 601 527;B01;3;1;0;0;0;1;5;
202300044550;155 601 529;A01;3;7;0;0;0;16;1;
202300044551;155 601 526;A01;1;2;0;0;2;1;1;
202300044552;155 601 525;A01;0;2;0;0;0;1;1;
202300044553;155 601 522;A01;1;33;0;0;7;1;1;
202300044554;155 601 521;A01;3;7;0;1;1;1;1;
202300044555;155 601 520;B01;1;7;0;2;6;1;1;
202300044555;155 601 523;C01;1;7;0;2;4;1;1;
202300044555;155 601 524;A01;1;10;0;2;2;1;1;
202300044556;155 601 518;A01;1;7;0;1;1;1;0;
202300044557;155 601 517;A01;0;10;0;1;4;10;1;
202300044558;155 601 515;B01;0;10;0;2;6;2;1;
202300044558;155 601 516;A01;-1;7;0;2;2;2;1;
202300044558;155 601 519;C01;3;7;0;2;4;2;1;
202300044559;155 601 512;A01;1;7;0;2;1;1;1;
202300044559;155 601 514;B01;1;50;0;9;4;1;3;
202300044560;155 601 510;A01;2;7;13;2;3;1;1;
202300044560;155 601 513;B01;1;7;0;2;3;1;1;
202300044561;155 601 506;A01;2;7;0;2;4;1;1;
202300044561;155 601 509;C01;2;7;0;2;1;1;1;
202300044561;155 601 511;B01;2;7;0;2;1;1;1;
202300044562;155 601 505;A01;2;99;0;2;6;19;0;
202300044562;155 601 508;B01;1;33;0;2;2;17;0;
202300044563;155 601 507;A01;1;7;0;1;2;9;1;
202300044564;155 601 502;A01;1;7;0;2;4;1;1;
202300044564;155 601 504;B01;1;7;0;2;1;2;1;
202300044565;155 601 503;A01;2;10;0;1;1;19;1;
202300044566;155 601 500;A01;1;7;0;2;2;2;1;
202300044566;155 601 501;B01;1;7;0;2;6;2;0;
202300044567;155 601 497;A01;1;7;0;2;1;2;1;
202300044567;155 601 499;B01;1;7;0;2;4;2;1;
202300044568;155 601 494;A01;0;7;0;2;8;10;1;
202300044568;155 601 496;B01;0;7;0;2;1;1;1;
202300044569;155 601 490;A01;1;7;0;1;1;15;1;
202300044570;155 601 489;C01;2;7;0;2;4;2;1;
202300044570;155 601 491;B01;2;7;0;2;4;2;1;
202300044570;155 601 493;A01;2;7;0;2;1;2;1;
202300044571;155 601 488;B01;1;34;0;2;2;1;1;
202300044571;155 601 492;A01;1;7;0;2;3;15;1;
202300044572;155 601 484;B01;1;7;0;2;1;1;2;
202300044572;155 601 487;A01;1;7;0;2;1;5;1;
202300044573;155 601 483;A01;2;7;0;0;0;9;1;
202300044573;155 601 486;B01;2;32;0;0;8;21;1;
202300044574;155 601 482;B01;1;7;0;2;5;23;1;
202300044574;155 601 485;A01;1;33;0;2;1;2;1;
202300044575;155 601 480;A01;1;7;0;1;2;1;1;
202300044576;155 601 479;A01;2;33;0;2;1;1;1;
202300044576;155 601 481;B01;2;7;0;2;4;2;1;
202300044577;155 601 475;A01;1;7;0;1;2;1;3;
202300044578;155 601 476;A01;2;7;0;2;6;11;1;
202300044578;155 601 477;B01;2;33;0;2;1;0;1;
202300044579;155 601 474;B01;0;7;0;2;2;1;1;
202300044579;155 601 478;A01;0;7;0;2;3;26;1;
202300044580;155 601 471;A01;2;10;0;1;8;1;1;
202300044581;155 601 470;Z01;2;7;0;2;0;0;0;
202300044581;155 601 472;A01;2;33;0;2;7;3;1;
202300044582;155 601 469;A01;1;7;0;2;6;2;1;
202300044582;155 601 473;B01;1;3;0;2;2;1;1;
202300044583;155 601 467;A01;1;7;0;1;1;1;1;
202300044584;155 601 464;Z01;2;7;0;2;1;1;0;
202300044584;155 601 466;A01;2;33;0;2;4;3;1;
202300044585;155 601 463;C01;2;7;0;2;6;23;0;
202300044585;155 601 465;A01;2;7;0;2;8;11;0;
202300044585;155 601 468;B01;2;33;0;2;1;3;0;
202300044586;155 601 461;A01;3;7;0;2;1;1;1;
202300044586;155 601 462;B01;3;0;0;2;7;19;5;
202300044587;155 601 459;A01;2;7;4;0;2;0;1;
202300044588;155 601 458;A01;1;1;0;2;1;13;5;
202300044588;155 601 460;Z01;1;32;0;2;4;17;0;
202300044589;155 601 457;A01;3;7;0;1;2;1;0;
202300044590;155 601 454;B01;2;7;0;2;4;2;1;
202300044590;155 601 456;A01;2;1;0;2;1;2;5;
202300044591;155 601 453;B01;2;10;0;2;4;11;1;
202300044591;155 601 455;A01;2;33;0;2;1;3;1;
202300044592;155 601 452;A01;1;7;0;1;3;1;1;
202300044593;155 601 451;A01;1;33;0;0;8;0;1;
202300044594;155 601 449;B01;2;7;0;1;1;16;3;
202300044595;155 601 447;A01;2;7;0;2;1;17;1;
202300044595;155 601 450;B01;1;7;0;2;1;1;1;
202300044596;155 601 446;A01;1;10;0;2;6;2;0;
202300044596;155 601 448;B01;1;31;0;2;1;3;0;
202300044597;155 601 441;B01;1;50;0;2;7;9;3;
202300044597;155 601 445;A01;1;7;0;2;1;16;1;
202300044598;155 601 440;B01;3;33;0;2;2;17;1;
202300044598;155 601 443;A01;3;7;0;2;3;10;1;
202300044599;155 601 433;A01;2;7;10;0;1;14;1;
202300044600;155 601 435;A01;1;17;0;2;2;12;1;
202300044600;155 601 437;B01;1;7;0;2;3;1;1;
202300044600;155 601 438;C01;1;16;0;2;1;1;1;
202300044600;155 601 442;D01;1;7;0;2;5;1;1;
202300044601;155 601 432;A01;1;10;0;1;3;1;0;
202300044602;155 601 429;B01;0;30;0;2;1;1;1;
202300044602;155 601 431;A01;0;7;0;2;3;15;1;
202300044603;155 601 427;A01;2;7;0;1;3;16;1;
202300044604;155 601 422;A01;3;7;0;2;1;19;1;
202300044604;155 601 424;B01;3;7;0;2;7;1;1;
202300044604;155 601 426;C01;3;7;0;2;1;1;1;
202300044605;155 601 423;A01;2;7;9;0;1;1;1;
202300044606;155 601 418;C01;2;7;0;2;1;2;1;
202300044606;155 601 419;B01;2;7;0;2;4;2;1;
202300044606;155 601 420;A01;2;7;0;2;1;2;1;
202300044606;155 601 421;D01;2;7;0;2;1;2;1;
202300044606;155 601 425;E01;2;7;0;2;1;2;1;
202300044606;155 601 428;F01;2;7;0;2;1;2;1;
202300044606;155 601 430;G01;2;7;0;2;1;2;1;
202300044607;155 601 416;A01;0;7;0;1;3;1;1;
202300044608;155 601 415;A01;1;33;1;2;3;21;1;
202300044608;155 601 417;B01;1;7;0;2;7;15;1;
202300044609;155 601 411;A01;3;2;0;0;0;1;1;
202300044610;155 601 410;B01;0;7;0;2;1;0;1;
202300044610;155 601 413;A01;0;10;0;2;6;15;1;
202300044611;155 601 403;B01;3;7;0;2;4;9;1;
202300044611;155 601 406;A01;3;7;0;2;1;2;1;
202300044612;155 601 404;E01;2;7;0;2;0;0;1;
202300044612;155 601 408;A01;2;15;0;2;0;0;1;
202300044612;155 601 409;B01;2;7;0;2;0;0;1;
202300044612;155 601 412;C01;2;10;0;2;0;0;1;
202300044612;155 601 414;D01;2;10;0;2;0;0;1;
202300044613;155 601 400;A01;2;7;0;2;1;2;1;
202300044613;155 601 402;B01;2;7;14;0;4;2;1;
202300044614;155 601 397;B01;1;7;0;2;1;13;1;
202300044614;155 601 399;C01;2;7;0;2;1;1;1;
202300044614;155 601 401;Z01;1;7;0;2;3;13;1;
202300044615;155 601 396;A01;1;31;0;2;8;3;1;
202300044615;155 601 398;B01;1;7;0;2;7;12;1;
202300044616;155 601 394;A01;3;7;0;2;1;15;1;
202300044616;155 601 395;B01;3;33;0;2;1;1;1;
202300044617;155 601 393;A01;0;7;0;0;0;1;1;
202300044618;155 601 391;A01;2;7;0;2;4;11;1;
202300044618;155 601 392;B01;2;31;0;2;1;3;1;
202300044619;155 601 388;Z01;2;50;0;2;1;5;3;
202300044619;155 601 390;A01;1;1;0;2;1;1;5;
202300044620;155 601 387;B01;1;7;0;2;7;1;1;
202300044620;155 601 389;A01;2;7;0;2;1;5;1;
202300044621;155 601 386;A01;2;7;0;1;2;1;1;
202300044622;155 601 382;A01;2;10;0;2;7;12;1;
202300044622;155 601 384;B01;2;33;0;2;8;1;1;
202300044623;155 601 383;A01;2;7;0;2;8;15;1;
202300044623;155 601 385;B01;1;31;0;2;1;1;1;
202300044624;155 601 377;B01;2;7;0;2;7;9;1;
202300044624;155 601 381;A01;3;7;0;2;1;9;2;
202300044625;155 601 378;A01;2;7;0;2;1;0;1;
202300044625;155 601 380;B01;2;15;0;2;4;1;1;
202300044626;155 601 376;A01;-1;34;-1;1;1;1;-1;
202300044627;155 601 374;Z01;1;7;0;1;1;20;0;
202300044628;155 601 375;B01;3;7;0;2;3;1;1;
202300044628;155 601 379;A01;3;7;0;2;2;1;1;
202300044629;155 601 371;A01;2;7;13;0;9;14;1;
202300044630;155 601 370;B01;2;7;0;2;8;1;0;
202300044630;155 601 372;A01;1;7;0;2;1;15;1;
202300044631;155 601 369;A01;3;7;0;2;2;1;1;
202300044631;155 601 373;B01;3;2;0;2;0;13;0;
202300044632;155 601 367;A01;3;7;1;0;1;5;1;
202300044633;155 601 363;C01;1;7;0;2;3;1;2;
202300044633;155 601 364;B01;1;7;0;2;1;1;1;
202300044633;155 601 368;A01;2;10;0;2;3;13;1;
202300044634;155 601 360;B01;1;31;0;2;3;1;1;
202300044634;155 601 362;A01;1;7;0;2;8;14;1;
202300044635;155 601 357;B01;1;7;0;2;7;1;1;
202300044635;155 601 359;A01;1;7;0;2;1;19;1;
202300044636;155 601 358;A01;1;3;0;2;1;1;6;
202300044636;155 601 361;B01;1;2;0;2;8;19;1;
202300044637;155 601 354;A01;1;34;0;2;1;17;1;
202300044637;155 601 355;B01;1;7;0;2;6;1;1;
202300044637;155 601 356;C01;1;33;0;2;7;1;1;
202300044638;155 601 352;A01;2;7;4;0;2;1;1;
202300044639;155 601 351;A01;1;7;0;2;3;2;1;
202300044639;155 601 353;B01;1;10;0;2;6;15;1;
202300044640;155 601 349;B01;2;7;0;2;5;14;1;
202300044640;155 601 350;A01;2;33;0;2;3;3;1;
202300044641;155 601 347;A01;1;7;0;2;7;16;1;
202300044641;155 601 348;B01;1;2;0;2;1;1;1;
202300044642;155 601 345;A01;1;43;0;2;8;1;1;
202300044642;155 601 346;Z01;1;7;0;2;7;12;0;
202300044643;155 601 342;A01;0;7;0;2;1;5;1;
202300044643;155 601 344;B01;3;7;0;2;1;0;1;
202300044644;155 601 341;B01;1;7;0;2;1;1;1;
202300044644;155 601 343;A01;1;7;0;2;9;19;1;
202300044645;155 601 339;A01;1;14;9;0;1;13;1;
202300044646;155 601 340;A01;3;17;0;1;2;9;1;
202300044647;155 601 336;A01;2;7;0;1;8;15;1;
202300044648;155 601 334;B01;2;1;0;2;3;1;5;
202300044648;155 601 337;A01;2;1;0;2;5;3;5;
202300044649;155 601 335;A01;1;7;0;2;7;15;1;
202300044649;155 601 338;B01;1;1;0;2;1;1;5;
202300044650;155 601 332;A01;2;7;2;0;2;14;1;
202300044651;155 601 333;Z01;1;30;0;1;2;1;0;
202300044652;155 601 330;B01;1;50;0;2;1;1;3;
202300044652;155 601 331;A01;2;7;0;2;2;15;0;
202300044653;155 601 326;A01;1;80;0;2;8;1;3;
202300044653;155 601 329;B01;1;7;0;2;1;1;1;