Num_Acc;id_vehicule;num_veh;senc;catv;obs;obsm;choc;manv;motor;occutc
202300044654;155 601 327;B01;2;43;0;2;3;1;1;
202300044654;155 601 328;A01;1;31;0;2;2;9;1;
202300044655;155 601 324;A01;2;7;15;0;1;14;1;
202300044656;155 601 322;B01;1;7;0;2;6;23;1;
202300044656;155 601 325;A01;1;7;1;1;2;15;1;
202300044657;155 601 321;B01;2;7;0;2;2;16;3;
202300044657;155 601 323;A01;2;33;0;2;8;1;1;
202300044658;155 601 319;A01;2;7;4;0;1;13;1;
202300044659;155 601 320;A01;1;7;8;0;2;16;1;
202300044660;155 601 317;Z01;2;10;0;2;1;1;1;
202300044660;155 601 318;B01;2;7;1;2;8;9;1;
202300044661;155 601 315;A01;2;7;0;1;1;0;1;
202300044662;155 601 314;A01;1;7;0;2;1;0;1;
202300044662;155 601 316;B01;1;2;0;2;1;0;1;
202300044663;155 601 313;A01;2;2;0;2;2;1;1;
202300044664;155 601 310;B01;1;50;0;2;6;1;3;
202300044664;155 601 312;A01;1;10;0;9;2;1;0;
202300044665;155 601 309;A01;2;33;0;2;3;1;1;
202300044665;155 601 311;B01;1;7;0;2;8;1;1;
202300044666;155 601 306;B01;2;33;0;2;1;1;1;
202300044666;155 601 308;A01;2;7;0;2;8;13;2;
202300044667;155 601 304;B01;2;50;0;2;1;19;3;
202300044667;155 601 307;A01;1;7;0;9;1;15;1;
202300044668;155 601 303;B01;2;7;0;0;0;0;1;
202300044668;155 601 305;A01;1;33;0;2;0;0;1;
202300044669;155 601 302;A01;1;1;0;1;1;1;5;
202300044670;155 601 300;A01;1;7;16;0;9;14;4;
202300044671;155 601 295;B01;1;7;0;2;3;2;1;
202300044671;155 601 297;A01;1;1;0;2;1;0;5;
202300044672;155 601 294;A01;1;7;0;2;2;22;1;
202300044672;155 601 296;B01;1;1;0;2;1;1;5;
202300044673;155 601 298;C01;2;7;0;2;3;1;1;
202300044673;155 601 299;A01;1;31;0;2;1;21;1;
202300044673;155 601 301;B01;1;10;0;2;3;9;1;
202300044674;155 601 291;A01;3;10;0;2;7;2;1;
202300044674;155 601 292;B01;3;30;0;2;8;13;3;
202300044675;155 601 290;A01;3;7;0;2;3;1;1;
202300044675;155 601 293;B01;1;7;0;2;2;1;1;
202300044676;155 601 289;A01;1;7;3;0;2;14;1;
202300044677;155 601 288;A01;1;50;0;0;0;1;3;
202300044678;155 601 285;A01;3;7;0;2;3;15;1;
202300044678;155 601 286;B01;3;2;0;2;1;1;1;
202300044679;155 601 282;A01;1;7;0;2;1;16;1;
202300044679;155 601 284;B01;1;7;0;2;4;23;1;
202300044680;155 601 281;B01;1;7;0;2;4;23;2;
202300044680;155 601 283;A01;1;7;0;2;4;23;1;
202300044680;155 601 287;C01;1;7;0;2;1;2;1;
202300044681;155 601 276;A01;1;7;0;2;8;10;0;
202300044681;155 601 278;B01;2;34;0;2;3;1;1;
202300044682;155 601 274;B01;3;2;0;2;4;1;1;
202300044682;155 601 277;A01;3;7;0;2;1;1;1;
202300044683;155 601 275;A01;1;7;0;1;3;1;1;
202300044684;155 601 271;A01;2;7;14;2;4;11;1;
202300044684;155 601 273;B01;2;33;0;2;1;2;1;
202300044685;155 601 268;A01;1;30;6;0;3;16;1;
202300044686;155 601 269;A01;1;7;0;2;1;1;1;
202300044686;155 601 270;C01;1;7;0;2;4;1;1;
202300044686;155 601 272;B01;1;7;0;2;4;2;1;
202300044687;155 601 267;A01;1;7;0;1;1;1;1;
202300044688;155 601 263;A01;2;7;0;1;1;1;1;
202300044689;155 601 262;A01;0;7;0;2;7;1;0;
202300044689;155 601 264;B01;0;34;0;2;1;1;0;
202300044690;155 601 260;A01;2;7;0;2;9;13;1;
202300044690;155 601 265;B01;1;7;0;2;3;0;1;
202300044690;155 601 266;C01;1;7;0;2;1;1;2;
202300044691;155 601 258;A01;1;7;0;2;1;1;1;
202300044691;155 601 261;B01;1;7;8;2;2;1;1;
202300044692;155 601 257;B01;1;7;0;2;3;16;1;
202300044692;155 601 259;A01;2;33;0;2;3;5;1;
202300044693;155 601 255;A01;1;30;12;0;8;1;1;
202300044694;155 601 254;B01;3;7;0;2;2;1;1;
202300044694;155 601 256;A01;1;7;0;2;3;9;1;
202300044695;155 601 252;A01;1;7;0;2;4;10;1;
202300044695;155 601 253;B01;1;7;0;2;2;1;1;
202300044696;155 601 249;B01;3;7;0;2;2;15;1;
202300044696;155 601 250;A01;3;7;0;2;2;1;1;
202300044697;155 601 247;A01;2;1;0;2;3;1;5;
202300044697;155 601 251;B01;2;7;0;2;2;12;1;
202300044698;155 601 246;A01;1;7;0;2;6;1;1;
202300044698;155 601 248;B01;1;7;0;2;1;1;1;
202300044699;155 601 240;A01;2;1;0;2;1;18;5;
202300044699;155 601 242;B01;2;7;0;2;2;1;1;
202300044700;155 601 243;A01;1;2;0;1;1;0;0;
202300044701;155 601 241;C01;3;7;0;2;1;1;1;
202300044701;155 601 244;A01;2;7;0;2;2;15;1;
202300044701;155 601 245;B01;1;2;0;2;1;1;1;
202300044702;155 601 239;A01;3;13;0;1;1;2;1;
202300044703;155 601 237;A01;1;33;1;0;1;1;1;
202300044704;155 601 236;B01;2;32;0;2;1;1;1;
202300044704;155 601 238;A01;1;7;0;2;2;10;1;
202300044705;155 601 234;A01;3;7;0;1;4;20;1;
202300044706;155 601 233;B01;1;7;0;2;3;1;1;
202300044706;155 601 235;A01;2;10;8;2;2;15;1;
202300044707;155 601 232;A01;0;7;0;1;0;0;1;
202300044708;155 601 231;A01;0;7;0;1;4;26;1;
202300044709;155 601 229;A01;2;33;0;2;1;17;1;
202300044709;155 601 230;B01;2;7;0;2;8;15;1;
202300044710;155 601 227;A01;1;10;0;2;3;9;1;
202300044710;155 601 228;B01;1;50;0;2;1;1;3;
202300044711;155 601 225;Z01;3;32;0;2;3;1;0;
202300044711;155 601 226;A01;3;32;0;2;2;1;1;
202300044712;155 601 221;A01;0;1;0;1;0;1;5;
202300044713;155 601 222;A01;2;7;0;2;2;16;1;
202300044713;155 601 223;B01;2;50;0;2;8;1;3;
202300044714;155 601 220;A01;0;7;0;2;3;0;1;
202300044714;155 601 224;B01;3;33;0;2;7;0;1;
202300044715;155 601 219;A01;2;10;13;0;1;26;0;
202300044716;155 601 216;A01;1;10;0;9;7;0;0;
202300044716;155 601 218;B01;3;1;0;2;1;1;5;
202300044717;155 601 213;A01;2;7;0;2;3;1;1;
202300044717;155 601 214;B01;3;2;0;2;1;1;1;
202300044718;155 601 215;A01;1;7;0;2;1;1;1;
202300044718;155 601 217;B01;1;7;0;2;4;1;1;
202300044719;155 601 209;A01;3;7;0;2;1;5;1;
202300044719;155 601 211;B01;3;1;0;2;1;19;5;
202300044720;155 601 208;B01;3;32;0;2;7;14;1;
202300044720;155 601 212;A01;1;7;0;2;1;9;1;
202300044721;155 601 207;B01;3;7;0;2;8;1;1;
202300044721;155 601 210;A01;1;7;0;2;3;1;1;
202300044722;155 601 206;A01;1;7;0;1;1;1;1;
202300044723;155 601 204;A01;3;7;0;1;3;26;1;
202300044724;155 601 203;A01;3;7;0;0;0;0;1;
202300044724;155 601 205;B01;3;43;0;0;0;0;1;
202300044725;155 601 202;A01;1;7;3;0;1;26;1;
202300044726;155 601 201;A01;3;7;13;0;1;1;1;
202300044727;155 601 199;A01;1;37;0;2;1;1;1;1
202300044727;155 601 200;B01;1;7;0;2;6;1;1;
202300044728;155 601 197;A01;3;7;0;0;0;0;1;
202300044729;155 601 196;A01;1;7;0;2;7;11;1;
202300044729;155 601 198;B01;1;34;0;2;8;2;1;
202300044730;155 601 193;A01;1;50;0;0;0;25;3;
202300044731;155 601 194;A01;1;34;0;0;8;1;1;
202300044732;155 601 192;A01;3;7;0;2;2;15;1;
202300044732;155 601 195;B01;3;50;0;2;7;1;3;
202300044733;155 601 189;A01;2;33;13;0;2;1;1;
202300044734;155 601 187;B01;1;7;8;2;3;1;1;
202300044734;155 601 191;A01;2;7;0;2;1;1;1;
202300044735;155 601 185;A01;2;10;0;2;1;2;1;
202300044735;155 601 186;B01;2;10;0;2;4;2;1;
202300044735;155 601 188;C01;2;10;0;2;4;2;1;
202300044735;155 601 190;D01;2;7;0;2;4;2;1;
202300044736;155 601 184;A01;1;33;7;0;1;1;1;
202300044737;155 601 182;A01;3;1;1;1;7;1;5;
202300044738;155 601 183;A01;2;10;0;1;3;1;1;
202300044739;155 601 181;A01;1;7;0;1;2;1;1;
202300044740;155 601 180;A01;1;30;0;0;7;1;1;
202300044741;155 601 179;A01;1;7;0;1;1;15;1;
202300044742;155 601 177;B01;0;7;0;2;6;2;0;
202300044742;155 601 178;A01;0;31;0;2;1;1;1;
202300044743;155 601 176;Z01;3;10;0;1;0;1;0;
202300044744;155 601 175;A01;1;7;6;0;1;1;1;
202300044745;155 601 173;A01;1;30;0;1;1;1;1;
202300044746;155 601 172;A01;1;7;0;0;8;10;0;
202300044746;155 601 174;B01;1;33;0;2;1;3;0;
202300044747;155 601 170;A01;1;7;0;2;7;15;1;
202300044747;155 601 171;B01;2;33;0;2;1;1;1;
202300044748;155 601 166;A01;1;10;0;2;7;16;1;
202300044748;155 601 169;B01;1;1;0;2;1;1;5;
202300044749;155 601 165;A01;1;34;0;2;1;5;1;
202300044749;155 601 168;B01;2;7;0;2;1;1;1;
202300044750;155 601 164;B01;3;50;0;2;8;1;3;
202300044750;155 601 167;Z01;1;7;0;9;1;16;0;
202300044751;155 601 163;A01;3;7;9;0;1;14;1;
202300044752;155 601 162;A01;2;7;6;0;1;13;1;
202300044753;155 601 161;A01;1;37;6;0;1;13;1;1
202300044754;155 601 159;A01;3;42;0;0;9;0;1;
202300044755;155 601 158;A01;1;7;0;2;2;16;1;
202300044755;155 601 160;B01;1;1;0;2;1;1;5;
202300044756;155 601 155;A01;1;33;0;2;4;23;1;
202300044756;155 601 157;B01;1;7;0;2;4;23;1;
202300044757;155 601 152;A01;2;50;0;9;3;26;3;
202300044757;155 601 154;B01;1;1;0;2;1;19;5;
202300044758;155 601 151;A01;2;7;0;2;2;1;1;
202300044758;155 601 156;B01;2;1;0;2;3;11;5;
202300044759;155 601 150;A01;3;1;0;2;1;1;5;
202300044759;155 601 153;B01;3;1;0;2;0;1;5;
202300044760;155 601 148;A01;1;1;0;0;0;1;5;
202300044761;155 601 145;A01;0;2;0;2;1;1;1;
202300044762;155 601 142;B01;0;2;0;2;8;16;1;
202300044762;155 601 143;A01;0;7;0;2;1;15;1;
202300044763;155 601 144;A01;1;7;0;1;2;1;1;
202300044764;155 601 140;A01;1;21;0;2;3;1;1;
202300044764;155 601 141;B01;2;10;0;2;3;1;1;
202300044765;155 601 138;A01;0;7;0;2;2;19;1;
202300044765;155 601 139;B01;0;31;0;2;1;15;1;
202300044766;155 601 137;A01;2;7;12;0;1;1;1;
202300044767;155 601 136;A01;2;7;0;2;3;0;0;
202300044768;155 601 134;B01;1;1;0;2;1;1;5;
202300044768;155 601 135;A01;1;7;0;2;2;1;2;
202300044769;155 601 131;A01;3;7;0;2;1;13;1;
202300044769;155 601 133;B01;3;7;0;2;3;1;1;
202300044770;155 601 125;B01;2;7;0;2;0;0;1;
202300044770;155 601 127;A01;2;7;1;1;1;2;1;
202300044771;155 601 126;A01;2;33;0;2;7;1;1;
202300044771;155 601 129;Z01;1;7;0;2;3;15;1;
202300044772;155 601 124;A01;2;7;0;2;1;13;1;
202300044772;155 601 128;B01;1;7;0;2;3;1;1;
202300044773;155 601 120;A01;1;34;0;1;2;17;1;
202300044773;155 601 123;B01;2;7;0;2;3;1;1;
202300044774;155 601 121;A01;1;2;1;0;1;1;1;
202300044775;155 601 118;A01;2;7;14;2;1;2;1;
202300044775;155 601 119;B01;2;7;0;2;4;15;1;
202300044775;155 601 122;C01;1;7;0;2;8;5;3;
202300044776;155 601 116;B01;1;7;0;2;4;1;1;
202300044776;155 601 117;C01;-1;7;-1;-1;-1;1;-1;
202300044777;155 601 112;B01;1;7;0;2;1;1;1;
202300044777;155 601 114;A01;2;7;0;2;1;13;1;
202300044778;155 601 113;A01;2;32;0;2;1;16;1;
202300044778;155 601 115;B01;1;7;0;2;7;15;1;
202300044779;155 601 110;B01;3;7;0;2;6;9;1;
202300044779;155 601 111;A01;3;7;0;2;1;1;2;
202300044780;155 601 109;A01;0;2;0;0;0;15;1;
202300044781;155 601 107;A01;0;7;0;2;2;1;1;
202300044781;155 601 108;B01;0;7;0;2;1;1;1;
202300044782;155 601 104;B01;2;32;0;2;1;1;1;
202300044782;155 601 105;A01;1;7;0;2;1;10;1;
202300044783;155 601 101;A01;1;7;0;2;2;15;1;
202300044783;155 601 103;B01;2;33;0;2;1;1;1;
202300044784;155 601 102;A01;2;7;0;2;1;15;1;
202300044784;155 601 106;B01;1;33;0;0;3;1;1;
202300044785;155 601 098;A01;1;7;8;0;3;26;1;
202300044786;155 601 097;A01;2;10;0;2;8;22;1;
202300044786;155 601 100;B01;2;1;0;2;7;1;5;
202300044787;155 601 095;A01;3;7;0;1;1;20;1;
202300044788;155 601 096;A01;1;7;0;2;2;15;1;
202300044788;155 601 099;B01;1;33;0;2;1;1;1;
202300044789;155 601 094;A01;2;50;0;0;0;19;3;
202300044790;155 601 092;A01;1;7;0;2;3;9;0;
202300044790;155 601 093;B01;1;33;0;2;7;9;0;
202300044791;155 601 091;A01;2;7;6;0;1;1;1;
202300044792;155 601 087;B01;1;7;0;2;3;1;1;
202300044792;155 601 090;A01;2;7;0;2;3;1;1;
202300044793;155 601 086;A01;2;31;0;2;1;2;1;
202300044793;155 601 089;B01;2;7;0;2;6;2;1;
202300044794;155 601 085;A01;2;7;0;2;2;15;1;
202300044794;155 601 088;B01;1;1;0;2;1;1;5;
202300044795;155 601 080;A01;1;33;0;2;1;13;1;
202300044795;155 601 083;B01;2;10;0;2;2;1;1;
202300044796;155 601 078;A01;3;7;0;2;2;15;1;
202300044796;155 601 082;B01;3;30;0;2;1;1;1;
202300044797;155 601 077;B01;1;33;0;2;6;1;1;
202300044797;155 601 079;D01;1;10;0;2;5;1;1;
202300044797;155 601 081;C01;1;7;0;2;6;9;2;
202300044797;155 601 084;A01;1;7;0;2;6;13;1;
202300044798;155 601 072;A01;3;7;0;2;1;1;1;
202300044798;155 601 073;B01;3;32;0;2;0;13;1;
202300044799;155 601 071;A01;3;7;0;2;1;1;1;
202300044799;155 601 075;B01;1;7;7;0;8;1;1;
202300044800;155 601 074;A01;1;7;0;2;1;2;1;
202300044800;155 601 076;B01;1;7;0;2;6;2;1;
202300044801;155 601 069;A01;3;33;13;0;1;14;1;
202300044802;155 601 067;A01;1;7;0;1;1;2;0;
202300044803;155 601 068;Z01;3;7;0;2;3;2;1;
202300044803;155 601 070;B01;2;7;0;2;5;23;1;
202300044804;155 601 065;A01;1;7;0;9;2;15;1;
202300044804;155 601 066;B01;2;1;0;2;1;1;5;
202300044805;155 601 064;A01;3;10;0;1;4;4;1;
202300044806;155 601 063;A01;1;7;0;1;1;15;1;
202300044807;155 601 059;Z01;3;7;0;2;0;1;0;
202300044807;155 601 061;A01;3;30;1;2;4;1;1;
202300044808;155 601 060;B01;1;1;0;2;1;1;5;
202300044808;155 601 062;A01;1;1;0;2;4;1;5;
202300044809;155 601 057;B01;1;7;0;2;4;1;1;
202300044809;155 601 058;A01;1;31;0;2;1;2;1;
202300044810;155 601 055;A01;1;1;3;0;1;1;5;
202300044811;155 601 054;A01;2;33;0;2;1;1;1;
202300044811;155 601 056;B01;3;7;0;0;5;23;4;
202300044812;155 601 051;A01;1;7;9;0;1;1;1;
202300044813;155 601 050;B01;1;7;0;2;2;1;1;
202300044813;155 601 052;A01;2;7;0;2;1;5;1;
202300044814;155 601 048;A01;2;7;0;2;1;1;1;
202300044814;155 601 049;B01;2;10;0;2;4;23;1;
202300044815;155 601 047;A01;3;32;0;1;0;25;0;
202300044816;155 601 046;A01;1;33;0;0;7;16;1;
202300044817;155 601 045;A01;1;7;9;0;2;1;1;
202300044818;155 601 043;A01;3;16;13;0;3;1;1;
202300044819;155 601 042;Y01;2;50;0;2;4;2;3;
202300044819;155 601 044;Z01;2;7;0;2;1;0;1;
202300044820;155 601 040;B01;0;10;0;9;2;9;1;
202300044820;155 601 041;A01;0;34;1;2;3;2;1;
202300044821;155 601 038;A01;2;1;0;2;3;16;5;
202300044821;155 601 039;B01;2;7;0;2;1;1;1;
202300044822;155 601 034;B01;2;10;0;2;2;1;0;
202300044822;155 601 036;A01;1;34;0;2;1;14;0;
202300044823;155 601 035;A01;2;7;0;2;2;15;1;
202300044823;155 601 037;B01;1;7;0;2;1;1;1;
202300044824;155 601 031;A01;1;7;0;2;8;19;0;
202300044824;155 601 033;B01;2;2;0;2;1;1;0;
202300044825;155 601 030;A01;1;33;0;2;1;13;1;
202300044825;155 601 032;B01;1;7;0;0;0;0;1;
202300044826;155 601 028;A01;2;10;0;2;3;19;1;
202300044826;155 601 029;B01;1;30;0;2;1;15;0;
202300044827;155 601 025;B01;1;10;0;2;3;5;1;
202300044827;155 601 026;A01;3;7;0;2;3;2;1;
202300044828;155 601 024;B01;2;33;0;2;3;1;0;
202300044828;155 601 027;A01;3;99;0;2;2;1;6;
202300044829;155 601 023;A01;1;43;1;0;1;15;1;
202300044830;155 601 021;A01;1;7;1;0;2;0;1;
202300044830;155 601 022;B01;1;7;1;0;8;0;1;
202300044831;155 601 019;A01;1;7;0;2;1;15;1;
202300044831;155 601 020;B01;2;33;0;2;1;1;1;
202300044832;155 601 017;A01;1;7;0;1;1;1;1;
202300044833;155 601 018;A01;1;33;1;0;1;2;1;
202300044834;155 601 016;A01;2;7;6;0;3;13;1;
202300044835;155 601 015;A01;2;7;0;1;2;1;1;
202300044836;155 601 012;A01;1;33;0;2;1;1;1;
202300044836;155 601 014;Y01;1;60;0;2;7;1;5;
202300044837;155 601 013;A01;1;33;12;0;1;1;1;
202300044838;155 601 010;A01;1;33;12;2;1;1;1;
202300044838;155 601 011;B01;0;99;0;2;1;0;3;
202300044839;155 601 008;A01;2;33;12;0;1;1;1;
202300044840;155 601 007;B01;1;2;0;2;1;1;3;
202300044840;155 601 009;A01;2;7;0;2;5;15;2;
202300044841;155 601 006;A01;-1;7;0;1;1;-1;-1;
202300044842;155 601 003;B01;1;7;0;2;1;1;1;
202300044842;155 601 005;A01;2;7;0;2;1;13;1;
202300044843;155 601 002;B01;0;1;0;2;1;0;5;
202300044843;155 601 004;A01;0;32;0;2;1;0;1;
202300044844;155 601 001;A01;0;30;2;0;0;1;3;
202300044845;155 601 000;A01;0;7;0;1;1;9;1;
202300044846;155 600 998;A01;1;33;0;2;1;11;1;
202300044846;155 600 999;B01;1;38;0;2;8;15;1;9
202300044847;155 600 996;A01;3;7;0;0;3;22;0;
202300044847;155 600 997;B01;3;1;1;0;2;1;5;
202300044848;155 600 992;B01;0;7;0;2;3;1;0;
202300044848;155 600 995;A01;0;7;0;2;2;1;0;
202300044849;155 600 990;A01;2;10;0;2;9;1;1;
202300044849;155 600 994;B01;2;10;0;0;5;1;1;
202300044850;155 600 991;A01;1;7;0;2;2;16;1;
202300044850;155 600 993;B01;0;50;0;2;3;19;3;
202300044851;155 600 986;B01;2;14;0;2;3;23;1;
202300044851;155 600 988;A01;1;15;1;0;6;1;1;
202300044851;155 600 989;C01;2;14;0;2;1;23;1;
202300044852;155 600 983;C01;0;7;0;0;4;2;2;
202300044852;155 600 985;A01;0;7;0;2;1;2;1;
202300044852;155 600 987;B01;0;7;0;2;0;0;0;
202300044853;155 600 982;A01;3;7;0;2;1;5;1;
202300044853;155 600 984;B01;0;7;0;2;1;1;1;
202300044854;155 600 980;A01;1;2;0;2;3;15;1;
202300044854;155 600 981;B01;3;7;0;2;3;1;1;
202300044855;155 600 977;A01;1;37;0;2;1;1;2;1
202300044855;155 600 979;B01;1;7;0;2;4;1;1;
202300044856;155 600 976;A01;1;7;0;2;3;15;1;
202300044856;155 600 978;B01;2;33;0;2;3;2;1;
202300044857;155 600 973;A01;1;7;0;2;1;12;1;
202300044857;155 600 975;B01;1;50;0;2;4;1;1;
202300044858;155 600 971;B01;3;7;0;2;0;0;1;
202300044858;155 600 974;A01;3;7;0;2;3;1;1;
202300044859;155 600 970;B01;3;7;0;2;1;15;1;
202300044859;155 600 972;A01;0;31;0;2;7;17;1;
202300044860;155 600 969;A01;2;7;3;0;7;0;1;
202300044861;155 600 968;A01;1;7;0;1;2;1;1;
202300044862;155 600 963;A01;2;10;0;2;1;1;0;
202300044862;155 600 965;B01;1;7;0;2;1;1;0;
202300044863;155 600 962;B01;2;10;0;2;8;1;1;
202300044863;155 600 964;A01;1;7;0;2;3;13;1;
202300044863;155 600 966;C01;2;7;0;2;3;1;2;
202300044864;155 600 961;A01;1;7;0;0;5;2;1;
202300044864;155 600 967;B01;1;33;0;2;1;2;1;
202300044865;155 600 960;A01;2;36;6;0;1;1;1;
202300044866;155 600 957;A01;2;7;0;2;2;15;1;
202300044866;155 600 959;B01;1;33;0;2;1;1;1;
202300044867;155 600 956;A01;3;7;0;2;3;19;1;
202300044867;155 600 958;B01;3;2;0;2;1;1;1;
202300044868;155 600 954;A01;2;1;0;0;8;2;5;
202300044868;155 600 955;B01;2;7;0;9;7;2;1;
202300044869;155 600 953;A01;3;31;2;0;8;1;1;
202300044870;155 600 951;A01;1;10;0;2;0;5;1;
202300044870;155 600 952;B01;2;7;0;2;8;1;1;
202300044871;155 600 948;B01;1;7;0;2;1;9;1;
202300044871;155 600 950;A01;2;33;0;2;7;21;1;
202300044872;155 600 947;A01;1;7;0;2;3;13;1;
202300044872;155 600 949;B01;2;7;0;0;3;1;3;
202300044873;155 600 944;A01;2;7;0;2;3;1;1;
202300044873;155 600 946;B01;1;7;3;0;3;1;3;
202300044874;155 600 943;A01;1;7;0;2;3;13;1;
202300044874;155 600 945;B01;2;33;13;2;1;1;1;
202300044875;155 600 942;A01;2;7;17;0;3;13;1;
202300044876;155 600 941;A01;1;33;12;0;7;1;1;
202300044877;155 600 939;A01;2;15;3;0;2;14;1;
202300044878;155 600 938;A01;2;2;0;2;1;1;1;
202300044878;155 600 940;B01;1;7;0;2;2;15;1;
202300044879;155 600 937;A01;1;33;3;0;8;0;1;
202300044880;155 600 934;A01;1;2;13;0;1;21;1;
202300044881;155 600 932;B01;2;7;0;2;7;1;1;
202300044881;155 600 935;A01;3;2;0;2;3;15;1;
202300044882;155 600 931;A01;2;7;13;2;2;12;1;
202300044882;155 600 933;B01;2;7;0;2;3;1;1;
202300044882;155 600 936;C01;2;7;14;0;2;2;1;
202300044883;155 600 926;B01;1;2;0;2;1;15;1;
202300044883;155 600 930;A01;2;7;0;2;2;1;1;
202300044884;155 600 927;A01;1;33;0;2;1;1;1;
202300044884;155 600 929;B01;1;30;0;2;4;1;1;
202300044885;155 600 925;B01;2;7;0;2;2;13;1;
202300044885;155 600 928;A01;1;7;0;2;1;1;1;
202300044886;155 600 924;A01;2;7;2;0;1;0;1;
202300044887;155 600 922;A01;2;1;1;0;1;1;5;
202300044888;155 600 921;B01;2;33;2;2;1;0;1;
202300044888;155 600 923;A01;2;7;0;0;4;26;1;
202300044889;155 600 918;A01;0;33;0;0;0;0;1;
202300044890;155 600 917;B01;1;7;0;2;1;1;1;
202300044890;155 600 920;A01;3;1;0;0;6;19;5;
202300044891;155 600 915;A01;2;2;0;0;0;16;1;
202300044892;155 600 912;B01;2;7;0;2;3;1;1;
202300044892;155 600 913;A01;1;2;0;2;1;1;1;
202300044893;155 600 911;A01;2;2;0;0;7;1;1;
202300044894;155 600 907;B01;2;7;0;2;1;1;2;
202300044894;155 600 908;A01;1;10;0;2;1;13;1;
202300044895;155 600 906;A01;2;14;0;0;7;14;1;
202300044895;155 600 909;B01;2;7;0;0;0;17;1;
202300044896;155 600 904;A01;2;7;0;2;2;1;1;
202300044896;155 600 905;B01;2;7;0;2;6;1;1;
202300044897;155 600 901;A01;1;7;13;2;6;1;1;
202300044897;155 600 902;B01;1;7;0;2;2;13;1;
202300044898;155 600 900;A01;0;7;0;2;8;15;1;
202300044898;155 600 903;B01;2;7;0;2;1;1;1;
202300044899;155 600 898;A01;1;7;0;0;9;14;1;
202300044900;155 600 897;A01;2;7;0;2;4;1;1;
202300044900;155 600 899;B01;2;7;0;2;1;1;1;
202300044901;155 600 895;A01;1;7;0;2;2;15;1;
202300044901;155 600 896;B01;2;30;0;2;1;1;1;
202300044902;155 600 893;A01;2;7;4;0;9;2;1;
202300044903;155 600 894;A01;0;7;0;0;1;16;1;
202300044904;155 600 892;A01;1;7;13;0;3;13;1;
202300044905;155 600 889;Z01;2;7;0;2;0;14;1;
202300044905;155 600 891;B01;2;7;0;0;9;21;1;
202300044906;155 600 888;A01;1;33;0;2;8;1;1;
202300044906;155 600 890;B01;2;10;0;2;0;13;0;
202300044907;155 600 886;A01;2;33;0;0;9;1;1;
202300044908;155 600 884;B01;2;31;0;2;2;1;1;
202300044908;155 600 887;A01;2;7;0;2;1;16;1;
202300044909;155 600 885;A01;1;43;0;0;2;12;1;
202300044910;155 600 881;A01;2;2;0;2;1;1;1;
202300044910;155 600 883;B01;2;2;0;2;4;1;1;
202300044911;155 600 879;A01;1;7;0;2;1;2;1;
202300044911;155 600 882;B01;1;7;0;2;4;2;1;
202300044912;155 600 878;A01;0;7;0;2;1;9;1;
202300044912;155 600 880;B01;0;31;0;2;1;1;1;
202300044913;155 600 874;A01;1;7;0;2;1;0;2;
202300044913;155 600 877;B01;2;7;0;2;1;0;1;
202300044914;155 600 872;A01;1;15;0;2;2;12;1;
202300044914;155 600 876;B01;1;7;0;2;6;1;1;
202300044915;155 600 873;B01;2;1;0;2;8;1;5;
202300044915;155 600 875;A01;1;7;0;9;1;15;1;
202300044916;155 600 869;A01;1;33;0;0;0;1;0;
202300044917;155 600 870;A01;2;7;0;2;8;13;1;
202300044917;155 600 871;B01;2;33;3;2;7;17;1;
202300044918;155 600 866;A01;2;33;16;0;0;1;1;
202300044919;155 600 867;A01;2;7;0;2;4;15;1;
202300044919;155 600 868;B01;1;7;0;2;1;1;1;
202300044920;155 600 864;A01;1;7;0;2;7;1;1;
202300044920;155 600 865;B01;1;15;0;2;8;0;1;
202300044921;155 600 862;A01;1;7;0;0;9;1;1;
202300044922;155 600 860;A01;2;32;0;2;3;3;1;
202300044922;155 600 863;B01;2;7;0;2;2;12;1;
202300044923;155 600 858;A01;1;7;2;0;1;1;1;
202300044924;155 600 857;A01;1;7;0;2;1;13;1;
202300044924;155 600 859;B01;2;7;0;2;8;1;1;
202300044924;155 600 861;C01;2;7;0;2;3;1;1;
202300044925;155 600 855;A01;2;7;0;2;1;1;1;
202300044925;155 600 856;B01;2;15;0;2;4;1;1;
202300044926;155 600 852;A01;2;7;0;2;3;16;1;
202300044926;155 600 854;B01;2;2;0;2;1;1;1;
202300044927;155 600 850;A01;2;33;4;2;1;3;1;
202300044927;155 600 851;B01;2;10;4;2;8;11;1;
202300044928;155 600 848;A01;2;15;0;0;4;1;1;
202300044928;155 600 849;B01;2;99;0;2;1;2;1;
202300044929;155 600 845;B01;2;17;0;2;1;1;1;
202300044929;155 600 847;A01;1;7;0;2;1;13;3;
202300044930;155 600 844;A01;1;7;0;2;7;12;1;
202300044930;155 600 846;B01;1;33;0;2;8;1;1;
202300044931;155 600 842;A01;1;7;0;0;6;23;1;
202300044931;155 600 843;B01;1;31;0;2;1;1;1;
202300044932;155 600 839;A01;1;7;0;0;8;15;1;
202300044932;155 600 841;B01;1;31;0;2;2;17;1;
202300044933;155 600 838;A01;2;7;0;2;1;2;1;
202300044933;155 600 840;B01;2;7;0;2;4;2;1;
202300044934;155 600 837;A01;2;3;0;1;3;21;1;
202300044935;155 600 836;A01;1;33;0;1;1;1;0;