Num_Acc;id_vehicule;num_veh;senc;catv;obs;obsm;choc;manv;motor;occutc
202300045207;155 600 334;B01;2;7;1;2;3;1;0;
202300045208;155 600 331;B01;0;31;0;2;0;0;0;
202300045208;155 600 332;A01;0;7;0;2;4;1;0;
202300045209;155 600 328;A01;3;7;0;2;4;0;1;
202300045209;155 600 329;B01;3;7;4;0;1;1;1;
202300045209;155 600 330;C01;3;99;4;0;1;1;0;
202300045210;155 600 327;A01;3;33;0;0;8;2;1;
202300045211;155 600 325;A01;3;33;0;2;1;13;1;
202300045211;155 600 326;B01;3;7;0;2;2;1;1;
202300045212;155 600 323;A01;1;7;0;2;8;15;0;
202300045212;155 600 324;B01;2;34;0;2;1;1;0;
202300045213;155 600 321;A01;1;7;0;2;2;19;1;
202300045213;155 600 322;B01;1;7;0;2;8;1;1;
202300045214;155 600 319;A01;1;7;0;2;7;12;1;
202300045214;155 600 320;B01;1;7;4;2;8;1;1;
202300045215;155 600 318;A01;2;43;0;0;1;1;1;
202300045216;155 600 316;A01;2;7;0;2;3;5;1;
202300045216;155 600 317;B01;1;7;0;2;3;5;2;
202300045217;155 600 315;A01;1;33;7;0;0;1;1;
202300045218;155 600 314;A01;0;7;0;1;4;4;1;
202300045219;155 600 312;A01;2;7;13;0;3;0;1;
202300045220;155 600 311;A01;1;2;0;0;1;26;0;
202300045221;155 600 310;A01;2;7;2;0;9;1;1;
202300045222;155 600 309;A01;3;7;15;0;1;1;1;
202300045223;155 600 307;A01;1;2;1;2;1;1;1;
202300045224;155 600 305;A01;1;7;8;2;3;13;1;
202300045224;155 600 306;B01;2;33;0;2;1;1;1;
202300045225;155 600 303;B01;1;7;0;2;3;1;1;
202300045225;155 600 304;A01;2;1;0;2;1;13;5;
202300045226;155 600 302;A01;2;7;2;0;1;1;0;
202300045227;155 600 300;A01;2;7;17;0;1;14;1;
202300045228;155 600 299;A01;1;7;16;0;0;15;1;
202300045229;155 600 298;A01;3;33;2;0;3;1;1;
202300045230;155 600 297;A01;1;7;8;0;2;1;1;
202300045231;155 600 296;A01;1;2;0;0;1;0;1;
202300045232;155 600 295;A01;1;7;8;0;2;1;1;
202300045233;155 600 293;A01;1;7;0;2;2;15;1;
202300045233;155 600 294;B01;2;7;0;2;1;1;1;
202300045234;155 600 291;A01;2;7;0;2;3;19;1;
202300045234;155 600 292;B01;1;7;0;2;2;1;1;
202300045235;155 600 289;A01;1;7;0;2;3;15;1;
202300045235;155 600 290;B01;2;7;0;2;3;1;1;
202300045236;155 600 287;A01;1;7;0;2;6;11;3;
202300045236;155 600 288;B01;1;33;0;2;1;2;1;
202300045237;155 600 285;A01;2;7;0;2;4;15;1;
202300045237;155 600 286;B01;1;7;0;2;2;1;1;
202300045238;155 600 284;A01;1;7;0;1;7;1;1;
202300045239;155 600 281;B01;3;7;0;1;1;1;0;
202300045239;155 600 282;A01;3;7;0;2;1;1;0;
202300045240;155 600 280;A01;3;7;0;1;1;1;1;
202300045241;155 600 278;A01;3;10;3;0;3;13;1;
202300045241;155 600 279;B01;3;7;0;2;1;1;1;
202300045242;155 600 276;B01;1;31;0;2;0;0;6;
202300045242;155 600 277;A01;1;13;0;2;6;15;0;
202300045243;155 600 274;A01;2;7;0;2;2;15;1;
202300045243;155 600 275;B01;2;1;0;2;7;26;5;
202300045244;155 600 273;A01;1;37;0;0;3;0;4;1
202300045245;155 600 272;A01;1;7;0;1;1;1;1;
202300045246;155 600 270;A01;3;7;0;2;3;9;1;
202300045246;155 600 271;B01;3;50;0;2;7;1;3;
202300045247;155 600 269;A01;2;7;15;0;1;14;1;
202300045248;155 600 267;A01;2;7;0;2;2;1;1;
202300045248;155 600 268;B01;3;1;0;2;7;19;5;
202300045249;155 600 265;A01;1;7;0;2;3;15;1;
202300045249;155 600 266;B01;2;33;0;2;1;1;1;
202300045250;155 600 264;A01;2;7;3;0;1;1;1;
202300045251;155 600 262;A01;1;7;0;0;1;14;2;
202300045252;155 600 261;A01;1;7;0;2;1;2;1;
202300045252;155 600 263;B01;1;10;0;2;4;2;1;
202300045253;155 600 260;A01;3;7;8;0;1;1;1;
202300045254;155 600 258;B01;3;1;0;2;1;26;5;
202300045254;155 600 259;A01;3;7;0;2;3;1;1;
202300045255;155 600 256;A01;2;7;0;2;1;2;2;
202300045255;155 600 257;B01;2;10;0;2;4;2;1;
202300045256;155 600 255;A01;1;32;0;1;1;1;1;
202300045257;155 600 253;A01;2;10;0;1;2;1;1;
202300045258;155 600 252;B01;3;7;0;2;2;1;3;
202300045258;155 600 254;A01;3;7;0;2;8;15;1;
202300045259;155 600 250;Z01;1;30;0;1;1;14;0;
202300045260;155 600 249;A01;1;7;0;2;1;1;3;
202300045260;155 600 251;B01;3;80;0;2;3;9;3;
202300045261;155 600 248;A01;0;7;0;1;4;20;1;
202300045262;155 600 246;A01;1;7;0;2;4;1;1;
202300045262;155 600 247;B01;1;7;0;2;1;1;1;
202300045263;155 600 245;A01;0;7;0;1;2;1;1;
202300045264;155 600 243;Z01;2;50;0;1;1;1;3;
202300045265;155 600 239;A01;2;7;15;2;4;4;3;
202300045265;155 600 241;B01;2;1;0;2;1;1;5;
202300045266;155 600 238;A01;2;7;12;2;1;13;1;
202300045266;155 600 240;B01;2;7;0;2;3;1;1;
202300045266;155 600 242;C01;1;7;0;0;6;1;1;
202300045266;155 600 244;D01;1;7;0;9;1;1;1;
202300045267;155 600 235;A01;1;7;0;2;1;15;2;
202300045267;155 600 236;B01;2;32;0;2;1;1;1;
202300045268;155 600 237;A01;1;3;6;0;1;19;1;
202300045269;155 600 232;A01;1;50;0;0;8;15;3;
202300045269;155 600 234;Z01;1;10;0;0;2;1;6;
202300045270;155 600 228;B01;2;7;0;2;3;1;1;
202300045270;155 600 229;A01;2;33;0;2;3;1;1;
202300045271;155 600 227;A01;2;7;0;1;2;1;0;
202300045272;155 600 225;A01;2;7;0;2;4;1;0;
202300045272;155 600 226;B01;2;1;0;2;1;2;5;
202300045273;155 600 223;B01;1;7;0;2;6;24;1;
202300045273;155 600 224;A01;1;7;1;0;2;9;2;
202300045274;155 600 221;A01;1;50;0;2;1;14;3;
202300045274;155 600 222;B01;2;1;0;2;1;13;5;
202300045275;155 600 219;A01;0;7;0;2;1;14;0;
202300045275;155 600 220;B01;0;7;0;2;1;13;0;
202300045276;155 600 217;B01;1;7;0;2;1;15;2;
202300045276;155 600 218;A01;2;80;0;2;7;1;3;
202300045277;155 600 215;A01;1;34;0;2;7;1;1;
202300045277;155 600 216;Z01;2;7;0;2;0;0;0;
202300045278;155 600 214;B01;1;80;0;1;1;1;3;
202300045279;155 600 212;A01;1;7;0;2;1;5;1;
202300045279;155 600 213;B01;2;10;0;2;1;1;1;
202300045280;155 600 211;A01;2;32;12;0;1;13;1;
202300045281;155 600 210;A01;3;7;0;1;7;0;1;
202300045282;155 600 208;A01;2;1;0;2;1;2;5;
202300045282;155 600 209;B01;2;10;0;0;4;1;1;
202300045283;155 600 206;A01;0;7;0;2;1;26;0;
202300045283;155 600 207;B01;0;7;0;2;8;0;1;
202300045284;155 600 205;A01;1;80;14;0;3;13;3;
202300045285;155 600 202;A01;0;7;8;2;1;2;1;
202300045285;155 600 204;B01;0;7;0;2;4;23;2;
202300045286;155 600 203;A01;2;80;12;0;1;14;3;
202300045287;155 600 198;C01;0;1;0;2;8;19;5;
202300045287;155 600 200;A01;2;7;0;2;1;1;1;
202300045287;155 600 201;B01;2;7;0;2;1;1;1;
202300045288;155 600 197;A01;3;7;15;2;1;26;0;
202300045288;155 600 199;B01;3;7;0;2;1;1;1;
202300045289;155 600 196;A01;3;7;0;1;4;4;0;
202300045290;155 600 192;B01;2;7;0;2;8;11;1;
202300045290;155 600 194;A01;2;33;0;2;2;3;1;
202300045291;155 600 193;B01;1;7;1;2;8;1;1;
202300045291;155 600 195;A01;1;7;0;2;1;1;1;
202300045292;155 600 191;A01;2;30;14;0;7;2;3;
202300045293;155 600 190;A01;3;7;1;0;1;21;1;
202300045294;155 600 188;A01;0;10;0;2;2;22;1;
202300045294;155 600 189;B01;0;1;0;2;3;1;5;
202300045295;155 600 187;A01;1;7;0;1;3;15;1;
202300045296;155 600 183;A01;2;10;0;2;8;13;1;
202300045296;155 600 185;B01;2;32;0;2;2;13;1;
202300045296;155 600 186;C01;1;34;0;2;3;26;1;
202300045297;155 600 182;B01;1;7;0;2;5;15;1;
202300045297;155 600 184;A01;1;33;0;2;1;1;1;
202300045298;155 600 178;Z01;3;7;0;2;1;1;0;
202300045298;155 600 180;A01;3;34;0;2;1;17;1;
202300045299;155 600 179;A01;1;1;0;2;3;0;5;
202300045299;155 600 181;Z01;1;0;0;2;2;12;0;
202300045300;155 600 176;Z01;3;30;0;0;8;1;1;
202300045301;155 600 174;C01;2;7;0;2;4;0;0;
202300045301;155 600 175;B01;2;3;0;2;4;2;0;
202300045301;155 600 177;A01;2;7;0;2;1;2;0;
202300045302;155 600 173;A01;1;7;0;1;3;15;1;
202300045303;155 600 172;A01;1;7;0;0;0;0;1;
202300045304;155 600 171;A01;1;33;0;6;1;1;1;
202300045305;155 600 169;A01;1;7;0;1;0;23;1;
202300045305;155 600 170;B01;3;10;1;0;0;1;1;
202300045306;155 600 166;B01;2;2;0;2;1;1;1;
202300045306;155 600 168;A01;1;7;0;2;2;15;1;
202300045307;155 600 164;A01;1;7;0;2;3;5;1;
202300045307;155 600 165;B01;2;7;0;2;2;1;1;
202300045308;155 600 161;A01;1;3;0;0;9;0;1;
202300045309;155 600 162;B01;2;1;0;2;1;1;5;
202300045309;155 600 163;Z01;1;1;0;2;1;1;5;
202300045310;155 600 158;A01;3;7;0;2;8;20;0;
202300045310;155 600 160;B01;3;30;0;2;7;17;1;
202300045311;155 600 157;A01;1;7;0;2;2;16;1;
202300045311;155 600 159;B01;1;1;0;2;0;1;5;
202300045312;155 600 154;A01;2;7;0;2;3;2;1;
202300045312;155 600 155;B01;1;50;0;2;1;5;3;
202300045313;155 600 153;B01;1;7;0;2;1;1;1;
202300045313;155 600 156;A01;1;10;0;2;3;1;1;
202300045314;155 600 151;A01;1;7;0;1;3;1;1;
202300045315;155 600 152;A01;1;7;2;0;1;21;1;
202300045316;155 600 149;C01;3;0;-1;2;0;0;0;
202300045316;155 600 150;B01;3;31;0;2;3;1;1;
202300045317;155 600 148;A01;1;7;0;1;2;26;1;
202300045318;155 600 147;A01;3;7;0;1;2;0;1;
202300045319;155 600 144;Z01;2;10;0;1;1;1;1;
202300045320;155 600 143;A01;1;7;0;1;3;15;1;
202300045321;155 600 141;A01;1;7;0;2;4;4;1;
202300045321;155 600 142;B01;1;1;0;2;1;1;5;
202300045322;155 600 139;A01;0;2;0;2;1;1;1;
202300045322;155 600 140;B01;3;7;0;2;1;9;0;
202300045323;155 600 138;A01;2;7;16;9;2;1;2;
202300045324;155 600 137;A01;1;33;0;0;0;26;1;
202300045325;155 600 136;A01;1;10;0;0;0;0;0;
202300045326;155 600 133;A01;1;7;0;2;7;1;1;
202300045326;155 600 134;B01;3;7;0;2;8;1;1;
202300045327;155 600 130;A01;1;43;14;0;2;3;1;
202300045328;155 600 129;A01;1;7;0;0;6;23;1;
202300045328;155 600 131;B01;1;7;0;2;5;23;1;
202300045328;155 600 132;C01;1;7;0;2;1;2;1;
202300045328;155 600 135;D01;1;0;0;0;0;10;0;
202300045329;155 600 128;A01;2;36;12;0;9;1;1;
202300045330;155 600 126;A01;2;7;0;0;9;13;1;
202300045331;155 600 125;B01;1;33;0;2;1;1;0;
202300045331;155 600 127;A01;2;7;0;2;1;15;0;
202300045332;155 600 123;A01;3;1;0;2;1;1;5;
202300045332;155 600 124;B01;0;7;0;9;5;1;1;
202300045333;155 600 122;A01;1;7;6;0;1;19;1;
202300045334;155 600 120;A01;1;7;0;2;1;1;1;
202300045334;155 600 121;B01;2;7;0;2;1;1;1;
202300045335;155 600 118;A01;1;7;13;0;1;0;1;
202300045336;155 600 117;A01;1;7;0;0;3;1;1;
202300045336;155 600 119;B01;3;1;0;0;2;16;5;
202300045337;155 600 115;A01;2;60;0;0;0;1;5;
202300045338;155 600 114;A01;1;2;0;2;1;17;1;
202300045338;155 600 116;B01;1;7;0;0;3;15;1;
202300045339;155 600 111;A01;1;7;0;2;1;1;1;
202300045339;155 600 112;B01;1;10;0;0;4;1;1;
202300045340;155 600 110;A01;2;31;0;2;1;17;1;
202300045340;155 600 113;B01;2;7;0;2;6;15;1;
202300045341;155 600 108;A01;1;7;0;0;4;2;1;
202300045341;155 600 109;B01;1;7;0;2;1;2;1;
202300045342;155 600 105;A01;1;7;0;0;9;1;1;
202300045343;155 600 106;A01;0;7;0;2;2;1;1;
202300045343;155 600 107;B01;2;60;0;2;0;19;5;
202300045344;155 600 104;A01;1;7;13;0;3;0;1;
202300045345;155 600 101;A01;2;7;0;2;1;26;1;
202300045345;155 600 103;B01;2;10;0;0;8;1;1;
202300045346;155 600 100;A01;1;7;0;2;1;0;1;
202300045346;155 600 102;B01;2;7;0;2;1;0;1;
202300045347;155 600 098;A01;3;7;0;2;5;19;1;
202300045347;155 600 099;B01;3;2;0;2;1;1;3;
202300045348;155 600 095;A01;2;7;0;2;1;19;1;
202300045348;155 600 097;B01;1;7;0;2;8;1;1;
202300045349;155 600 094;B01;1;33;0;2;1;1;1;
202300045349;155 600 096;A01;2;7;0;0;3;0;0;
202300045350;155 600 091;A01;1;10;0;2;1;16;3;
202300045350;155 600 093;B01;2;7;0;0;5;1;1;
202300045351;155 600 088;A01;2;7;0;2;3;13;1;
202300045351;155 600 089;B01;1;7;0;2;3;1;1;
202300045352;155 600 087;A01;2;7;7;0;6;19;1;
202300045352;155 600 090;B01;2;0;0;2;1;1;0;
202300045353;155 600 084;A01;2;7;0;2;3;13;1;
202300045353;155 600 086;B01;1;33;0;2;1;1;1;
202300045354;155 600 083;A01;2;7;0;0;3;11;1;
202300045354;155 600 085;B01;1;7;0;0;3;1;1;
202300045355;155 600 081;A01;1;7;13;0;1;1;1;
202300045356;155 600 080;A01;1;7;0;2;1;2;1;
202300045356;155 600 082;B01;2;7;0;2;1;5;1;
202300045357;155 600 076;A01;2;7;0;2;1;17;1;
202300045357;155 600 079;B01;1;7;0;2;1;1;1;
202300045358;155 600 075;B01;1;1;0;2;3;2;5;
202300045358;155 600 077;A01;2;7;0;9;2;2;1;
202300045358;155 600 078;C01;1;1;0;2;3;2;5;
202300045359;155 600 070;A01;1;7;0;1;1;1;2;
202300045360;155 600 066;A01;2;7;13;0;1;1;1;
202300045361;155 600 067;C01;2;7;0;2;1;1;1;
202300045361;155 600 068;A01;1;7;0;2;1;13;2;
202300045361;155 600 069;B01;2;7;0;2;1;1;1;
202300045362;155 600 064;A01;1;7;0;0;9;1;1;
202300045363;155 600 063;A01;1;7;0;2;2;2;1;
202300045363;155 600 065;B01;0;1;5;0;4;2;5;
202300045364;155 600 062;A01;1;7;0;0;9;14;1;
202300045365;155 600 060;B01;2;7;0;2;6;1;1;
202300045365;155 600 061;A01;1;33;4;2;3;0;1;
202300045366;155 600 057;B01;3;7;0;2;3;15;1;
202300045366;155 600 058;A01;2;33;0;2;1;1;1;
202300045367;155 600 055;A01;2;2;0;2;6;15;1;
202300045367;155 600 056;B01;2;7;0;2;2;17;1;
202300045368;155 600 053;A01;0;7;2;0;1;1;0;
202300045369;155 600 050;A01;0;7;0;0;1;0;1;
202300045369;155 600 051;B01;0;7;0;0;3;0;0;
202300045370;155 600 049;A01;1;7;6;0;1;1;1;
202300045371;155 600 046;A01;3;7;17;0;3;1;1;
202300045372;155 600 044;A01;1;7;0;2;1;5;1;
202300045372;155 600 045;B01;2;7;0;2;3;1;1;
202300045372;155 600 047;C01;2;7;0;2;2;1;1;
202300045372;155 600 048;D01;2;7;0;2;1;1;1;
202300045373;155 600 042;B01;2;7;0;2;2;1;1;
202300045373;155 600 043;A01;2;1;0;2;8;10;5;
202300045374;155 600 040;A01;2;21;0;0;5;15;0;
202300045374;155 600 041;B01;1;7;0;2;1;1;1;
202300045375;155 600 039;A01;1;10;0;1;3;1;1;
202300045376;155 600 037;A01;2;7;0;2;2;17;1;
202300045376;155 600 038;B01;1;2;0;2;1;26;1;
202300045377;155 600 036;A01;0;50;0;1;1;0;3;
202300045378;155 600 035;A01;2;7;0;0;2;0;0;
202300045379;155 600 033;A01;1;7;0;2;3;17;1;
202300045379;155 600 034;B01;1;2;0;2;1;1;1;
202300045380;155 600 031;A01;1;7;13;0;1;21;1;
202300045380;155 600 032;B01;1;7;0;2;1;1;1;
202300045381;155 600 028;A01;0;7;0;2;3;9;1;
202300045381;155 600 030;B01;3;7;0;2;7;1;1;
202300045382;155 600 026;A01;2;10;0;0;1;1;0;
202300045382;155 600 027;C01;2;32;0;2;2;1;0;
202300045382;155 600 029;B01;2;32;0;9;3;1;0;
202300045383;155 600 023;A01;2;7;0;2;3;15;1;
202300045383;155 600 024;B01;2;2;0;2;1;17;1;
202300045384;155 600 021;A01;2;7;0;0;0;0;1;
202300045384;155 600 022;B01;1;30;0;2;0;0;1;
202300045385;155 600 019;A01;3;7;0;2;3;1;2;
202300045385;155 600 020;B01;3;31;0;2;1;13;1;
202300045386;155 600 016;A01;1;3;0;0;0;21;1;
202300045386;155 600 018;B01;2;33;0;0;0;15;1;
202300045387;155 600 014;A01;1;7;5;0;1;19;1;
202300045388;155 600 012;A01;2;7;0;2;2;15;0;
202300045388;155 600 013;B01;2;33;0;2;8;1;1;
202300045389;155 600 011;A01;3;33;13;0;0;1;1;
202300045390;155 600 010;A01;3;7;0;1;8;23;1;
202300045391;155 600 008;A01;1;7;0;2;1;23;1;
202300045391;155 600 009;B01;2;33;0;2;1;13;1;
202300045392;155 600 006;A01;1;7;6;0;1;14;1;
202300045393;155 600 005;A01;1;7;0;2;1;13;1;
202300045393;155 600 007;B01;2;7;0;2;1;21;1;
202300045394;155 600 003;A01;0;33;0;2;1;13;1;
202300045394;155 600 004;B01;0;7;0;2;2;1;1;
202300045395;155 600 002;A01;1;7;14;0;2;0;1;
202300045396;155 600 001;A01;1;32;0;6;1;19;1;
202300045397;155 600 000;A01;1;7;17;0;1;0;0;
202300045398;155 599 997;A01;2;15;0;2;2;2;1;
202300045398;155 599 998;B01;1;7;0;2;3;1;1;
202300045399;155 599 996;B01;2;7;0;2;8;15;1;
202300045399;155 599 999;A01;1;7;0;2;1;1;1;
202300045400;155 599 995;A01;1;1;0;0;0;1;5;
202300045401;155 599 992;B01;3;2;0;2;1;1;1;
202300045401;155 599 994;A01;3;7;0;2;7;15;1;
202300045402;155 599 991;A01;1;7;0;2;3;1;1;
202300045402;155 599 993;B01;3;7;0;2;3;19;1;
202300045403;155 599 990;A01;1;7;0;0;0;1;1;
202300045404;155 599 988;A01;1;7;0;0;3;26;1;
202300045404;155 599 989;B01;1;2;0;2;1;1;1;
202300045405;155 599 987;A01;3;33;6;0;1;14;1;
202300045406;155 599 984;A01;1;31;0;2;7;1;1;
202300045406;155 599 986;B01;2;7;0;2;2;15;0;
202300045407;155 599 981;A01;2;7;0;2;2;3;1;
202300045407;155 599 982;B01;2;7;0;2;6;1;1;
202300045408;155 599 979;A01;1;7;3;2;1;1;1;
202300045408;155 599 980;B01;1;7;0;0;6;1;1;
202300045409;155 599 977;A01;1;10;0;2;8;11;1;
202300045409;155 599 978;B01;1;32;0;2;2;3;1;
202300045410;155 599 976;A01;2;7;15;0;1;1;1;
202300045411;155 599 974;B01;2;7;0;2;2;12;-1;
202300045411;155 599 975;A01;2;34;3;2;0;3;1;
202300045412;155 599 973;A01;1;7;9;0;9;1;1;
202300045413;155 599 972;A01;1;34;3;0;0;3;1;
202300045414;155 599 970;A01;1;7;0;0;0;26;1;
202300045414;155 599 971;B01;2;7;0;9;1;1;1;
202300045415;155 599 965;B01;2;7;0;2;3;1;1;
202300045415;155 599 967;D01;2;10;0;2;8;1;1;
202300045415;155 599 968;A01;1;7;0;2;8;21;1;
202300045415;155 599 969;C01;2;7;0;2;8;1;1;
202300045416;155 599 964;B01;1;33;0;2;2;3;1;
202300045416;155 599 966;A01;1;7;0;2;3;11;1;
202300045417;155 599 962;A01;1;33;0;0;7;16;1;
202300045418;155 599 957;A01;2;7;0;2;3;0;1;
202300045418;155 599 959;B01;2;7;0;2;9;0;1;
202300045419;155 599 956;A01;1;7;12;2;7;26;1;
202300045419;155 599 958;E01;1;7;0;2;4;23;1;
202300045419;155 599 960;B01;1;7;0;2;3;1;1;
202300045419;155 599 961;C01;1;7;0;2;2;23;1;
202300045419;155 599 963;D01;1;16;0;2;2;23;1;
202300045420;155 599 955;A01;1;33;16;0;0;1;1;
202300045421;155 599 952;A01;2;10;4;2;1;2;1;
202300045421;155 599 954;B01;2;7;4;2;4;1;1;
202300045422;155 599 951;A01;1;7;0;2;2;1;1;
202300045422;155 599 953;B01;1;17;0;2;8;1;1;
202300045423;155 599 949;A01;1;7;3;2;1;1;1;
202300045423;155 599 950;B01;1;7;3;2;4;1;1;
202300045424;155 599 946;A01;1;7;0;2;1;11;1;
202300045424;155 599 948;B01;1;7;0;2;4;1;1;
202300045425;155 599 944;A01;1;33;0;2;1;3;1;
202300045425;155 599 945;C01;1;10;0;2;6;1;1;
202300045425;155 599 947;B01;1;7;0;2;5;12;1;
202300045426;155 599 940;B01;1;7;0;2;9;21;1;
202300045426;155 599 942;C01;1;7;0;2;6;1;1;
202300045426;155 599 943;A01;1;7;0;2;1;1;1;
202300045427;155 599 938;A01;1;7;0;2;1;2;1;
202300045427;155 599 939;B01;1;7;0;2;4;2;1;
202300045427;155 599 941;C01;1;7;0;0;4;2;1;
202300045428;155 599 937;A01;2;7;4;0;8;2;1;
202300045429;155 599 936;A01;1;7;16;0;1;1;1;
202300045430;155 599 934;B01;1;7;0;2;1;21;1;
202300045430;155 599 935;A01;1;7;0;2;4;2;1;
202300045431;155 599 930;B01;2;14;0;2;3;15;1;
202300045431;155 599 932;A01;2;2;0;2;1;17;3;
202300045432;155 599 928;A01;2;7;0;2;5;1;1;
202300045432;155 599 929;B01;2;7;0;2;3;1;2;
202300045432;155 599 931;C01;2;10;0;2;2;1;1;
202300045432;155 599 933;D01;2;33;0;2;7;1;1;
202300045433;155 599 927;A01;0;2;0;1;8;26;3;
202300045434;155 599 926;A01;1;7;1;2;9;16;1;
202300045435;155 599 923;A01;1;30;0;0;7;16;1;
202300045436;155 599 920;A01;0;7;6;2;1;26;1;
202300045436;155 599 921;B01;0;30;0;2;9;0;3;
202300045437;155 599 918;A01;3;7;0;1;3;1;1;
202300045438;155 599 917;A01;1;7;0;1;1;15;1;
202300045439;155 599 915;A01;1;7;0;2;3;1;1;
202300045439;155 599 916;B01;2;7;0;2;1;5;1;
202300045440;155 599 914;A01;1;7;0;1;3;1;1;
202300045441;155 599 911;A01;2;7;0;2;1;13;1;
202300045441;155 599 912;B01;1;7;0;2;3;0;1;
202300045442;155 599 910;A01;1;7;0;2;1;16;1;
202300045442;155 599 913;B01;3;1;0;2;8;1;5;
202300045443;155 599 907;A01;2;30;0;2;1;1;1;
202300045443;155 599 909;B01;2;7;0;2;4;23;1;
202300045444;155 599 906;A01;1;7;0;2;0;0;1;
202300045444;155 599 908;B01;2;7;0;2;0;0;1;
202300045445;155 599 905;A01;1;7;15;0;3;26;1;
202300045446;155 599 904;A01;3;7;3;0;3;13;1;
202300045447;155 599 902;A01;1;7;0;1;2;1;1;
202300045448;155 599 899;A01;1;33;0;2;1;17;1;
202300045448;155 599 900;B01;1;7;0;2;3;15;1;
202300045449;155 599 896;A01;1;33;12;0;1;0;1;
202300045450;155 599 895;A01;2;7;0;2;1;13;1;
202300045450;155 599 897;B01;2;7;0;2;1;1;1;
202300045451;155 599 892;B01;2;7;0;2;1;1;1;
202300045451;155 599 893;A01;1;31;0;2;1;13;1;
202300045452;155 599 890;A01;1;7;0;2;1;15;1;
202300045452;155 599 891;B01;2;7;0;2;1;1;1;
202300045453;155 599 889;A01;1;7;4;0;1;1;1;
202300045454;155 599 884;B01;2;7;0;2;1;1;1;
202300045454;155 599 886;C01;2;7;0;2;1;17;1;
202300045454;155 599 888;A01;1;7;0;2;1;13;3;
202300045455;155 599 883;A01;2;7;0;2;1;2;1;
202300045455;155 599 885;B01;2;7;0;2;4;1;1;
202300045455;155 599 887;C01;2;14;0;2;4;2;1;
202300045456;155 599 879;A01;0;31;0;2;2;17;1;
202300045456;155 599 881;B01;0;7;0;2;3;15;1;
202300045457;155 599 880;B01;3;17;0;2;1;15;1;
202300045457;155 599 882;A01;1;10;0;2;1;1;1;
202300045458;155 599 876;B01;1;7;0;2;4;1;1;
202300045458;155 599 878;A01;1;30;0;2;1;1;1;
202300045459;155 599 875;A01;2;7;0;2;0;1;1;
202300045459;155 599 877;B01;2;7;0;2;0;2;1;
202300045460;155 599 873;A01;2;3;0;2;2;9;1;
202300045460;155 599 874;B01;2;10;0;2;1;1;1;
202300045461;155 599 872;A01;2;7;8;0;1;1;1;
202300045462;155 599 871;A01;0;7;3;0;3;26;1;
202300045463;155 599 869;A01;2;33;0;2;1;18;1;
202300045463;155 599 870;B01;1;7;0;2;5;15;1;
202300045464;155 599 867;A01;1;7;0;1;2;1;1;
202300045465;155 599 866;A01;2;7;0;9;3;1;1;
202300045465;155 599 868;B01;3;80;0;2;7;1;3;
202300045466;155 599 865;A01;1;7;0;1;2;1;1;
202300045467;155 599 864;A01;2;7;0;1;7;1;1;
202300045468;155 599 863;A01;1;50;0;1;1;25;3;
202300045469;155 599 861;A01;2;7;0;1;2;26;1;
202300045470;155 599 859;A01;2;7;0;2;1;2;1;
202300045470;155 599 860;B01;2;7;0;2;4;2;1;
202300045470;155 599 862;C01;2;7;0;2;4;2;1;
202300045471;155 599 857;A01;1;15;8;-1;5;14;1;
202300045471;155 599 858;B01;1;15;0;2;0;0;1;
202300045472;155 599 856;A01;1;7;0;1;1;1;1;
202300045473;155 599 855;A01;3;31;4;0;0;0;1;
202300045474;155 599 853;B01;2;7;0;2;3;15;1;
202300045474;155 599 854;A01;1;50;0;2;1;1;3;
202300045475;155 599 851;B01;3;10;0;2;3;9;0;
202300045475;155 599 852;A01;3;33;0;2;1;17;0;
202300045476;155 599 848;A01;1;14;0;2;1;26;1;
202300045476;155 599 849;B01;1;7;3;0;2;1;1;
202300045477;155 599 847;A01;1;7;0;2;2;11;1;
202300045477;155 599 850;B01;1;10;0;2;1;1;1;
202300045478;155 599 846;A01;3;1;3;0;0;1;5;
202300045479;155 599 844;A01;1;7;0;2;3;16;1;
202300045479;155 599 845;B01;1;33;0;2;2;1;1;
202300045480;155 599 842;B01;2;7;0;2;4;23;1;
202300045480;155 599 843;A01;2;7;0;2;1;1;1;
202300045481;155 599 840;A01;2;7;0;2;1;2;1;
202300045481;155 599 841;B01;2;7;0;2;4;23;1;
202300045482;155 599 839;A01;1;7;12;0;2;14;1;
202300045483;155 599 838;A01;3;17;11;0;7;1;1;
202300045484;155 599 837;A01;1;7;0;1;2;1;1;
202300045485;155 599 836;Z01;1;7;0;1;1;1;1;
202300045486;155 599 835;A01;2;7;12;0;1;1;1;
202300045487;155 599 834;A01;1;7;0;2;3;15;1;
202300045488;155 599 831;B01;3;43;0;2;1;1;1;
202300045488;155 599 833;A01;3;7;0;2;7;15;1;
202300045489;155 599 830;Z01;3;10;0;2;1;9;0;
202300045489;155 599 832;B01;3;2;0;2;5;1;1;
202300045490;155 599 828;A01;3;10;0;1;2;1;1;
202300045491;155 599 827;A01;2;7;0;2;4;10;0;
202300045491;155 599 829;B01;3;33;0;2;1;1;1;
202300045492;155 599 825;A01;1;10;0;2;2;16;1;
202300045492;155 599 826;B01;1;37;0;2;3;1;1;2
202300045493;155 599 824;A01;2;50;0;1;1;3;3;
202300045494;155 599 823;A01;3;14;0;1;2;5;1;