Num_Acc;id_vehicule;num_veh;senc;catv;obs;obsm;choc;manv;motor;occutc
202300045782;155 599 333;B01;1;7;0;9;8;1;1;
202300045782;155 599 336;C01;1;10;0;2;8;1;1;
202300045783;155 599 325;A01;3;7;0;1;3;19;0;
202300045784;155 599 323;A01;1;32;0;2;7;1;1;
202300045784;155 599 326;B01;1;7;0;2;3;1;1;
202300045785;155 599 321;A01;3;7;0;2;2;15;0;
202300045785;155 599 327;B01;3;7;0;2;8;1;0;
202300045786;155 599 318;A01;2;7;0;2;1;1;1;
202300045786;155 599 320;B01;2;1;0;2;4;1;5;
202300045787;155 599 322;B01;1;33;0;2;4;23;1;
202300045787;155 599 324;A01;1;7;0;2;2;1;1;
202300045788;155 599 317;B01;2;33;0;2;8;1;1;
202300045788;155 599 319;A01;2;7;0;2;7;14;1;
202300045789;155 599 315;B01;3;1;0;2;3;1;5;
202300045789;155 599 316;A01;0;99;0;2;1;0;-1;
202300045790;155 599 313;A01;3;36;13;0;7;14;1;
202300045791;155 599 311;A01;1;33;0;2;1;2;1;
202300045791;155 599 314;B01;1;7;0;2;4;2;1;
202300045792;155 599 308;B01;2;7;0;2;2;12;1;
202300045792;155 599 310;C01;2;7;0;2;6;1;1;
202300045792;155 599 312;A01;2;33;0;2;1;3;1;
202300045793;155 599 307;A01;0;37;0;1;2;14;1;1
202300045794;155 599 305;A01;1;7;0;2;1;1;1;
202300045794;155 599 309;B01;2;7;0;2;1;1;1;
202300045795;155 599 300;A01;2;7;0;2;2;1;1;
202300045795;155 599 303;B01;2;7;0;2;1;1;1;
202300045796;155 599 298;B01;3;7;0;2;1;1;1;
202300045796;155 599 302;A01;1;7;8;2;1;15;1;
202300045797;155 599 296;C01;1;21;0;2;6;2;1;
202300045797;155 599 299;B01;1;7;0;2;1;2;1;
202300045797;155 599 301;A01;1;10;0;2;2;21;1;
202300045798;155 599 297;A01;3;7;0;1;1;1;0;
202300045799;155 599 295;A01;3;10;0;1;4;4;1;
202300045800;155 599 293;A01;3;33;0;1;2;21;1;
202300045801;155 599 292;A01;1;7;0;1;1;1;1;
202300045802;155 599 291;B01;3;1;0;2;4;2;5;
202300045802;155 599 294;A01;3;7;0;9;2;2;0;
202300045803;155 599 289;B01;2;7;0;0;6;2;1;
202300045803;155 599 290;A01;2;33;0;2;2;2;1;
202300045804;155 599 286;A01;1;7;13;0;2;9;0;
202300045805;155 599 287;A01;3;10;0;1;3;15;1;
202300045806;155 599 284;B01;1;7;0;2;3;1;1;
202300045806;155 599 288;A01;2;33;0;2;3;13;1;
202300045807;155 599 283;A01;1;7;0;9;3;15;1;
202300045807;155 599 285;B01;1;1;0;2;2;17;5;
202300045808;155 599 279;A01;2;7;0;2;2;1;0;
202300045808;155 599 282;B01;2;15;0;0;6;1;0;
202300045809;155 599 280;B01;3;33;0;2;2;11;1;
202300045809;155 599 281;A01;3;10;0;2;0;0;1;
202300045810;155 599 277;A01;2;7;0;1;0;21;1;
202300045811;155 599 276;A01;2;7;0;9;2;3;-1;
202300045811;155 599 278;B01;1;1;0;2;1;3;5;
202300045812;155 599 273;A01;0;7;0;2;3;1;1;
202300045812;155 599 275;B01;0;1;0;2;3;0;5;
202300045813;155 599 272;A01;1;7;0;1;2;1;1;
202300045814;155 599 270;A01;1;7;2;0;1;17;1;
202300045815;155 599 267;A01;1;31;0;2;7;5;1;
202300045815;155 599 269;B01;1;10;0;2;2;21;1;
202300045816;155 599 266;B01;0;32;0;2;3;15;1;
202300045816;155 599 268;A01;1;10;0;2;3;2;1;
202300045817;155 599 262;A01;0;7;0;9;7;15;1;
202300045817;155 599 265;B01;3;1;0;2;1;1;5;
202300045818;155 599 258;C01;2;7;0;9;1;1;1;
202300045818;155 599 260;B01;2;7;0;2;3;1;1;
202300045818;155 599 263;A01;2;7;0;2;2;12;1;
202300045819;155 599 257;B01;3;10;0;2;3;15;1;
202300045819;155 599 261;A01;3;43;0;2;2;15;1;
202300045820;155 599 255;A01;1;10;0;0;4;26;1;
202300045820;155 599 256;B01;1;33;0;2;1;2;3;
202300045821;155 599 250;A01;1;33;0;2;1;3;1;
202300045821;155 599 254;B01;1;7;0;2;4;1;1;
202300045822;155 599 252;A01;3;7;1;1;1;17;1;
202300045823;155 599 248;A01;1;31;0;0;1;17;1;
202300045823;155 599 251;B01;1;7;0;0;8;11;1;
202300045824;155 599 246;A01;1;7;3;2;1;2;1;
202300045824;155 599 247;B01;1;7;3;2;4;2;1;
202300045825;155 599 245;A01;3;33;0;1;1;3;1;
202300045826;155 599 243;A01;1;7;0;1;1;0;1;
202300045827;155 599 240;A01;2;32;0;2;1;2;1;
202300045827;155 599 242;B01;2;7;0;2;5;2;1;
202300045828;155 599 239;B01;2;7;0;2;7;1;1;
202300045828;155 599 241;A01;0;7;0;2;4;26;0;
202300045829;155 599 232;A01;1;7;4;2;2;5;1;
202300045829;155 599 236;B01;2;7;0;2;2;1;1;
202300045830;155 599 234;B01;1;7;0;2;1;1;1;
202300045830;155 599 237;A01;1;10;0;2;2;19;1;
202300045831;155 599 231;C01;2;7;0;2;4;1;1;
202300045831;155 599 235;A01;2;0;0;2;1;0;0;
202300045831;155 599 238;B01;2;33;0;2;1;3;1;
202300045832;155 599 230;A01;2;1;0;2;1;19;5;
202300045832;155 599 233;B01;1;7;0;9;6;1;0;
202300045833;155 599 227;A01;1;7;0;2;7;12;1;
202300045833;155 599 228;B01;1;32;0;2;8;1;1;
202300045834;155 599 225;A01;2;2;0;0;8;0;1;
202300045834;155 599 229;B01;2;33;0;2;1;1;1;
202300045835;155 599 223;B01;1;7;0;2;2;2;1;
202300045835;155 599 226;A01;1;7;3;2;8;19;1;
202300045836;155 599 222;A01;1;33;0;2;1;1;1;
202300045836;155 599 224;B01;2;7;0;2;7;15;0;
202300045837;155 599 220;A01;1;10;0;2;8;11;1;
202300045837;155 599 221;B01;1;33;0;2;7;3;1;
202300045838;155 599 215;A01;0;7;0;2;1;0;1;
202300045838;155 599 218;B01;0;99;0;2;8;1;3;
202300045839;155 599 216;A01;1;7;0;2;7;15;1;
202300045839;155 599 219;B01;2;33;0;2;1;1;1;
202300045840;155 599 214;B01;1;7;0;0;4;2;0;
202300045840;155 599 217;A01;1;7;0;2;1;2;0;
202300045841;155 599 212;A01;1;7;0;2;1;1;1;
202300045841;155 599 213;B01;1;7;0;2;4;2;1;
202300045842;155 599 209;A01;3;7;0;1;1;15;1;
202300045843;155 599 207;A01;1;7;0;2;3;10;1;
202300045843;155 599 211;B01;2;33;0;2;1;1;1;
202300045844;155 599 205;B01;1;1;0;2;1;1;5;
202300045844;155 599 210;A01;2;7;0;2;7;15;1;
202300045845;155 599 204;A01;2;7;0;2;1;11;1;
202300045845;155 599 206;C01;2;7;0;2;4;1;1;
202300045845;155 599 208;B01;2;7;0;2;4;1;1;
202300045846;155 599 200;A01;1;7;0;2;3;13;1;
202300045846;155 599 202;B01;2;7;0;2;3;1;1;
202300045847;155 599 198;Z01;1;10;0;1;1;17;0;
202300045848;155 599 199;A01;1;33;0;2;1;16;1;
202300045848;155 599 203;B01;2;33;0;2;1;15;1;
202300045849;155 599 197;A01;2;31;0;2;3;2;0;
202300045849;155 599 201;B01;2;7;0;2;2;12;0;
202300045850;155 599 196;A01;2;7;6;0;1;1;1;
202300045851;155 599 192;A01;1;10;0;2;1;1;1;
202300045851;155 599 195;B01;1;7;0;2;4;2;1;
202300045852;155 599 193;A01;1;15;1;1;2;1;1;
202300045853;155 599 189;A01;2;7;0;1;2;17;1;
202300045854;155 599 188;A01;2;7;0;2;5;1;1;
202300045854;155 599 190;B01;2;80;0;2;7;2;3;
202300045855;155 599 191;A01;1;7;0;2;1;13;1;
202300045855;155 599 194;B01;2;7;5;2;1;1;1;
202300045856;155 599 186;A01;1;2;0;2;1;1;1;
202300045856;155 599 187;B01;1;7;0;2;2;1;1;
202300045857;155 599 185;A01;3;7;16;0;1;26;0;
202300045858;155 599 183;A01;1;7;0;2;1;2;1;
202300045858;155 599 184;B01;1;7;0;0;4;2;1;
202300045859;155 599 180;A01;3;7;0;1;1;14;1;
202300045860;155 599 179;A01;1;31;0;2;1;19;1;
202300045860;155 599 181;B01;1;7;0;0;4;0;1;
202300045861;155 599 178;A01;1;7;0;9;1;15;1;
202300045861;155 599 182;B01;1;33;0;2;7;1;0;
202300045862;155 599 176;A01;1;10;0;1;3;14;1;
202300045863;155 599 174;B01;3;1;0;2;0;0;5;
202300045863;155 599 177;A01;2;7;0;2;1;17;1;
202300045864;155 599 173;B01;2;30;0;0;4;1;1;
202300045864;155 599 175;A01;2;7;0;2;1;2;2;
202300045865;155 599 171;A01;2;7;15;0;1;1;1;
202300045866;155 599 168;A01;2;7;0;2;1;26;1;
202300045866;155 599 170;B01;1;7;0;2;1;1;1;
202300045867;155 599 167;B01;1;33;0;2;3;1;1;
202300045867;155 599 169;A01;1;7;0;2;2;0;1;
202300045868;155 599 165;A01;2;7;0;0;1;21;1;
202300045869;155 599 164;A01;3;7;0;2;1;26;1;
202300045869;155 599 166;B01;3;7;0;2;2;1;1;
202300045870;155 599 163;A01;2;50;0;1;4;0;3;
202300045871;155 599 158;A01;2;7;0;2;7;16;1;
202300045871;155 599 161;B01;2;80;0;2;1;1;3;
202300045872;155 599 157;A01;2;7;0;1;1;1;2;
202300045873;155 599 156;B01;3;7;0;2;8;19;1;
202300045873;155 599 159;A01;3;38;0;2;2;19;1;26
202300045874;155 599 151;A01;2;7;0;2;1;1;1;
202300045874;155 599 154;B01;2;7;0;2;8;1;1;
202300045875;155 599 150;A01;1;7;0;2;4;2;1;
202300045875;155 599 153;Z01;1;7;0;2;1;2;1;
202300045876;155 599 149;A01;2;33;1;2;1;1;1;
202300045876;155 599 152;B01;3;7;0;2;8;9;1;
202300045877;155 599 148;A01;1;7;6;1;1;16;1;
202300045878;155 599 147;A01;1;15;3;0;2;14;1;
202300045879;155 599 145;A01;2;30;0;2;1;17;1;
202300045879;155 599 146;B01;2;7;0;2;8;15;1;
202300045880;155 599 142;A01;1;30;0;2;1;17;1;
202300045880;155 599 144;B01;1;7;0;2;3;15;0;
202300045881;155 599 140;A01;2;7;0;0;0;1;1;
202300045882;155 599 141;A01;2;33;0;2;1;17;1;
202300045882;155 599 143;B01;2;7;0;2;8;15;3;
202300045883;155 599 138;A01;1;7;0;2;3;22;1;
202300045883;155 599 139;B01;1;1;1;0;1;1;5;
202300045884;155 599 136;B01;1;1;0;2;1;11;0;
202300045884;155 599 137;A01;1;7;0;2;3;26;1;
202300045885;155 599 134;A01;1;7;2;0;7;1;1;
202300045886;155 599 133;A01;1;10;0;2;7;16;1;
202300045886;155 599 135;B01;2;80;0;2;3;1;3;
202300045887;155 599 132;A01;1;30;16;0;7;1;1;
202300045888;155 599 128;A01;2;7;0;1;3;1;1;
202300045889;155 599 129;A01;0;7;0;2;1;16;1;
202300045889;155 599 131;B01;0;1;0;2;7;1;5;
202300045890;155 599 127;A01;2;7;0;2;1;2;1;
202300045890;155 599 130;B01;2;17;0;2;4;2;1;
202300045891;155 599 125;B01;1;7;0;2;4;1;1;
202300045891;155 599 126;A01;1;7;0;2;1;2;1;
202300045892;155 599 122;A01;3;7;0;9;1;1;1;
202300045892;155 599 124;B01;3;50;0;2;7;19;3;
202300045893;155 599 121;A01;2;7;0;1;8;1;1;
202300045894;155 599 120;A01;1;7;0;2;1;26;1;
202300045894;155 599 123;B01;1;7;0;2;4;2;1;
202300045895;155 599 117;A01;0;3;0;1;1;1;1;
202300045896;155 599 116;A01;1;7;0;1;3;2;1;
202300045897;155 599 115;B01;2;7;0;0;4;23;1;
202300045897;155 599 118;A01;2;7;0;2;2;1;1;
202300045898;155 599 113;B01;3;7;0;2;2;16;1;
202300045898;155 599 114;A01;3;33;0;2;3;18;1;
202300045899;155 599 112;A01;1;50;1;0;1;1;3;
202300045900;155 599 111;A01;1;7;5;9;1;14;1;
202300045901;155 599 109;B01;3;1;0;0;0;19;5;
202300045901;155 599 110;A01;1;7;0;9;1;0;1;
202300045902;155 599 105;B01;3;1;0;2;7;0;5;
202300045902;155 599 108;A01;3;7;0;2;3;1;1;
202300045903;155 599 104;A01;1;7;0;2;2;16;1;
202300045903;155 599 107;B01;1;1;0;2;3;1;5;
202300045904;155 599 103;A01;1;7;1;0;7;14;1;
202300045905;155 599 102;A01;1;7;0;2;1;1;1;
202300045905;155 599 106;B01;2;7;0;2;7;13;1;
202300045906;155 599 101;A01;1;7;0;1;2;18;1;
202300045907;155 599 099;A01;1;7;13;0;1;1;1;
202300045908;155 599 097;B01;2;15;0;2;0;1;1;
202300045908;155 599 100;A01;2;7;0;2;0;1;1;
202300045909;155 599 094;B01;1;7;0;2;4;2;1;
202300045909;155 599 096;A01;1;7;0;2;1;2;1;
202300045909;155 599 098;C01;1;7;0;2;1;2;1;
202300045910;155 599 093;B01;2;7;3;2;3;1;1;
202300045910;155 599 095;A01;2;10;3;2;3;0;1;
202300045911;155 599 092;A01;1;7;8;0;1;1;1;
202300045912;155 599 091;A01;2;7;13;0;1;12;1;
202300045913;155 599 090;A01;1;7;13;0;1;1;1;
202300045914;155 599 089;A01;1;7;0;1;3;15;1;
202300045915;155 599 087;A01;1;7;0;1;1;1;1;
202300045916;155 599 083;A01;1;7;0;2;3;13;2;
202300045916;155 599 086;B01;1;7;0;2;3;1;1;
202300045917;155 599 085;B01;2;2;0;2;1;1;1;
202300045917;155 599 088;A01;1;10;0;2;3;19;1;
202300045918;155 599 084;A01;2;31;0;0;0;1;3;
202300045919;155 599 079;B01;3;1;0;2;0;26;5;
202300045919;155 599 082;A01;3;10;0;2;0;0;1;
202300045920;155 599 081;Z01;0;0;0;1;2;16;0;
202300045921;155 599 077;A01;2;10;0;2;7;19;1;
202300045921;155 599 080;B01;1;7;0;2;1;1;1;
202300045922;155 599 076;B01;2;80;0;2;1;1;3;
202300045922;155 599 078;A01;2;50;0;2;1;5;3;
202300045923;155 599 073;A01;1;7;0;2;8;13;1;
202300045923;155 599 075;B01;1;30;0;2;1;2;1;
202300045924;155 599 072;A01;3;7;0;2;3;1;1;
202300045924;155 599 074;B01;2;50;0;2;0;0;3;
202300045925;155 599 071;A01;2;7;8;0;2;14;1;
202300045926;155 599 068;A01;2;7;0;1;1;1;1;
202300045927;155 599 067;A01;1;7;0;2;1;23;1;
202300045927;155 599 069;B01;1;7;0;2;4;23;1;
202300045927;155 599 070;C01;1;7;0;2;4;23;1;
202300045928;155 599 065;A01;3;7;0;1;1;11;1;
202300045929;155 599 064;A01;2;7;0;2;3;15;1;
202300045929;155 599 066;B01;1;7;0;2;1;1;1;
202300045930;155 599 063;A01;3;7;6;0;1;26;1;
202300045931;155 599 060;A01;0;38;0;0;5;26;1;1
202300045931;155 599 062;B01;0;38;0;0;8;26;1;2
202300045932;155 599 057;A01;1;10;0;9;1;15;1;
202300045932;155 599 061;B01;1;1;0;2;1;1;5;
202300045933;155 599 056;A01;0;7;0;2;3;15;1;
202300045933;155 599 059;B01;0;2;0;2;3;1;1;
202300045934;155 599 055;A01;1;7;0;1;1;1;0;
202300045934;155 599 058;B01;1;7;0;2;3;1;0;
202300045935;155 599 053;A01;1;7;4;0;3;1;1;
202300045936;155 599 052;A01;2;7;0;2;2;9;1;
202300045936;155 599 054;B01;1;33;0;2;8;15;1;
202300045937;155 599 048;B01;3;43;0;2;1;1;1;
202300045937;155 599 051;A01;3;7;0;2;3;10;1;
202300045938;155 599 046;A01;2;7;0;2;1;1;1;
202300045938;155 599 049;B01;2;7;0;2;4;1;1;
202300045939;155 599 045;A01;1;7;0;2;7;1;1;
202300045939;155 599 047;B01;1;1;0;2;8;15;5;
202300045940;155 599 042;A01;2;7;0;2;1;15;1;
202300045940;155 599 044;B01;2;32;0;2;3;1;0;
202300045941;155 599 040;A01;1;7;0;1;2;1;1;
202300045942;155 599 039;A01;2;7;0;2;3;13;1;
202300045942;155 599 041;B01;1;7;0;2;3;1;1;
202300045943;155 599 038;A01;1;1;0;2;1;1;5;
202300045943;155 599 043;B01;2;7;0;2;1;9;1;
202300045944;155 599 034;A01;0;7;0;2;1;2;1;
202300045944;155 599 037;B01;0;7;0;9;4;23;1;
202300045945;155 599 032;A01;2;7;0;2;3;15;1;
202300045945;155 599 036;B01;1;33;0;2;1;1;1;
202300045946;155 599 033;A01;1;7;0;1;2;1;1;
202300045947;155 599 031;B01;3;1;0;2;7;1;5;
202300045947;155 599 035;A01;3;7;0;2;1;9;1;
202300045948;155 599 027;A01;2;7;12;2;3;13;1;
202300045948;155 599 030;B01;1;7;0;2;1;1;1;
202300045949;155 599 025;A01;1;1;0;2;1;5;5;
202300045949;155 599 029;B01;1;7;8;2;7;1;1;
202300045950;155 599 024;A01;1;7;0;2;1;11;1;
202300045950;155 599 028;B01;2;15;0;2;1;1;1;
202300045951;155 599 022;A01;2;7;6;0;1;13;1;
202300045952;155 599 021;B01;1;7;0;2;1;2;1;
202300045952;155 599 023;C01;3;7;0;2;8;1;1;
202300045952;155 599 026;A01;3;7;0;2;1;9;1;
202300045953;155 599 020;A01;1;7;0;1;1;1;1;
202300045954;155 599 017;A01;1;7;1;1;3;13;1;
202300045955;155 599 016;A01;3;7;0;2;1;9;1;
202300045955;155 599 018;B01;3;80;0;2;4;1;3;
202300045956;155 599 015;A01;2;7;0;2;8;15;1;
202300045956;155 599 019;B01;1;2;0;2;1;1;1;
202300045957;155 599 013;A01;3;10;0;2;5;1;1;
202300045957;155 599 014;B01;3;1;0;2;3;19;5;
202300045958;155 599 010;A01;1;33;0;2;5;21;1;
202300045958;155 599 012;B01;1;7;0;0;5;9;1;
202300045959;155 599 008;B01;3;50;0;2;7;19;3;
202300045959;155 599 011;A01;3;7;0;2;1;1;1;
202300045960;155 599 006;B01;3;10;0;2;2;1;1;
202300045960;155 599 009;A01;3;2;0;2;3;9;1;
202300045961;155 599 005;B01;3;7;7;2;1;1;1;
202300045961;155 599 007;A01;3;7;7;2;7;1;1;
202300045962;155 599 004;A01;1;34;0;0;8;1;1;
202300045963;155 598 999;B01;1;50;0;2;8;1;3;
202300045963;155 599 001;Z01;1;7;0;2;0;16;1;
202300045964;155 598 997;A01;1;30;1;0;1;13;1;
202300045965;155 598 998;C01;2;7;0;2;8;26;1;
202300045965;155 599 000;A01;1;7;0;2;1;15;1;
202300045965;155 599 003;B01;2;34;0;2;3;0;1;
202300045966;155 598 993;B01;2;7;0;2;6;1;1;
202300045966;155 598 995;A01;2;33;0;2;2;17;1;
202300045967;155 598 992;A01;1;1;0;2;1;15;5;
202300045967;155 598 996;B01;1;1;0;2;1;1;5;
202300045968;155 598 990;A01;1;7;0;2;3;15;1;
202300045968;155 598 991;B01;1;33;0;2;1;1;1;
202300045969;155 598 989;A01;3;7;0;2;6;11;1;
202300045969;155 598 994;B01;3;33;0;2;2;1;1;
202300045970;155 598 987;A01;1;7;0;9;2;26;1;
202300045970;155 598 988;B01;3;1;0;2;8;1;5;
202300045971;155 598 984;A01;3;33;0;2;1;3;1;
202300045971;155 598 985;B01;3;7;0;0;0;0;0;
202300045972;155 598 983;A01;2;7;13;0;3;13;1;
202300045973;155 598 981;A01;1;30;0;2;4;16;1;
202300045973;155 598 982;Z01;1;7;0;2;2;1;1;
202300045974;155 598 978;A01;2;7;15;1;3;1;1;
202300045975;155 598 980;A01;3;7;16;0;0;14;1;
202300045976;155 598 977;B01;2;1;0;2;1;1;5;
202300045976;155 598 979;A01;1;7;0;2;2;1;1;
202300045977;155 598 975;A01;1;7;0;2;4;1;0;
202300045977;155 598 976;B01;1;7;0;2;1;1;0;
202300045978;155 598 973;A01;1;7;0;1;2;1;1;
202300045979;155 598 970;A01;3;7;0;2;4;4;1;
202300045979;155 598 972;B01;3;7;0;2;7;1;1;
202300045980;155 598 971;A01;2;33;0;2;1;16;1;
202300045980;155 598 974;B01;1;1;0;2;1;19;5;
202300045981;155 598 968;A01;3;7;0;2;3;15;1;
202300045981;155 598 969;B01;3;32;0;2;2;17;1;
202300045982;155 598 963;A01;1;7;15;1;1;26;3;
202300045983;155 598 964;A01;2;7;0;2;3;13;0;
202300045983;155 598 966;B01;1;7;0;2;2;1;0;
202300045984;155 598 965;A01;3;7;0;2;8;9;1;
202300045984;155 598 967;B01;3;1;0;2;7;1;5;
202300045985;155 598 962;A01;0;7;0;1;1;1;1;
202300045986;155 598 960;A01;1;7;0;1;4;4;0;
202300045987;155 598 958;B01;2;50;0;2;1;5;3;
202300045987;155 598 961;A01;1;7;0;2;1;16;1;
202300045988;155 598 954;C01;2;7;0;2;4;15;1;
202300045988;155 598 956;A01;2;7;0;2;1;1;1;
202300045988;155 598 959;B01;2;7;0;2;9;1;1;
202300045989;155 598 950;A01;3;7;0;2;1;2;1;
202300045989;155 598 952;B01;3;7;0;2;4;23;1;
202300045990;155 598 951;A01;1;33;0;2;2;15;1;
202300045990;155 598 955;B01;1;7;0;2;3;15;1;
202300045990;155 598 957;C01;2;7;0;2;1;23;1;
202300045991;155 598 949;B01;1;33;0;2;1;1;0;
202300045991;155 598 953;A01;1;7;0;2;5;12;0;
202300045992;155 598 946;A01;3;7;0;1;2;1;1;
202300045993;155 598 947;A01;1;34;1;0;1;1;1;
202300045994;155 598 945;B01;3;2;0;2;8;1;1;
202300045994;155 598 948;A01;2;7;0;2;8;1;1;
202300045995;155 598 944;A01;1;7;0;1;2;2;1;
202300045996;155 598 943;A01;1;15;2;0;2;14;1;
202300045997;155 598 942;A01;1;7;0;1;1;1;1;
202300045998;155 598 939;B01;2;7;0;2;2;1;1;
202300045998;155 598 941;A01;2;7;0;2;1;9;1;
202300045999;155 598 938;A01;2;7;13;6;1;21;1;
202300045999;155 598 940;B01;2;7;0;6;1;21;1;
202300046000;155 598 936;A01;3;0;0;1;0;0;0;
202300046001;155 598 935;B01;1;7;0;2;4;2;1;
202300046001;155 598 937;A01;1;30;0;2;1;2;1;
202300046002;155 598 933;A01;3;7;4;0;1;1;1;
202300046003;155 598 931;A01;1;10;0;2;0;5;6;
202300046003;155 598 934;B01;2;14;0;2;1;1;6;
202300046004;155 598 930;A01;2;7;0;1;5;2;1;
202300046005;155 598 929;B01;2;1;0;2;1;25;5;
202300046005;155 598 932;A01;2;7;16;0;6;15;1;
202300046006;155 598 927;A01;0;7;2;0;1;1;0;
202300046007;155 598 925;A01;2;30;0;2;1;1;3;
202300046007;155 598 928;B01;1;7;0;2;1;23;2;
202300046008;155 598 924;A01;1;34;0;2;2;17;1;
202300046008;155 598 926;B01;1;7;0;2;3;15;0;
202300046009;155 598 919;A01;1;7;13;0;3;1;1;
202300046010;155 598 918;A01;0;1;0;0;4;0;5;
202300046010;155 598 921;B01;0;7;0;2;1;0;1;
202300046011;155 598 915;D01;3;7;0;2;1;1;1;
202300046011;155 598 916;E01;3;7;0;2;6;1;1;
202300046011;155 598 920;A01;3;7;0;2;1;5;1;
202300046011;155 598 922;B01;3;7;0;2;6;1;1;
202300046011;155 598 923;C01;3;10;0;2;3;1;1;
202300046012;155 598 912;A01;2;7;0;1;3;1;1;
202300046013;155 598 911;B01;3;7;0;2;3;1;1;
202300046013;155 598 913;A01;3;2;0;2;8;0;1;
202300046014;155 598 910;B01;3;34;0;2;1;3;1;
202300046014;155 598 914;A01;3;7;0;2;2;9;1;
202300046015;155 598 908;B01;2;10;0;2;4;15;1;
202300046015;155 598 909;A01;2;7;0;2;1;2;1;
202300046016;155 598 906;A01;1;7;0;1;1;9;1;
202300046017;155 598 904;B01;1;7;0;2;4;23;1;
202300046017;155 598 907;A01;1;30;0;2;1;21;1;
202300046018;155 598 903;A01;1;7;0;2;1;1;1;
202300046018;155 598 905;B01;2;13;0;2;3;23;1;
202300046019;155 598 899;A01;2;7;6;0;2;15;1;
202300046020;155 598 900;A01;1;7;0;1;2;0;1;
202300046021;155 598 901;A01;3;7;0;2;3;9;1;
202300046021;155 598 902;B01;0;31;0;0;0;0;1;
202300046022;155 598 897;B01;1;7;0;2;6;13;1;
202300046022;155 598 898;A01;2;10;0;2;3;1;1;
202300046023;155 598 893;A01;3;33;0;2;1;2;1;
202300046023;155 598 896;B01;3;7;0;2;4;2;1;
202300046024;155 598 890;B01;3;37;1;0;4;23;1;1
202300046024;155 598 894;A01;3;7;0;2;1;2;1;
202300046025;155 598 889;B01;1;7;0;2;1;13;1;
202300046025;155 598 892;A01;2;17;0;0;3;1;1;
202300046025;155 598 895;C01;2;7;16;0;1;1;1;
202300046026;155 598 891;A01;1;2;0;0;8;1;1;
202300046027;155 598 887;A01;3;7;0;9;8;22;1;
202300046027;155 598 888;B01;3;1;1;0;1;2;5;
202300046028;155 598 886;A01;2;7;2;0;3;14;1;
202300046029;155 598 884;A01;1;7;0;1;1;1;1;
202300046030;155 598 881;A01;1;7;8;0;2;1;1;
202300046031;155 598 880;B01;2;31;0;2;4;1;1;
202300046031;155 598 882;A01;2;7;0;2;1;1;4;
202300046032;155 598 879;A01;1;10;0;1;1;26;0;
202300046033;155 598 875;B01;2;10;0;2;2;13;1;
202300046033;155 598 877;A01;2;33;0;2;3;11;1;
202300046034;155 598 874;A01;2;7;0;2;1;1;1;
202300046034;155 598 878;B01;2;7;0;2;4;1;1;
202300046035;155 598 873;A01;1;1;0;2;2;17;5;
202300046035;155 598 876;B01;1;1;0;2;6;2;5;
202300046036;155 598 868;A01;2;7;0;2;8;15;1;
202300046036;155 598 872;B01;2;2;0;2;2;0;1;
202300046037;155 598 871;A01;3;7;0;9;3;0;1;
202300046038;155 598 867;B01;1;1;0;2;4;1;5;
202300046038;155 598 870;A01;1;7;0;2;2;1;1;
202300046039;155 598 866;A01;1;1;1;0;1;1;5;
202300046039;155 598 869;Z01;1;10;0;2;1;22;1;
202300046040;155 598 864;A01;3;7;0;0;0;24;1;
202300046041;155 598 863;B01;1;50;0;2;4;1;3;
202300046041;155 598 865;A01;1;7;0;2;2;1;1;
202300046042;155 598 861;A01;2;36;13;0;1;1;1;
202300046043;155 598 859;A01;2;7;0;1;2;2;1;
202300046044;155 598 860;B01;1;37;0;2;3;1;1;2
202300046044;155 598 862;A01;1;7;0;2;0;17;1;
202300046045;155 598 857;A01;3;36;12;0;0;1;1;
202300046046;155 598 856;A01;1;7;0;2;3;2;1;
202300046046;155 598 858;B01;1;7;0;2;5;1;1;
202300046047;155 598 853;A01;0;10;1;0;2;1;1;
202300046047;155 598 855;B01;0;7;0;2;4;24;1;
202300046048;155 598 852;B01;2;50;0;2;1;1;3;
202300046048;155 598 854;A01;2;7;0;2;3;15;1;
202300046049;155 598 849;A01;1;31;0;2;7;26;1;
202300046049;155 598 850;B01;1;7;0;2;3;12;1;
202300046050;155 598 848;A01;1;7;1;0;2;1;1;
202300046051;155 598 846;A01;3;7;6;0;2;1;1;
202300046052;155 598 842;A01;3;1;0;2;1;13;5;
202300046052;155 598 844;B01;3;60;0;2;1;1;5;
202300046053;155 598 845;A01;2;7;4;0;3;1;1;
202300046054;155 598 843;B01;1;7;0;2;8;14;1;
202300046054;155 598 847;A01;1;7;0;2;1;15;1;
202300046055;155 598 838;A01;2;14;0;2;2;1;1;
202300046055;155 598 839;B01;2;1;0;2;3;18;5;
202300046056;155 598 837;A01;2;7;6;0;1;26;1;
202300046057;155 598 836;B01;2;7;0;0;5;23;2;
202300046057;155 598 840;A01;2;7;1;1;1;1;2;
202300046057;155 598 841;C01;2;7;0;6;1;1;1;
202300046058;155 598 833;B01;2;33;0;2;0;0;1;
202300046058;155 598 835;A01;1;32;0;2;1;3;1;
202300046059;155 598 829;A01;1;30;0;2;0;5;1;
202300046059;155 598 834;B01;2;30;0;2;0;21;1;
202300046060;155 598 830;A01;2;33;0;2;1;3;0;
202300046060;155 598 832;B01;2;10;0;2;6;11;0;
202300046061;155 598 828;A01;2;7;6;2;3;5;1;