Num_Acc;id_vehicule;num_veh;senc;catv;obs;obsm;choc;manv;motor;occutc
202300046337;155 598 335;B01;2;80;0;2;2;1;3;
202300046338;155 598 331;A01;2;7;0;2;7;21;0;
202300046338;155 598 333;B01;1;7;0;2;1;1;0;
202300046339;155 598 329;A01;1;0;0;2;1;16;0;
202300046339;155 598 330;B01;1;7;14;2;1;15;1;
202300046340;155 598 328;A01;3;7;0;1;1;1;0;
202300046341;155 598 325;A01;2;7;0;1;4;4;1;
202300046342;155 598 324;A01;2;33;0;6;1;0;1;
202300046343;155 598 323;A01;2;31;0;2;1;1;1;
202300046343;155 598 326;B01;3;7;0;2;1;15;1;
202300046344;155 598 317;A01;3;7;0;2;8;26;1;
202300046344;155 598 319;B01;3;7;0;2;1;1;1;
202300046345;155 598 320;B01;1;7;4;2;1;1;0;
202300046345;155 598 322;A01;1;7;4;2;4;0;1;
202300046346;155 598 314;B01;1;1;0;2;0;1;5;
202300046346;155 598 315;A01;1;7;0;2;2;15;1;
202300046347;155 598 313;A01;2;7;0;2;2;15;0;
202300046347;155 598 316;B01;1;7;0;2;1;1;0;
202300046348;155 598 310;A01;3;7;0;2;1;13;1;
202300046348;155 598 312;B01;3;7;8;2;6;1;1;
202300046349;155 598 309;B01;2;33;0;2;1;1;1;
202300046349;155 598 311;A01;1;7;0;2;5;15;1;
202300046350;155 598 306;B01;0;7;0;2;1;16;1;
202300046350;155 598 308;A01;1;30;0;2;1;5;1;
202300046351;155 598 305;A01;3;15;0;2;4;24;1;
202300046351;155 598 307;B01;0;10;0;2;1;1;0;
202300046352;155 598 304;A01;2;7;2;0;1;14;1;
202300046353;155 598 302;A01;3;7;0;2;2;15;1;
202300046353;155 598 303;B01;3;1;0;2;1;15;5;
202300046354;155 598 300;A01;1;7;0;2;8;1;1;
202300046354;155 598 301;B01;2;7;0;2;3;1;1;
202300046355;155 598 298;A01;0;32;0;2;1;1;1;
202300046355;155 598 299;B01;0;7;0;2;1;15;2;
202300046356;155 598 296;A01;3;7;0;2;3;9;1;
202300046356;155 598 297;B01;2;1;0;2;1;1;5;
202300046357;155 598 295;A01;2;7;6;0;2;1;1;
202300046358;155 598 294;A01;1;7;0;1;2;1;1;
202300046359;155 598 292;A01;1;7;0;0;3;15;1;
202300046359;155 598 293;B01;2;7;0;2;1;1;1;
202300046360;155 598 289;B01;1;40;0;2;1;1;3;
202300046360;155 598 291;A01;2;7;0;4;3;16;1;
202300046361;155 598 288;A01;3;7;0;2;3;1;1;
202300046361;155 598 290;B01;3;33;0;2;3;13;1;
202300046362;155 598 286;A01;2;7;13;0;1;1;1;
202300046363;155 598 285;A01;1;7;0;2;1;15;1;
202300046363;155 598 287;B01;2;1;0;2;8;1;5;
202300046364;155 598 282;A01;0;33;0;2;1;2;1;
202300046364;155 598 284;B01;0;7;0;2;5;0;1;
202300046365;155 598 281;A01;2;31;0;2;1;7;1;
202300046365;155 598 283;B01;2;10;0;2;7;16;1;
202300046366;155 598 280;A01;3;7;0;1;4;20;1;
202300046367;155 598 278;B01;2;7;0;2;1;1;1;
202300046367;155 598 279;A01;1;7;0;2;1;13;1;
202300046368;155 598 276;A01;2;7;0;0;7;17;1;
202300046368;155 598 277;B01;2;2;13;0;1;1;1;
202300046369;155 598 274;B01;0;7;0;2;3;2;1;
202300046369;155 598 275;A01;1;21;0;2;4;2;1;
202300046370;155 598 273;A01;2;2;8;0;1;1;1;
202300046371;155 598 272;A01;1;30;0;1;1;1;3;
202300046372;155 598 270;A01;3;7;0;2;3;1;1;
202300046372;155 598 271;B01;3;7;0;2;1;16;1;
202300046373;155 598 269;A01;0;10;0;1;4;26;1;
202300046374;155 598 268;A01;0;80;12;0;0;1;3;
202300046375;155 598 267;A01;1;7;0;1;2;1;1;
202300046376;155 598 265;B01;-1;7;0;0;6;2;1;
202300046376;155 598 266;A01;-1;33;0;2;1;2;1;
202300046377;155 598 264;A01;1;3;0;1;2;1;1;
202300046378;155 598 263;A01;2;7;1;1;3;1;1;
202300046379;155 598 262;A01;2;7;4;0;1;1;1;
202300046380;155 598 260;A01;3;35;1;0;9;13;1;
202300046381;155 598 259;B01;2;7;0;2;4;1;1;
202300046381;155 598 261;A01;2;7;0;2;2;14;1;
202300046382;155 598 256;A01;2;7;6;0;4;1;1;
202300046383;155 598 254;B01;1;7;0;2;1;1;1;
202300046383;155 598 257;C01;1;7;0;2;1;1;1;
202300046383;155 598 258;A01;1;7;0;2;4;1;1;
202300046384;155 598 251;A01;2;7;0;2;6;1;1;
202300046384;155 598 253;B01;2;7;4;2;5;2;1;
202300046384;155 598 255;C01;2;10;0;2;3;13;1;
202300046385;155 598 250;A01;2;34;5;0;1;1;1;
202300046386;155 598 249;A01;1;7;0;9;3;9;1;
202300046386;155 598 252;B01;2;2;0;2;2;1;1;
202300046387;155 598 248;A01;2;33;0;0;7;1;1;
202300046388;155 598 245;A01;2;7;0;2;8;12;1;
202300046388;155 598 247;B01;2;33;0;2;2;1;1;
202300046389;155 598 242;B01;1;7;0;2;4;1;1;
202300046389;155 598 243;A01;1;33;0;2;1;21;1;
202300046390;155 598 241;C01;0;10;0;2;5;15;1;
202300046390;155 598 244;A01;0;7;0;2;1;1;1;
202300046390;155 598 246;B01;0;7;0;2;6;1;1;
202300046391;155 598 236;A01;1;10;0;1;8;1;1;
202300046392;155 598 237;B01;1;7;0;2;4;2;1;
202300046392;155 598 239;C01;1;7;0;2;4;2;1;
202300046392;155 598 240;Z01;1;7;0;2;1;2;1;
202300046393;155 598 235;A01;1;7;0;2;5;1;3;
202300046393;155 598 238;B01;1;7;0;2;2;1;2;
202300046394;155 598 231;A01;2;7;0;2;2;1;1;
202300046394;155 598 233;B01;1;7;0;2;7;15;1;
202300046395;155 598 230;A01;2;30;0;0;2;1;3;
202300046396;155 598 228;A01;2;10;0;1;4;4;1;
202300046397;155 598 227;A01;2;7;0;2;1;2;1;
202300046397;155 598 229;B01;2;7;0;2;4;2;1;
202300046397;155 598 232;C01;2;7;0;2;6;2;1;
202300046397;155 598 234;D01;2;7;0;2;6;2;1;
202300046398;155 598 225;B01;3;10;0;2;1;0;0;
202300046398;155 598 226;A01;3;7;0;2;2;26;1;
202300046399;155 598 221;A01;0;7;0;2;8;0;1;
202300046399;155 598 223;B01;0;33;0;2;7;0;0;
202300046400;155 598 222;A01;2;7;0;2;5;3;1;
202300046400;155 598 224;B01;2;7;0;2;6;1;1;
202300046401;155 598 219;A01;3;1;0;2;1;1;5;
202300046401;155 598 220;Z01;3;7;0;2;7;1;1;
202300046402;155 598 216;A01;2;7;0;0;4;1;0;
202300046402;155 598 218;B01;2;7;0;2;1;1;0;
202300046403;155 598 213;A01;1;7;0;2;1;2;1;
202300046403;155 598 215;B01;1;7;0;2;4;2;1;
202300046403;155 598 217;C01;1;7;0;2;4;2;1;
202300046404;155 598 212;A01;2;7;4;0;2;1;1;
202300046405;155 598 211;B01;1;7;0;2;1;1;1;
202300046405;155 598 214;A01;1;7;0;2;5;13;1;
202300046406;155 598 210;A01;2;43;6;0;7;12;1;
202300046407;155 598 207;A01;2;7;0;2;1;1;1;
202300046407;155 598 208;B01;1;50;0;2;4;1;3;
202300046408;155 598 206;B01;0;32;0;2;0;0;1;
202300046408;155 598 209;A01;0;7;0;2;1;1;1;
202300046409;155 598 204;A01;2;7;4;2;8;11;0;
202300046409;155 598 205;B01;2;34;4;2;1;3;1;
202300046410;155 598 202;A01;2;7;0;1;1;1;2;
202300046411;155 598 199;A01;2;7;0;2;2;2;1;
202300046411;155 598 200;B01;2;7;0;2;6;1;1;
202300046412;155 598 198;A01;1;7;0;2;1;13;1;
202300046412;155 598 201;B01;2;7;0;2;3;0;1;
202300046412;155 598 203;C01;1;7;0;2;1;2;1;
202300046413;155 598 196;A01;1;7;0;1;1;16;1;
202300046414;155 598 195;A01;1;33;0;9;1;17;3;
202300046414;155 598 197;B01;1;7;0;9;3;15;1;
202300046415;155 598 193;B01;1;7;3;2;5;1;1;
202300046415;155 598 194;A01;1;7;3;2;3;21;1;
202300046416;155 598 190;A01;2;33;0;2;7;1;1;
202300046416;155 598 191;B01;2;30;0;2;1;15;1;
202300046417;155 598 189;A01;0;60;0;2;3;19;5;
202300046417;155 598 192;B01;0;30;0;2;1;1;0;
202300046418;155 598 187;A01;1;7;0;2;4;1;0;
202300046418;155 598 188;B01;1;7;0;2;1;0;1;
202300046419;155 598 184;A01;1;7;0;1;2;16;1;
202300046420;155 598 183;A01;3;10;0;2;3;15;1;
202300046420;155 598 185;B01;3;7;0;2;6;1;1;
202300046420;155 598 186;C01;3;7;0;2;8;1;1;
202300046421;155 598 182;A01;2;7;8;0;1;2;1;
202300046422;155 598 180;A01;1;7;0;2;3;20;1;
202300046422;155 598 181;B01;1;2;0;2;7;1;1;
202300046423;155 598 177;A01;1;7;0;2;2;1;3;
202300046423;155 598 179;B01;1;7;0;1;4;23;1;
202300046424;155 598 174;A01;2;7;4;2;5;12;1;
202300046424;155 598 175;B01;2;33;4;2;1;3;1;
202300046424;155 598 176;C01;2;7;0;2;0;0;1;
202300046424;155 598 178;D01;2;7;0;2;0;0;1;
202300046425;155 598 172;Z01;1;32;0;1;1;1;1;
202300046426;155 598 173;A01;1;7;0;1;1;15;1;
202300046427;155 598 169;A01;1;15;0;2;0;12;1;
202300046427;155 598 171;B01;1;7;0;2;6;1;1;
202300046428;155 598 170;A01;1;7;0;1;2;1;3;
202300046429;155 598 166;A01;1;7;0;2;2;15;1;
202300046429;155 598 168;B01;1;33;0;2;1;1;1;
202300046430;155 598 164;A01;3;10;0;1;1;1;3;
202300046431;155 598 162;D01;1;7;0;2;4;2;1;
202300046431;155 598 163;C01;1;7;0;2;4;2;1;
202300046431;155 598 165;A01;1;7;0;2;1;1;1;
202300046431;155 598 167;B01;1;7;0;2;4;2;1;
202300046432;155 598 161;A01;1;7;0;1;1;1;1;
202300046433;155 598 160;A01;1;30;12;0;1;14;1;
202300046434;155 598 159;A01;2;7;2;0;1;1;1;
202300046435;155 598 157;A01;2;7;0;2;1;17;1;
202300046435;155 598 158;B01;2;7;0;2;4;0;1;
202300046436;155 598 154;A01;3;10;0;2;7;15;1;
202300046436;155 598 156;B01;3;31;0;2;1;1;1;
202300046437;155 598 153;A01;1;10;0;2;3;15;1;
202300046437;155 598 155;B01;2;33;0;2;1;1;1;
202300046438;155 598 150;A01;2;30;0;0;0;21;1;
202300046439;155 598 148;C01;2;7;0;2;4;23;1;
202300046439;155 598 149;D01;2;7;0;2;4;23;1;
202300046439;155 598 151;B01;2;7;0;2;4;23;1;
202300046439;155 598 152;A01;2;7;0;2;1;1;1;
202300046440;155 598 146;Z01;3;7;0;1;1;9;0;
202300046441;155 598 147;A01;2;7;0;1;2;1;1;
202300046442;155 598 144;A01;2;7;0;2;4;1;1;
202300046442;155 598 145;B01;2;7;0;2;1;1;1;
202300046443;155 598 143;A01;1;7;8;0;1;14;1;
202300046444;155 598 141;B01;1;1;0;0;1;1;5;
202300046444;155 598 142;A01;2;7;0;0;1;15;1;
202300046445;155 598 139;A01;2;1;0;2;1;0;5;
202300046445;155 598 140;B01;1;14;0;2;1;1;1;
202300046446;155 598 138;A01;1;7;13;0;9;17;0;
202300046447;155 598 136;A01;2;33;0;2;2;17;1;
202300046447;155 598 137;B01;2;7;0;2;3;15;0;
202300046448;155 598 135;A01;1;31;0;0;0;1;1;
202300046449;155 598 134;A01;2;34;13;0;1;1;1;
202300046450;155 598 130;A01;1;7;0;2;1;1;1;
202300046450;155 598 131;B01;1;7;0;2;4;23;1;
202300046451;155 598 129;A01;2;7;0;2;3;1;1;
202300046451;155 598 132;B01;1;7;0;2;3;1;1;
202300046451;155 598 133;C01;1;7;0;2;6;21;1;
202300046452;155 598 128;A01;2;1;0;0;0;1;5;
202300046453;155 598 127;A01;1;7;13;0;1;1;1;
202300046454;155 598 126;A01;1;50;11;0;1;1;3;
202300046455;155 598 122;B01;1;31;0;2;1;3;1;
202300046455;155 598 123;A01;1;7;0;2;3;15;1;
202300046456;155 598 124;B01;2;15;0;2;4;2;1;
202300046456;155 598 125;A01;2;7;0;2;1;2;1;
202300046457;155 598 120;A01;3;7;1;9;8;0;1;
202300046457;155 598 121;B01;3;1;1;0;0;14;5;
202300046458;155 598 119;A01;1;7;6;0;1;13;0;
202300046459;155 598 117;B01;1;1;0;2;2;25;5;
202300046459;155 598 118;Z01;1;7;0;9;7;9;1;
202300046460;155 598 115;A01;1;30;0;2;1;13;1;
202300046460;155 598 116;B01;2;7;0;2;3;1;1;
202300046461;155 598 114;A01;2;7;2;0;3;1;1;
202300046462;155 598 112;A01;1;7;0;2;6;16;1;
202300046462;155 598 113;B01;2;1;0;2;0;0;0;
202300046463;155 598 109;B01;2;17;0;2;3;1;1;
202300046463;155 598 111;A01;1;7;0;2;3;13;1;
202300046464;155 598 108;B01;1;7;0;2;3;1;1;
202300046464;155 598 110;A01;3;30;0;2;1;26;1;
202300046465;155 598 107;A01;1;1;0;0;1;1;5;
202300046466;155 598 106;A01;1;7;0;0;0;1;0;
202300046467;155 598 104;A01;1;7;0;2;1;2;1;
202300046467;155 598 105;B01;1;31;0;2;4;2;1;
202300046468;155 598 102;B01;1;33;13;2;4;2;1;
202300046468;155 598 103;A01;1;10;0;2;3;2;1;
202300046469;155 598 100;B01;1;43;0;2;3;1;1;
202300046469;155 598 101;A01;1;7;0;2;1;15;1;
202300046470;155 598 097;A01;1;7;0;2;2;15;1;
202300046470;155 598 098;B01;2;33;0;2;1;1;1;
202300046471;155 598 099;A01;1;7;0;1;6;15;1;
202300046472;155 598 095;A01;1;7;0;2;1;1;1;
202300046472;155 598 096;B01;2;1;0;2;2;15;5;
202300046473;155 598 093;B01;1;50;0;2;8;1;3;
202300046473;155 598 094;A01;2;7;0;9;0;1;1;
202300046474;155 598 090;B01;0;7;0;2;3;15;1;
202300046474;155 598 091;A01;1;2;0;2;7;17;1;
202300046475;155 598 092;A01;3;7;2;0;2;1;1;
202300046476;155 598 085;A01;2;7;0;2;1;5;1;
202300046476;155 598 087;B01;1;7;0;2;1;1;1;
202300046477;155 598 080;Z01;2;7;0;2;1;2;0;
202300046477;155 598 082;B01;2;2;0;2;4;2;1;
202300046478;155 598 078;A01;1;3;0;2;3;5;1;
202300046478;155 598 081;B01;2;7;0;2;3;1;1;
202300046479;155 598 076;B01;0;7;0;0;5;1;1;
202300046479;155 598 077;C01;3;7;0;2;3;0;0;
202300046479;155 598 079;A01;0;7;0;2;5;1;1;
202300046480;155 598 074;A01;1;2;3;0;1;1;1;
202300046481;155 598 073;A01;2;7;0;2;3;9;1;
202300046481;155 598 075;B01;1;30;0;2;1;9;1;
202300046482;155 598 069;A01;1;10;0;2;1;2;1;
202300046482;155 598 071;B01;3;32;0;2;4;23;1;
202300046483;155 598 070;B01;2;33;0;2;7;16;1;
202300046483;155 598 072;A01;1;33;0;2;1;0;1;
202300046484;155 598 066;B01;0;2;0;2;1;1;1;
202300046484;155 598 068;A01;0;7;0;0;4;26;1;
202300046485;155 598 065;A01;3;7;0;2;8;15;1;
202300046485;155 598 067;B01;3;7;0;2;1;2;1;
202300046486;155 598 061;A01;1;33;0;2;2;17;1;
202300046486;155 598 063;B01;2;10;0;2;7;15;1;
202300046487;155 598 062;A01;2;7;0;2;1;1;1;
202300046487;155 598 064;B01;1;7;0;0;8;20;1;
202300046488;155 598 059;A01;1;2;0;2;1;1;1;
202300046489;155 598 057;A01;1;7;0;2;1;9;1;
202300046489;155 598 058;B01;1;31;0;2;7;1;1;
202300046489;155 598 060;C01;2;7;0;2;1;1;1;
202300046490;155 598 056;A01;3;7;13;0;1;1;1;
202300046491;155 598 052;A01;2;7;0;2;8;16;1;
202300046491;155 598 054;B01;2;7;0;2;1;1;1;
202300046492;155 598 048;B01;2;15;0;2;2;1;1;
202300046492;155 598 050;A01;2;7;3;2;1;17;1;
202300046493;155 598 049;A01;1;7;0;2;1;2;3;
202300046493;155 598 051;D01;1;7;0;2;4;2;0;
202300046493;155 598 053;B01;1;7;0;2;4;2;1;
202300046493;155 598 055;C01;1;7;0;2;4;2;4;
202300046494;155 598 046;A01;2;10;0;2;2;1;1;
202300046494;155 598 047;B01;2;7;0;0;6;1;1;
202300046495;155 598 043;A01;1;7;0;2;3;13;1;
202300046495;155 598 045;B01;2;7;0;2;3;1;1;
202300046496;155 598 042;B01;1;7;0;2;3;1;1;
202300046496;155 598 044;A01;2;7;12;2;1;13;1;
202300046497;155 598 040;A01;3;37;8;0;7;14;0;2
202300046498;155 598 039;A01;1;7;0;2;1;1;1;
202300046498;155 598 041;B01;2;60;0;2;7;19;5;
202300046499;155 598 037;A01;2;7;0;0;6;19;1;
202300046499;155 598 038;B01;1;7;0;2;1;1;1;
202300046500;155 598 034;Z01;3;7;0;1;1;15;1;
202300046501;155 598 035;B01;1;1;0;2;8;19;5;
202300046501;155 598 036;A01;2;1;0;2;1;0;5;
202300046502;155 598 033;A01;2;7;6;0;1;19;3;
202300046503;155 598 031;A01;2;7;1;1;2;17;1;
202300046504;155 598 029;B01;1;50;0;2;7;19;3;
202300046504;155 598 032;A01;2;7;0;2;2;1;1;
202300046505;155 598 028;B01;1;33;0;2;1;1;1;
202300046505;155 598 030;A01;1;7;0;0;4;23;1;
202300046506;155 598 027;A01;1;7;1;0;2;21;1;
202300046507;155 598 025;A01;2;7;1;1;2;1;1;
202300046508;155 598 021;B01;3;50;0;2;8;19;3;
202300046508;155 598 023;C01;1;7;0;2;3;1;1;
202300046508;155 598 024;A01;2;33;0;2;1;17;1;
202300046509;155 598 019;B01;1;7;0;2;3;1;1;
202300046509;155 598 026;A01;1;50;0;2;1;1;3;
202300046510;155 598 020;A01;2;10;0;2;1;2;1;
202300046510;155 598 022;B01;2;7;0;2;4;2;1;
202300046511;155 598 016;A01;2;7;0;1;1;1;1;
202300046512;155 598 017;A01;1;30;0;2;1;5;1;
202300046512;155 598 018;B01;2;7;0;2;3;1;1;
202300046513;155 598 014;A01;2;7;0;2;3;26;0;
202300046513;155 598 015;B01;0;50;0;2;0;0;3;
202300046514;155 598 011;B01;1;31;0;2;4;1;1;
202300046514;155 598 012;Z01;1;10;0;2;1;1;1;
202300046515;155 598 010;A01;2;50;0;0;0;0;3;
202300046516;155 598 009;A01;3;7;0;1;3;26;0;
202300046517;155 598 008;B01;2;10;0;2;7;1;1;
202300046517;155 598 013;A01;2;7;0;2;1;1;3;
202300046518;155 598 003;A01;3;1;0;2;1;19;5;
202300046518;155 598 006;B01;1;7;0;2;8;1;1;
202300046519;155 598 002;A01;2;17;0;2;2;12;1;
202300046519;155 598 004;B01;2;7;0;2;8;1;1;
202300046520;155 598 001;C01;3;37;0;2;3;1;1;1
202300046520;155 598 005;B01;3;7;0;2;0;1;1;
202300046520;155 598 007;A01;3;7;0;2;1;1;1;
202300046521;155 597 996;A01;1;7;0;2;1;1;1;
202300046521;155 597 999;B01;1;43;0;2;4;23;1;
202300046522;155 597 995;B01;2;7;0;2;4;1;1;
202300046522;155 597 997;C01;2;7;0;2;4;0;1;
202300046522;155 598 000;A01;2;7;0;2;1;2;1;
202300046523;155 597 992;A01;2;7;0;2;8;10;1;
202300046523;155 597 994;B01;2;31;0;2;1;1;1;
202300046524;155 597 990;B01;2;31;0;2;8;1;1;
202300046524;155 597 991;A01;2;7;0;2;7;14;1;
202300046525;155 597 993;A01;1;7;0;2;3;15;1;
202300046525;155 597 998;B01;2;33;0;2;1;1;1;
202300046526;155 597 987;B01;2;1;1;0;2;1;5;
202300046526;155 597 989;A01;2;32;1;0;1;1;1;
202300046527;155 597 985;A01;2;7;0;2;1;2;1;
202300046527;155 597 988;B01;2;7;0;2;4;2;1;
202300046528;155 597 986;A01;3;7;0;1;2;26;1;
202300046529;155 597 983;A01;1;7;0;2;8;1;1;
202300046529;155 597 984;B01;1;7;0;2;7;12;0;
202300046530;155 597 981;A01;1;33;0;2;1;2;1;
202300046530;155 597 982;B01;1;7;0;2;4;2;1;
202300046531;155 597 977;A01;1;7;0;0;4;26;0;
202300046531;155 597 979;B01;1;7;0;2;1;1;0;
202300046532;155 597 975;A01;1;10;0;2;1;2;1;
202300046532;155 597 978;B01;1;10;0;2;4;2;1;
202300046533;155 597 976;B01;1;33;0;2;1;1;1;
202300046533;155 597 980;A01;3;7;0;2;3;15;1;
202300046534;155 597 974;A01;3;21;0;0;0;1;1;
202300046535;155 597 973;A01;2;7;4;0;1;1;1;
202300046536;155 597 968;A01;1;7;0;1;3;17;1;
202300046536;155 597 971;B01;1;1;0;2;7;0;5;
202300046537;155 597 966;A01;1;7;4;0;3;1;1;
202300046537;155 597 967;B01;1;7;1;0;1;2;1;
202300046537;155 597 970;C01;1;7;14;0;1;1;1;
202300046538;155 597 965;C01;3;7;0;2;4;2;1;
202300046538;155 597 969;A01;3;7;0;2;1;2;1;
202300046538;155 597 972;B01;3;7;0;2;4;2;1;
202300046539;155 597 962;A01;1;7;0;2;1;2;1;
202300046539;155 597 964;B01;1;15;0;2;4;1;1;
202300046540;155 597 963;A01;1;7;0;1;1;1;1;
202300046541;155 597 961;A01;3;50;0;1;1;25;3;
202300046542;155 597 960;A01;1;32;0;1;2;1;1;
202300046543;155 597 956;A01;1;7;0;2;1;26;1;
202300046543;155 597 957;B01;1;7;0;2;1;0;1;
202300046543;155 597 959;C01;1;7;0;2;1;0;1;
202300046544;155 597 955;A01;2;7;0;1;2;21;1;
202300046545;155 597 954;A01;1;30;0;2;0;26;1;
202300046546;155 597 953;A01;1;33;0;0;0;1;1;
202300046547;155 597 952;A01;3;7;0;2;2;17;1;
202300046547;155 597 958;B01;3;32;0;2;1;1;1;
202300046548;155 597 948;A01;1;7;0;2;8;2;1;
202300046548;155 597 951;B01;1;7;0;2;1;18;1;
202300046549;155 597 947;A01;1;7;0;2;1;11;1;
202300046549;155 597 950;B01;2;7;0;2;1;1;1;
202300046550;155 597 946;A01;1;99;0;2;3;15;1;
202300046550;155 597 949;B01;1;34;6;2;2;17;1;
202300046551;155 597 944;A01;1;30;0;2;1;13;1;
202300046551;155 597 945;B01;1;7;0;2;1;0;1;
202300046552;155 597 942;A01;2;7;0;2;5;16;1;
202300046552;155 597 943;B01;2;80;0;2;8;2;3;
202300046553;155 597 938;Z01;2;7;0;2;0;0;0;
202300046553;155 597 941;A01;1;32;0;2;1;15;1;
202300046554;155 597 937;A01;2;10;0;2;2;2;1;
202300046554;155 597 940;B01;2;10;8;0;6;2;1;
202300046555;155 597 934;C01;2;7;0;0;0;1;0;
202300046555;155 597 935;D01;2;7;0;2;3;1;1;
202300046555;155 597 936;A01;1;7;0;2;3;13;0;
202300046555;155 597 939;B01;2;10;0;0;0;1;1;
202300046556;155 597 929;A01;3;7;0;2;1;1;1;
202300046556;155 597 933;B01;3;7;0;2;4;2;1;
202300046557;155 597 930;A01;2;7;0;0;6;15;1;
202300046557;155 597 931;B01;2;33;0;2;1;2;1;
202300046558;155 597 932;A01;2;32;0;1;1;21;1;
202300046559;155 597 927;A01;2;7;0;1;1;1;1;
202300046560;155 597 925;A01;1;7;0;2;1;2;1;
202300046560;155 597 928;B01;2;7;3;2;3;1;1;
202300046561;155 597 923;B01;1;2;0;2;6;15;1;
202300046561;155 597 924;A01;1;34;0;2;1;7;1;
202300046562;155 597 920;A01;0;2;0;2;1;1;1;
202300046562;155 597 922;B01;3;7;0;2;3;19;1;
202300046563;155 597 918;B01;1;7;0;9;1;16;1;
202300046563;155 597 919;A01;1;1;0;2;8;1;5;
202300046564;155 597 921;B01;1;7;0;2;3;0;1;
202300046564;155 597 926;A01;1;7;0;2;6;15;1;
202300046565;155 597 915;A01;1;7;0;2;1;15;1;
202300046565;155 597 917;B01;2;7;0;2;1;1;1;
202300046566;155 597 914;B01;2;7;0;2;7;1;1;
202300046566;155 597 916;A01;2;7;0;2;1;1;1;
202300046567;155 597 913;A01;2;33;0;0;9;1;1;
202300046568;155 597 911;A01;2;7;0;1;3;15;3;
202300046569;155 597 909;B01;2;1;12;2;4;1;5;
202300046569;155 597 910;A01;2;7;0;2;2;1;1;
202300046570;155 597 908;A01;3;7;0;2;3;9;1;
202300046570;155 597 912;B01;3;7;0;2;5;1;1;
202300046571;155 597 906;B01;1;7;1;0;5;0;1;
202300046571;155 597 907;A01;1;7;1;0;1;14;1;
202300046572;155 597 904;A01;1;7;0;2;2;23;0;
202300046572;155 597 905;B01;1;1;0;2;1;2;5;
202300046573;155 597 902;A01;1;7;0;2;2;2;1;
202300046573;155 597 903;B01;1;7;0;2;3;0;1;
202300046574;155 597 900;A01;0;7;0;1;1;1;1;
202300046575;155 597 899;A01;3;33;0;2;1;1;1;
202300046575;155 597 901;B01;3;7;0;2;3;15;1;
202300046576;155 597 895;A01;1;7;0;2;4;2;1;
202300046576;155 597 898;B01;1;7;0;2;1;2;1;
202300046577;155 597 893;A01;2;7;0;2;2;26;2;
202300046577;155 597 896;B01;3;50;0;2;2;19;3;
202300046578;155 597 894;A01;3;7;0;2;1;1;1;
202300046578;155 597 897;B01;3;7;0;2;1;15;1;
202300046579;155 597 892;A01;1;1;0;0;1;0;5;
202300046580;155 597 890;B01;0;33;0;0;0;0;1;
202300046580;155 597 891;A01;1;7;0;2;3;15;1;
202300046581;155 597 886;A01;2;21;0;2;3;1;1;
202300046581;155 597 888;B01;1;7;0;2;2;1;1;
202300046582;155 597 885;A01;2;3;0;2;2;15;0;
202300046582;155 597 887;B01;1;33;0;2;1;1;6;
202300046583;155 597 889;A01;2;50;0;1;1;1;3;
202300046584;155 597 882;A01;0;7;5;0;3;1;1;
202300046585;155 597 881;A01;1;7;0;2;3;19;0;
202300046585;155 597 884;B01;2;33;0;2;3;1;0;
202300046586;155 597 880;A01;1;33;0;2;1;1;1;
202300046586;155 597 883;B01;1;7;0;2;5;23;1;
202300046587;155 597 876;A01;1;7;0;2;3;15;1;
202300046587;155 597 879;B01;1;33;0;2;0;0;1;
202300046588;155 597 875;A01;1;7;0;2;3;1;1;
202300046588;155 597 877;B01;1;7;0;2;1;15;1;
202300046589;155 597 869;A01;2;7;0;2;3;13;1;
202300046589;155 597 871;B01;2;7;0;0;-1;1;1;
202300046589;155 597 873;C01;2;7;0;2;3;1;1;
202300046590;155 597 868;A01;2;50;0;2;1;1;3;
202300046590;155 597 874;B01;1;7;0;2;8;1;1;
202300046591;155 597 866;A01;1;7;0;2;3;13;1;
202300046591;155 597 867;B01;2;7;0;2;3;13;1;
202300046592;155 597 864;B01;3;7;0;2;8;9;2;
202300046592;155 597 865;A01;-1;33;0;2;1;1;1;
202300046593;155 597 863;A01;2;7;13;0;1;13;4;
202300046594;155 597 861;A01;1;7;0;2;3;2;1;
202300046594;155 597 862;B01;1;7;0;2;5;23;1;
202300046595;155 597 858;A01;2;7;1;0;2;1;1;
202300046595;155 597 860;B01;0;7;1;0;5;23;1;
202300046596;155 597 857;A01;2;7;0;9;4;1;0;
202300046596;155 597 859;B01;2;1;0;2;1;1;5;
202300046597;155 597 854;A01;1;34;13;0;2;2;1;
202300046598;155 597 852;A01;1;10;8;2;8;0;1;
202300046598;155 597 855;B01;2;7;0;2;8;1;1;
202300046599;155 597 853;B01;1;7;0;2;4;2;6;
202300046599;155 597 856;A01;1;7;0;2;1;2;1;
202300046600;155 597 847;B01;2;33;0;2;1;1;1;
202300046600;155 597 849;A01;2;7;0;2;3;9;1;
202300046600;155 597 850;C01;1;7;0;2;1;1;1;
202300046601;155 597 845;A01;3;21;13;0;9;1;1;
202300046602;155 597 846;A01;1;33;0;2;1;2;1;
202300046602;155 597 848;B01;2;7;0;2;4;2;1;
202300046603;155 597 843;A01;1;7;0;2;0;0;0;
202300046603;155 597 844;B01;1;2;0;2;0;0;1;
202300046604;155 597 840;A01;2;7;0;0;3;1;1;
202300046604;155 597 841;B01;1;1;0;2;9;1;5;