Num_Acc;id_vehicule;num_veh;senc;catv;obs;obsm;choc;manv;motor;occutc
202300046892;155 597 337;A01;1;80;0;2;1;15;3;
202300046893;155 597 334;B01;2;7;0;2;8;1;1;
202300046893;155 597 335;A01;2;33;0;2;9;5;1;
202300046894;155 597 333;A01;1;7;0;1;1;15;1;
202300046895;155 597 332;A01;3;7;5;0;1;1;1;
202300046896;155 597 330;A01;2;7;13;0;2;1;1;
202300046897;155 597 329;B01;2;43;0;2;6;1;1;
202300046897;155 597 331;A01;1;10;0;2;1;1;1;
202300046898;155 597 328;A01;2;10;4;0;3;16;1;
202300046899;155 597 326;B01;2;7;0;2;3;15;1;
202300046899;155 597 327;A01;2;50;0;2;1;5;3;
202300046900;155 597 324;A01;1;33;0;0;1;1;1;
202300046901;155 597 323;A01;2;7;3;0;4;1;1;
202300046901;155 597 325;B01;2;10;0;2;1;1;1;
202300046902;155 597 322;A01;2;14;0;1;3;15;0;
202300046903;155 597 321;A01;1;7;0;0;9;2;1;
202300046904;155 597 319;A01;2;7;0;2;2;1;1;
202300046904;155 597 320;B01;1;1;0;2;1;19;5;
202300046905;155 597 316;A01;1;7;0;2;7;13;2;
202300046905;155 597 317;B01;1;43;1;2;7;17;1;
202300046906;155 597 318;A01;2;32;4;0;1;1;1;
202300046907;155 597 313;A01;1;7;0;2;3;13;1;
202300046907;155 597 315;B01;2;7;0;2;2;1;0;
202300046908;155 597 312;A01;1;33;0;2;4;10;1;
202300046908;155 597 314;B01;2;32;0;2;1;1;1;
202300046909;155 597 311;A01;3;37;0;1;2;1;6;1
202300046910;155 597 309;A01;3;7;0;2;3;20;1;
202300046910;155 597 310;B01;0;2;1;0;1;19;1;
202300046911;155 597 304;A01;2;7;0;2;3;13;1;
202300046911;155 597 306;B01;1;7;0;2;1;1;1;
202300046912;155 597 303;A01;3;7;0;2;1;2;0;
202300046912;155 597 305;B01;3;50;0;2;4;23;3;
202300046912;155 597 307;C01;3;7;0;2;4;23;0;
202300046912;155 597 308;D01;3;37;0;2;4;23;6;1
202300046913;155 597 300;A01;1;7;0;2;2;16;0;
202300046913;155 597 301;B01;1;43;0;2;3;26;0;
202300046914;155 597 299;A01;2;7;0;9;2;2;1;
202300046914;155 597 302;B01;2;80;0;2;8;2;3;
202300046915;155 597 297;B01;1;34;0;0;4;23;1;
202300046915;155 597 298;A01;1;14;0;2;1;2;1;
202300046916;155 597 296;A01;1;33;1;0;4;1;1;
202300046917;155 597 294;A01;0;7;0;2;7;1;1;
202300046917;155 597 295;B01;0;43;0;2;8;1;1;
202300046918;155 597 293;A01;2;7;13;0;0;1;1;
202300046919;155 597 291;A01;0;10;12;2;3;15;0;
202300046919;155 597 292;B01;0;43;12;0;2;6;1;
202300046920;155 597 290;A01;0;0;0;1;3;1;0;
202300046921;155 597 288;B01;3;7;0;2;5;1;1;
202300046921;155 597 289;A01;3;37;0;2;3;9;1;2
202300046922;155 597 287;A01;2;33;12;0;1;1;1;
202300046923;155 597 285;Y01;0;1;0;2;2;1;5;
202300046923;155 597 286;A01;1;10;0;2;3;1;1;
202300046924;155 597 283;A01;1;7;0;2;3;1;1;
202300046924;155 597 284;B01;1;50;0;2;3;13;3;
202300046925;155 597 282;A01;3;1;0;1;1;21;5;
202300046926;155 597 280;A01;3;36;0;2;1;1;0;
202300046926;155 597 281;B01;3;7;0;2;1;15;0;
202300046927;155 597 279;A01;1;30;0;0;0;0;1;
202300046928;155 597 278;A01;0;1;2;0;1;0;5;
202300046929;155 597 276;A01;1;99;0;2;2;2;0;
202300046929;155 597 277;B01;2;7;0;2;3;1;1;
202300046930;155 597 274;A01;3;10;0;2;2;15;1;
202300046930;155 597 275;B01;3;1;0;2;1;1;5;
202300046931;155 597 272;B01;1;33;0;2;0;0;1;
202300046931;155 597 273;A01;2;7;2;0;5;19;1;
202300046932;155 597 270;A01;0;7;0;2;2;16;0;
202300046932;155 597 271;B01;2;1;0;2;8;1;5;
202300046933;155 597 268;B01;3;7;0;2;6;10;1;
202300046933;155 597 269;A01;3;32;0;2;2;17;1;
202300046934;155 597 266;A01;2;50;0;9;1;5;3;
202300046934;155 597 267;B01;1;80;0;9;1;0;3;
202300046935;155 597 265;A01;1;1;0;0;0;0;5;
202300046936;155 597 263;A01;0;32;0;2;7;17;3;
202300046936;155 597 264;B01;0;7;0;2;8;17;1;
202300046937;155 597 262;A01;1;7;1;0;3;26;0;
202300046938;155 597 259;B01;1;10;0;2;2;0;1;
202300046938;155 597 260;A01;1;33;0;2;8;11;1;
202300046939;155 597 258;A01;2;7;0;2;2;1;1;
202300046939;155 597 261;B01;1;7;6;2;3;1;1;
202300046940;155 597 257;A01;1;30;8;0;3;1;1;
202300046941;155 597 255;A01;2;33;0;0;0;1;1;
202300046942;155 597 254;B01;2;7;0;2;1;1;1;
202300046942;155 597 256;A01;3;7;0;2;8;5;1;
202300046943;155 597 253;A01;2;33;3;0;0;1;1;
202300046944;155 597 250;A01;3;10;0;0;2;10;1;
202300046944;155 597 251;B01;3;30;0;0;1;1;1;
202300046945;155 597 248;B01;3;7;0;2;1;1;1;
202300046945;155 597 249;A01;3;31;0;2;7;1;1;
202300046946;155 597 247;A01;0;2;6;0;0;0;1;
202300046947;155 597 245;A01;1;7;0;9;8;23;1;
202300046947;155 597 246;B01;1;80;0;2;2;17;3;
202300046948;155 597 244;A01;2;33;0;5;1;1;1;
202300046949;155 597 243;A01;1;7;2;0;1;1;1;
202300046950;155 597 241;A01;3;7;0;2;3;9;1;
202300046950;155 597 242;B01;3;1;0;2;1;1;5;
202300046951;155 597 240;A01;0;7;1;1;4;24;1;
202300046952;155 597 238;A01;1;7;0;2;3;9;1;
202300046952;155 597 239;B01;2;32;0;2;2;1;1;
202300046953;155 597 236;A01;2;10;0;2;1;1;1;
202300046953;155 597 237;B01;2;7;0;2;8;1;0;
202300046954;155 597 235;A01;1;33;14;0;1;1;1;
202300046955;155 597 233;A01;2;33;0;2;3;0;1;
202300046955;155 597 234;B01;1;33;0;2;3;0;1;
202300046956;155 597 231;A01;2;7;0;2;1;1;1;
202300046956;155 597 232;B01;1;7;0;2;1;0;1;
202300046957;155 597 230;A01;0;7;8;0;1;19;0;
202300046958;155 597 227;B01;1;7;0;9;1;15;1;
202300046958;155 597 229;A01;2;1;0;2;1;1;5;
202300046959;155 597 226;A01;2;7;0;2;1;17;1;
202300046959;155 597 228;B01;2;7;0;2;1;1;1;
202300046960;155 597 223;B01;2;7;0;2;2;1;1;
202300046960;155 597 224;A01;1;7;0;2;2;10;1;
202300046961;155 597 222;A01;3;7;0;0;3;19;0;
202300046961;155 597 225;B01;3;33;0;2;7;1;0;
202300046962;155 597 220;A01;1;7;13;0;3;1;1;
202300046963;155 597 219;A01;2;7;0;2;7;1;1;
202300046963;155 597 221;B01;2;1;0;2;8;1;5;
202300046964;155 597 216;A01;3;33;8;0;1;14;0;
202300046965;155 597 215;A01;1;7;0;2;5;19;1;
202300046965;155 597 217;B01;1;7;0;2;2;1;1;
202300046966;155 597 213;A01;1;33;13;0;0;13;1;
202300046967;155 597 212;A01;2;7;0;2;3;13;1;
202300046967;155 597 214;B01;1;33;0;2;1;1;1;
202300046968;155 597 210;A01;2;7;0;1;2;1;0;
202300046969;155 597 209;A01;2;7;3;0;1;1;1;
202300046970;155 597 208;A01;2;31;8;0;1;14;1;
202300046971;155 597 207;A01;1;7;0;0;2;1;1;
202300046972;155 597 205;B01;1;7;0;9;2;1;0;
202300046972;155 597 206;A01;2;50;0;2;1;5;3;
202300046973;155 597 203;A01;2;7;3;2;2;11;1;
202300046973;155 597 204;B01;2;17;0;2;6;1;1;
202300046974;155 597 201;B01;1;10;0;2;1;13;1;
202300046974;155 597 202;A01;2;7;0;0;1;1;1;
202300046975;155 597 200;A01;2;7;6;0;3;0;1;
202300046976;155 597 199;A01;1;33;3;0;7;14;1;
202300046977;155 597 198;A01;2;33;3;0;8;0;1;
202300046978;155 597 196;A01;3;7;2;2;9;16;1;
202300046978;155 597 197;B01;1;7;0;2;1;1;1;
202300046979;155 597 195;A01;2;7;13;0;2;14;0;
202300046980;155 597 192;A01;3;7;0;2;2;26;0;
202300046980;155 597 194;B01;0;-1;0;2;0;0;0;
202300046981;155 597 191;A01;1;33;0;0;0;1;1;
202300046982;155 597 193;A01;1;1;0;0;0;0;5;
202300046983;155 597 189;A01;1;7;0;0;3;13;1;
202300046983;155 597 190;B01;2;7;0;0;3;1;1;
202300046984;155 597 187;A01;1;10;2;0;1;13;1;
202300046985;155 597 185;B01;1;7;0;2;6;0;0;
202300046985;155 597 186;A01;1;7;12;0;5;26;0;
202300046986;155 597 184;A01;1;33;10;0;1;14;1;
202300046987;155 597 183;A01;1;33;3;0;3;9;1;
202300046988;155 597 181;A01;2;7;0;2;3;16;1;
202300046988;155 597 182;B01;2;80;0;2;2;1;3;
202300046989;155 597 180;A01;0;7;16;0;1;1;1;
202300046990;155 597 179;A01;1;7;2;0;1;0;1;
202300046991;155 597 177;A01;0;1;0;2;0;17;5;
202300046991;155 597 178;B01;1;10;0;9;6;16;1;
202300046992;155 597 174;A01;1;7;0;2;1;2;1;
202300046992;155 597 175;B01;1;7;0;2;4;2;1;
202300046992;155 597 176;C01;1;7;0;2;4;2;1;
202300046993;155 597 172;B01;1;1;0;2;1;1;5;
202300046993;155 597 173;A01;1;1;0;0;6;21;5;
202300046994;155 597 170;B01;1;33;0;2;3;1;1;
202300046994;155 597 171;A01;2;7;0;2;3;15;1;
202300046995;155 597 167;B01;3;7;0;2;1;23;3;
202300046995;155 597 168;A01;1;33;0;2;1;1;1;
202300046995;155 597 169;C01;3;7;0;2;7;19;1;
202300046996;155 597 166;A01;1;7;0;1;2;1;1;
202300046997;155 597 164;A01;2;7;0;2;2;15;1;
202300046997;155 597 165;B01;1;50;0;2;1;1;3;
202300046998;155 597 163;A01;1;1;0;0;0;1;5;
202300046999;155 597 161;A01;1;7;0;2;1;15;1;
202300046999;155 597 162;B01;1;1;0;2;1;1;5;
202300047000;155 597 157;A01;3;50;0;2;1;2;3;
202300047000;155 597 158;B01;3;50;0;2;4;17;3;
202300047001;155 597 156;A01;1;7;4;0;1;1;1;
202300047002;155 597 154;A01;1;7;0;2;2;15;0;
202300047002;155 597 155;B01;2;33;0;2;1;1;1;
202300047003;155 597 152;A01;1;15;4;9;1;13;1;
202300047004;155 597 150;A01;2;33;0;2;8;5;1;
202300047004;155 597 151;B01;1;7;0;2;3;5;1;
202300047005;155 597 148;A01;1;7;0;2;5;15;1;
202300047005;155 597 149;B01;2;31;0;2;1;1;1;
202300047006;155 597 147;A01;2;7;8;0;9;15;1;
202300047007;155 597 145;B01;1;7;0;2;1;1;1;
202300047007;155 597 146;A01;2;7;0;2;2;9;1;
202300047008;155 597 144;A01;1;7;8;0;3;13;1;
202300047009;155 597 142;B01;2;33;14;0;1;2;1;
202300047009;155 597 143;A01;2;10;0;0;4;23;1;
202300047010;155 597 140;A01;2;7;0;2;3;16;1;
202300047010;155 597 141;B01;2;31;0;0;8;1;1;
202300047011;155 597 137;B01;2;10;0;2;4;1;1;
202300047011;155 597 138;C01;2;7;0;0;0;21;2;
202300047011;155 597 139;A01;1;7;0;2;1;5;2;
202300047012;155 597 136;A01;1;7;2;0;1;14;0;
202300047013;155 597 134;A01;2;43;0;2;1;1;1;
202300047013;155 597 135;B01;2;7;0;2;3;15;1;
202300047014;155 597 132;A01;1;1;0;2;1;2;5;
202300047014;155 597 133;B01;1;7;0;0;4;23;3;
202300047015;155 597 130;A01;2;33;0;0;1;1;0;
202300047015;155 597 131;B01;1;99;0;2;7;19;5;
202300047016;155 597 129;A01;2;31;0;0;9;21;1;
202300047017;155 597 127;A01;1;7;0;2;4;15;1;
202300047017;155 597 128;B01;1;33;0;2;1;17;1;
202300047018;155 597 126;A01;1;7;8;0;1;2;2;
202300047019;155 597 124;A01;3;7;0;2;8;19;1;
202300047019;155 597 125;B01;2;10;0;2;1;1;1;
202300047020;155 597 123;A01;3;99;2;0;1;1;1;
202300047021;155 597 122;A01;1;7;2;0;1;1;1;
202300047022;155 597 121;A01;3;7;0;1;1;1;1;
202300047023;155 597 119;A01;2;10;0;2;8;13;1;
202300047023;155 597 120;B01;1;33;0;2;1;1;1;
202300047024;155 597 118;A01;2;31;0;0;1;1;1;
202300047025;155 597 117;A01;3;2;13;0;1;13;1;
202300047026;155 597 116;A01;2;7;2;0;1;0;1;
202300047027;155 597 115;A01;2;7;8;0;1;14;1;
202300047028;155 597 113;A01;1;33;0;2;1;13;1;
202300047028;155 597 114;B01;2;7;0;2;2;1;2;
202300047029;155 597 112;A01;1;7;4;0;3;0;1;
202300047030;155 597 110;A01;3;7;0;2;3;15;1;
202300047030;155 597 111;B01;3;33;0;2;1;1;1;
202300047031;155 597 108;A01;2;7;0;2;3;13;1;
202300047031;155 597 109;B01;1;7;0;2;3;1;1;
202300047032;155 597 107;A01;1;7;0;1;1;1;1;
202300047033;155 597 105;A01;3;10;0;0;0;1;1;
202300047033;155 597 106;C01;0;1;0;2;3;1;5;
202300047034;155 597 104;A01;2;2;0;0;1;1;1;
202300047035;155 597 102;A01;2;33;0;2;1;1;1;
202300047035;155 597 103;B01;1;7;0;2;1;15;2;
202300047036;155 597 101;A01;1;7;4;0;3;13;1;
202300047037;155 597 100;A01;0;7;0;1;4;4;1;
202300047038;155 597 098;A01;3;7;0;9;1;5;0;
202300047038;155 597 099;B01;3;1;0;2;1;5;5;
202300047039;155 597 096;A01;2;7;0;2;4;24;1;
202300047039;155 597 097;B01;2;33;0;2;1;2;1;
202300047040;155 597 094;A01;2;7;0;2;3;15;1;
202300047040;155 597 095;B01;1;2;0;2;1;13;1;
202300047041;155 597 093;A01;2;1;0;0;0;1;5;
202300047042;155 597 091;B01;2;7;0;2;2;1;6;
202300047042;155 597 092;A01;1;7;0;2;2;13;6;
202300047043;155 597 090;A01;1;7;0;0;7;1;0;
202300047044;155 597 089;A01;3;33;13;0;1;1;1;
202300047045;155 597 087;A01;1;7;0;0;6;15;1;
202300047045;155 597 088;B01;1;33;0;2;1;1;1;
202300047046;155 597 086;A01;1;7;6;0;1;19;1;
202300047047;155 597 085;A01;1;7;8;0;1;1;1;
202300047048;155 597 084;A01;2;7;15;1;1;21;1;
202300047049;155 597 082;A01;1;7;0;2;2;1;1;
202300047049;155 597 083;B01;0;1;0;2;5;19;5;
202300047050;155 597 080;B01;2;7;0;2;2;1;1;
202300047050;155 597 081;A01;2;7;0;0;3;1;1;
202300047051;155 597 078;C01;0;99;0;2;5;21;1;
202300047051;155 597 079;A01;0;2;1;0;5;2;1;
202300047052;155 597 077;A01;1;7;0;1;2;1;1;
202300047053;155 597 075;A01;1;7;0;2;1;15;0;
202300047053;155 597 076;B01;0;43;0;2;1;1;1;
202300047054;155 597 072;A01;1;34;0;2;1;3;1;
202300047054;155 597 073;B01;1;14;0;2;0;1;1;
202300047054;155 597 074;C01;1;14;0;2;0;1;1;
202300047055;155 597 070;A01;1;7;0;2;1;16;1;
202300047055;155 597 071;B01;1;50;0;2;7;1;3;
202300047056;155 597 068;A01;0;33;0;2;8;1;1;
202300047056;155 597 069;B01;0;7;0;2;8;1;1;
202300047057;155 597 066;A01;2;30;0;2;1;1;1;
202300047057;155 597 067;B01;1;7;0;2;3;16;1;
202300047058;155 597 064;A01;2;7;0;2;2;15;1;
202300047058;155 597 065;B01;1;32;0;2;1;1;1;
202300047059;155 597 063;A01;1;7;0;0;2;1;1;
202300047060;155 597 062;A01;2;7;0;1;3;15;1;
202300047061;155 597 059;A01;1;34;0;2;1;3;1;
202300047061;155 597 060;B01;1;14;0;0;5;1;1;
202300047061;155 597 061;C01;1;7;0;0;5;1;1;
202300047062;155 597 058;A01;1;7;0;1;3;1;1;
202300047063;155 597 056;B01;3;1;12;2;0;5;5;
202300047063;155 597 057;A01;3;38;0;0;1;0;1;1
202300047064;155 597 055;A01;1;7;2;0;8;0;1;
202300047065;155 597 054;A01;1;7;0;1;2;19;1;
202300047066;155 597 052;B01;3;7;0;2;0;2;0;
202300047066;155 597 053;A01;3;80;0;2;4;19;3;
202300047067;155 597 051;A01;1;7;0;1;2;1;1;
202300047068;155 597 049;B01;1;7;0;2;3;1;6;
202300047068;155 597 050;A01;2;7;0;2;2;0;1;
202300047069;155 597 048;A01;2;2;0;0;4;1;1;
202300047070;155 597 045;A01;2;7;0;2;8;15;1;
202300047070;155 597 046;B01;2;33;0;2;2;17;1;
202300047070;155 597 047;C01;2;33;0;2;2;17;1;
202300047071;155 597 044;A01;2;7;0;0;0;1;0;
202300047072;155 597 042;A01;1;7;0;2;3;13;1;
202300047072;155 597 043;B01;2;15;0;2;3;1;1;
202300047073;155 597 041;A01;1;33;0;0;7;1;1;
202300047074;155 597 039;B01;2;7;0;2;3;1;1;
202300047074;155 597 040;A01;1;7;0;2;3;3;1;
202300047075;155 597 038;A01;2;2;0;0;1;2;1;
202300047076;155 597 035;C01;1;7;0;2;8;1;1;
202300047076;155 597 036;B01;1;15;0;2;1;1;1;
202300047076;155 597 037;A01;2;7;0;2;3;13;1;
202300047077;155 597 034;A01;1;33;0;0;0;17;1;
202300047078;155 597 033;A01;1;2;0;0;0;1;0;
202300047079;155 597 031;B01;2;2;0;2;1;16;1;
202300047079;155 597 032;A01;2;7;0;2;2;1;1;
202300047080;155 597 030;A01;1;2;0;0;0;1;1;
202300047081;155 597 029;A01;3;7;0;1;4;24;1;
202300047082;155 597 028;A01;2;33;13;0;7;1;1;
202300047083;155 597 025;A01;2;7;0;2;1;17;1;
202300047083;155 597 026;B01;2;10;13;2;4;15;1;
202300047084;155 597 024;A01;0;33;7;0;2;1;1;
202300047085;155 597 022;B01;1;10;0;0;6;1;1;
202300047085;155 597 023;A01;2;7;0;2;1;1;1;
202300047086;155 597 020;B01;1;7;0;2;1;1;0;
202300047086;155 597 021;A01;1;2;0;2;1;15;0;
202300047087;155 597 019;A01;2;33;3;0;2;2;1;
202300047088;155 597 018;A01;1;7;2;0;2;1;1;
202300047089;155 597 016;A01;2;1;0;2;8;15;5;
202300047089;155 597 017;B01;1;7;0;2;1;1;1;
202300047090;155 597 014;A01;-1;33;0;2;2;17;0;
202300047090;155 597 015;B01;-1;7;0;2;6;1;0;
202300047091;155 597 013;A01;3;7;0;1;2;1;1;
202300047092;155 597 012;A01;1;7;6;0;0;1;1;
202300047093;155 597 010;A01;3;7;0;2;2;1;1;
202300047093;155 597 011;B01;3;7;0;2;3;1;1;
202300047094;155 597 008;A01;1;7;0;2;2;1;1;
202300047094;155 597 009;B01;2;10;0;2;1;15;1;
202300047095;155 597 006;A01;3;7;0;2;3;1;0;
202300047095;155 597 007;B01;3;10;0;2;3;1;1;
202300047096;155 597 005;A01;1;7;0;1;1;1;0;
202300047097;155 597 004;A01;3;7;2;0;1;0;1;
202300047098;155 597 002;A01;2;33;0;2;1;13;1;
202300047098;155 597 003;B01;1;7;0;2;1;1;1;
202300047099;155 597 001;A01;2;7;14;0;1;13;1;
202300047100;155 597 000;A01;1;7;0;1;2;1;1;
202300047101;155 596 999;A01;1;7;3;0;1;1;1;
202300047102;155 596 998;A01;2;1;0;0;0;1;5;
202300047103;155 596 996;A01;1;33;13;2;1;13;1;
202300047103;155 596 997;B01;2;7;0;2;1;15;1;
202300047104;155 596 994;A01;3;50;0;2;1;16;3;
202300047104;155 596 995;B01;3;7;0;0;6;1;1;
202300047105;155 596 993;A01;2;7;2;0;1;1;1;
202300047106;155 596 991;A01;2;7;3;2;3;15;0;
202300047106;155 596 992;B01;1;7;0;2;3;1;0;
202300047107;155 596 989;B01;2;7;0;2;3;1;1;
202300047107;155 596 990;A01;1;33;0;2;1;13;1;
202300047108;155 596 988;A01;2;7;13;0;9;1;1;
202300047109;155 596 985;C01;2;7;0;2;3;1;1;
202300047109;155 596 986;A01;1;7;0;2;1;1;1;
202300047109;155 596 987;B01;2;7;0;2;3;1;1;
202300047110;155 596 982;A01;1;7;8;0;1;6;1;
202300047111;155 596 981;A01;3;37;0;1;7;1;0;1
202300047112;155 596 979;A01;1;37;0;2;2;2;1;2
202300047112;155 596 980;B01;1;14;0;0;6;16;1;
202300047113;155 596 977;B01;1;32;0;2;1;2;1;
202300047113;155 596 978;A01;1;80;0;2;8;1;3;
202300047114;155 596 976;A01;2;33;3;0;1;1;1;
202300047115;155 596 974;A01;0;7;0;0;6;16;1;
202300047115;155 596 975;B01;0;7;7;2;1;17;1;
202300047116;155 596 972;A01;2;7;0;2;3;17;1;
202300047116;155 596 973;B01;1;33;13;2;8;1;1;
202300047117;155 596 969;A01;1;-1;0;1;0;2;0;
202300047118;155 596 967;A01;1;10;0;9;3;1;0;
202300047118;155 596 968;B01;2;1;0;2;1;16;5;
202300047119;155 596 965;A01;1;10;0;2;2;2;1;
202300047119;155 596 966;B01;1;36;4;0;6;2;3;
202300047120;155 596 962;A01;2;7;0;2;1;13;1;
202300047120;155 596 963;B01;1;2;0;2;0;0;1;
202300047120;155 596 964;C01;1;7;0;2;1;1;1;
202300047121;155 596 960;A01;1;7;3;2;1;13;1;
202300047121;155 596 961;B01;2;10;0;2;1;1;1;
202300047122;155 596 958;A01;2;7;0;2;2;13;1;
202300047122;155 596 959;B01;1;7;0;2;2;13;1;
202300047123;155 596 956;A01;1;3;0;9;2;17;1;
202300047123;155 596 957;B01;1;80;0;2;4;1;3;
202300047124;155 596 954;B01;2;80;0;2;1;1;3;
202300047124;155 596 955;A01;1;7;0;2;2;15;1;
202300047125;155 596 952;A01;2;7;0;2;2;1;1;
202300047125;155 596 953;B01;1;7;13;0;5;1;1;
202300047126;155 596 951;A01;2;1;13;0;0;0;5;
202300047127;155 596 949;A01;2;33;0;2;7;1;1;
202300047127;155 596 950;B01;3;7;0;2;3;19;1;
202300047128;155 596 948;A01;1;7;8;1;1;15;1;
202300047129;155 596 946;A01;0;7;0;0;3;13;1;
202300047129;155 596 947;B01;0;7;0;0;3;1;1;
202300047130;155 596 944;A01;0;33;0;2;0;0;0;
202300047130;155 596 945;B01;0;7;0;2;8;0;0;
202300047131;155 596 943;A01;3;7;1;0;1;2;0;
202300047132;155 596 942;A01;0;31;0;0;8;1;3;
202300047133;155 596 940;A01;3;7;0;2;3;1;1;
202300047133;155 596 941;B01;1;7;0;2;3;1;1;
202300047134;155 596 939;A01;1;33;0;0;0;1;1;
202300047135;155 596 938;A01;3;7;0;1;4;20;1;
202300047136;155 596 935;A01;2;50;0;2;7;17;3;
202300047136;155 596 936;B01;2;33;0;0;8;13;0;
202300047137;155 596 934;A01;2;7;0;1;3;1;1;
202300047138;155 596 932;B01;1;7;0;2;2;26;0;
202300047138;155 596 933;A01;1;7;0;2;1;26;1;
202300047139;155 596 931;A01;3;36;8;0;1;1;3;
202300047140;155 596 929;A01;1;7;0;2;2;15;1;
202300047140;155 596 930;B01;2;14;0;2;8;15;1;
202300047141;155 596 923;B01;2;1;0;2;7;1;5;
202300047141;155 596 924;A01;2;7;0;2;3;22;1;
202300047142;155 596 921;B01;1;7;0;2;2;1;1;
202300047142;155 596 922;A01;1;7;0;2;5;11;6;
202300047143;155 596 920;A01;1;10;0;1;1;1;1;
202300047144;155 596 918;B01;1;50;0;2;1;1;3;
202300047144;155 596 919;A01;1;7;0;2;7;16;1;
202300047145;155 596 916;B01;3;50;0;2;0;0;3;
202300047145;155 596 917;A01;1;7;0;9;0;0;0;
202300047146;155 596 915;A01;1;7;0;1;1;26;1;
202300047147;155 596 913;A01;2;7;7;2;2;1;2;
202300047147;155 596 914;B01;2;7;0;2;3;15;1;
202300047148;155 596 912;A01;1;31;3;0;0;3;0;
202300047149;155 596 910;B01;1;7;0;2;3;1;1;
202300047149;155 596 911;A01;2;7;0;2;3;1;1;
202300047150;155 596 908;B01;0;1;0;2;1;1;5;
202300047150;155 596 909;A01;1;10;0;9;3;9;1;
202300047151;155 596 906;A01;1;7;0;2;2;23;1;
202300047151;155 596 907;B01;1;7;10;2;3;18;1;
202300047152;155 596 904;A01;0;7;0;2;3;1;1;
202300047152;155 596 905;B01;0;7;0;2;3;0;1;
202300047153;155 596 903;A01;0;7;14;0;1;1;1;
202300047154;155 596 901;A01;2;15;0;2;6;19;1;
202300047154;155 596 902;B01;2;7;0;2;1;1;1;
202300047155;155 596 899;A01;2;99;13;2;3;1;1;
202300047155;155 596 900;B01;1;7;13;2;7;19;1;
202300047156;155 596 897;A01;1;7;0;2;1;1;1;
202300047156;155 596 898;B01;2;7;0;2;1;5;1;
202300047157;155 596 896;A01;2;7;2;0;2;1;1;
202300047158;155 596 895;A01;1;7;6;0;3;0;3;
202300047159;155 596 894;A01;1;10;13;0;1;1;1;
202300047160;155 596 893;A01;1;7;6;0;3;1;1;
202300047161;155 596 892;A01;1;7;0;0;3;0;1;
202300047162;155 596 890;A01;1;7;0;2;1;1;1;
202300047162;155 596 891;B01;1;7;0;2;4;1;1;
202300047163;155 596 888;A01;2;7;0;2;1;1;1;
202300047163;155 596 889;B01;2;7;0;2;4;2;1;
202300047164;155 596 887;A01;2;7;4;0;1;1;1;
202300047165;155 596 886;A01;2;7;3;0;1;9;1;
202300047166;155 596 884;B01;3;7;0;2;4;23;0;
202300047166;155 596 885;A01;3;10;0;2;1;2;1;
202300047167;155 596 883;A01;2;7;4;0;1;26;1;
202300047168;155 596 880;Z01;1;10;0;2;8;11;1;
202300047168;155 596 881;B01;1;7;0;2;7;1;1;
202300047168;155 596 882;C01;1;7;0;2;2;1;1;
202300047169;155 596 879;A01;1;7;4;0;1;0;1;
202300047170;155 596 876;B01;1;7;0;2;3;1;1;
202300047170;155 596 877;C01;1;7;0;2;2;1;1;
202300047170;155 596 878;A01;1;99;0;2;0;2;1;
202300047171;155 596 875;A01;2;33;0;0;9;1;1;
202300047172;155 596 872;A01;2;10;0;2;7;2;1;
202300047172;155 596 873;C01;1;10;0;2;1;15;1;
202300047172;155 596 874;B01;1;10;0;2;1;16;1;
202300047173;155 596 871;A01;1;7;0;1;1;1;1;
202300047174;155 596 870;A01;2;7;0;1;1;1;1;
202300047175;155 596 867;B01;2;7;0;2;8;15;1;
202300047175;155 596 868;A01;1;7;0;2;2;17;1;
202300047175;155 596 869;C01;1;10;0;2;3;1;1;
202300047176;155 596 865;A01;1;7;16;2;3;15;1;
202300047176;155 596 866;B01;2;33;0;2;1;1;1;
202300047177;155 596 864;A01;2;33;12;0;1;17;1;
202300047178;155 596 863;A01;2;7;0;1;1;1;1;
202300047179;155 596 861;A01;3;13;0;2;1;0;1;
202300047179;155 596 862;B01;3;30;0;2;1;17;1;
202300047180;155 596 855;C01;1;10;0;2;4;2;1;
202300047180;155 596 856;D01;1;7;0;2;2;1;1;
202300047180;155 596 857;E01;1;7;0;2;8;0;0;
202300047180;155 596 858;F01;1;7;0;2;5;1;1;
202300047180;155 596 859;A01;1;10;3;2;1;1;1;
202300047180;155 596 860;B01;2;7;3;2;0;0;1;
202300047181;155 596 853;A01;1;7;0;2;2;1;1;
202300047181;155 596 854;B01;3;7;0;2;3;1;1;
202300047182;155 596 851;A01;1;2;0;2;1;1;1;
202300047182;155 596 852;B01;1;7;0;2;2;1;1;
202300047183;155 596 849;A01;2;7;0;2;1;13;1;
202300047183;155 596 850;B01;1;7;0;2;1;1;1;
202300047184;155 596 848;Z01;1;7;0;1;1;1;0;
202300047185;155 596 846;A01;1;7;0;2;1;2;1;
202300047185;155 596 847;B01;1;7;0;2;4;1;1;
202300047186;155 596 844;A01;1;7;16;0;1;13;1;
202300047186;155 596 845;B01;1;7;16;0;1;1;1;
202300047187;155 596 842;A01;1;7;0;2;1;9;1;
202300047187;155 596 843;B01;2;32;0;2;8;9;1;
202300047188;155 596 840;A01;1;7;0;2;2;16;1;