Num_Acc;id_vehicule;num_veh;senc;catv;obs;obsm;choc;manv;motor;occutc
202300047188;155 596 841;B01;1;31;0;2;1;1;1;
202300047189;155 596 835;C01;2;33;0;2;9;3;1;
202300047189;155 596 836;A01;2;7;0;2;6;12;1;
202300047189;155 596 837;B01;2;7;0;2;4;12;1;
202300047189;155 596 838;D01;2;7;0;2;1;2;1;
202300047189;155 596 839;E01;2;7;0;2;6;2;1;
202300047190;155 596 831;A01;3;10;0;2;1;2;1;
202300047190;155 596 832;B01;3;10;0;2;4;2;1;
202300047191;155 596 830;A01;2;7;4;0;1;13;1;
202300047192;155 596 828;B01;2;1;0;2;1;1;5;
202300047192;155 596 829;A01;1;7;0;2;3;17;1;
202300047193;155 596 826;A01;2;7;0;2;1;13;1;
202300047193;155 596 827;B01;1;15;0;2;1;1;1;
202300047194;155 596 825;A01;1;7;0;1;1;2;1;
202300047195;155 596 823;A01;3;34;0;2;1;1;1;
202300047195;155 596 824;B01;3;7;0;2;5;15;1;
202300047196;155 596 821;A01;3;32;0;2;7;17;1;
202300047196;155 596 822;B01;3;10;0;2;3;15;1;
202300047197;155 596 819;A01;3;7;0;2;8;1;1;
202300047197;155 596 820;B01;3;7;0;2;3;0;1;
202300047198;155 596 817;B01;1;7;0;2;3;15;1;
202300047198;155 596 818;A01;1;31;0;2;1;11;1;
202300047199;155 596 814;B01;3;7;0;0;0;0;0;
202300047199;155 596 815;A01;0;99;0;2;7;25;3;
202300047199;155 596 816;C01;0;99;0;2;7;25;0;
202300047200;155 596 812;A01;1;31;0;2;1;1;1;
202300047200;155 596 813;B01;1;7;0;2;6;1;1;
202300047201;155 596 803;A01;0;50;0;2;1;0;3;
202300047201;155 596 804;B01;1;7;0;2;1;1;1;
202300047202;155 596 801;A01;1;10;0;2;1;2;1;
202300047202;155 596 802;B01;1;7;0;2;4;2;1;
202300047203;155 596 799;B01;1;7;0;2;8;1;1;
202300047203;155 596 800;A01;1;30;0;2;1;26;1;
202300047204;155 596 797;B01;3;7;0;2;8;26;1;
202300047204;155 596 798;A01;3;10;15;2;1;26;1;
202300047205;155 596 795;A01;3;7;0;2;1;11;1;
202300047205;155 596 796;B01;3;7;0;2;1;1;1;
202300047206;155 596 793;A01;3;7;0;2;1;17;1;
202300047206;155 596 794;B01;3;7;0;2;3;15;1;
202300047207;155 596 791;A01;3;7;0;2;3;26;1;
202300047207;155 596 792;B01;3;7;0;2;1;26;1;
202300047208;155 596 789;A01;2;7;0;2;3;9;1;
202300047208;155 596 790;B01;2;2;0;2;5;1;1;
202300047209;155 596 787;A01;3;33;0;2;1;1;1;
202300047209;155 596 788;B01;3;33;0;2;4;1;1;
202300047210;155 596 785;A01;1;7;0;2;2;9;1;
202300047210;155 596 786;B01;2;50;0;2;2;5;3;
202300047211;155 596 782;B01;2;40;0;2;1;1;3;
202300047211;155 596 783;A01;2;7;0;4;8;15;1;
202300047211;155 596 784;C01;1;7;0;4;6;21;1;
202300047212;155 596 781;A01;1;7;0;1;0;1;1;
202300047213;155 596 779;A01;1;7;0;2;3;15;1;
202300047213;155 596 780;B01;2;50;0;2;8;1;3;
202300047214;155 596 778;A01;3;7;0;1;1;16;1;
202300047215;155 596 776;B01;2;7;0;2;7;15;1;
202300047215;155 596 777;A01;1;33;0;2;1;8;1;
202300047216;155 596 775;A01;0;7;0;1;2;1;1;
202300047217;155 596 774;A01;3;7;0;1;3;16;1;
202300047218;155 596 772;B01;1;50;0;2;0;0;3;
202300047218;155 596 773;A01;2;7;0;2;1;15;1;
202300047219;155 596 771;A01;2;7;0;1;4;4;1;
202300047220;155 596 769;A01;1;1;0;2;1;15;5;
202300047220;155 596 770;B01;1;7;0;9;1;16;0;
202300047221;155 596 768;A01;1;33;0;0;7;16;1;
202300047222;155 596 767;A01;1;33;0;0;0;9;1;
202300047223;155 596 765;A01;3;7;0;2;3;16;1;
202300047223;155 596 766;B01;3;7;0;2;1;1;1;
202300047224;155 596 762;A01;3;7;0;2;1;2;1;
202300047224;155 596 764;B01;3;7;0;2;4;2;1;
202300047225;155 596 763;A01;2;50;0;1;1;1;3;
202300047226;155 596 758;A01;1;1;1;0;1;1;5;
202300047226;155 596 760;B01;1;7;0;2;3;24;1;
202300047227;155 596 759;A01;3;7;0;2;3;15;1;
202300047227;155 596 761;B01;3;2;0;2;1;1;1;
202300047228;155 596 757;A01;1;33;14;0;1;2;1;
202300047229;155 596 753;A01;2;7;0;2;3;15;1;
202300047229;155 596 755;B01;2;33;0;2;1;1;1;
202300047230;155 596 754;A01;1;7;0;2;4;1;1;
202300047230;155 596 756;B01;1;7;0;2;1;2;1;
202300047231;155 596 752;A01;3;7;8;0;2;1;1;
202300047232;155 596 750;B01;1;7;0;2;3;1;1;
202300047232;155 596 751;A01;2;33;0;1;1;17;1;
202300047233;155 596 748;B01;3;7;0;2;8;15;1;
202300047233;155 596 749;A01;2;15;0;2;3;1;1;
202300047234;155 596 744;A01;1;7;0;9;2;17;1;
202300047234;155 596 746;B01;1;1;13;2;5;2;5;
202300047234;155 596 747;C01;1;7;0;2;3;17;6;
202300047235;155 596 745;A01;2;7;0;1;1;1;1;
202300047236;155 596 743;A01;1;10;0;1;2;0;1;
202300047237;155 596 741;A01;2;7;13;0;8;1;1;
202300047238;155 596 740;B01;0;7;0;0;4;2;1;
202300047238;155 596 742;A01;3;30;0;2;1;2;1;
202300047239;155 596 739;A01;2;7;8;0;9;1;1;
202300047240;155 596 736;A01;2;7;0;0;5;24;0;
202300047240;155 596 737;B01;2;33;1;0;1;21;0;
202300047241;155 596 735;B01;2;2;0;2;1;26;1;
202300047241;155 596 738;A01;1;7;0;2;1;15;1;
202300047242;155 596 734;A01;1;33;0;0;9;14;1;
202300047243;155 596 730;A01;1;7;4;0;2;17;1;
202300047243;155 596 732;B01;1;7;0;2;3;18;0;
202300047244;155 596 731;A01;1;10;0;2;2;16;1;
202300047244;155 596 733;B01;1;1;0;2;0;0;5;
202300047245;155 596 727;A01;3;7;0;2;1;15;1;
202300047245;155 596 729;B01;1;33;0;2;7;1;1;
202300047246;155 596 726;A01;2;7;0;2;1;2;1;
202300047246;155 596 728;B01;0;7;0;2;4;2;1;
202300047247;155 596 725;A01;1;30;1;0;2;1;1;
202300047248;155 596 724;A01;2;7;0;1;2;1;3;
202300047249;155 596 722;A01;1;7;0;2;1;13;2;
202300047249;155 596 723;B01;2;7;0;2;1;1;1;
202300047250;155 596 719;A01;1;7;0;2;3;1;1;
202300047250;155 596 720;B01;2;7;0;2;3;13;1;
202300047251;155 596 717;C01;3;7;0;2;1;1;1;
202300047251;155 596 718;B01;3;7;0;2;7;21;2;
202300047251;155 596 721;A01;3;7;0;2;1;13;1;
202300047252;155 596 715;A01;2;7;0;2;3;17;1;
202300047252;155 596 716;B01;1;7;0;2;1;1;1;
202300047253;155 596 714;A01;1;33;0;0;3;2;1;
202300047254;155 596 712;A01;1;7;0;2;3;24;1;
202300047254;155 596 713;B01;1;1;1;0;1;1;5;
202300047255;155 596 711;A01;2;33;17;0;1;21;1;
202300047256;155 596 707;B01;3;50;0;2;1;26;3;
202300047256;155 596 708;A01;1;7;0;2;1;1;1;
202300047257;155 596 709;A01;3;7;0;2;5;16;1;
202300047257;155 596 710;B01;3;1;0;2;0;1;5;
202300047258;155 596 706;A01;1;1;0;0;0;1;5;
202300047259;155 596 705;A01;1;7;0;9;3;1;0;
202300047260;155 596 702;A01;1;7;1;1;1;1;0;
202300047261;155 596 703;A01;2;7;0;1;1;1;1;
202300047262;155 596 701;A01;3;7;2;0;1;16;0;
202300047263;155 596 699;A01;1;7;2;0;1;1;1;
202300047264;155 596 698;A01;1;10;0;2;2;10;1;
202300047264;155 596 700;B01;2;32;0;2;1;1;1;
202300047265;155 596 697;A01;1;7;13;0;1;1;1;
202300047266;155 596 696;A01;1;7;0;9;3;15;1;
202300047267;155 596 694;A01;2;32;0;2;1;1;1;
202300047267;155 596 695;B01;1;7;0;2;2;15;1;
202300047268;155 596 692;A01;2;2;0;2;1;2;1;
202300047268;155 596 693;B01;2;7;0;2;6;2;1;
202300047269;155 596 689;B01;2;32;0;2;1;23;1;
202300047269;155 596 691;A01;1;7;0;2;3;15;1;
202300047270;155 596 688;A01;1;50;0;0;4;15;3;
202300047270;155 596 690;B01;1;1;0;9;1;21;5;
202300047271;155 596 685;A01;1;7;0;0;6;1;1;
202300047271;155 596 686;B01;1;33;0;0;1;2;1;
202300047272;155 596 683;C01;2;7;0;2;4;2;1;
202300047272;155 596 684;A01;2;7;0;2;1;2;1;
202300047272;155 596 687;B01;2;7;0;2;4;2;1;
202300047273;155 596 679;B01;2;7;14;0;3;0;1;
202300047273;155 596 681;C01;2;7;0;2;8;1;1;
202300047273;155 596 682;A01;2;17;0;2;0;21;0;
202300047274;155 596 678;A01;2;30;0;2;3;16;3;
202300047274;155 596 680;B01;1;7;0;2;3;23;1;
202300047275;155 596 676;A01;1;7;0;2;3;15;1;
202300047275;155 596 677;B01;2;7;0;2;3;1;1;
202300047276;155 596 675;A01;1;7;0;1;1;1;1;
202300047277;155 596 674;A01;1;7;0;0;1;1;0;
202300047278;155 596 671;A01;2;10;0;2;3;9;1;
202300047278;155 596 673;B01;2;1;0;2;7;1;5;
202300047279;155 596 672;A01;3;7;0;1;1;1;1;
202300047280;155 596 667;A01;1;7;0;9;3;1;1;
202300047280;155 596 669;B01;3;1;0;2;2;1;5;
202300047281;155 596 668;A01;1;7;0;9;1;1;1;
202300047281;155 596 670;B01;1;1;0;2;1;1;5;
202300047282;155 596 664;A01;2;7;0;0;4;23;1;
202300047282;155 596 666;B01;2;7;1;0;1;1;1;
202300047283;155 596 665;A01;1;33;0;1;8;21;1;
202300047284;155 596 661;A01;1;7;12;2;3;1;1;
202300047284;155 596 663;B01;2;10;0;2;3;1;1;
202300047285;155 596 660;A01;2;7;0;2;7;9;1;
202300047285;155 596 662;B01;1;7;0;2;3;1;1;
202300047286;155 596 658;A01;2;7;0;2;8;1;1;
202300047286;155 596 659;B01;1;7;0;2;1;1;1;
202300047287;155 596 656;A01;3;7;0;0;3;15;0;
202300047288;155 596 655;A01;1;7;0;2;1;10;1;
202300047288;155 596 657;B01;1;7;0;2;2;1;1;
202300047289;155 596 654;A01;1;7;2;0;1;1;1;
202300047290;155 596 652;A01;3;7;13;0;7;1;1;
202300047291;155 596 651;B01;2;7;0;2;1;2;1;
202300047291;155 596 653;A01;2;7;0;2;1;2;1;
202300047292;155 596 649;A01;2;7;0;1;8;1;1;
202300047293;155 596 648;B01;1;1;0;0;7;9;5;
202300047293;155 596 650;A01;1;7;0;9;3;9;1;
202300047294;155 596 645;A01;1;43;0;1;1;0;1;
202300047295;155 596 641;B01;3;7;0;2;1;9;1;
202300047295;155 596 644;A01;0;31;0;2;1;3;3;
202300047296;155 596 638;A01;1;7;0;2;3;9;1;
202300047296;155 596 640;B01;1;1;0;2;1;1;5;
202300047297;155 596 632;A01;2;1;0;2;4;9;5;
202300047297;155 596 635;B01;3;0;0;2;0;9;0;
202300047298;155 596 633;A01;1;7;1;0;3;13;1;
202300047298;155 596 636;B01;2;7;0;2;7;23;1;
202300047299;155 596 631;B01;1;7;0;2;4;2;1;
202300047299;155 596 634;A01;1;7;0;2;1;2;1;
202300047300;155 596 629;A01;1;7;0;0;9;13;1;
202300047301;155 596 627;B01;2;7;0;2;3;1;1;
202300047301;155 596 630;A01;3;7;0;2;3;15;1;
202300047302;155 596 626;A01;1;33;0;2;3;3;1;
202300047302;155 596 628;B01;1;7;0;2;5;12;1;
202300047303;155 596 625;A01;3;7;0;0;1;1;1;
202300047304;155 596 621;B01;2;31;0;2;1;1;1;
202300047304;155 596 623;A01;1;7;0;2;2;15;1;
202300047305;155 596 620;C01;1;14;0;2;3;1;1;
202300047305;155 596 622;A01;1;33;0;2;3;3;1;
202300047305;155 596 624;B01;1;10;0;2;7;1;1;
202300047306;155 596 619;A01;1;31;0;0;9;14;1;
202300047307;155 596 616;A01;1;7;0;2;3;26;1;
202300047307;155 596 618;B01;2;1;0;2;1;25;5;
202300047308;155 596 615;B01;1;33;0;2;7;1;1;
202300047308;155 596 617;A01;1;7;0;2;6;11;1;
202300047309;155 596 613;A01;1;7;0;1;3;26;1;
202300047310;155 596 614;A01;3;2;0;0;4;26;1;
202300047311;155 596 611;B01;2;7;0;2;6;1;1;
202300047311;155 596 612;A01;2;7;0;2;2;11;1;
202300047312;155 596 609;A01;1;7;0;1;1;17;1;
202300047313;155 596 610;Z01;1;7;0;1;2;2;1;
202300047314;155 596 608;A01;3;7;0;1;1;20;0;
202300047315;155 596 606;A01;2;10;0;1;4;4;1;
202300047316;155 596 605;B01;3;7;0;2;1;1;1;
202300047316;155 596 607;A01;3;32;0;2;4;23;1;
202300047317;155 596 599;A01;1;7;0;2;8;22;1;
202300047317;155 596 601;B01;1;1;0;2;1;1;5;
202300047318;155 596 600;A01;2;7;0;2;1;5;1;
202300047318;155 596 604;B01;1;7;0;2;1;1;1;
202300047319;155 596 598;A01;1;7;0;2;1;1;1;
202300047319;155 596 602;B01;1;7;0;2;4;1;1;
202300047319;155 596 603;C01;1;7;0;2;4;1;1;
202300047320;155 596 596;A01;1;7;0;1;3;16;1;
202300047321;155 596 595;A01;1;7;0;2;2;0;1;
202300047321;155 596 597;B01;2;15;0;2;8;1;6;
202300047322;155 596 594;A01;1;7;2;0;1;14;1;
202300047323;155 596 592;B01;1;7;0;2;6;2;1;
202300047323;155 596 593;A01;1;43;0;2;1;3;1;
202300047324;155 596 591;A01;1;31;0;1;1;1;1;
202300047325;155 596 589;A01;2;33;3;0;3;9;1;
202300047326;155 596 587;A01;1;50;8;0;0;26;3;
202300047327;155 596 588;A01;1;7;0;2;0;1;1;
202300047327;155 596 590;B01;2;7;0;2;3;1;1;
202300047328;155 596 584;A01;1;36;3;0;2;1;1;
202300047329;155 596 580;B01;1;7;0;2;1;2;1;
202300047329;155 596 582;C01;1;7;0;2;1;2;1;
202300047329;155 596 585;A01;1;7;0;2;4;2;1;
202300047330;155 596 577;D01;3;7;0;2;2;23;2;
202300047330;155 596 579;B01;3;7;0;2;7;23;4;
202300047330;155 596 581;E01;3;7;0;2;6;23;1;
202300047330;155 596 583;A01;3;32;14;2;8;3;1;
202300047330;155 596 586;C01;3;10;0;2;5;23;1;
202300047331;155 596 576;A01;3;7;0;1;3;1;1;
202300047332;155 596 573;A01;3;31;0;1;1;1;1;
202300047333;155 596 574;D01;2;15;0;0;4;2;1;
202300047333;155 596 575;A01;2;14;0;2;1;2;1;
202300047333;155 596 578;B01;2;16;0;2;6;2;1;
202300047334;155 596 572;A01;1;30;0;2;3;1;1;
202300047335;155 596 569;A01;1;30;0;2;4;23;1;
202300047335;155 596 571;Z01;1;10;12;2;0;1;1;
202300047336;155 596 568;A01;2;10;0;2;1;2;1;
202300047336;155 596 570;B01;2;17;0;0;4;2;1;
202300047337;155 596 567;A01;1;37;0;2;0;26;1;4
202300047338;155 596 562;A01;1;14;13;2;1;5;1;
202300047338;155 596 564;B01;2;7;16;2;3;1;1;
202300047339;155 596 560;A01;2;7;0;2;4;2;1;
202300047339;155 596 561;B01;2;7;0;2;1;2;1;
202300047339;155 596 563;C01;2;7;0;2;1;2;1;
202300047340;155 596 559;A01;2;33;0;1;3;1;1;
202300047341;155 596 558;A01;3;7;12;0;3;13;6;
202300047342;155 596 555;A01;3;7;0;2;0;23;1;
202300047342;155 596 556;B01;3;7;0;2;1;4;1;
202300047343;155 596 554;A01;1;31;0;2;1;1;1;
202300047343;155 596 557;B01;1;7;0;2;6;1;1;
202300047344;155 596 553;A01;2;7;0;1;7;14;1;
202300047345;155 596 550;B01;3;7;0;2;1;1;1;
202300047345;155 596 552;A01;3;7;0;2;2;1;6;
202300047346;155 596 549;A01;3;7;0;2;7;15;1;
202300047346;155 596 551;B01;3;33;0;2;1;1;1;
202300047347;155 596 545;B01;1;32;0;2;1;17;1;
202300047347;155 596 547;A01;1;7;0;2;3;15;2;
202300047348;155 596 544;A01;2;7;0;2;1;1;1;
202300047348;155 596 548;B01;1;7;0;2;8;15;1;
202300047349;155 596 543;A01;1;7;0;2;2;16;1;
202300047349;155 596 546;B01;2;33;0;2;1;1;1;
202300047350;155 596 541;B01;2;30;0;2;1;1;1;
202300047350;155 596 542;A01;2;7;0;2;3;1;2;
202300047351;155 596 538;B01;2;50;0;2;9;1;3;
202300047351;155 596 539;A01;1;7;0;2;5;4;1;
202300047352;155 596 537;B01;2;10;0;2;2;1;1;
202300047352;155 596 540;A01;2;7;0;0;6;23;1;
202300047353;155 596 536;A01;1;1;12;0;1;1;5;
202300047354;155 596 534;A01;3;7;0;2;1;15;2;
202300047354;155 596 535;B01;1;80;0;2;1;1;3;
202300047355;155 596 531;A01;1;7;0;2;6;20;1;
202300047355;155 596 533;B01;1;2;0;2;0;0;3;
202300047356;155 596 529;A01;2;10;0;2;1;1;1;
202300047356;155 596 532;B01;2;7;0;2;5;1;1;
202300047357;155 596 527;A01;2;7;0;1;1;1;2;
202300047358;155 596 525;A01;1;10;0;2;1;2;1;
202300047358;155 596 526;B01;1;10;0;2;4;2;1;
202300047359;155 596 523;A01;2;7;0;1;2;1;1;
202300047360;155 596 521;A01;2;7;0;1;1;15;1;
202300047361;155 596 520;C01;1;10;0;2;1;23;1;
202300047361;155 596 522;A01;1;7;0;0;0;11;1;
202300047361;155 596 524;B01;2;33;0;2;1;21;1;
202300047362;155 596 517;C01;1;7;0;2;4;23;1;
202300047362;155 596 518;A01;1;7;0;2;1;1;1;
202300047362;155 596 519;B01;1;7;0;2;4;23;1;
202300047363;155 596 516;A01;2;31;4;0;7;1;1;
202300047364;155 596 514;A01;1;7;0;2;0;0;1;
202300047364;155 596 515;B01;2;1;0;2;0;0;5;
202300047365;155 596 513;A01;1;7;0;1;1;9;1;
202300047366;155 596 511;A01;2;10;0;0;6;15;1;
202300047366;155 596 512;B01;2;33;0;2;1;13;1;
202300047367;155 596 509;A01;2;7;1;0;3;13;2;
202300047368;155 596 508;A01;3;7;0;1;2;1;1;
202300047369;155 596 507;A01;2;34;12;9;3;1;1;
202300047370;155 596 510;A01;3;7;0;1;1;11;1;
202300047371;155 596 505;A01;0;30;0;1;1;1;1;
202300047372;155 596 503;B01;2;7;0;2;7;1;1;
202300047372;155 596 506;A01;2;10;0;2;1;19;1;
202300047373;155 596 502;Z01;0;7;0;2;3;2;0;
202300047373;155 596 504;A01;0;50;0;2;2;2;3;
202300047374;155 596 500;B01;3;31;0;2;1;26;1;
202300047374;155 596 501;A01;3;7;0;2;7;26;1;
202300047375;155 596 497;A01;3;7;0;2;1;19;1;
202300047375;155 596 499;B01;1;0;0;2;0;0;6;
202300047376;155 596 496;A01;1;7;0;2;1;1;1;
202300047376;155 596 498;B01;1;2;0;2;4;26;1;
202300047377;155 596 493;A01;1;7;0;2;3;13;1;
202300047377;155 596 495;B01;1;33;0;2;0;0;1;
202300047378;155 596 491;B01;3;37;0;0;0;0;0;2
202300047378;155 596 494;A01;3;7;0;0;0;0;0;
202300047379;155 596 490;B01;1;1;0;2;1;0;5;
202300047379;155 596 492;A01;1;7;0;9;1;1;1;
202300047380;155 596 486;A01;1;7;0;1;1;16;1;
202300047381;155 596 482;A01;0;7;0;2;7;2;1;
202300047381;155 596 484;B01;0;1;0;0;8;2;5;
202300047382;155 596 480;A01;2;10;0;2;2;0;2;
202300047382;155 596 483;B01;1;2;0;2;1;0;1;
202300047383;155 596 479;B01;3;7;0;2;1;0;0;
202300047383;155 596 481;A01;3;7;0;2;4;0;0;
202300047384;155 596 476;A01;1;10;0;1;2;0;1;
202300047385;155 596 477;A01;3;7;4;0;0;17;1;
202300047386;155 596 471;A01;0;14;0;0;1;1;1;
202300047386;155 596 472;B01;0;3;0;0;8;15;1;
202300047387;155 596 470;A01;3;10;0;0;7;1;1;
202300047387;155 596 473;B01;1;33;0;2;1;1;1;
202300047388;155 596 469;B01;2;7;0;2;4;2;1;
202300047388;155 596 474;A01;2;7;0;2;4;2;1;
202300047388;155 596 475;D01;2;10;0;2;1;2;0;
202300047388;155 596 478;C01;2;7;0;2;1;2;1;
202300047389;155 596 468;B01;3;7;0;1;1;2;1;
202300047390;155 596 466;A01;1;7;0;9;2;1;1;
202300047390;155 596 467;B01;1;1;0;2;1;1;5;
202300047391;155 596 463;B01;1;7;0;2;8;0;1;
202300047391;155 596 465;A01;1;7;0;2;2;12;1;
202300047392;155 596 460;A01;2;33;4;2;1;21;1;
202300047392;155 596 462;B01;1;7;0;2;3;1;0;
202300047393;155 596 461;B01;2;1;0;2;1;1;5;
202300047393;155 596 464;A01;1;50;0;2;1;13;3;
202300047394;155 596 456;A01;0;80;0;0;0;1;3;
202300047394;155 596 458;B01;0;10;0;0;0;15;1;
202300047395;155 596 455;A01;2;7;0;1;2;1;1;
202300047396;155 596 454;C01;1;10;0;2;7;2;1;
202300047396;155 596 457;A01;1;7;0;2;8;13;1;
202300047396;155 596 459;B01;1;33;0;2;7;3;1;
202300047397;155 596 453;A01;3;7;0;1;2;1;1;
202300047398;155 596 452;A01;1;7;0;1;1;1;1;
202300047399;155 596 449;A01;2;7;13;0;2;1;1;
202300047400;155 596 450;A01;2;33;0;2;3;1;1;
202300047400;155 596 451;B01;2;7;0;2;5;12;1;
202300047401;155 596 448;A01;1;10;0;1;2;1;1;
202300047402;155 596 446;A01;1;7;0;1;1;1;1;
202300047403;155 596 445;A01;1;10;0;2;2;12;1;
202300047403;155 596 447;B01;1;17;0;2;6;12;1;
202300047404;155 596 444;A01;3;7;16;0;9;1;1;
202300047405;155 596 443;A01;3;7;6;0;2;16;1;
202300047406;155 596 439;D01;1;7;0;2;2;1;1;
202300047406;155 596 441;C01;1;7;0;2;8;1;0;
202300047406;155 596 442;B01;1;32;0;2;1;3;0;
202300047407;155 596 437;B01;1;33;0;2;7;1;1;
202300047407;155 596 440;A01;2;7;0;2;2;15;1;
202300047408;155 596 434;A01;2;33;0;2;1;3;1;
202300047408;155 596 436;B01;2;7;0;2;4;2;1;
202300047409;155 596 433;A01;1;7;15;0;6;14;1;
202300047410;155 596 432;A01;1;7;0;2;6;1;1;
202300047410;155 596 435;B01;1;7;12;2;3;1;1;
202300047411;155 596 430;A01;1;33;0;2;1;3;1;
202300047411;155 596 431;B01;2;7;0;2;4;2;1;
202300047412;155 596 429;A01;1;7;6;0;2;0;0;
202300047413;155 596 428;A01;3;7;0;1;3;1;1;
202300047414;155 596 424;A01;2;7;0;2;4;1;1;
202300047414;155 596 427;B01;2;14;0;2;1;1;1;
202300047415;155 596 423;A01;1;7;0;2;3;10;1;
202300047415;155 596 426;B01;1;2;0;2;2;1;1;
202300047416;155 596 422;A01;1;7;0;2;3;15;0;
202300047416;155 596 425;B01;2;2;0;2;1;1;0;
202300047417;155 596 418;A01;1;10;0;2;1;2;1;
202300047417;155 596 421;B01;1;17;0;2;4;2;1;
202300047418;155 596 417;B01;0;7;0;2;3;0;1;
202300047418;155 596 420;A01;3;32;0;2;1;17;1;
202300047419;155 596 416;A01;2;3;0;2;1;13;1;
202300047419;155 596 419;B01;1;14;0;2;3;1;1;
202300047420;155 596 413;A01;1;7;13;0;2;1;0;
202300047421;155 596 412;A01;1;33;0;2;1;9;1;
202300047421;155 596 415;B01;1;7;0;2;6;1;1;
202300047422;155 596 411;B01;3;7;0;2;2;1;0;
202300047422;155 596 414;A01;3;7;0;2;2;1;0;
202300047423;155 596 408;B01;2;7;0;2;7;12;1;
202300047423;155 596 410;A01;2;32;0;2;3;3;1;
202300047424;155 596 409;A01;1;3;2;0;9;26;1;
202300047425;155 596 405;B01;1;10;0;2;4;2;1;
202300047425;155 596 406;A01;1;33;0;2;1;2;1;
202300047426;155 596 407;A01;0;7;0;1;7;1;1;
202300047427;155 596 403;A01;1;7;4;0;9;15;1;
202300047428;155 596 402;B01;2;7;0;0;8;1;0;
202300047428;155 596 404;A01;0;10;0;2;3;19;1;
202300047429;155 596 399;A01;2;13;0;2;0;12;1;
202300047429;155 596 401;B01;2;7;0;2;0;0;1;
202300047430;155 596 398;A01;2;7;15;0;1;1;1;
202300047431;155 596 397;A01;1;7;0;0;0;0;1;
202300047431;155 596 400;B01;1;33;0;0;0;0;1;
202300047432;155 596 396;A01;2;7;1;0;6;11;1;
202300047433;155 596 391;A01;1;7;0;1;1;1;1;
202300047433;155 596 395;Z01;1;32;0;9;1;26;1;
202300047434;155 596 390;A01;1;7;0;9;1;15;1;
202300047434;155 596 392;B01;1;1;0;2;1;16;5;
202300047435;155 596 388;B01;3;2;0;2;0;0;1;
202300047435;155 596 389;A01;3;7;0;2;8;2;1;
202300047436;155 596 387;A01;1;7;13;0;2;14;1;
202300047437;155 596 384;A01;3;10;0;1;3;15;0;
202300047438;155 596 383;A01;3;7;0;1;1;1;0;
202300047439;155 596 381;A01;2;50;0;0;0;25;3;
202300047440;155 596 379;A01;3;7;0;2;2;1;1;
202300047440;155 596 380;B01;2;32;0;2;3;15;1;
202300047441;155 596 378;A01;1;7;0;2;3;1;1;
202300047441;155 596 382;B01;2;7;0;2;1;1;1;
202300047442;155 596 377;A01;2;31;0;6;2;1;1;
202300047443;155 596 374;A01;2;7;0;2;0;0;1;
202300047443;155 596 376;B01;1;34;1;0;1;0;1;
202300047444;155 596 372;A01;3;32;0;2;1;17;1;
202300047444;155 596 373;B01;3;99;0;2;3;9;1;
202300047445;155 596 368;A01;1;7;0;1;0;20;1;
202300047446;155 596 370;B01;2;10;0;2;1;1;1;
202300047446;155 596 375;A01;1;7;0;2;1;15;1;
202300047447;155 596 369;A01;1;2;13;2;1;1;1;
202300047447;155 596 371;B01;2;7;0;2;2;1;1;
202300047448;155 596 365;A01;1;7;0;2;5;1;2;
202300047448;155 596 367;B01;2;10;0;2;1;1;1;
202300047449;155 596 366;A01;1;7;13;0;2;16;1;
202300047450;155 596 364;A01;1;7;6;0;1;14;1;
202300047451;155 596 363;A01;1;30;0;0;0;1;3;
202300047452;155 596 361;A01;2;10;0;9;8;22;0;
202300047452;155 596 362;B01;2;1;1;0;1;1;5;
202300047453;155 596 360;A01;2;7;2;0;4;1;1;
202300047454;155 596 354;A01;3;7;0;2;1;2;1;
202300047454;155 596 359;B01;3;7;0;2;4;2;1;
202300047455;155 596 353;A01;2;7;0;2;3;16;1;
202300047455;155 596 356;B01;1;2;0;2;8;17;1;
202300047456;155 596 349;A01;3;7;13;0;1;19;1;
202300047457;155 596 347;A01;0;7;0;0;3;9;1;
202300047457;155 596 350;B01;0;1;0;2;4;1;5;
202300047458;155 596 345;A01;0;7;13;0;1;1;1;
202300047459;155 596 344;A01;0;50;0;2;2;19;3;
202300047459;155 596 346;B01;1;7;0;9;1;15;1;
202300047460;155 596 340;A01;3;21;0;2;8;0;1;
202300047460;155 596 342;B01;3;1;0;2;1;2;5;
202300047461;155 596 341;A01;2;7;1;0;2;1;1;
202300047462;155 596 339;B01;2;7;0;2;8;1;1;
202300047462;155 596 343;A01;2;7;0;2;2;1;1;
202300047463;155 596 338;A01;2;7;2;0;1;1;1;
202300047464;155 596 336;A01;1;7;0;2;1;15;1;
202300047464;155 596 337;B01;2;1;0;2;7;1;5;
202300047465;155 596 335;A01;1;30;0;1;3;7;0;
202300047466;155 596 334;A01;1;7;13;0;9;13;0;
202300047467;155 596 333;A01;1;7;0;1;1;1;1;
202300047468;155 596 330;A01;2;7;0;0;0;0;1;
202300047469;155 596 328;A01;3;7;0;2;1;1;1;
202300047469;155 596 331;B01;3;7;0;2;1;1;1;
202300047470;155 596 329;B01;1;33;0;2;1;2;1;
202300047470;155 596 332;A01;1;7;0;2;6;15;1;
202300047471;155 596 323;A01;1;7;0;2;7;16;1;
202300047471;155 596 326;B01;1;50;0;2;1;26;3;