Num_Acc;id_vehicule;num_veh;senc;catv;obs;obsm;choc;manv;motor;occutc
202300047472;155 596 324;A01;2;7;0;2;2;2;1;
202300047472;155 596 327;B01;2;15;0;2;6;2;1;
202300047473;155 596 325;A01;2;7;0;1;3;1;1;
202300047474;155 596 321;A01;1;7;13;0;2;0;1;
202300047475;155 596 318;B01;3;1;1;2;1;2;0;
202300047475;155 596 320;A01;3;7;0;2;8;24;1;
202300047476;155 596 314;A01;1;7;0;1;1;1;1;
202300047477;155 596 315;A01;0;7;0;2;3;23;1;
202300047477;155 596 317;B01;2;32;0;2;3;19;1;
202300047478;155 596 313;C01;1;7;0;2;4;1;1;
202300047478;155 596 316;A01;1;7;0;2;1;11;1;
202300047478;155 596 319;B01;1;10;0;2;4;1;1;
202300047479;155 596 310;B01;1;7;0;2;0;2;1;
202300047479;155 596 312;A01;1;30;0;2;8;2;1;
202300047480;155 596 308;A01;2;10;0;2;1;1;1;
202300047480;155 596 311;B01;2;17;0;2;4;1;1;
202300047481;155 596 307;A01;1;7;1;0;1;1;1;
202300047482;155 596 306;A01;1;7;0;2;1;1;1;
202300047482;155 596 309;B01;2;7;0;2;3;1;1;
202300047483;155 596 305;A01;1;7;0;1;3;9;2;
202300047484;155 596 304;A01;3;7;12;0;1;5;1;
202300047485;155 596 302;A01;1;33;12;0;3;16;1;
202300047486;155 596 300;A01;1;7;0;1;1;0;1;
202300047487;155 596 301;A01;1;10;0;2;1;17;0;
202300047487;155 596 303;B01;1;7;0;2;0;1;1;
202300047488;155 596 298;A01;1;31;0;0;0;26;1;
202300047489;155 596 297;A01;2;16;0;0;6;23;1;
202300047489;155 596 299;B01;2;7;1;0;2;17;1;
202300047490;155 596 293;A01;1;7;0;2;6;1;1;
202300047490;155 596 296;B01;2;1;0;2;1;1;5;
202300047491;155 596 295;A01;1;33;3;0;0;1;1;
202300047492;155 596 292;A01;2;15;6;0;2;1;6;
202300047492;155 596 294;B01;1;7;0;9;7;14;1;
202300047493;155 596 290;B01;2;7;0;2;8;15;1;
202300047493;155 596 291;A01;2;33;0;2;1;17;1;
202300047494;155 596 287;A01;1;7;0;2;1;13;1;
202300047494;155 596 289;B01;2;7;0;2;1;1;1;
202300047495;155 596 285;A01;2;7;0;2;1;2;6;
202300047495;155 596 288;B01;2;10;0;0;4;2;1;
202300047496;155 596 284;B01;3;34;0;2;1;1;1;
202300047496;155 596 286;A01;3;7;0;2;1;15;1;
202300047497;155 596 282;A01;3;7;0;2;2;12;1;
202300047497;155 596 283;B01;3;33;0;2;3;1;1;
202300047498;155 596 280;A01;1;2;0;2;1;17;1;
202300047498;155 596 281;B01;1;7;0;2;3;15;1;
202300047499;155 596 278;A01;3;7;0;1;1;15;1;
202300047500;155 596 277;A01;1;10;16;0;7;12;1;
202300047500;155 596 279;B01;1;31;8;2;1;2;1;
202300047501;155 596 274;A01;3;7;0;2;1;16;1;
202300047501;155 596 276;B01;3;1;0;2;1;1;5;
202300047502;155 596 273;A01;0;7;0;2;1;15;1;
202300047502;155 596 275;B01;1;1;0;2;1;1;5;
202300047503;155 596 269;A01;1;7;13;0;1;1;1;
202300047504;155 596 270;B01;3;60;0;2;2;19;5;
202300047504;155 596 272;A01;2;7;0;2;2;26;1;
202300047505;155 596 268;A01;1;7;0;1;4;23;1;
202300047505;155 596 271;B01;1;7;0;2;1;2;1;
202300047506;155 596 266;A01;1;33;12;0;7;0;1;
202300047507;155 596 261;A01;2;7;0;2;3;16;1;
202300047507;155 596 263;B01;3;50;0;2;1;5;3;
202300047508;155 596 262;B01;3;7;0;2;7;2;1;
202300047508;155 596 267;A01;3;1;0;2;8;2;5;
202300047509;155 596 258;A01;0;7;0;9;2;1;1;
202300047509;155 596 260;B01;0;1;0;2;1;9;5;
202300047510;155 596 255;A01;1;33;0;2;1;17;1;
202300047510;155 596 257;B01;1;50;0;2;4;1;3;
202300047511;155 596 253;A01;2;7;0;2;5;22;2;
202300047511;155 596 256;B01;2;50;0;2;1;18;3;
202300047512;155 596 252;A01;3;10;0;1;4;4;3;
202300047513;155 596 251;A01;2;33;0;0;0;0;1;
202300047514;155 596 250;A01;1;50;0;2;0;1;3;
202300047514;155 596 254;B01;1;7;0;2;3;1;1;
202300047515;155 596 244;A01;2;10;0;2;3;9;1;
202300047515;155 596 247;B01;1;33;0;2;7;15;1;
202300047516;155 596 245;A01;1;7;0;0;5;22;1;
202300047516;155 596 249;B01;1;31;0;0;1;18;1;
202300047517;155 596 243;B01;2;32;0;2;1;1;1;
202300047517;155 596 246;A01;1;10;0;2;7;15;1;
202300047518;155 596 238;A01;1;7;0;2;1;1;1;
202300047518;155 596 242;B01;1;7;0;2;3;1;1;
202300047518;155 596 248;C01;2;7;0;2;3;9;1;
202300047519;155 596 240;B01;3;1;12;2;6;19;5;
202300047519;155 596 241;A01;1;34;0;2;3;1;1;
202300047520;155 596 236;B01;3;1;0;2;0;0;5;
202300047520;155 596 237;A01;3;7;0;9;3;15;1;
202300047521;155 596 234;A01;1;7;12;1;3;14;1;
202300047522;155 596 235;A01;1;7;0;2;3;13;1;
202300047522;155 596 239;B01;2;32;0;2;3;1;1;
202300047523;155 596 231;A01;1;7;0;2;5;1;0;
202300047523;155 596 233;B01;2;7;0;2;3;1;0;
202300047524;155 596 229;A01;1;7;9;1;1;1;1;
202300047525;155 596 227;A01;2;30;0;1;3;21;1;
202300047526;155 596 226;B01;1;33;0;2;7;1;1;
202300047526;155 596 230;C01;2;7;-1;2;3;10;1;
202300047527;155 596 225;B01;1;7;0;2;3;1;1;
202300047527;155 596 232;A01;1;7;0;2;5;12;1;
202300047528;155 596 224;A01;1;33;0;2;1;1;1;
202300047528;155 596 228;B01;1;7;0;2;3;15;1;
202300047529;155 596 223;A01;1;7;1;0;2;1;1;
202300047530;155 596 218;A01;2;10;0;2;2;12;1;
202300047530;155 596 222;B01;2;7;0;2;3;1;1;
202300047531;155 596 217;A01;2;10;0;2;1;1;1;
202300047531;155 596 220;B01;3;50;0;2;7;19;3;
202300047532;155 596 215;A01;1;7;0;2;3;13;1;
202300047532;155 596 219;B01;2;7;0;2;2;1;1;
202300047533;155 596 214;A01;1;31;0;2;5;2;1;
202300047533;155 596 216;B01;1;7;0;2;5;2;1;
202300047534;155 596 213;A01;3;7;0;2;7;1;1;
202300047534;155 596 221;B01;3;7;0;2;1;1;1;
202300047535;155 596 211;A01;1;7;6;0;3;1;0;
202300047536;155 596 209;A01;2;7;9;0;1;6;1;
202300047537;155 596 210;A01;2;7;0;1;3;1;2;
202300047538;155 596 207;B01;1;7;0;2;6;1;1;
202300047538;155 596 212;A01;1;13;0;2;2;1;1;
202300047539;155 596 205;A01;2;7;0;2;3;17;1;
202300047539;155 596 208;B01;2;34;0;2;5;17;1;
202300047540;155 596 204;A01;1;10;3;2;5;13;1;
202300047540;155 596 206;B01;2;7;0;2;1;1;1;
202300047541;155 596 203;A01;2;32;0;1;1;17;1;
202300047542;155 596 201;A01;2;7;6;0;2;1;1;
202300047543;155 596 200;A01;2;32;0;2;1;1;1;
202300047543;155 596 202;B01;1;10;0;2;3;15;1;
202300047544;155 596 196;A01;1;99;0;2;1;5;0;
202300047544;155 596 199;B01;2;32;0;2;1;23;1;
202300047545;155 596 197;A01;1;7;0;0;0;1;0;
202300047546;155 596 194;B01;1;33;0;2;1;1;1;
202300047546;155 596 198;A01;1;7;0;2;3;26;1;
202300047547;155 596 193;B01;3;50;0;2;7;19;3;
202300047547;155 596 195;A01;1;7;0;2;1;1;1;
202300047548;155 596 190;B01;1;2;0;2;1;1;1;
202300047548;155 596 191;A01;1;7;0;2;3;9;1;
202300047549;155 596 187;A01;3;32;0;0;3;1;1;
202300047549;155 596 189;B01;3;7;0;2;4;23;2;
202300047550;155 596 186;C01;0;7;0;2;4;2;0;
202300047550;155 596 188;A01;0;7;0;2;1;2;0;
202300047550;155 596 192;B01;0;7;0;2;4;2;0;
202300047551;155 596 181;A01;1;7;12;2;0;5;0;
202300047551;155 596 184;B01;2;31;12;2;0;1;1;
202300047552;155 596 179;A01;3;7;0;2;1;15;1;
202300047552;155 596 182;B01;3;33;0;2;1;1;1;
202300047552;155 596 183;C01;3;7;0;2;2;1;1;
202300047553;155 596 178;A01;1;30;0;1;1;17;1;
202300047554;155 596 177;A01;3;7;0;2;2;15;1;
202300047554;155 596 180;B01;3;2;0;2;2;1;1;
202300047555;155 596 185;A01;2;7;6;0;1;1;1;
202300047556;155 596 172;A01;3;7;0;2;5;1;1;
202300047556;155 596 175;B01;3;7;0;2;1;1;1;
202300047557;155 596 171;B01;1;7;0;2;2;20;1;
202300047557;155 596 174;A01;2;32;0;2;1;5;1;
202300047558;155 596 169;A01;0;7;0;2;0;0;0;
202300047558;155 596 173;B01;3;2;0;2;0;0;1;
202300047559;155 596 165;A01;0;2;0;0;2;17;0;
202300047559;155 596 168;B01;0;30;0;2;8;15;1;
202300047560;155 596 162;A01;2;7;0;2;0;0;1;
202300047560;155 596 167;B01;1;31;0;2;7;1;1;
202300047561;155 596 161;A01;2;7;0;2;1;2;1;
202300047561;155 596 164;B01;2;10;0;2;4;2;1;
202300047562;155 596 163;A01;1;7;0;1;1;1;1;
202300047563;155 596 159;A01;1;7;0;1;2;17;1;
202300047564;155 596 153;A01;1;34;0;2;1;26;1;
202300047564;155 596 156;B01;3;7;0;2;2;26;1;
202300047565;155 596 154;B01;2;50;0;2;8;1;3;
202300047565;155 596 158;A01;2;30;0;2;1;19;1;
202300047566;155 596 152;Y01;2;1;0;2;1;1;5;
202300047566;155 596 155;A01;2;7;0;2;3;15;1;
202300047567;155 596 151;A01;1;7;0;2;8;24;1;
202300047567;155 596 157;B01;1;1;0;2;1;1;5;
202300047568;155 596 147;B01;2;30;0;2;5;1;0;
202300047568;155 596 149;A01;2;99;0;2;5;26;0;
202300047569;155 596 148;A01;3;7;16;9;1;12;1;
202300047570;155 596 141;A01;3;10;0;2;0;26;1;
202300047570;155 596 144;B01;3;1;0;2;1;1;5;
202300047571;155 596 142;E01;2;33;0;2;0;3;1;
202300047571;155 596 146;A01;2;7;0;2;0;1;1;
202300047571;155 596 150;B01;2;32;0;2;0;3;1;
202300047571;155 596 160;C01;2;7;0;2;0;1;1;
202300047571;155 596 166;D01;2;7;0;2;0;1;1;
202300047572;155 596 137;A01;1;7;0;2;3;15;1;
202300047572;155 596 140;B01;1;33;0;2;5;2;1;
202300047573;155 596 131;A01;3;43;0;0;0;0;1;
202300047574;155 596 134;B01;1;7;8;2;1;2;1;
202300047574;155 596 138;A01;1;10;0;2;8;17;1;
202300047575;155 596 129;A01;2;7;0;2;4;2;1;
202300047575;155 596 130;B01;2;7;0;2;4;2;1;
202300047575;155 596 133;C01;2;7;0;2;1;2;2;
202300047576;155 596 126;D01;3;7;0;2;3;1;1;
202300047576;155 596 128;E01;3;10;0;2;4;1;1;
202300047576;155 596 132;F01;3;7;0;2;4;1;2;
202300047576;155 596 136;C01;3;7;0;2;8;1;3;
202300047576;155 596 143;B01;3;7;0;0;4;2;1;
202300047576;155 596 145;A01;3;7;0;2;1;1;1;
202300047577;155 596 123;B01;2;7;0;2;3;15;0;
202300047577;155 596 127;A01;1;32;0;2;1;1;1;
202300047578;155 596 122;A01;1;7;3;0;2;1;1;
202300047579;155 596 119;A01;2;7;1;2;4;20;1;
202300047579;155 596 120;B01;2;7;0;2;1;1;1;
202300047580;155 596 121;A01;3;7;0;2;8;9;1;
202300047580;155 596 124;B01;3;50;0;2;1;1;3;
202300047581;155 596 125;A01;1;7;0;2;8;26;1;
202300047581;155 596 135;B01;2;7;4;2;2;1;1;
202300047581;155 596 139;D01;3;7;0;2;0;0;1;
202300047582;155 596 116;A01;3;10;0;2;1;19;1;
202300047582;155 596 118;B01;3;7;0;2;8;19;1;
202300047583;155 596 115;B01;2;7;1;2;1;2;0;
202300047583;155 596 117;A01;2;7;1;0;4;2;0;
202300047584;155 596 114;A01;1;7;2;0;1;26;1;
202300047585;155 596 107;A01;2;10;0;2;3;11;3;
202300047585;155 596 108;B01;2;31;0;2;6;3;1;
202300047586;155 596 106;C01;1;7;0;2;4;1;1;
202300047586;155 596 110;A01;1;7;0;2;1;1;1;
202300047586;155 596 111;B01;1;7;0;2;4;1;1;
202300047587;155 596 099;C01;1;7;0;2;5;1;1;
202300047587;155 596 102;A01;1;7;4;2;2;12;1;
202300047587;155 596 103;B01;1;7;0;2;6;1;1;
202300047588;155 596 101;A01;1;7;0;2;2;9;1;
202300047588;155 596 104;B01;1;2;0;2;3;1;1;
202300047589;155 596 098;B01;3;50;0;2;1;1;3;
202300047589;155 596 100;A01;3;10;0;2;3;9;1;
202300047590;155 596 097;A01;3;7;8;0;1;13;1;
202300047591;155 596 096;A01;2;1;0;1;1;1;5;
202300047592;155 596 105;A01;1;10;0;1;7;16;1;
202300047593;155 596 095;A01;1;2;16;0;7;1;1;
202300047594;155 596 093;A01;2;7;0;1;3;2;3;
202300047595;155 596 091;B01;1;33;0;2;8;15;1;
202300047595;155 596 094;A01;1;31;0;2;1;1;1;
202300047596;155 596 088;B01;1;33;0;2;1;1;1;
202300047596;155 596 090;A01;2;7;0;2;3;13;1;
202300047597;155 596 089;B01;1;10;0;2;3;20;0;
202300047597;155 596 092;A01;1;7;0;2;2;2;1;
202300047598;155 596 083;A01;3;32;1;2;2;1;1;
202300047598;155 596 085;B01;3;7;0;2;6;23;1;
202300047599;155 596 084;Z01;3;7;0;2;8;10;0;
202300047599;155 596 086;B01;3;50;0;2;1;1;3;
202300047600;155 596 082;A01;1;10;0;2;1;1;0;
202300047600;155 596 087;B01;1;7;0;2;5;15;1;
202300047601;155 596 081;A01;1;7;0;1;1;16;2;
202300047602;155 596 079;A01;1;1;0;1;5;1;5;
202300047603;155 596 075;A01;1;7;0;2;8;22;1;
202300047603;155 596 078;B01;1;50;0;2;7;1;3;
202300047604;155 596 074;B01;0;33;0;2;1;2;1;
202300047604;155 596 080;A01;0;80;0;2;8;15;3;
202300047605;155 596 073;A01;2;50;0;1;1;1;3;
202300047606;155 596 071;A01;1;32;0;2;1;3;1;
202300047606;155 596 072;B01;1;10;0;2;3;15;1;
202300047607;155 596 065;A01;1;7;0;2;1;1;1;
202300047607;155 596 068;B01;1;13;0;2;4;1;1;
202300047608;155 596 063;A01;3;7;0;2;0;0;1;
202300047608;155 596 066;B01;1;31;0;2;7;1;1;
202300047609;155 596 064;A01;1;33;0;2;2;1;1;
202300047609;155 596 069;B01;1;7;0;2;6;1;0;
202300047610;155 596 062;C01;1;7;0;2;4;1;1;
202300047610;155 596 067;B01;1;7;0;2;4;2;1;
202300047610;155 596 070;A01;1;7;0;2;1;2;1;
202300047611;155 596 059;A01;1;7;0;2;1;15;1;
202300047611;155 596 060;B01;1;7;0;2;4;15;1;
202300047612;155 596 058;B01;1;37;0;2;0;1;3;2
202300047612;155 596 061;A01;1;1;0;2;0;16;5;
202300047613;155 596 057;A01;2;33;6;0;1;14;1;
202300047614;155 596 056;A01;2;10;0;1;3;15;1;
202300047615;155 596 054;A01;2;33;0;1;1;17;1;
202300047616;155 596 053;B01;3;33;0;2;3;1;1;
202300047616;155 596 055;A01;2;10;0;2;3;15;1;
202300047617;155 596 050;A01;3;7;0;1;1;0;1;
202300047618;155 596 047;A01;1;1;0;2;5;14;5;
202300047618;155 596 051;B01;1;43;0;2;1;1;1;
202300047619;155 596 042;A01;2;50;1;0;1;1;3;
202300047620;155 596 041;A01;2;7;0;2;7;1;1;
202300047620;155 596 044;B01;2;7;0;2;1;1;1;
202300047621;155 596 039;A01;0;7;4;0;1;1;2;
202300047622;155 596 040;A01;1;7;0;2;4;1;0;
202300047622;155 596 043;B01;1;7;0;2;2;2;1;
202300047623;155 596 036;A01;2;7;0;2;7;0;1;
202300047623;155 596 038;B01;1;7;0;2;1;0;2;
202300047624;155 596 035;A01;1;7;8;2;1;5;1;
202300047624;155 596 037;B01;2;10;0;2;1;15;1;
202300047625;155 596 034;A01;2;7;0;1;1;16;2;
202300047626;155 596 033;A01;1;50;0;0;0;16;3;
202300047627;155 596 030;A01;1;7;0;2;1;13;1;
202300047627;155 596 032;B01;2;7;0;2;1;1;1;
202300047628;155 596 028;B01;2;33;6;2;1;15;1;
202300047628;155 596 031;A01;2;7;6;2;3;1;1;
202300047629;155 596 027;A01;3;33;0;0;0;0;0;
202300047630;155 596 029;A01;1;38;4;1;7;16;1;1
202300047631;155 596 025;A01;0;1;0;1;1;1;5;
202300047632;155 596 024;A01;2;7;0;2;3;5;1;
202300047632;155 596 026;B01;1;80;0;2;1;1;3;
202300047633;155 596 022;A01;1;2;0;1;1;1;3;
202300047634;155 596 019;A01;1;7;0;1;2;1;3;
202300047635;155 596 021;Z01;3;50;0;2;1;1;3;
202300047635;155 596 023;A01;0;1;0;2;1;1;5;
202300047636;155 596 018;A01;0;1;0;2;4;26;5;
202300047636;155 596 020;B01;0;50;0;2;1;1;3;
202300047637;155 596 013;A01;1;7;0;2;1;2;1;
202300047637;155 596 015;B01;1;50;0;0;0;0;3;
202300047638;155 596 012;B01;2;7;0;0;3;1;1;
202300047638;155 596 016;A01;1;7;0;0;3;17;1;
202300047639;155 596 014;A01;0;7;0;9;2;1;1;
202300047639;155 596 017;B01;3;50;0;2;8;19;3;
202300047640;155 596 009;A01;2;7;0;1;1;1;1;
202300047641;155 596 007;A01;1;7;0;2;1;2;1;
202300047641;155 596 008;B01;1;7;4;0;8;11;1;
202300047642;155 596 005;A01;2;10;0;0;0;1;0;
202300047642;155 596 006;B01;3;1;0;0;0;0;5;
202300047643;155 596 003;A01;2;7;1;0;2;1;1;
202300047644;155 596 002;B01;1;33;0;2;6;17;1;
202300047644;155 596 004;A01;1;7;0;2;6;15;1;
202300047645;155 596 010;Z01;2;14;0;2;5;1;0;
202300047645;155 596 011;A01;2;1;1;2;8;17;5;
202300047646;155 596 000;A01;1;7;2;0;1;13;1;
202300047647;155 595 998;A01;3;7;0;2;1;0;0;
202300047647;155 596 001;B01;3;1;0;2;7;0;5;
202300047648;155 595 999;A01;0;7;0;1;7;1;0;
202300047649;155 595 995;A01;1;7;0;2;1;1;1;
202300047649;155 595 997;B01;2;7;0;2;1;1;1;
202300047650;155 595 994;A01;2;32;1;0;2;14;1;
202300047651;155 595 989;A01;1;33;1;0;2;1;1;
202300047652;155 595 987;B01;1;7;0;2;4;15;1;
202300047652;155 595 990;C01;1;7;0;2;4;1;1;
202300047652;155 595 992;A01;1;10;0;2;1;1;1;
202300047653;155 595 988;B01;1;7;1;2;1;1;1;
202300047653;155 595 991;A01;1;7;0;0;4;23;1;
202300047654;155 595 993;B01;1;2;0;2;1;1;1;
202300047654;155 595 996;A01;2;7;0;2;2;15;3;
202300047655;155 595 984;A01;3;7;0;2;4;2;3;
202300047655;155 595 986;B01;3;7;0;2;1;2;1;
202300047656;155 595 983;A01;1;7;0;0;1;15;1;
202300047656;155 595 985;B01;2;7;15;0;3;0;0;
202300047657;155 595 978;A01;2;7;2;0;3;14;1;
202300047658;155 595 979;A01;1;7;0;1;1;1;1;
202300047659;155 595 980;A01;1;34;0;2;4;2;1;
202300047659;155 595 982;B01;1;7;0;2;4;2;1;
202300047660;155 595 977;A01;1;7;2;0;1;1;0;
202300047661;155 595 976;A01;2;7;0;1;7;1;1;
202300047662;155 595 981;A01;3;30;15;1;2;1;1;
202300047663;155 595 975;A01;1;7;0;0;8;2;1;
202300047664;155 595 974;A01;2;32;0;6;0;2;1;
202300047665;155 595 970;A01;1;7;0;9;7;1;1;
202300047665;155 595 973;B01;1;1;0;2;3;1;5;
202300047666;155 595 967;B01;1;50;0;2;1;1;3;
202300047666;155 595 971;A01;2;7;0;2;2;1;1;
202300047667;155 595 966;A01;2;7;0;2;1;9;1;
202300047667;155 595 969;C01;2;2;0;0;8;23;1;
202300047667;155 595 972;B01;2;10;14;2;8;1;1;
202300047668;155 595 968;A01;2;7;0;1;1;15;1;
202300047669;155 595 964;A01;1;30;0;0;7;1;1;
202300047670;155 595 963;A01;1;7;0;2;2;17;1;
202300047670;155 595 965;B01;1;2;0;2;1;1;1;
202300047671;155 595 960;A01;1;7;2;0;2;1;1;
202300047672;155 595 962;A01;1;7;0;1;1;15;1;
202300047673;155 595 956;A01;1;7;0;2;3;5;1;
202300047673;155 595 959;B01;1;7;0;2;3;1;1;
202300047674;155 595 958;A01;1;50;0;2;0;1;3;
202300047674;155 595 961;Z01;1;7;0;2;0;17;0;
202300047675;155 595 954;A01;1;7;0;2;1;13;1;
202300047675;155 595 957;B01;2;7;0;2;3;1;1;
202300047676;155 595 953;B01;2;7;0;2;3;2;1;
202300047676;155 595 955;A01;1;7;0;2;1;13;1;
202300047677;155 595 950;A01;1;33;0;2;1;8;1;
202300047677;155 595 952;B01;1;7;0;2;8;15;1;
202300047678;155 595 949;A01;2;31;3;0;0;1;1;
202300047679;155 595 947;A01;1;7;15;0;1;13;1;
202300047680;155 595 948;A01;1;13;3;2;0;16;6;
202300047680;155 595 951;B01;1;1;3;2;0;16;5;
202300047681;155 595 946;A01;2;7;13;0;2;1;1;
202300047682;155 595 944;B01;1;1;0;2;1;1;5;
202300047682;155 595 945;A01;1;7;0;9;2;15;1;
202300047683;155 595 937;A01;3;7;1;0;2;1;0;
202300047684;155 595 939;A01;2;7;0;2;7;15;1;
202300047684;155 595 942;B01;1;33;0;2;1;1;1;
202300047685;155 595 936;A01;1;33;0;2;1;17;1;
202300047685;155 595 940;B01;2;7;0;2;3;13;0;
202300047685;155 595 943;C01;2;7;0;2;1;1;1;
202300047686;155 595 938;B01;1;31;0;2;6;2;1;
202300047686;155 595 941;A01;1;7;0;2;1;2;1;
202300047687;155 595 935;A01;2;31;0;0;1;1;0;
202300047688;155 595 934;A01;1;7;12;0;1;1;1;
202300047689;155 595 933;A01;3;7;2;0;3;1;1;
202300047690;155 595 928;A01;2;7;0;0;0;0;1;
202300047691;155 595 929;A01;1;7;0;2;2;2;1;
202300047691;155 595 931;B01;1;7;0;2;6;23;3;
202300047692;155 595 926;A01;3;7;0;1;2;9;0;
202300047693;155 595 927;A01;2;7;0;2;5;1;1;
202300047693;155 595 932;B01;1;7;0;2;1;1;1;
202300047694;155 595 925;A01;0;7;10;0;0;0;1;
202300047695;155 595 923;A01;1;7;2;0;8;0;1;
202300047696;155 595 921;A01;2;7;0;1;2;1;1;
202300047697;155 595 920;A01;3;7;0;2;6;15;1;
202300047697;155 595 924;B01;3;1;0;2;1;17;5;
202300047698;155 595 915;A01;2;7;10;2;1;13;1;
202300047698;155 595 917;B01;1;10;0;2;1;1;1;
202300047699;155 595 918;A01;1;7;0;2;8;15;1;
202300047699;155 595 919;B01;1;2;1;2;1;17;1;
202300047699;155 595 922;C01;3;7;0;2;8;24;1;
202300047700;155 595 913;A01;1;7;0;1;4;20;1;
202300047701;155 595 911;A01;3;80;0;0;0;1;3;
202300047702;155 595 912;A01;3;50;0;0;0;0;3;
202300047703;155 595 910;A01;3;7;0;1;5;20;1;
202300047704;155 595 907;A01;2;7;0;1;0;1;1;
202300047705;155 595 909;A01;1;31;0;1;2;21;1;
202300047706;155 595 906;A01;2;7;0;1;2;1;1;
202300047707;155 595 904;B01;1;14;0;0;1;0;0;
202300047707;155 595 905;A01;2;7;0;2;1;0;1;
202300047707;155 595 908;C01;2;10;0;2;1;0;1;
202300047708;155 595 903;A01;1;7;6;0;7;13;1;
202300047709;155 595 899;A01;3;7;0;2;8;5;0;
202300047709;155 595 901;B01;3;33;0;2;8;1;1;
202300047710;155 595 898;A01;2;7;0;2;3;15;1;
202300047710;155 595 902;B01;1;33;0;2;1;21;1;
202300047711;155 595 897;A01;2;7;0;2;2;1;1;
202300047711;155 595 900;B01;2;10;0;2;3;26;1;
202300047712;155 595 896;A01;1;10;0;1;1;16;1;
202300047713;155 595 894;A01;1;7;6;0;9;0;1;
202300047714;155 595 890;A01;2;10;0;2;3;17;1;
202300047714;155 595 892;B01;1;7;0;2;3;1;1;
202300047714;155 595 893;C01;2;7;0;2;1;21;1;
202300047714;155 595 895;D01;1;7;0;2;1;1;1;
202300047715;155 595 889;A01;1;7;3;0;7;0;1;
202300047716;155 595 888;A01;2;10;0;2;1;1;1;
202300047716;155 595 891;B01;1;7;0;2;5;15;0;
202300047717;155 595 886;A01;2;7;0;2;8;22;6;
202300047717;155 595 887;B01;2;1;1;0;1;1;5;
202300047718;155 595 884;A01;1;7;0;1;2;1;0;
202300047719;155 595 883;A01;3;7;0;9;1;15;1;
202300047719;155 595 885;B01;3;1;0;0;7;19;5;
202300047720;155 595 881;B01;2;33;12;2;1;21;1;
202300047721;155 595 878;B01;2;50;0;2;1;19;3;
202300047721;155 595 882;A01;1;7;0;2;1;1;1;
202300047722;155 595 876;A01;1;7;0;2;1;15;1;
202300047722;155 595 879;B01;2;33;0;2;1;1;1;
202300047723;155 595 877;A01;1;7;0;2;2;3;1;
202300047723;155 595 880;B01;2;1;0;2;1;2;5;
202300047724;155 595 870;A01;1;7;0;2;2;19;1;
202300047724;155 595 872;B01;1;2;0;2;1;1;1;
202300047725;155 595 869;A01;2;7;0;2;3;1;1;
202300047725;155 595 871;B01;1;7;0;2;3;1;1;
202300047725;155 595 873;C01;2;7;0;2;6;1;1;
202300047725;155 595 875;D01;2;10;0;2;1;1;1;
202300047726;155 595 867;A01;2;15;5;0;2;14;1;
202300047727;155 595 866;A01;2;50;0;2;1;1;3;
202300047727;155 595 874;B01;2;7;0;2;3;1;6;
202300047728;155 595 864;B01;1;7;0;2;4;0;1;
202300047728;155 595 868;A01;1;50;0;2;1;2;3;
202300047729;155 595 863;A01;1;7;0;2;3;22;1;
202300047729;155 595 865;B01;2;10;1;0;5;1;1;
202300047730;155 595 861;A01;2;7;0;2;3;15;1;
202300047730;155 595 862;B01;1;2;0;2;8;9;1;
202300047731;155 595 857;B01;1;7;0;2;8;9;1;
202300047731;155 595 860;A01;2;2;0;2;1;1;1;
202300047732;155 595 856;A01;1;10;0;2;0;21;0;
202300047732;155 595 859;B01;2;7;0;2;2;15;1;
202300047733;155 595 855;B01;2;13;0;2;4;23;1;
202300047733;155 595 858;A01;2;30;1;0;1;1;3;
202300047734;155 595 852;B01;2;32;0;2;1;15;1;
202300047734;155 595 854;A01;1;7;0;2;6;19;1;
202300047735;155 595 851;B01;1;33;0;9;1;1;1;
202300047735;155 595 853;A01;1;1;0;0;4;10;5;
202300047736;155 595 849;A01;1;2;0;1;1;26;1;
202300047737;155 595 846;B01;0;10;0;2;2;16;1;
202300047737;155 595 848;A01;0;7;0;0;3;1;1;
202300047738;155 595 845;B01;0;7;0;2;3;1;0;
202300047738;155 595 850;A01;0;7;0;2;1;1;0;
202300047739;155 595 844;A01;1;7;0;1;2;1;1;
202300047740;155 595 843;A01;2;7;0;2;5;16;1;
202300047740;155 595 847;B01;2;31;0;2;1;1;1;
202300047741;155 595 841;A01;1;31;0;2;1;1;1;
202300047741;155 595 842;B01;1;7;0;0;4;1;1;
202300047742;155 595 839;A01;1;7;0;1;1;1;1;
202300047743;155 595 838;B01;1;32;0;0;2;17;1;
202300047743;155 595 840;A01;1;7;14;0;3;13;1;
202300047744;155 595 837;A01;1;10;0;1;6;23;1;
202300047745;155 595 834;B01;2;7;0;2;1;1;1;
202300047745;155 595 836;A01;1;7;0;2;2;13;1;
202300047746;155 595 833;A01;3;10;0;2;1;13;1;
202300047746;155 595 835;B01;2;7;0;2;1;1;1;
202300047747;155 595 830;A01;2;10;0;2;3;15;1;
202300047747;155 595 832;B01;2;32;0;2;2;1;1;
202300047748;155 595 831;A01;2;1;0;0;0;1;5;
202300047749;155 595 827;B01;2;7;4;2;7;1;1;
202300047749;155 595 829;A01;2;7;0;2;1;9;1;
202300047750;155 595 826;A01;1;7;0;2;3;15;1;