Num_Acc;id_vehicule;num_veh;senc;catv;obs;obsm;choc;manv;motor;occutc
202300047750;155 595 828;B01;1;33;0;2;1;17;1;
202300047751;155 595 821;A01;2;7;4;2;0;0;1;
202300047751;155 595 824;B01;2;10;0;2;8;0;1;
202300047752;155 595 820;B01;1;7;0;2;3;15;1;
202300047752;155 595 823;A01;1;33;3;0;5;17;1;
202300047753;155 595 819;A01;0;7;8;0;1;1;1;
202300047753;155 595 825;B01;3;7;8;0;0;0;1;
202300047754;155 595 818;A01;1;33;0;2;7;1;1;
202300047754;155 595 822;B01;1;10;0;0;4;20;1;
202300047755;155 595 815;B01;1;7;0;2;4;2;1;
202300047755;155 595 817;A01;1;7;0;2;1;1;1;
202300047756;155 595 814;A01;0;3;8;0;1;1;1;
202300047757;155 595 813;A01;0;7;7;4;3;21;2;
202300047757;155 595 816;B01;3;39;0;2;1;1;3;
202300047758;155 595 812;A01;1;7;3;0;1;1;1;
202300047759;155 595 810;A01;3;2;0;0;0;1;1;
202300047760;155 595 809;A01;1;10;2;0;1;2;0;
202300047761;155 595 808;B01;3;7;0;2;1;15;1;
202300047761;155 595 811;A01;3;43;0;2;7;17;1;
202300047762;155 595 805;B01;2;7;0;2;4;23;2;
202300047762;155 595 807;A01;2;7;1;0;1;9;1;
202300047763;155 595 804;A01;1;7;0;2;2;15;1;
202300047763;155 595 806;B01;2;34;0;2;1;1;1;
202300047764;155 595 803;A01;3;31;12;0;0;21;1;
202300047765;155 595 800;B01;1;32;0;2;1;26;1;
202300047765;155 595 802;A01;1;30;0;2;3;26;1;
202300047766;155 595 796;A01;1;7;0;2;2;17;1;
202300047766;155 595 798;B01;2;33;0;2;1;1;1;
202300047767;155 595 792;A01;1;10;0;2;1;2;1;
202300047767;155 595 795;B01;1;7;0;2;4;2;1;
202300047767;155 595 797;C01;1;7;0;2;4;2;1;
202300047767;155 595 799;D01;1;7;0;2;1;2;1;
202300047767;155 595 801;E01;1;7;0;2;1;2;1;
202300047768;155 595 790;A01;1;7;6;0;1;0;2;
202300047769;155 595 791;B01;1;1;1;0;1;18;5;
202300047769;155 595 793;A01;1;14;0;2;2;23;1;
202300047770;155 595 789;A01;1;7;0;2;4;23;1;
202300047770;155 595 794;B01;1;15;0;2;1;1;1;
202300047771;155 595 787;A01;1;7;2;0;1;1;0;
202300047772;155 595 786;A01;2;33;3;2;1;3;1;
202300047772;155 595 788;B01;2;7;3;2;4;1;1;
202300047773;155 595 783;A01;0;7;8;0;1;20;0;
202300047774;155 595 782;B01;2;10;0;0;1;1;1;
202300047774;155 595 784;A01;1;10;0;2;1;11;1;
202300047775;155 595 781;A01;0;0;0;0;0;0;0;
202300047776;155 595 780;A01;1;14;0;2;1;2;1;
202300047776;155 595 785;B01;1;7;0;9;4;23;1;
202300047777;155 595 779;A01;3;7;0;1;0;17;0;
202300047778;155 595 778;A01;3;7;0;1;3;19;1;
202300047779;155 595 774;B01;1;33;0;2;4;16;1;
202300047779;155 595 776;A01;1;7;0;2;2;21;1;
202300047780;155 595 771;A01;1;7;4;0;2;1;1;
202300047781;155 595 770;C01;1;7;0;2;2;12;1;
202300047781;155 595 772;B01;1;7;0;2;6;23;1;
202300047781;155 595 775;A01;1;15;0;2;6;23;1;
202300047782;155 595 773;B01;1;2;0;2;1;1;1;
202300047782;155 595 777;A01;0;7;0;2;3;1;1;
202300047783;155 595 769;A01;2;7;0;1;2;1;1;
202300047784;155 595 767;A01;1;7;0;1;1;13;1;
202300047785;155 595 766;A01;1;7;1;0;2;1;1;
202300047786;155 595 764;A01;1;7;0;2;4;2;1;
202300047786;155 595 765;C01;1;7;0;2;1;2;1;
202300047786;155 595 768;B01;1;7;0;2;1;2;1;
202300047787;155 595 760;A01;1;7;1;2;2;0;1;
202300047787;155 595 762;B01;1;7;0;2;4;1;1;
202300047787;155 595 763;C01;1;7;0;2;4;1;1;
202300047788;155 595 752;B01;2;7;0;2;8;1;1;
202300047788;155 595 755;A01;1;7;0;2;1;1;1;
202300047789;155 595 753;B01;0;7;0;2;3;1;1;
202300047789;155 595 757;A01;2;7;0;2;1;19;1;
202300047790;155 595 750;A01;1;7;0;2;1;1;1;
202300047790;155 595 759;B01;2;7;0;2;8;1;1;
202300047791;155 595 749;A01;1;10;0;2;0;1;1;
202300047791;155 595 751;B01;1;7;0;2;1;1;1;
202300047791;155 595 754;C01;1;7;0;2;1;0;1;
202300047791;155 595 756;D01;1;7;0;2;0;0;1;
202300047791;155 595 758;E01;1;7;0;2;1;1;1;
202300047791;155 595 761;F01;1;7;0;2;1;1;1;
202300047792;155 595 746;B01;1;7;0;0;4;23;1;
202300047792;155 595 748;A01;1;7;0;2;1;2;1;
202300047793;155 595 742;B01;1;7;0;2;4;1;1;
202300047793;155 595 745;A01;1;7;0;2;1;1;1;
202300047794;155 595 741;B01;3;7;1;0;6;1;0;
202300047794;155 595 744;A01;3;7;0;2;1;1;1;
202300047795;155 595 740;A01;2;7;0;2;7;2;1;
202300047795;155 595 747;B01;1;7;0;2;1;2;1;
202300047796;155 595 739;B01;1;3;0;2;3;1;1;
202300047796;155 595 743;A01;2;7;0;2;3;2;1;
202300047797;155 595 738;A01;1;3;0;1;3;9;1;
202300047798;155 595 734;A01;0;33;0;2;8;26;0;
202300047798;155 595 736;B01;0;7;0;0;0;0;0;
202300047799;155 595 735;B01;2;7;0;2;1;1;1;
202300047799;155 595 737;A01;2;7;0;2;4;1;1;
202300047800;155 595 730;B01;1;33;0;2;1;1;1;
202300047800;155 595 732;A01;2;7;0;2;2;19;1;
202300047801;155 595 727;A01;1;7;0;0;7;1;1;
202300047801;155 595 731;B01;2;7;0;2;1;1;1;
202300047802;155 595 729;A01;2;7;4;2;2;11;1;
202300047802;155 595 733;B01;2;7;4;2;6;21;1;
202300047803;155 595 726;A01;2;7;0;1;5;4;1;
202300047804;155 595 725;A01;2;7;4;2;1;13;1;
202300047804;155 595 728;B01;2;10;4;2;7;1;1;
202300047805;155 595 719;A01;1;7;0;2;2;17;1;
202300047805;155 595 722;B01;1;7;4;0;6;2;1;
202300047806;155 595 720;B01;3;7;0;2;3;15;1;
202300047806;155 595 723;A01;3;7;0;2;2;1;1;
202300047807;155 595 718;A01;1;99;4;0;0;1;1;
202300047808;155 595 715;B01;1;7;0;2;4;1;1;
202300047808;155 595 716;A01;1;10;0;2;1;1;1;
202300047809;155 595 714;A01;1;2;0;2;1;13;1;
202300047809;155 595 717;B01;2;10;0;2;3;1;1;
202300047810;155 595 710;A01;3;7;0;1;3;26;1;
202300047811;155 595 711;A01;1;7;0;1;1;1;1;
202300047812;155 595 709;A01;2;7;3;2;3;13;0;
202300047812;155 595 712;B01;2;7;0;2;5;1;0;
202300047812;155 595 713;C01;2;38;0;2;4;1;0;1
202300047813;155 595 703;A01;2;10;0;2;3;13;1;
202300047813;155 595 707;B01;2;7;0;2;0;0;1;
202300047814;155 595 702;B01;2;10;0;2;3;19;1;
202300047814;155 595 706;A01;1;7;0;2;1;21;1;
202300047815;155 595 705;B01;1;7;0;2;3;15;1;
202300047815;155 595 708;A01;1;80;0;2;7;1;3;
202300047816;155 595 701;A01;2;33;0;2;1;2;1;
202300047816;155 595 704;B01;2;7;0;2;3;13;1;
202300047817;155 595 698;A01;1;7;0;2;3;9;1;
202300047817;155 595 700;B01;1;7;0;2;2;0;1;
202300047818;155 595 699;A01;2;33;0;0;0;16;1;
202300047819;155 595 697;A01;3;7;6;0;4;26;1;
202300047820;155 595 694;A01;2;7;0;2;3;13;1;
202300047820;155 595 695;B01;2;33;0;2;9;3;1;
202300047820;155 595 696;C01;2;7;0;2;4;2;1;
202300047821;155 595 692;A01;1;7;8;0;1;1;1;
202300047822;155 595 691;A01;1;7;0;2;2;1;1;
202300047822;155 595 693;B01;1;7;0;2;4;15;1;
202300047823;155 595 690;A01;2;32;0;0;2;1;1;
202300047824;155 595 684;A01;3;7;0;9;2;1;1;
202300047824;155 595 688;B01;3;50;0;2;3;9;3;
202300047825;155 595 681;A01;2;7;0;2;1;2;1;
202300047825;155 595 683;B01;2;7;0;2;4;2;1;
202300047826;155 595 680;A01;3;7;2;0;1;14;1;
202300047827;155 595 682;A01;2;7;0;2;5;15;3;
202300047827;155 595 685;B01;1;33;0;2;1;1;1;
202300047828;155 595 676;A01;2;7;16;0;1;14;1;
202300047829;155 595 678;C01;2;7;0;9;2;1;1;
202300047829;155 595 679;A01;1;7;0;9;3;1;1;
202300047829;155 595 686;B01;2;7;0;0;6;1;1;
202300047830;155 595 675;A01;1;7;2;0;1;21;1;
202300047831;155 595 673;A01;1;7;0;0;7;1;1;
202300047831;155 595 677;Z01;1;13;0;2;0;18;0;
202300047832;155 595 670;B01;3;7;6;0;1;13;1;
202300047832;155 595 674;A01;3;7;6;0;1;13;1;
202300047833;155 595 672;A01;2;10;3;0;7;1;1;
202300047834;155 595 667;A01;2;10;1;0;1;1;1;
202300047835;155 595 669;B01;1;7;0;0;4;1;1;
202300047835;155 595 671;A01;1;7;0;2;1;2;1;
202300047836;155 595 666;A01;1;31;0;2;1;3;1;
202300047836;155 595 668;B01;1;7;0;2;5;1;1;
202300047837;155 595 665;A01;1;43;0;0;0;9;1;
202300047838;155 595 661;A01;2;7;0;2;4;13;1;
202300047838;155 595 663;B01;2;33;0;2;1;3;1;
202300047839;155 595 660;A01;1;7;8;0;3;1;1;
202300047840;155 595 658;A01;3;7;0;2;2;19;1;
202300047840;155 595 662;B01;1;7;0;2;1;2;1;
202300047840;155 595 664;C01;3;7;0;2;1;23;1;
202300047841;155 595 657;A01;2;15;4;0;3;13;1;
202300047842;155 595 656;A01;2;13;6;0;1;1;1;
202300047843;155 595 655;A01;1;7;1;0;4;4;0;
202300047844;155 595 653;A01;1;7;4;0;1;1;1;
202300047845;155 595 654;A01;1;7;0;9;4;26;1;
202300047845;155 595 659;B01;1;1;0;2;1;1;5;
202300047846;155 595 651;B01;1;32;0;2;1;1;1;
202300047846;155 595 652;A01;3;7;0;2;2;15;1;
202300047847;155 595 648;B01;3;7;0;2;3;20;1;
202300047847;155 595 650;A01;3;50;0;2;1;0;3;
202300047848;155 595 649;A01;0;3;0;1;4;4;1;
202300047849;155 595 646;A01;1;7;0;2;2;16;1;
202300047849;155 595 647;B01;1;7;0;2;4;0;1;
202300047850;155 595 645;A01;1;7;1;0;2;1;1;
202300047851;155 595 641;A01;1;7;4;0;3;13;1;
202300047852;155 595 639;A01;2;31;0;6;1;1;1;
202300047853;155 595 636;A01;3;7;6;0;1;1;1;
202300047854;155 595 634;A01;1;7;0;2;2;9;1;
202300047854;155 595 637;B01;2;7;0;2;2;1;1;
202300047855;155 595 633;B01;1;7;0;2;1;1;1;
202300047855;155 595 638;A01;2;7;0;2;3;13;1;
202300047855;155 595 640;C01;1;7;0;2;6;1;1;
202300047855;155 595 643;D01;2;7;0;2;1;1;1;
202300047856;155 595 632;A01;2;7;0;2;7;15;0;
202300047856;155 595 635;B01;1;33;0;2;1;1;1;
202300047857;155 595 631;A01;2;7;0;0;9;16;1;
202300047858;155 595 630;A01;2;33;9;0;0;1;1;
202300047859;155 595 626;A01;1;7;0;0;5;2;1;
202300047859;155 595 628;B01;1;33;0;2;1;3;1;
202300047860;155 595 627;A01;2;33;0;0;0;0;1;
202300047861;155 595 625;A01;2;7;0;2;3;1;1;
202300047861;155 595 629;B01;1;31;0;2;1;17;1;
202300047862;155 595 623;A01;1;7;0;2;3;1;1;
202300047862;155 595 624;B01;2;33;0;2;3;1;1;
202300047863;155 595 619;A01;2;7;0;2;2;12;0;
202300047863;155 595 622;B01;2;33;0;0;8;1;0;
202300047864;155 595 618;B01;1;7;13;2;6;1;1;
202300047864;155 595 621;A01;1;7;0;2;1;19;1;
202300047865;155 595 615;Z01;1;7;0;0;0;0;0;
202300047865;155 595 617;A01;1;31;0;2;8;3;1;
202300047866;155 595 616;A01;1;7;0;2;1;17;1;
202300047866;155 595 620;B01;2;17;0;2;1;1;1;
202300047867;155 595 611;B01;1;7;0;2;3;15;1;
202300047867;155 595 613;A01;1;33;0;2;1;17;1;
202300047868;155 595 609;B01;2;7;0;2;3;1;1;
202300047868;155 595 614;A01;2;2;0;2;1;17;1;
202300047869;155 595 608;A01;2;33;0;9;1;2;1;
202300047869;155 595 612;B01;1;1;0;2;5;2;5;
202300047870;155 595 606;A01;1;7;0;1;3;9;1;
202300047871;155 595 604;A01;2;7;0;2;2;19;1;
202300047871;155 595 607;B01;2;7;0;2;8;1;1;
202300047871;155 595 610;C01;1;7;13;2;1;1;1;
202300047872;155 595 602;A01;2;2;0;2;1;17;-1;
202300047872;155 595 603;B01;2;7;0;2;8;15;0;
202300047873;155 595 601;A01;0;7;2;0;1;13;0;
202300047874;155 595 597;B01;2;7;0;2;1;23;1;
202300047874;155 595 605;A01;1;7;0;0;1;5;1;
202300047875;155 595 598;A01;2;7;0;2;1;15;1;
202300047875;155 595 600;B01;1;34;0;2;1;17;1;
202300047876;155 595 593;A01;1;31;0;2;3;1;1;
202300047876;155 595 596;B01;3;7;0;2;2;1;1;
202300047877;155 595 594;B01;1;7;0;2;4;23;1;
202300047877;155 595 595;A01;1;7;0;2;1;21;1;
202300047878;155 595 588;A01;1;7;0;2;1;6;1;
202300047878;155 595 591;B01;2;7;0;2;1;1;1;
202300047879;155 595 586;A01;2;2;0;2;1;5;1;
202300047879;155 595 590;B01;2;7;0;2;3;1;1;
202300047880;155 595 589;A01;2;33;0;2;3;17;1;
202300047880;155 595 592;B01;1;14;0;2;3;1;1;
202300047881;155 595 584;A01;1;7;6;0;1;1;1;
202300047882;155 595 583;A01;2;10;0;2;1;2;1;
202300047882;155 595 585;B01;2;2;0;2;4;23;1;
202300047882;155 595 587;C01;2;10;0;2;4;15;1;
202300047883;155 595 578;A01;2;7;0;2;2;15;1;
202300047883;155 595 582;B01;2;10;0;2;3;1;1;
202300047884;155 595 579;A01;2;7;0;1;1;1;1;
202300047885;155 595 576;A01;2;7;0;2;1;13;1;
202300047885;155 595 581;B01;1;10;0;2;1;1;1;
202300047886;155 595 575;C01;2;10;0;2;1;2;1;
202300047886;155 595 577;A01;1;7;0;2;6;23;1;
202300047886;155 595 580;B01;1;7;1;2;1;21;1;
202300047887;155 595 574;A01;1;7;7;0;1;1;0;
202300047888;155 595 573;A01;1;7;13;0;0;0;0;
202300047889;155 595 570;A01;1;33;0;2;1;17;1;
202300047889;155 595 571;B01;2;10;0;2;2;1;1;
202300047890;155 595 569;B01;3;7;0;2;1;5;0;
202300047890;155 595 572;A01;2;7;0;2;1;1;1;
202300047891;155 595 568;A01;3;7;12;1;2;1;1;
202300047892;155 595 566;A01;3;31;12;0;1;9;1;
202300047893;155 595 563;A01;3;7;13;0;1;1;1;
202300047894;155 595 559;A01;3;36;0;2;2;9;1;
202300047894;155 595 561;B01;3;7;0;2;2;1;1;
202300047895;155 595 560;C01;2;2;0;0;0;2;1;
202300047895;155 595 564;A01;2;2;0;0;0;2;1;
202300047895;155 595 567;B01;2;2;0;0;0;2;1;
202300047896;155 595 557;A01;2;7;0;2;2;1;1;
202300047896;155 595 562;B01;1;7;0;2;2;15;1;
202300047897;155 595 558;A01;2;33;3;0;1;17;1;
202300047898;155 595 555;A01;1;33;14;0;1;1;1;
202300047899;155 595 553;A01;1;33;0;2;0;17;1;
202300047899;155 595 556;B01;2;7;0;2;8;15;1;
202300047900;155 595 550;A01;2;7;0;2;3;17;1;
202300047900;155 595 551;B01;1;7;0;2;3;1;1;
202300047901;155 595 548;A01;1;50;0;1;8;26;3;
202300047902;155 595 547;A01;2;2;0;0;8;1;1;
202300047903;155 595 546;B01;1;50;0;2;3;16;3;
202300047903;155 595 549;A01;1;30;0;2;3;3;1;
202300047904;155 595 544;A01;1;7;0;2;3;0;1;
202300047904;155 595 545;B01;1;33;0;2;0;0;1;
202300047905;155 595 542;B01;2;7;0;2;8;2;1;
202300047905;155 595 543;A01;1;30;0;2;1;2;1;
202300047906;155 595 540;A01;1;7;0;1;2;16;1;
202300047907;155 595 539;A01;1;13;13;0;2;0;1;
202300047908;155 595 538;A01;1;50;14;0;0;26;3;
202300047909;155 595 537;B01;1;15;0;0;4;1;1;
202300047909;155 595 541;A01;1;7;0;2;1;2;1;
202300047910;155 595 536;A01;2;33;0;-1;1;0;1;
202300047911;155 595 533;B01;3;34;0;2;0;0;1;
202300047911;155 595 535;A01;1;7;0;2;0;0;1;
202300047912;155 595 530;A01;1;7;0;2;3;1;1;
202300047912;155 595 532;C01;2;7;0;2;1;5;1;
202300047912;155 595 534;B01;1;7;0;2;1;1;1;
202300047913;155 595 529;A01;2;7;0;0;3;9;1;
202300047913;155 595 531;B01;2;7;0;2;1;1;1;
202300047914;155 595 528;A01;2;7;6;0;1;19;1;
202300047915;155 595 526;A01;2;7;3;0;3;1;1;
202300047916;155 595 524;A01;2;7;0;1;2;1;1;
202300047917;155 595 525;A01;2;7;6;0;3;0;1;
202300047918;155 595 516;B01;2;2;0;2;1;1;1;
202300047918;155 595 519;A01;1;7;0;2;3;15;1;
202300047918;155 595 521;C01;1;7;8;0;3;23;1;
202300047919;155 595 518;A01;2;17;3;0;3;1;1;
202300047919;155 595 520;B01;2;7;0;0;1;1;1;
202300047919;155 595 522;C01;2;7;0;9;1;1;1;
202300047919;155 595 523;D01;2;99;0;9;1;1;1;
202300047920;155 595 515;A01;2;7;0;2;2;5;1;
202300047920;155 595 517;B01;1;7;0;2;2;2;1;
202300047921;155 595 514;A01;3;7;0;1;3;1;1;
202300047922;155 595 512;B01;2;7;0;2;8;1;1;
202300047922;155 595 513;A01;1;7;0;2;3;1;2;
202300047923;155 595 510;B01;2;7;0;2;1;2;1;
202300047923;155 595 511;A01;1;7;0;2;1;2;1;
202300047924;155 595 509;A01;2;10;2;0;1;1;1;
202300047925;155 595 507;A01;3;50;0;1;2;1;3;
202300047926;155 595 505;A01;0;2;0;0;0;16;1;
202300047927;155 595 502;B01;3;7;0;2;1;1;1;
202300047927;155 595 504;A01;3;7;0;2;1;13;1;
202300047928;155 595 499;A01;2;7;2;0;2;14;1;
202300047929;155 595 500;B01;2;7;8;2;4;1;1;
202300047929;155 595 501;C01;2;7;0;2;4;1;1;
202300047929;155 595 503;D01;2;7;0;2;4;1;1;
202300047929;155 595 506;A01;2;10;0;2;3;1;1;
202300047930;155 595 498;A01;1;7;3;0;1;14;1;
202300047931;155 595 495;A01;3;7;0;1;2;1;1;
202300047932;155 595 494;B01;1;7;0;2;1;1;1;
202300047932;155 595 497;A01;1;30;0;2;8;1;1;
202300047933;155 595 493;A01;0;1;0;2;1;1;5;
202300047933;155 595 496;B01;0;7;0;2;1;9;1;
202300047934;155 595 491;B01;2;7;0;2;3;15;2;
202300047934;155 595 492;A01;2;32;0;2;2;1;1;
202300047935;155 595 490;A01;2;7;2;0;1;13;1;
202300047936;155 595 489;A01;0;10;0;1;2;1;1;
202300047937;155 595 487;A01;3;7;6;1;1;26;0;
202300047938;155 595 486;B01;2;33;0;2;7;1;1;
202300047938;155 595 488;A01;2;7;0;2;8;11;1;
202300047939;155 595 485;A01;1;7;0;0;0;26;1;
202300047940;155 595 484;A01;0;7;0;1;1;1;1;
202300047941;155 595 478;A01;2;7;0;2;1;2;1;
202300047941;155 595 482;B01;2;14;0;2;6;2;1;
202300047942;155 595 480;A01;1;43;0;1;1;1;1;
202300047943;155 595 475;A01;2;7;0;2;3;1;1;
202300047943;155 595 477;B01;2;7;13;2;9;17;1;
202300047944;155 595 473;A01;2;7;0;2;3;10;1;
202300047944;155 595 476;B01;2;30;0;2;1;1;1;
202300047945;155 595 472;A01;2;10;0;2;3;13;1;
202300047945;155 595 474;B01;1;7;0;2;3;1;1;
202300047946;155 595 468;B01;1;7;4;2;1;2;1;
202300047946;155 595 470;A01;1;7;0;0;0;1;1;
202300047947;155 595 467;B01;1;30;0;2;8;16;3;
202300047947;155 595 471;A01;1;7;0;2;3;15;3;
202300047948;155 595 466;B01;3;32;0;2;2;21;1;
202300047948;155 595 469;A01;0;7;0;2;3;16;1;
202300047949;155 595 463;A01;2;7;0;9;2;0;0;
202300047949;155 595 465;B01;2;50;0;2;8;2;3;
202300047950;155 595 462;B01;1;1;0;2;6;2;5;
202300047950;155 595 464;A01;1;1;0;2;7;17;5;
202300047951;155 595 459;A01;1;10;0;9;2;2;1;
202300047951;155 595 461;B01;1;1;0;0;6;2;5;
202300047952;155 595 457;A01;0;7;0;2;1;2;1;
202300047952;155 595 458;B01;0;7;0;2;4;1;0;
202300047952;155 595 460;C01;0;7;0;2;4;23;1;
202300047953;155 595 455;A01;2;7;0;2;2;10;1;
202300047953;155 595 456;B01;2;30;0;2;7;1;3;
202300047954;155 595 452;A01;2;7;0;2;7;15;1;
202300047954;155 595 453;B01;1;7;0;2;1;1;1;
202300047955;155 595 451;B01;1;7;0;2;3;15;1;
202300047955;155 595 454;A01;2;31;0;2;1;1;1;
202300047956;155 595 448;B01;1;7;0;2;8;22;1;
202300047956;155 595 450;A01;1;1;0;2;1;1;5;
202300047957;155 595 447;A01;3;7;0;2;3;15;1;
202300047957;155 595 449;B01;3;7;0;2;2;1;1;
202300047958;155 595 446;A01;2;7;2;0;3;13;1;
202300047959;155 595 444;B01;2;50;0;2;8;1;3;
202300047959;155 595 445;A01;2;14;0;2;7;17;1;
202300047960;155 595 442;A01;2;7;0;0;1;1;1;
202300047961;155 595 441;B01;1;7;0;2;1;1;1;
202300047961;155 595 443;A01;1;7;0;2;8;16;1;
202300047962;155 595 439;A01;3;7;0;1;4;4;0;
202300047963;155 595 435;Z01;1;10;0;2;8;22;1;
202300047963;155 595 437;B01;1;7;0;2;2;1;1;
202300047963;155 595 440;A01;1;1;0;2;1;1;5;
202300047964;155 595 434;A01;2;7;6;0;0;1;1;
202300047965;155 595 433;A01;0;7;0;1;7;1;1;
202300047966;155 595 430;B01;1;43;0;2;2;17;1;
202300047966;155 595 432;A01;1;7;0;2;3;15;1;
202300047967;155 595 429;A01;3;7;0;0;6;19;0;
202300047967;155 595 431;B01;1;7;0;0;1;1;0;
202300047968;155 595 428;A01;1;7;0;0;0;1;1;
202300047969;155 595 426;A01;3;30;0;0;7;1;3;
202300047970;155 595 425;B01;1;1;0;2;4;2;5;
202300047970;155 595 427;A01;1;10;0;2;2;2;1;
202300047971;155 595 424;A01;1;2;0;1;1;17;1;
202300047972;155 595 421;A01;3;33;0;0;0;1;1;
202300047973;155 595 420;A01;2;2;0;2;1;1;1;
202300047973;155 595 422;B01;2;7;0;2;5;15;1;
202300047974;155 595 419;B01;1;2;0;2;1;1;1;
202300047974;155 595 423;A01;2;7;0;2;3;15;1;
202300047975;155 595 417;A01;3;7;0;1;1;1;1;
202300047976;155 595 416;A01;1;32;0;2;1;17;1;
202300047976;155 595 418;B01;1;7;0;2;8;15;1;
202300047977;155 595 413;A01;3;2;0;2;2;15;1;
202300047977;155 595 415;B01;3;7;0;2;2;1;1;
202300047978;155 595 412;A01;1;10;0;2;8;1;1;
202300047978;155 595 414;B01;2;50;0;2;1;1;3;
202300047979;155 595 411;A01;2;7;1;1;1;25;1;
202300047980;155 595 409;A01;1;7;0;1;2;1;1;
202300047981;155 595 407;A01;1;7;0;1;6;4;1;
202300047982;155 595 404;A01;1;7;0;2;3;26;1;
202300047982;155 595 406;B01;2;7;0;2;9;1;1;
202300047982;155 595 408;C01;1;7;0;2;6;1;1;
202300047982;155 595 410;D01;1;7;0;2;1;1;1;
202300047983;155 595 402;A01;1;34;0;2;4;24;1;
202300047983;155 595 403;B01;1;7;1;0;1;2;1;
202300047984;155 595 401;A01;1;33;13;0;1;1;1;
202300047985;155 595 399;A01;0;7;0;2;2;15;1;
202300047985;155 595 400;B01;0;2;0;2;1;1;1;
202300047986;155 595 394;A01;1;7;0;2;3;15;1;
202300047986;155 595 397;B01;1;1;0;2;1;1;5;
202300047987;155 595 391;A01;2;7;4;0;3;1;1;
202300047988;155 595 392;A01;1;7;0;2;1;16;1;
202300047988;155 595 395;B01;2;1;0;0;0;0;5;
202300047989;155 595 390;A01;0;7;0;2;0;0;0;
202300047989;155 595 393;B01;3;3;0;2;1;26;1;
202300047990;155 595 389;A01;1;7;10;0;3;13;1;
202300047991;155 595 387;A01;1;30;0;0;0;1;1;
202300047992;155 595 386;A01;1;7;0;2;3;16;2;
202300047992;155 595 388;B01;1;7;0;2;5;1;1;
202300047993;155 595 384;A01;2;14;0;2;0;1;1;
202300047993;155 595 385;B01;2;7;0;2;6;0;1;
202300047994;155 595 382;A01;2;30;0;0;2;21;1;
202300047995;155 595 381;A01;2;7;4;0;1;1;1;
202300047996;155 595 380;A01;1;10;0;1;4;20;1;
202300047997;155 595 378;A01;1;10;4;0;3;2;1;
202300047998;155 595 376;A01;1;7;0;2;3;1;1;
202300047998;155 595 377;B01;1;50;0;2;1;15;3;
202300047999;155 595 373;A01;3;7;0;2;3;15;1;
202300047999;155 595 375;B01;3;30;0;2;3;5;1;
202300048000;155 595 372;A01;3;31;2;0;1;0;1;
202300048001;155 595 368;A01;1;7;0;2;3;1;1;
202300048001;155 595 370;B01;1;1;0;2;8;9;5;
202300048002;155 595 367;A01;1;7;0;2;2;15;1;
202300048002;155 595 369;B01;2;33;0;2;1;1;1;
202300048003;155 595 365;A01;2;7;2;0;1;1;0;
202300048004;155 595 364;A01;3;10;0;2;1;19;1;
202300048004;155 595 366;B01;3;7;0;2;7;1;1;
202300048005;155 595 362;A01;1;31;13;0;1;9;1;
202300048006;155 595 361;B01;2;50;0;2;1;14;3;
202300048006;155 595 363;A01;1;7;0;2;1;1;0;
202300048007;155 595 360;A01;2;7;2;0;2;1;1;
202300048008;155 595 357;A01;1;7;0;2;2;1;1;
202300048008;155 595 359;B01;1;33;0;2;7;16;1;
202300048009;155 595 355;A01;1;7;0;2;6;15;1;
202300048009;155 595 358;B01;2;2;0;2;1;1;1;
202300048010;155 595 356;A01;0;7;0;1;8;15;1;
202300048011;155 595 352;A01;1;7;0;2;1;19;1;
202300048011;155 595 354;B01;2;7;0;2;5;1;3;
202300048012;155 595 351;A01;1;7;15;0;9;1;1;
202300048013;155 595 350;A01;1;7;0;2;3;15;1;
202300048013;155 595 353;B01;2;33;0;2;1;17;1;
202300048014;155 595 348;A01;3;32;1;0;7;14;1;
202300048015;155 595 349;A01;3;7;4;0;2;17;1;
202300048016;155 595 347;A01;2;7;2;0;1;0;1;
202300048017;155 595 346;A01;1;7;0;1;3;13;1;
202300048018;155 595 345;A01;1;7;16;0;1;1;1;
202300048019;155 595 343;A01;1;7;4;0;9;17;0;
202300048020;155 595 344;A01;2;33;6;0;8;1;1;
202300048021;155 595 340;A01;3;7;3;0;1;26;1;
202300048022;155 595 339;A01;3;7;0;2;3;13;1;
202300048022;155 595 341;B01;3;7;0;2;1;1;1;
202300048023;155 595 338;B01;2;7;0;2;3;12;1;
202300048023;155 595 342;A01;2;7;3;2;0;17;1;
202300048024;155 595 335;A01;1;13;4;0;3;1;0;
202300048025;155 595 331;A01;2;7;2;0;3;2;1;
202300048026;155 595 333;A01;2;7;0;2;1;5;6;
202300048026;155 595 334;B01;1;7;0;2;1;1;6;
202300048026;155 595 336;C01;1;7;0;2;3;1;6;
202300048027;155 595 332;B01;2;7;0;2;2;16;1;
202300048027;155 595 337;A01;1;1;0;2;1;15;5;
202300048028;155 595 330;A01;1;7;2;0;1;13;1;
202300048029;155 595 328;A01;3;21;0;1;8;1;1;
202300048030;155 595 326;A01;3;7;0;1;1;1;1;
202300048031;155 595 327;B01;2;37;0;2;6;23;1;1
202300048031;155 595 329;A01;1;7;0;2;1;21;1;
202300048032;155 595 325;A01;1;33;3;0;0;1;1;
202300048033;155 595 322;B01;1;7;0;2;3;1;1;
202300048033;155 595 324;A01;1;7;0;2;1;19;1;