Num_Acc;id_vehicule;num_veh;senc;catv;obs;obsm;choc;manv;motor;occutc
202300048034;155 595 321;A01;1;7;2;0;3;13;1;
202300048035;155 595 316;B01;2;7;0;2;1;1;1;
202300048035;155 595 318;A01;1;7;16;2;1;13;1;
202300048036;155 595 317;A01;2;7;7;0;9;1;1;
202300048037;155 595 312;A01;1;7;0;2;1;5;1;
202300048037;155 595 314;B01;2;7;0;2;1;1;1;
202300048038;155 595 311;B01;1;60;0;2;3;1;5;
202300048038;155 595 315;A01;1;3;0;9;1;19;1;
202300048039;155 595 310;A01;1;7;13;0;1;1;1;
202300048040;155 595 309;A01;3;7;0;2;8;1;1;
202300048040;155 595 313;B01;1;7;0;2;2;1;1;
202300048041;155 595 304;B01;1;2;0;2;1;1;1;
202300048041;155 595 307;A01;1;7;0;0;4;26;0;
202300048042;155 595 303;A01;1;7;0;2;2;14;1;
202300048042;155 595 306;B01;1;1;0;2;8;1;5;
202300048043;155 595 305;B01;2;7;0;2;1;1;2;
202300048043;155 595 308;A01;1;2;0;2;1;1;1;
202300048044;155 595 302;A01;2;7;0;0;1;1;1;
202300048045;155 595 299;A01;2;7;0;2;1;2;1;
202300048045;155 595 301;Z01;2;7;0;2;4;0;0;
202300048046;155 595 298;A01;2;34;0;1;1;1;1;
202300048046;155 595 300;B01;1;50;0;2;8;26;3;
202300048047;155 595 296;A01;1;1;0;9;2;17;5;
202300048047;155 595 297;B01;1;1;0;9;3;1;5;
202300048048;155 595 294;A01;1;7;0;1;1;2;1;
202300048049;155 595 292;A01;3;30;1;0;2;1;1;
202300048049;155 595 295;B01;3;7;0;2;6;20;1;
202300048050;155 595 290;B01;1;7;0;2;3;1;1;
202300048050;155 595 293;A01;2;33;0;2;1;1;1;
202300048051;155 595 288;A01;1;7;0;2;1;13;1;
202300048051;155 595 291;B01;2;7;0;2;1;1;1;
202300048052;155 595 286;A01;0;1;0;6;1;2;5;
202300048053;155 595 287;A01;1;33;0;2;3;0;1;
202300048053;155 595 289;B01;1;30;0;0;7;0;1;
202300048054;155 595 284;A01;1;33;0;0;7;1;1;
202300048055;155 595 283;A01;3;7;16;0;9;1;1;
202300048056;155 595 282;A01;2;7;0;2;8;1;1;
202300048056;155 595 285;B01;3;30;0;2;1;5;1;
202300048057;155 595 279;A01;2;7;0;9;4;0;1;
202300048057;155 595 280;B01;2;7;0;2;1;0;0;
202300048058;155 595 277;A01;2;7;0;2;1;9;1;
202300048058;155 595 281;B01;1;17;0;2;6;1;1;
202300048059;155 595 276;A01;1;7;0;2;2;15;1;
202300048059;155 595 278;B01;2;1;0;2;0;0;5;
202300048060;155 595 275;A01;2;2;1;0;1;1;1;
202300048061;155 595 274;A01;1;7;0;1;1;9;1;
202300048062;155 595 272;A01;1;7;0;2;3;13;1;
202300048062;155 595 273;B01;2;30;0;2;1;1;1;
202300048063;155 595 271;A01;3;7;0;1;3;9;1;
202300048064;155 595 267;A01;1;7;0;2;1;1;1;
202300048064;155 595 269;B01;1;7;0;2;4;23;1;
202300048064;155 595 270;C01;1;7;0;2;4;23;1;
202300048065;155 595 266;B01;1;43;0;2;1;1;1;
202300048065;155 595 268;A01;2;7;0;2;2;15;1;
202300048066;155 595 264;B01;1;7;0;2;1;13;1;
202300048066;155 595 265;A01;2;7;0;2;1;1;1;
202300048067;155 595 262;A01;1;30;1;0;3;1;1;
202300048068;155 595 261;B01;1;31;0;2;4;11;1;
202300048068;155 595 263;A01;1;33;0;2;1;3;1;
202300048069;155 595 260;A01;1;7;13;0;1;1;1;
202300048070;155 595 259;A01;3;42;0;0;0;14;1;
202300048071;155 595 258;A01;2;7;0;1;2;15;2;
202300048072;155 595 256;A01;1;10;0;0;9;2;1;
202300048073;155 595 255;A01;1;7;0;6;1;1;1;
202300048073;155 595 257;B01;2;7;0;2;3;1;1;
202300048074;155 595 253;B01;1;1;0;2;0;1;5;
202300048074;155 595 254;A01;2;1;0;2;0;1;5;
202300048075;155 595 251;A01;3;7;15;2;7;17;1;
202300048075;155 595 252;B01;3;7;0;2;8;1;1;
202300048076;155 595 248;A01;2;7;0;2;3;1;1;
202300048076;155 595 250;B01;1;7;0;2;8;1;1;
202300048077;155 595 247;B01;1;7;0;0;5;16;2;
202300048077;155 595 249;A01;1;43;0;2;1;1;1;
202300048078;155 595 246;A01;1;7;2;0;1;1;1;
202300048079;155 595 242;A01;1;7;0;2;3;1;1;
202300048079;155 595 245;B01;1;10;0;2;1;1;1;
202300048080;155 595 241;A01;1;7;0;2;1;15;1;
202300048080;155 595 244;B01;2;50;0;2;8;1;3;
202300048081;155 595 240;A01;2;7;0;2;3;9;1;
202300048081;155 595 243;B01;2;7;0;2;3;1;1;
202300048082;155 595 239;Z01;1;10;0;1;4;4;1;
202300048083;155 595 238;A01;1;7;13;0;2;17;1;
202300048084;155 595 233;B01;1;2;0;0;4;2;1;
202300048084;155 595 236;A01;1;7;4;2;2;1;1;
202300048085;155 595 231;C01;1;7;0;2;5;23;0;
202300048085;155 595 235;A01;1;7;0;2;5;1;2;
202300048085;155 595 237;B01;1;7;0;2;6;23;0;
202300048086;155 595 232;A01;3;13;0;2;2;16;1;
202300048086;155 595 234;B01;3;80;0;2;3;16;3;
202300048087;155 595 230;A01;2;33;3;0;3;9;1;
202300048088;155 595 226;A01;1;7;1;0;9;23;2;
202300048088;155 595 229;B01;1;7;1;0;1;2;1;
202300048089;155 595 223;A01;3;33;0;0;7;0;1;
202300048090;155 595 224;B01;2;13;0;2;1;1;1;
202300048090;155 595 227;A01;1;7;0;2;1;1;1;
202300048091;155 595 220;B01;2;7;0;2;4;2;1;
202300048091;155 595 222;C01;2;7;0;2;4;2;1;
202300048091;155 595 225;D01;2;7;0;2;4;2;1;
202300048091;155 595 228;A01;2;10;0;2;1;2;1;
202300048092;155 595 219;A01;3;7;3;2;2;2;0;
202300048092;155 595 221;B01;3;7;-1;2;9;0;6;
202300048093;155 595 218;A01;0;32;0;1;1;1;0;
202300048094;155 595 215;A01;1;7;0;2;1;2;1;
202300048094;155 595 217;B01;1;7;0;2;4;2;2;
202300048095;155 595 214;A01;1;7;0;2;3;1;0;
202300048095;155 595 216;B01;1;7;0;0;4;11;3;
202300048096;155 595 213;A01;1;7;13;0;2;0;1;
202300048097;155 595 211;A01;0;7;0;1;1;19;1;
202300048098;155 595 212;A01;2;2;0;1;3;1;1;
202300048099;155 595 210;A01;1;1;12;0;0;1;5;
202300048100;155 595 208;A01;3;7;0;2;5;20;0;
202300048100;155 595 209;B01;3;30;0;2;1;1;0;
202300048101;155 595 204;A01;2;1;0;2;0;18;5;
202300048101;155 595 207;B01;1;1;0;2;0;1;5;
202300048102;155 595 205;A01;2;32;11;0;1;1;1;
202300048103;155 595 201;B01;2;7;0;2;6;23;1;
202300048103;155 595 206;A01;2;2;0;2;1;1;2;
202300048104;155 595 202;A01;0;7;0;2;1;1;1;
202300048104;155 595 203;B01;3;1;0;2;8;19;5;
202300048105;155 595 197;A01;2;50;0;2;1;1;3;
202300048105;155 595 200;B01;2;7;0;2;6;1;1;
202300048106;155 595 199;A01;1;80;0;1;1;1;3;
202300048107;155 595 196;A01;0;1;0;2;0;1;5;
202300048108;155 595 194;C01;2;7;0;2;5;1;1;
202300048108;155 595 195;A01;1;7;0;2;3;1;1;
202300048108;155 595 198;B01;2;38;0;2;3;1;1;11
202300048109;155 595 193;A01;1;1;8;0;1;1;5;
202300048110;155 595 192;A01;3;80;8;0;1;14;3;
202300048111;155 595 190;B01;3;2;0;2;1;1;1;
202300048111;155 595 191;A01;3;33;0;2;1;1;1;
202300048112;155 595 189;A01;2;7;4;0;3;17;1;
202300048113;155 595 188;A01;2;7;2;0;1;1;0;
202300048114;155 595 186;A01;2;7;1;1;2;2;1;
202300048115;155 595 185;A01;1;33;15;0;8;0;1;
202300048116;155 595 184;A01;2;7;0;1;2;1;1;
202300048117;155 595 183;A01;2;7;0;0;9;1;1;
202300048118;155 595 187;A01;3;7;0;1;2;17;1;
202300048119;155 595 180;A01;3;10;0;2;3;15;1;
202300048119;155 595 182;B01;3;32;0;0;0;0;1;
202300048120;155 595 181;A01;1;7;0;0;1;1;1;
202300048121;155 595 179;Y01;1;7;0;1;2;0;5;
202300048122;155 595 176;A01;2;7;0;2;0;0;1;
202300048122;155 595 178;B01;2;7;0;2;1;2;1;
202300048123;155 595 175;A01;2;7;0;2;5;15;1;
202300048123;155 595 177;B01;1;33;0;2;1;1;1;
202300048124;155 595 173;A01;1;7;0;2;3;2;1;
202300048124;155 595 174;B01;1;7;0;2;4;2;1;
202300048125;155 595 171;A01;3;2;0;1;2;17;0;
202300048126;155 595 170;A01;1;7;0;2;1;1;0;
202300048126;155 595 172;B01;1;7;0;2;4;0;1;
202300048127;155 595 167;C01;1;7;0;2;1;2;0;
202300048127;155 595 168;A01;1;7;0;2;4;2;0;
202300048127;155 595 169;B01;1;7;0;2;1;2;0;
202300048128;155 595 164;C01;2;7;0;0;4;24;1;
202300048128;155 595 166;A01;1;7;1;0;1;13;1;
202300048129;155 595 163;A01;1;31;0;0;0;3;1;
202300048130;155 595 165;A01;0;7;14;0;1;0;0;
202300048131;155 595 161;A01;1;7;0;2;3;15;0;
202300048131;155 595 162;B01;1;33;0;2;7;1;1;
202300048132;155 595 160;A01;2;10;4;0;1;14;1;
202300048133;155 595 156;A01;1;99;0;2;7;1;1;
202300048133;155 595 158;B01;3;7;0;2;1;1;1;
202300048134;155 595 157;A01;1;32;0;1;1;17;1;
202300048135;155 595 155;A01;3;7;0;2;1;1;1;
202300048135;155 595 159;B01;3;7;0;2;2;9;1;
202300048136;155 595 153;A01;1;30;0;0;8;15;3;
202300048137;155 595 152;A01;3;10;0;1;4;20;1;
202300048138;155 595 154;A01;3;34;0;0;0;12;1;
202300048139;155 595 150;A01;2;10;0;1;5;4;1;
202300048140;155 595 149;B01;1;33;0;2;0;1;1;
202300048140;155 595 151;A01;2;7;0;2;5;10;1;
202300048141;155 595 146;A01;2;43;0;0;8;1;1;
202300048142;155 595 145;A01;3;7;0;2;8;15;1;
202300048142;155 595 148;B01;3;33;0;2;1;17;1;
202300048143;155 595 141;A01;2;7;0;9;8;1;1;
202300048143;155 595 143;B01;2;1;0;2;8;1;5;
202300048144;155 595 140;A01;2;7;0;2;4;2;1;
202300048144;155 595 142;B01;1;7;0;2;1;2;1;
202300048145;155 595 144;A01;2;7;0;2;1;13;1;
202300048145;155 595 147;B01;1;7;0;2;1;13;2;
202300048146;155 595 137;A01;1;60;0;2;3;13;5;
202300048146;155 595 139;B01;1;7;0;2;3;21;1;
202300048147;155 595 136;A01;0;7;0;2;8;0;0;
202300048147;155 595 138;B01;3;7;0;2;1;1;0;
202300048148;155 595 135;A01;1;7;0;1;1;15;1;
202300048149;155 595 130;A01;1;7;0;2;3;13;0;
202300048149;155 595 133;B01;2;2;0;2;1;1;0;
202300048150;155 595 131;B01;1;7;0;2;3;1;0;
202300048150;155 595 134;A01;1;50;0;2;1;1;3;
202300048151;155 595 128;A01;2;32;0;2;9;17;0;
202300048151;155 595 129;B01;2;10;0;2;8;1;0;
202300048151;155 595 132;C01;1;10;0;2;3;1;0;
202300048152;155 595 125;B01;2;1;0;2;8;1;0;
202300048152;155 595 126;A01;2;7;0;2;7;22;1;
202300048153;155 595 123;A01;1;33;0;2;1;17;1;
202300048153;155 595 124;B01;2;7;0;2;2;1;1;
202300048153;155 595 127;C01;1;7;0;2;3;1;1;
202300048154;155 595 121;A01;0;7;8;2;3;21;1;
202300048154;155 595 122;B01;0;7;0;2;3;1;1;
202300048155;155 595 119;A01;3;7;0;1;4;4;1;
202300048156;155 595 117;C01;1;7;0;2;3;1;1;
202300048156;155 595 118;B01;2;7;0;2;1;1;1;
202300048156;155 595 120;A01;1;7;0;2;1;13;1;
202300048157;155 595 115;A01;3;1;0;2;0;0;5;
202300048157;155 595 116;B01;3;10;0;2;0;17;1;
202300048158;155 595 114;A01;1;2;1;0;2;1;1;
202300048159;155 595 113;A01;2;7;0;1;0;1;0;
202300048160;155 595 110;A01;2;10;6;0;3;1;1;
202300048161;155 595 112;A01;3;37;0;1;7;26;1;1
202300048162;155 595 107;B01;3;7;0;2;3;26;1;
202300048162;155 595 109;A01;3;7;0;2;1;0;1;
202300048163;155 595 108;A01;1;7;0;2;2;15;1;
202300048163;155 595 111;B01;2;33;0;2;1;1;1;
202300048164;155 595 103;A01;1;10;0;1;2;13;1;
202300048165;155 595 105;B01;2;7;4;2;0;2;1;
202300048165;155 595 106;A01;2;7;4;2;3;1;1;
202300048166;155 595 100;A01;3;7;0;2;2;9;0;
202300048166;155 595 102;B01;0;1;0;0;1;15;5;
202300048167;155 595 099;A01;0;7;0;2;1;9;1;
202300048167;155 595 101;B01;0;7;0;2;3;1;1;
202300048167;155 595 104;C01;0;7;0;2;1;0;1;
202300048168;155 595 097;A01;3;7;0;1;3;1;1;
202300048169;155 595 095;A01;1;99;0;2;1;26;1;
202300048169;155 595 098;B01;2;7;0;2;2;0;1;
202300048170;155 595 094;A01;3;7;0;1;1;24;1;
202300048171;155 595 093;A01;1;7;0;2;3;16;0;
202300048171;155 595 096;B01;2;7;0;2;1;1;0;
202300048172;155 595 090;A01;1;33;0;2;7;17;1;
202300048172;155 595 091;B01;1;7;0;2;8;11;1;
202300048173;155 595 089;A01;0;7;1;0;0;0;0;
202300048174;155 595 086;A01;1;7;0;2;2;1;0;
202300048174;155 595 088;B01;1;33;0;2;8;1;0;
202300048175;155 595 087;B01;1;7;0;2;1;1;1;
202300048175;155 595 092;A01;1;7;0;2;7;1;1;
202300048176;155 595 084;A01;1;30;0;2;1;1;3;
202300048176;155 595 085;B01;1;7;0;2;4;23;1;
202300048177;155 595 081;A01;2;7;0;0;1;15;0;
202300048177;155 595 083;B01;1;7;0;0;1;2;0;
202300048178;155 595 082;A01;3;7;0;0;0;1;1;
202300048179;155 595 080;A01;2;7;1;0;2;1;1;
202300048180;155 595 078;A01;1;10;0;9;7;16;3;
202300048180;155 595 079;B01;1;50;0;2;1;1;3;
202300048181;155 595 077;A01;1;33;0;0;8;2;1;
202300048182;155 595 075;A01;2;7;0;2;1;1;1;
202300048182;155 595 076;B01;1;7;0;2;1;1;2;
202300048183;155 595 070;A01;0;7;0;0;6;1;1;
202300048183;155 595 072;B01;0;33;0;2;2;2;1;
202300048184;155 595 069;A01;1;1;0;2;1;2;5;
202300048184;155 595 074;B01;1;7;0;2;5;2;0;
202300048185;155 595 068;A01;0;2;0;0;0;1;1;
202300048186;155 595 071;B01;3;7;0;2;1;0;1;
202300048186;155 595 073;A01;3;37;0;2;1;1;1;1
202300048187;155 595 065;A01;1;7;0;2;4;15;1;
202300048187;155 595 066;B01;1;2;0;2;1;2;1;
202300048188;155 595 064;A01;1;10;0;2;2;1;3;
202300048188;155 595 067;B01;1;32;0;2;1;1;0;
202300048189;155 595 062;A01;1;7;0;2;7;17;0;
202300048189;155 595 063;B01;1;1;0;0;8;2;5;
202300048190;155 595 060;A01;1;7;0;1;1;15;2;
202300048191;155 595 058;A01;3;7;0;0;1;15;1;
202300048191;155 595 061;B01;3;10;6;2;1;17;1;
202300048192;155 595 054;A01;2;7;0;2;5;14;1;
202300048192;155 595 056;B01;0;33;0;2;8;2;1;
202300048193;155 595 057;A01;3;7;0;2;1;2;1;
202300048193;155 595 059;B01;3;7;0;2;4;23;1;
202300048194;155 595 050;A01;1;7;0;2;3;10;1;
202300048194;155 595 052;B01;2;7;0;2;2;1;1;
202300048195;155 595 047;A01;2;7;0;2;4;1;1;
202300048195;155 595 049;B01;2;7;0;2;1;14;1;
202300048196;155 595 048;A01;2;7;3;0;5;13;1;
202300048196;155 595 051;B01;2;7;3;2;3;1;1;
202300048196;155 595 053;C01;2;7;1;0;1;1;1;
202300048196;155 595 055;D01;2;7;0;2;5;21;1;
202300048197;155 595 042;A01;1;7;0;2;6;1;1;
202300048197;155 595 045;B01;1;33;0;2;2;2;1;
202300048198;155 595 041;A01;3;33;0;2;1;1;1;
202300048198;155 595 043;B01;0;7;0;2;3;1;1;
202300048199;155 595 040;A01;2;7;0;2;1;13;1;
202300048199;155 595 044;B01;1;7;0;2;1;1;1;
202300048200;155 595 046;A01;2;7;4;0;7;2;1;
202300048201;155 595 038;B01;2;7;4;2;4;1;1;
202300048201;155 595 039;A01;2;7;0;2;1;2;1;
202300048202;155 595 036;A01;3;7;1;0;2;14;1;
202300048203;155 595 035;A01;2;33;0;0;9;14;1;
202300048203;155 595 037;B01;2;33;0;0;9;14;1;
202300048204;155 595 032;A01;1;33;4;2;3;18;1;
202300048204;155 595 034;B01;1;7;0;2;2;23;1;
202300048205;155 595 033;A01;1;7;0;0;9;1;1;
202300048206;155 595 029;A01;1;33;16;0;7;21;1;
202300048207;155 595 030;A01;1;7;0;2;2;2;1;
202300048207;155 595 031;B01;1;1;14;2;4;2;5;
202300048208;155 595 028;A01;2;33;6;0;8;1;1;
202300048209;155 595 024;A01;2;7;0;2;1;2;1;
202300048209;155 595 026;B01;2;7;0;2;4;2;1;
202300048209;155 595 027;C01;2;7;0;2;4;2;1;
202300048210;155 595 025;A01;3;33;16;0;9;0;0;
202300048211;155 595 021;A01;2;7;0;2;5;12;1;
202300048211;155 595 022;B01;2;33;0;2;2;3;1;
202300048212;155 595 016;A01;1;10;0;2;3;2;1;
202300048212;155 595 019;B01;1;10;0;9;2;3;1;
202300048213;155 595 018;A01;1;7;0;2;7;13;1;
202300048213;155 595 020;B01;2;10;0;2;1;1;1;
202300048214;155 595 015;A01;2;7;3;0;3;21;1;
202300048215;155 595 013;B01;1;7;0;2;4;2;1;
202300048215;155 595 014;A01;1;7;0;2;1;2;1;
202300048216;155 595 017;B01;3;7;0;2;4;1;0;
202300048216;155 595 023;A01;3;33;0;2;1;1;0;
202300048217;155 595 011;A01;2;7;0;1;7;0;1;
202300048218;155 595 009;A01;2;10;0;2;1;1;1;
202300048218;155 595 010;B01;2;7;0;2;4;1;1;
202300048218;155 595 012;C01;2;7;0;2;4;1;1;
202300048219;155 595 007;A01;1;7;13;0;1;1;1;
202300048220;155 595 006;A01;2;2;0;2;1;1;1;
202300048220;155 595 008;B01;1;7;0;2;1;15;1;
202300048221;155 595 001;A01;2;10;0;2;1;13;1;
202300048221;155 595 004;B01;2;7;4;2;7;1;1;
202300048221;155 595 005;C01;2;7;13;2;8;1;1;
202300048222;155 594 999;A01;2;7;0;2;1;19;1;
202300048222;155 595 002;B01;1;7;0;2;8;1;1;
202300048223;155 595 000;B01;2;33;0;2;7;21;1;
202300048223;155 595 003;A01;2;2;0;2;1;13;1;
202300048224;155 594 995;A01;1;31;0;2;3;3;1;
202300048224;155 594 997;B01;1;10;0;2;5;1;1;
202300048225;155 594 994;A01;2;7;0;2;2;1;1;
202300048225;155 594 998;B01;1;7;0;2;3;1;1;
202300048226;155 594 990;A01;1;7;4;2;1;0;1;
202300048226;155 594 991;C01;1;7;3;2;8;0;1;
202300048226;155 594 992;B01;1;7;0;2;1;0;1;
202300048227;155 594 988;A01;2;7;4;2;8;1;1;
202300048227;155 594 989;Z01;2;15;0;2;0;0;0;
202300048228;155 594 986;B01;1;7;4;2;8;11;1;
202300048228;155 594 987;A01;1;32;4;2;1;3;1;
202300048229;155 594 993;A01;2;7;3;2;1;21;1;
202300048229;155 594 996;B01;2;7;0;2;5;9;1;
202300048230;155 594 984;A01;1;10;0;2;1;2;1;
202300048230;155 594 985;B01;1;7;0;2;4;2;1;
202300048231;155 594 982;A01;2;7;2;0;7;1;1;
202300048232;155 594 981;A01;3;7;1;0;6;9;1;
202300048233;155 594 980;A01;1;7;3;2;1;2;1;
202300048233;155 594 983;B01;1;7;3;2;4;2;1;
202300048234;155 594 976;A01;0;7;0;2;1;1;1;
202300048234;155 594 979;B01;0;10;0;2;1;0;1;
202300048235;155 594 973;B01;1;7;0;2;4;0;0;
202300048235;155 594 975;A01;1;10;0;2;4;0;0;
202300048235;155 594 978;C01;1;10;0;2;1;0;0;
202300048236;155 594 972;A01;2;7;0;2;1;2;1;
202300048236;155 594 974;B01;2;7;0;2;4;2;1;
202300048236;155 594 977;C01;2;7;0;2;4;2;1;
202300048237;155 594 967;C01;1;10;0;2;1;1;1;
202300048237;155 594 969;A01;1;7;0;2;4;1;2;
202300048237;155 594 971;B01;1;7;0;2;1;1;1;
202300048238;155 594 968;A01;2;7;9;9;1;1;1;
202300048239;155 594 965;A01;1;10;0;2;3;1;1;
202300048239;155 594 966;B01;2;33;0;2;3;1;1;
202300048240;155 594 964;A01;2;7;1;0;9;1;0;
202300048241;155 594 963;D01;3;37;9;1;5;20;1;1
202300048242;155 594 959;A01;2;7;0;2;3;11;1;
202300048242;155 594 962;B01;1;33;0;2;3;1;1;
202300048243;155 594 958;B01;2;10;0;2;3;15;1;
202300048243;155 594 961;A01;2;32;0;2;3;17;1;
202300048244;155 594 957;B01;3;50;0;2;1;25;3;
202300048244;155 594 960;A01;2;7;0;2;7;9;1;
202300048245;155 594 953;A01;2;33;0;1;5;1;1;
202300048246;155 594 952;B01;3;7;0;2;2;23;0;
202300048246;155 594 955;A01;1;7;0;2;1;1;0;
202300048247;155 594 954;B01;3;7;0;2;1;1;1;
202300048247;155 594 956;A01;3;10;0;2;8;19;1;
202300048248;155 594 949;A01;3;10;0;1;2;1;1;
202300048249;155 594 948;A01;3;2;0;2;1;1;1;
202300048249;155 594 950;B01;3;7;0;2;3;15;1;
202300048250;155 594 947;A01;2;2;0;2;8;1;1;
202300048250;155 594 951;B01;1;7;0;2;1;1;1;
202300048251;155 594 945;A01;1;7;0;2;2;21;1;
202300048251;155 594 946;B01;2;10;0;2;3;21;1;
202300048252;155 594 944;A01;1;7;0;0;2;1;1;
202300048253;155 594 941;B01;2;31;0;2;8;1;1;
202300048253;155 594 943;A01;1;7;0;2;1;15;1;
202300048254;155 594 940;A01;2;33;0;2;1;1;1;
202300048254;155 594 942;B01;2;7;0;2;5;15;1;
202300048255;155 594 938;B01;1;7;0;2;3;1;1;
202300048255;155 594 939;A01;2;7;0;2;3;15;1;
202300048256;155 594 935;A01;0;7;0;2;4;26;1;
202300048256;155 594 937;B01;0;32;0;2;2;2;1;
202300048257;155 594 932;A01;1;7;0;2;7;15;1;
202300048257;155 594 934;B01;2;33;0;2;1;1;1;
202300048258;155 594 930;A01;2;7;0;2;6;15;0;
202300048258;155 594 933;B01;2;31;0;2;6;15;0;
202300048259;155 594 931;A01;3;7;0;1;0;1;3;
202300048260;155 594 926;B01;2;7;0;2;3;9;1;
202300048260;155 594 929;A01;1;33;0;2;1;9;6;
202300048261;155 594 925;A01;1;7;0;2;2;1;1;
202300048261;155 594 927;B01;1;7;0;2;1;1;1;
202300048262;155 594 922;A01;2;7;0;2;6;15;1;
202300048262;155 594 923;B01;2;33;0;2;1;3;1;
202300048263;155 594 919;C01;2;7;0;2;1;1;1;
202300048263;155 594 920;B01;1;7;0;2;1;13;1;
202300048263;155 594 921;A01;1;15;0;2;5;14;1;
202300048264;155 594 916;A01;2;10;0;2;1;2;1;
202300048264;155 594 918;B01;2;7;0;0;4;23;3;
202300048265;155 594 914;A01;2;7;0;2;1;1;1;
202300048265;155 594 917;B01;2;7;0;2;5;1;1;
202300048266;155 594 911;C01;3;7;0;2;1;2;1;
202300048266;155 594 913;B01;3;7;0;2;4;1;1;
202300048266;155 594 915;A01;3;7;0;0;4;1;1;
202300048267;155 594 910;B01;3;7;0;9;2;2;1;
202300048267;155 594 912;A01;3;1;0;0;8;1;5;
202300048268;155 594 907;A01;1;7;0;1;1;23;1;
202300048268;155 594 908;B01;1;7;0;2;3;2;1;
202300048269;155 594 909;A01;1;30;0;0;1;1;1;
202300048270;155 594 904;B01;2;7;0;2;3;26;1;
202300048270;155 594 905;A01;1;10;0;2;1;1;1;
202300048271;155 594 901;A01;1;7;0;2;2;15;1;
202300048271;155 594 902;B01;2;1;0;2;1;1;5;
202300048272;155 594 899;A01;2;33;0;0;8;1;1;
202300048273;155 594 898;A01;1;7;0;2;1;1;1;
202300048273;155 594 900;B01;2;7;0;2;1;13;1;
202300048274;155 594 897;A01;1;7;6;0;1;1;1;
202300048275;155 594 896;A01;3;7;14;0;2;14;1;
202300048276;155 594 893;A01;2;33;0;2;0;1;1;
202300048276;155 594 895;B01;1;7;0;2;3;1;1;
202300048277;155 594 892;A01;3;31;0;2;1;2;1;
202300048277;155 594 894;B01;3;7;0;0;8;13;1;
202300048278;155 594 888;A01;1;32;0;1;7;1;1;
202300048279;155 594 889;A01;3;7;0;2;2;9;1;
202300048279;155 594 891;B01;3;50;0;2;4;19;3;
202300048280;155 594 887;A01;1;7;0;2;1;1;1;
202300048280;155 594 890;B01;2;32;0;2;1;5;1;
202300048281;155 594 882;A01;1;7;0;2;2;1;1;
202300048281;155 594 884;B01;1;10;0;2;3;15;1;
202300048282;155 594 880;A01;1;7;0;0;5;15;1;
202300048282;155 594 883;B01;2;1;0;2;5;1;5;
202300048283;155 594 879;B01;1;7;0;2;2;1;1;
202300048283;155 594 881;A01;2;7;15;2;2;5;1;
202300048284;155 594 876;B01;1;7;0;2;1;1;1;
202300048284;155 594 878;A01;2;7;0;2;1;5;1;
202300048285;155 594 874;Z01;3;7;0;1;1;1;1;
202300048286;155 594 875;B01;1;2;0;2;1;1;1;
202300048286;155 594 877;A01;2;10;0;2;1;15;1;
202300048287;155 594 870;B01;1;1;0;2;8;19;5;
202300048287;155 594 873;A01;1;32;0;2;2;1;1;
202300048288;155 594 869;A01;1;7;0;2;3;15;1;
202300048288;155 594 871;B01;1;33;0;2;1;13;1;
202300048289;155 594 867;A01;1;7;1;0;2;14;1;
202300048290;155 594 866;A01;3;7;0;2;3;16;1;
202300048290;155 594 868;B01;3;0;0;2;9;1;1;
202300048291;155 594 865;A01;3;1;0;0;0;0;5;
202300048292;155 594 861;A01;3;7;0;2;1;2;1;
202300048292;155 594 863;B01;3;7;0;2;4;2;3;
202300048293;155 594 859;B01;0;33;0;2;7;1;1;
202300048293;155 594 864;A01;1;7;0;2;8;9;1;
202300048294;155 594 856;A01;2;33;0;2;7;17;1;
202300048294;155 594 858;B01;1;7;0;2;3;1;1;
202300048294;155 594 860;C01;2;7;0;2;8;1;1;
202300048294;155 594 862;D01;2;7;0;2;8;1;1;
202300048295;155 594 854;A01;2;7;0;2;1;13;1;
202300048295;155 594 857;B01;1;10;0;2;1;1;1;
202300048296;155 594 855;A01;0;7;0;1;2;12;1;
202300048297;155 594 853;A01;1;31;16;9;1;1;1;
202300048298;155 594 851;A01;2;7;4;0;2;1;1;
202300048299;155 594 850;A01;3;7;0;2;3;1;1;
202300048299;155 594 852;B01;3;7;0;2;3;15;1;
202300048300;155 594 848;A01;1;7;13;0;3;16;1;
202300048301;155 594 847;Z01;3;7;0;2;1;2;0;
202300048301;155 594 849;B01;3;50;0;2;4;0;3;
202300048302;155 594 846;A01;1;32;14;0;1;9;0;
202300048303;155 594 843;A01;2;2;0;2;7;10;1;
202300048303;155 594 845;B01;1;7;0;2;1;1;1;
202300048304;155 594 842;B01;2;7;0;2;1;1;1;
202300048304;155 594 844;A01;1;7;0;2;1;15;1;
202300048305;155 594 840;A01;1;7;0;2;5;15;1;
202300048305;155 594 841;B01;2;7;0;2;1;1;1;
202300048306;155 594 838;A01;0;39;0;1;1;1;3;
202300048307;155 594 837;A01;2;7;0;2;3;9;1;
202300048307;155 594 839;B01;3;80;0;2;7;1;3;
202300048308;155 594 835;A01;1;7;0;2;1;1;1;
202300048308;155 594 836;B01;3;1;0;2;8;19;5;
202300048309;155 594 831;B01;1;50;0;0;6;1;3;
202300048309;155 594 833;A01;1;10;0;2;2;1;1;
202300048310;155 594 832;B01;2;13;0;2;5;15;1;
202300048310;155 594 834;A01;1;31;0;2;1;19;1;