Num_Acc;id_vehicule;num_veh;senc;catv;obs;obsm;choc;manv;motor;occutc
202300048584;155 594 338;A01;2;7;0;2;1;26;1;
202300048585;155 594 335;A01;3;31;13;0;0;13;1;
202300048586;155 594 331;C01;1;7;0;2;0;0;1;
202300048586;155 594 334;A01;1;35;0;2;4;26;3;
202300048586;155 594 336;B01;1;7;0;2;0;0;1;
202300048587;155 594 330;B01;1;17;0;2;1;0;1;
202300048587;155 594 333;A01;1;7;0;2;5;16;1;
202300048588;155 594 332;A01;2;50;0;0;0;1;3;
202300048589;155 594 329;A01;2;7;7;0;2;14;1;
202300048590;155 594 328;A01;3;33;7;0;1;1;1;
202300048591;155 594 326;A01;2;30;12;0;0;1;3;
202300048592;155 594 327;Z01;2;7;0;1;2;16;0;
202300048593;155 594 325;A01;0;33;0;0;0;26;1;
202300048594;155 594 324;A01;3;7;0;1;3;1;0;
202300048595;155 594 320;A01;1;7;0;1;1;1;1;
202300048596;155 594 321;A01;1;33;0;0;0;1;1;
202300048597;155 594 318;B01;1;1;0;0;4;2;5;
202300048597;155 594 322;A01;1;7;0;9;4;9;1;
202300048598;155 594 316;A01;1;7;0;2;1;2;1;
202300048598;155 594 317;D01;1;7;0;0;4;1;1;
202300048598;155 594 319;B01;1;7;0;2;4;2;1;
202300048598;155 594 323;C01;1;10;0;2;1;2;1;
202300048599;155 594 314;B01;1;1;0;2;2;1;5;
202300048599;155 594 315;A01;1;7;0;2;3;11;1;
202300048600;155 594 311;B01;2;30;0;2;8;1;1;
202300048600;155 594 313;A01;2;7;0;2;7;17;1;
202300048601;155 594 309;B01;1;31;0;2;1;3;1;
202300048601;155 594 310;A01;1;7;0;2;2;12;1;
202300048602;155 594 306;B01;1;7;0;2;1;1;1;
202300048602;155 594 312;A01;2;7;0;2;1;13;1;
202300048603;155 594 307;A01;1;7;14;0;1;1;1;
202300048604;155 594 301;A01;2;33;0;2;1;2;1;
202300048604;155 594 303;B01;2;7;0;2;4;23;1;
202300048605;155 594 302;A01;0;7;15;0;3;1;0;
202300048606;155 594 299;B01;1;7;0;2;3;1;1;
202300048606;155 594 300;A01;1;31;0;2;2;17;1;
202300048607;155 594 297;A01;2;37;0;2;1;1;1;6
202300048607;155 594 304;B01;2;37;0;2;4;23;1;24
202300048608;155 594 295;A01;3;7;9;0;3;1;1;
202300048609;155 594 296;A01;1;7;13;0;0;14;1;
202300048610;155 594 291;A01;3;33;0;2;2;17;1;
202300048610;155 594 293;B01;0;7;0;2;3;15;1;
202300048611;155 594 290;A01;0;7;6;0;1;1;1;
202300048612;155 594 292;B01;1;33;0;2;4;16;1;
202300048612;155 594 294;A01;1;7;0;2;1;1;1;
202300048613;155 594 286;A01;0;2;0;2;1;13;6;
202300048613;155 594 288;B01;3;2;0;2;1;0;1;
202300048614;155 594 287;B01;3;7;0;2;2;1;1;
202300048614;155 594 289;A01;3;33;0;2;1;15;1;
202300048615;155 594 281;B01;1;34;0;2;3;0;1;
202300048615;155 594 284;A01;1;7;0;2;6;10;1;
202300048616;155 594 282;A01;1;7;0;2;3;17;0;
202300048616;155 594 285;B01;1;7;0;2;5;2;0;
202300048617;155 594 277;A01;1;7;0;2;8;9;1;
202300048617;155 594 283;B01;1;30;0;2;2;1;3;
202300048618;155 594 279;B01;2;33;0;0;8;21;1;
202300048618;155 594 280;A01;1;7;0;2;3;15;1;
202300048619;155 594 276;B01;1;37;0;2;5;21;2;1
202300048619;155 594 278;A01;1;50;0;2;3;13;3;
202300048620;155 594 273;A01;1;7;0;2;1;2;1;
202300048620;155 594 274;B01;2;33;0;2;4;2;1;
202300048621;155 594 271;B01;2;33;0;0;0;0;1;
202300048621;155 594 275;A01;2;7;0;0;0;13;1;
202300048622;155 594 268;A01;3;30;0;2;3;15;3;
202300048622;155 594 272;B01;2;34;0;2;1;1;1;
202300048623;155 594 267;B01;2;30;0;2;1;1;1;
202300048623;155 594 270;A01;1;7;0;2;1;15;1;
202300048624;155 594 263;A01;2;7;0;5;1;2;1;
202300048624;155 594 265;B01;1;7;0;2;1;2;1;
202300048625;155 594 259;A01;2;7;3;2;0;2;1;
202300048625;155 594 266;B01;2;10;3;2;1;2;0;
202300048625;155 594 269;C01;2;7;0;9;1;2;0;
202300048626;155 594 257;A01;2;15;3;2;2;12;1;
202300048626;155 594 261;B01;2;10;3;2;3;1;1;
202300048627;155 594 258;B01;3;7;0;2;7;1;1;
202300048627;155 594 264;A01;3;1;0;2;1;25;5;
202300048628;155 594 256;A01;2;7;0;1;1;1;0;
202300048629;155 594 260;A01;2;7;1;0;5;22;2;
202300048629;155 594 262;B01;1;33;1;0;1;18;1;
202300048630;155 594 253;A01;3;7;1;0;2;1;1;
202300048631;155 594 254;A01;1;7;0;2;1;1;1;
202300048631;155 594 255;B01;1;7;0;2;4;1;1;
202300048632;155 594 252;A01;1;50;2;1;5;21;3;
202300048633;155 594 251;A01;2;10;0;1;4;25;1;
202300048634;155 594 246;A01;1;50;0;1;1;1;3;
202300048635;155 594 247;A01;1;7;0;2;3;13;0;
202300048635;155 594 250;B01;2;15;0;2;8;1;0;
202300048636;155 594 245;B01;1;30;0;2;1;17;1;
202300048636;155 594 248;A01;1;7;0;2;1;9;1;
202300048637;155 594 239;D01;1;7;0;2;4;1;1;
202300048637;155 594 243;C01;1;7;0;2;4;1;1;
202300048637;155 594 244;A01;1;7;0;2;3;21;2;
202300048637;155 594 249;B01;1;7;0;2;5;1;1;
202300048638;155 594 240;A01;0;3;2;0;1;26;1;
202300048639;155 594 238;B01;1;50;0;2;1;2;3;
202300048639;155 594 242;A01;1;1;0;2;4;23;5;
202300048640;155 594 237;A01;2;7;0;2;2;13;1;
202300048640;155 594 241;B01;1;7;0;2;2;21;1;
202300048641;155 594 235;A01;2;7;1;0;2;2;1;
202300048642;155 594 233;A01;1;31;0;1;2;17;1;
202300048643;155 594 231;A01;1;33;0;2;1;2;1;
202300048643;155 594 234;B01;1;10;0;2;4;2;1;
202300048644;155 594 230;B01;2;7;0;2;6;23;1;
202300048644;155 594 232;C01;2;7;0;2;5;2;1;
202300048644;155 594 236;A01;2;33;0;2;1;1;1;
202300048645;155 594 229;A01;1;7;2;0;1;1;1;
202300048646;155 594 228;A01;1;30;12;0;1;13;1;
202300048647;155 594 224;A01;2;7;0;2;7;15;1;
202300048647;155 594 227;B01;1;1;0;2;1;1;5;
202300048648;155 594 225;A01;2;32;0;1;1;1;0;
202300048649;155 594 222;A01;1;33;0;2;1;2;1;
202300048649;155 594 223;B01;1;7;0;2;5;2;1;
202300048649;155 594 226;C01;1;7;0;2;4;2;1;
202300048650;155 594 221;A01;1;1;0;1;1;13;5;
202300048651;155 594 218;A01;3;7;0;2;8;11;1;
202300048651;155 594 220;B01;3;33;0;2;7;1;1;
202300048652;155 594 214;A01;1;50;0;2;1;1;3;
202300048652;155 594 217;B01;1;1;0;2;1;1;5;
202300048653;155 594 213;B01;2;1;0;2;8;1;5;
202300048653;155 594 215;Z01;2;14;0;2;7;14;1;
202300048654;155 594 212;Z01;2;80;0;1;7;1;3;
202300048655;155 594 211;B01;3;7;0;2;1;26;0;
202300048655;155 594 216;C01;3;15;0;2;1;23;0;
202300048655;155 594 219;A01;3;7;1;2;2;15;0;
202300048656;155 594 209;A01;1;1;0;0;0;21;5;
202300048657;155 594 208;A01;2;34;0;1;2;18;1;
202300048658;155 594 206;A01;2;7;0;1;1;1;1;
202300048659;155 594 207;A01;2;14;0;2;7;16;1;
202300048659;155 594 210;B01;3;80;0;2;1;1;3;
202300048660;155 594 205;A01;3;32;0;0;0;3;1;
202300048661;155 594 202;A01;2;30;0;2;3;2;1;
202300048661;155 594 204;B01;2;7;0;2;2;2;1;
202300048662;155 594 198;A01;2;7;0;2;1;2;1;
202300048662;155 594 201;B01;2;7;0;2;4;2;1;
202300048663;155 594 200;B01;1;7;0;2;4;23;2;
202300048663;155 594 203;A01;1;33;0;2;1;1;1;
202300048664;155 594 197;A01;2;33;0;2;1;1;1;
202300048664;155 594 199;B01;2;7;0;2;6;1;1;
202300048665;155 594 194;B01;1;2;0;2;1;1;1;
202300048665;155 594 196;A01;1;7;0;2;1;13;0;
202300048666;155 594 195;A01;2;7;0;1;7;1;1;
202300048667;155 594 191;A01;2;7;13;0;1;13;1;
202300048668;155 594 190;B01;1;7;0;2;5;2;2;
202300048668;155 594 192;A01;2;7;0;2;3;2;2;
202300048668;155 594 193;C01;1;7;0;2;6;23;2;
202300048669;155 594 187;A01;2;1;0;2;1;13;5;
202300048669;155 594 189;B01;1;1;0;2;1;13;5;
202300048670;155 594 184;B01;2;7;0;2;8;2;1;
202300048670;155 594 186;A01;2;32;0;2;4;3;3;
202300048671;155 594 185;A01;1;7;0;2;3;10;1;
202300048671;155 594 188;B01;2;32;0;2;1;1;1;
202300048672;155 594 183;A01;2;7;0;1;3;1;2;
202300048673;155 594 181;A01;1;7;12;0;1;15;1;
202300048674;155 594 177;A01;3;33;0;2;1;1;1;
202300048674;155 594 182;B01;3;7;0;2;5;1;1;
202300048675;155 594 178;A01;3;32;0;2;1;2;1;
202300048675;155 594 180;B01;3;7;0;2;4;2;1;
202300048676;155 594 176;A01;2;7;0;2;7;1;1;
202300048676;155 594 179;B01;1;7;0;2;1;1;2;
202300048677;155 594 171;B01;1;7;0;2;4;23;1;
202300048677;155 594 175;A01;1;7;0;2;1;1;1;
202300048678;155 594 169;A01;1;10;0;2;3;9;1;
202300048678;155 594 172;B01;1;33;0;2;2;1;1;
202300048679;155 594 168;A01;1;7;0;2;8;1;1;
202300048679;155 594 174;B01;2;7;0;2;1;1;1;
202300048680;155 594 170;B01;1;7;0;2;3;24;2;
202300048680;155 594 173;A01;1;30;1;0;3;18;1;
202300048681;155 594 165;B01;1;1;0;2;1;17;5;
202300048681;155 594 167;A01;1;1;0;2;1;17;5;
202300048682;155 594 161;B01;1;30;0;2;3;18;1;
202300048682;155 594 164;A01;1;7;0;2;5;18;1;
202300048683;155 594 162;A01;2;33;0;2;3;17;1;
202300048683;155 594 166;B01;2;7;0;2;2;1;1;
202300048684;155 594 163;A01;1;10;0;1;1;15;1;
202300048685;155 594 160;A01;2;80;14;0;3;2;3;
202300048686;155 594 156;B01;1;14;0;2;4;1;0;
202300048686;155 594 158;A01;1;31;0;2;1;1;1;
202300048687;155 594 157;A01;1;33;0;2;1;21;1;
202300048687;155 594 159;B01;1;31;0;2;4;21;1;
202300048688;155 594 155;A01;1;1;8;0;1;1;5;
202300048689;155 594 153;B01;1;50;0;2;1;1;3;
202300048689;155 594 154;A01;2;80;0;2;1;1;3;
202300048690;155 594 152;A01;2;2;14;0;1;1;3;
202300048691;155 594 151;Z01;1;30;0;1;2;17;1;
202300048692;155 594 149;A01;1;50;0;2;7;1;3;
202300048692;155 594 150;B01;1;10;0;2;3;15;1;
202300048693;155 594 148;A01;2;7;0;1;1;15;3;
202300048694;155 594 147;A01;1;10;14;0;1;21;1;
202300048695;155 594 146;A01;1;1;0;0;0;2;5;
202300048696;155 594 142;Y01;1;1;0;2;2;1;5;
202300048696;155 594 143;A01;1;10;0;2;3;22;1;
202300048697;155 594 141;Z01;2;1;0;2;1;1;5;
202300048697;155 594 145;A01;2;1;0;2;8;1;5;
202300048698;155 594 139;A01;1;7;0;2;7;7;1;
202300048698;155 594 144;B01;2;10;0;2;1;7;3;
202300048699;155 594 137;A01;1;7;1;1;2;1;1;
202300048700;155 594 136;A01;1;43;0;1;1;1;1;
202300048701;155 594 132;A01;1;7;0;2;8;15;1;
202300048701;155 594 135;B01;1;33;0;2;1;7;3;
202300048702;155 594 131;A01;2;7;0;2;1;2;1;
202300048702;155 594 134;B01;2;10;14;0;4;2;1;
202300048703;155 594 129;A01;1;30;0;2;1;1;1;
202300048703;155 594 133;B01;1;7;0;2;2;1;1;
202300048704;155 594 128;Z01;1;7;0;2;1;1;1;
202300048704;155 594 130;B01;1;7;0;2;1;1;1;
202300048705;155 594 126;A01;1;32;0;1;1;1;1;
202300048706;155 594 125;A01;1;10;0;2;1;15;1;
202300048706;155 594 127;B01;2;33;0;2;1;1;1;
202300048707;155 594 120;A01;1;7;0;2;3;9;1;
202300048707;155 594 122;B01;1;2;0;2;1;3;1;
202300048708;155 594 121;A01;2;7;0;2;2;15;2;
202300048708;155 594 124;B01;2;1;0;2;0;1;5;
202300048709;155 594 119;A01;3;7;0;2;3;1;1;
202300048709;155 594 123;B01;3;30;0;2;2;15;3;
202300048710;155 594 118;A01;1;50;0;1;1;15;3;
202300048711;155 594 117;A01;1;34;9;1;1;1;1;
202300048712;155 594 114;A01;1;10;0;1;5;20;1;
202300048713;155 594 115;A01;2;80;0;1;1;1;3;
202300048714;155 594 113;A01;2;32;0;2;2;1;1;
202300048714;155 594 116;B01;1;7;0;2;3;16;2;
202300048715;155 594 110;A01;3;7;0;2;3;5;1;
202300048715;155 594 112;B01;3;7;0;2;3;1;1;
202300048716;155 594 107;A01;2;7;0;2;1;21;1;
202300048716;155 594 111;B01;2;7;0;2;4;2;1;
202300048717;155 594 108;A01;1;30;0;0;0;1;3;
202300048718;155 594 106;A01;3;7;0;2;3;15;1;
202300048718;155 594 109;B01;3;33;0;2;1;1;1;
202300048719;155 594 103;B01;3;1;0;2;1;1;5;
202300048719;155 594 105;A01;0;7;0;2;3;15;1;
202300048720;155 594 102;A01;3;1;12;0;2;14;5;
202300048721;155 594 100;A01;1;43;0;2;1;2;1;
202300048721;155 594 104;B01;1;10;0;2;5;2;1;
202300048722;155 594 101;A01;2;30;0;0;8;1;3;
202300048723;155 594 097;B01;0;50;0;2;1;16;3;
202300048723;155 594 099;A01;0;7;0;2;2;1;1;
202300048724;155 594 093;B01;3;1;0;2;4;2;5;
202300048724;155 594 096;A01;3;7;0;2;1;0;1;
202300048725;155 594 094;B01;1;7;0;2;4;2;1;
202300048725;155 594 098;A01;1;31;0;2;1;2;1;
202300048726;155 594 092;B01;1;50;0;2;1;1;3;
202300048726;155 594 095;A01;1;7;0;9;3;9;3;
202300048727;155 594 091;A01;1;7;0;1;1;15;1;
202300048728;155 594 090;A01;1;7;0;1;3;0;1;
202300048729;155 594 088;A01;3;7;0;1;1;19;0;
202300048730;155 594 082;A01;1;7;0;2;2;2;1;
202300048730;155 594 085;B01;1;7;0;2;3;10;1;
202300048731;155 594 083;A01;2;7;1;2;7;1;1;
202300048731;155 594 086;B01;1;50;1;2;3;14;3;
202300048732;155 594 084;B01;3;7;0;2;3;15;1;
202300048732;155 594 087;C01;3;7;0;2;2;1;2;
202300048732;155 594 089;A01;3;30;0;2;3;1;1;
202300048733;155 594 080;A01;0;10;0;2;3;26;1;
202300048733;155 594 081;B01;0;33;0;2;1;0;1;
202300048734;155 594 078;A01;1;7;0;1;4;20;1;
202300048735;155 594 077;A01;1;7;0;1;4;20;1;
202300048736;155 594 076;B01;1;7;0;2;3;2;1;
202300048736;155 594 079;A01;1;30;0;2;1;15;1;
202300048737;155 594 070;A01;2;7;0;2;1;17;0;
202300048737;155 594 074;B01;2;80;0;2;4;1;3;
202300048738;155 594 073;A01;2;30;0;2;0;26;1;
202300048738;155 594 075;B01;2;7;0;2;6;26;0;
202300048739;155 594 068;B01;2;0;0;0;0;0;0;
202300048739;155 594 071;A01;2;7;0;9;6;23;3;
202300048740;155 594 069;A01;1;30;0;2;1;2;0;
202300048740;155 594 072;B01;0;33;0;2;4;2;0;
202300048741;155 594 066;A01;1;30;11;0;3;17;1;
202300048742;155 594 063;A01;3;7;0;2;1;14;1;
202300048742;155 594 067;B01;3;33;0;2;8;1;1;
202300048743;155 594 062;A01;3;33;0;2;8;1;1;
202300048743;155 594 064;B01;3;7;0;2;2;0;3;
202300048744;155 594 061;A01;2;10;0;2;7;15;1;
202300048744;155 594 065;B01;1;33;0;2;1;1;1;
202300048745;155 594 060;A01;3;31;0;0;1;0;1;
202300048746;155 594 059;A01;1;7;0;1;1;1;0;
202300048747;155 594 056;A01;2;2;0;0;1;1;1;
202300048748;155 594 055;B01;2;50;0;2;1;25;3;
202300048748;155 594 058;A01;2;7;0;2;5;16;2;
202300048749;155 594 053;A01;0;7;0;2;2;15;1;
202300048749;155 594 057;B01;3;7;0;2;3;1;1;
202300048750;155 594 052;B01;2;1;0;2;6;1;5;
202300048750;155 594 054;A01;2;7;0;2;2;17;0;
202300048751;155 594 051;A01;0;7;0;1;3;1;1;
202300048752;155 594 047;B01;2;37;0;0;6;23;1;1
202300048752;155 594 050;A01;2;7;0;2;2;1;1;
202300048753;155 594 045;A01;0;3;0;2;1;10;1;
202300048753;155 594 048;B01;0;2;0;2;1;1;1;
202300048754;155 594 046;A01;2;7;0;2;7;16;1;
202300048754;155 594 049;B01;3;37;0;2;3;7;1;2
202300048755;155 594 041;A01;3;7;0;2;1;16;3;
202300048755;155 594 044;B01;3;7;0;2;3;1;1;
202300048756;155 594 040;A01;2;10;0;0;3;23;1;
202300048756;155 594 042;B01;2;1;1;0;1;1;5;
202300048757;155 594 038;A01;-1;10;-1;-1;-1;-1;-1;
202300048757;155 594 043;B01;-1;10;-1;-1;-1;-1;-1;
202300048758;155 594 036;A01;3;7;15;2;8;26;1;
202300048758;155 594 039;B01;3;14;0;2;7;26;1;
202300048759;155 594 034;A01;1;7;0;2;3;26;1;
202300048759;155 594 037;B01;1;33;0;2;1;1;1;
202300048760;155 594 033;A01;1;7;0;2;1;1;1;
202300048760;155 594 035;B01;1;37;0;2;3;1;1;1
202300048761;155 594 029;A01;3;7;0;2;2;0;0;
202300048761;155 594 031;B01;3;50;0;2;1;1;3;
202300048762;155 594 028;A01;1;7;0;2;3;15;1;
202300048762;155 594 032;B01;2;7;0;2;1;16;1;
202300048763;155 594 027;A01;1;7;0;2;3;1;1;
202300048763;155 594 030;B01;2;33;0;2;1;1;1;
202300048764;155 594 025;A01;1;7;0;2;3;2;1;
202300048764;155 594 026;B01;3;31;0;2;4;2;3;
202300048765;155 594 022;A01;1;33;0;2;3;1;1;
202300048765;155 594 024;B01;1;7;0;2;7;14;1;
202300048766;155 594 020;A01;2;10;0;2;2;9;1;
202300048766;155 594 023;B01;2;33;0;2;3;2;1;
202300048767;155 594 021;A01;0;14;0;0;0;0;1;
202300048768;155 594 018;B01;2;2;0;2;1;1;1;
202300048768;155 594 019;A01;1;7;0;2;1;15;1;
202300048769;155 594 016;A01;1;33;0;1;2;1;1;
202300048770;155 594 014;A01;1;10;0;2;3;10;1;
202300048770;155 594 015;B01;1;2;0;2;1;1;3;
202300048771;155 594 013;A01;2;33;0;2;1;0;1;
202300048771;155 594 017;B01;1;3;0;2;5;15;1;
202300048772;155 594 012;A01;0;10;0;1;2;1;1;
202300048773;155 594 009;A01;1;7;0;2;3;26;0;
202300048773;155 594 011;B01;1;60;0;2;2;1;5;
202300048774;155 594 007;A01;1;10;0;1;4;4;1;
202300048775;155 594 005;B01;3;1;0;2;7;1;5;
202300048775;155 594 010;A01;2;7;0;2;3;1;1;
202300048776;155 594 006;Z01;1;7;0;2;2;15;0;
202300048776;155 594 008;B01;1;33;0;2;3;1;1;
202300048777;155 594 002;A01;1;7;0;2;3;22;1;
202300048777;155 594 004;B01;1;1;1;0;1;1;5;
202300048778;155 594 001;A01;2;7;4;0;3;0;1;
202300048778;155 594 003;B01;2;7;0;2;1;1;1;
202300048779;155 593 999;A01;2;50;14;0;0;1;3;
202300048780;155 593 996;A01;3;1;0;2;1;13;5;
202300048780;155 593 998;B01;3;3;0;2;1;1;3;
202300048781;155 593 994;A01;3;37;0;2;2;1;1;3
202300048781;155 594 000;B01;0;7;0;0;0;0;1;
202300048782;155 593 992;A01;2;7;0;2;3;15;1;
202300048782;155 593 995;B01;2;50;0;2;1;0;3;
202300048783;155 593 991;A01;2;7;0;2;0;2;1;
202300048784;155 593 988;A01;2;10;0;1;3;15;0;
202300048785;155 593 987;A01;2;7;0;2;3;15;1;
202300048785;155 593 989;B01;2;7;13;2;2;17;1;
202300048786;155 593 981;A01;3;36;0;0;9;26;1;
202300048787;155 593 982;B01;2;7;0;2;3;1;1;
202300048787;155 593 985;A01;1;7;0;2;3;13;1;
202300048788;155 593 983;B01;2;34;0;2;5;2;1;
202300048788;155 593 986;A01;2;7;0;2;3;13;1;
202300048789;155 593 980;A01;1;30;0;2;7;9;3;
202300048789;155 593 984;B01;1;3;0;2;8;1;1;
202300048790;155 593 977;A01;1;0;0;1;2;1;0;
202300048791;155 593 976;A01;1;10;1;2;4;4;0;
202300048791;155 593 979;B01;1;50;1;2;1;1;3;
202300048792;155 593 975;A01;0;7;0;0;0;1;1;
202300048793;155 593 974;A01;2;10;0;2;6;15;1;
202300048793;155 593 978;B01;2;33;0;2;1;17;1;
202300048794;155 593 973;A01;1;7;0;6;3;0;1;
202300048795;155 593 970;B01;1;80;0;2;3;15;3;
202300048795;155 593 972;A01;1;43;0;2;1;1;1;
202300048796;155 593 971;A01;2;7;2;0;1;2;1;
202300048797;155 593 968;A01;1;10;1;0;1;1;1;
202300048798;155 593 967;A01;1;7;0;2;6;10;0;
202300048798;155 593 969;B01;2;30;0;2;1;1;1;
202300048799;155 593 966;A01;1;3;4;0;2;13;0;
202300048800;155 593 965;A01;1;7;2;0;2;13;1;
202300048801;155 593 964;A01;1;7;13;0;9;1;1;
202300048802;155 593 962;A01;3;7;2;0;8;19;0;
202300048803;155 593 963;A01;0;7;0;1;1;1;1;
202300048804;155 593 959;B01;2;7;0;2;1;19;1;
202300048804;155 593 961;A01;1;10;0;2;3;1;1;
202300048805;155 593 958;B01;2;33;0;2;5;2;1;
202300048805;155 593 960;A01;2;7;0;2;3;2;2;
202300048806;155 593 956;A01;3;7;0;1;1;1;1;
202300048807;155 593 952;A01;1;7;0;2;6;23;1;
202300048807;155 593 954;B01;1;7;0;2;2;1;1;
202300048808;155 593 950;A01;2;50;0;0;0;0;3;
202300048809;155 593 951;C01;2;7;0;2;3;1;0;
202300048809;155 593 953;B01;2;7;0;2;1;1;0;
202300048809;155 593 957;A01;1;7;0;2;1;15;0;
202300048810;155 593 949;B01;2;7;0;2;1;1;1;
202300048810;155 593 955;A01;1;10;0;2;3;15;1;
202300048811;155 593 948;A01;1;7;0;1;6;1;1;
202300048812;155 593 945;A01;3;7;0;0;1;13;1;
202300048813;155 593 946;A01;1;7;0;1;2;1;1;
202300048814;155 593 947;V01;1;1;0;1;1;21;5;
202300048815;155 593 944;A01;1;33;0;1;2;2;1;
202300048816;155 593 942;A01;2;7;13;0;3;5;1;
202300048817;155 593 941;A01;2;7;0;0;1;1;1;
202300048818;155 593 939;B01;1;7;0;2;3;1;1;
202300048818;155 593 943;A01;1;7;0;2;3;16;1;
202300048819;155 593 938;B01;2;1;0;2;1;1;5;
202300048819;155 593 940;A01;3;7;0;9;3;26;0;
202300048820;155 593 937;A01;1;7;13;0;3;1;1;
202300048821;155 593 936;A01;0;13;0;1;4;4;1;
202300048822;155 593 933;A01;1;32;0;2;1;17;1;
202300048822;155 593 935;B01;1;7;0;2;3;15;1;
202300048823;155 593 929;A01;3;7;0;1;5;15;1;
202300048824;155 593 927;A01;2;7;0;2;1;2;1;
202300048824;155 593 931;B01;2;17;0;0;4;2;1;
202300048825;155 593 926;A01;1;7;0;2;1;1;1;
202300048825;155 593 928;B01;1;50;0;2;1;19;3;
202300048826;155 593 924;A01;1;33;14;0;3;1;1;
202300048827;155 593 923;A01;2;7;0;0;9;10;1;
202300048828;155 593 922;B01;1;1;0;2;7;1;5;
202300048828;155 593 925;A01;2;7;0;2;1;9;1;
202300048829;155 593 921;A01;2;7;0;1;1;1;1;
202300048830;155 593 918;A01;1;7;13;0;2;1;1;
202300048831;155 593 919;B01;2;33;0;0;8;1;1;
202300048831;155 593 920;A01;2;7;0;2;1;1;1;
202300048832;155 593 917;A01;1;7;16;0;1;1;0;
202300048833;155 593 916;A01;3;1;0;0;0;1;5;
202300048834;155 593 915;A01;3;7;2;0;3;2;1;
202300048835;155 593 914;A01;3;7;13;0;2;21;1;
202300048836;155 593 913;A01;2;7;9;1;3;17;0;
202300048837;155 593 909;A01;1;7;0;2;1;13;1;
202300048837;155 593 910;B01;2;7;0;2;1;1;1;
202300048838;155 593 908;A01;2;33;0;2;7;17;1;
202300048838;155 593 911;B01;2;7;0;2;8;17;1;
202300048839;155 593 906;A01;1;7;0;2;2;1;1;
202300048839;155 593 912;B01;2;1;0;2;1;5;5;
202300048840;155 593 905;A01;1;7;0;1;2;1;1;
202300048841;155 593 900;B01;3;7;0;2;3;1;1;
202300048841;155 593 903;A01;2;7;0;2;2;15;1;
202300048842;155 593 901;B01;2;7;0;2;1;1;0;
202300048842;155 593 902;A01;1;7;3;0;1;1;0;
202300048843;155 593 898;A01;2;7;0;2;1;9;1;
202300048843;155 593 899;B01;2;33;0;2;2;1;1;
202300048844;155 593 896;B01;1;2;0;1;1;1;1;
202300048845;155 593 894;A01;2;7;0;1;1;1;1;
202300048846;155 593 892;B01;2;7;1;2;3;1;1;
202300048846;155 593 895;A01;1;7;0;2;1;1;1;
202300048846;155 593 897;C01;2;10;0;2;3;23;1;
202300048847;155 593 891;A01;3;7;6;2;1;19;1;
202300048847;155 593 893;B01;1;7;6;2;6;1;1;
202300048848;155 593 887;A01;2;7;14;0;1;1;3;
202300048849;155 593 885;A01;2;7;0;2;3;19;1;
202300048849;155 593 889;B01;1;7;0;2;1;1;1;
202300048850;155 593 883;B01;2;99;0;2;8;1;1;
202300048850;155 593 888;A01;3;7;0;2;1;19;2;
202300048851;155 593 879;A01;2;7;0;0;0;14;1;
202300048852;155 593 878;A01;2;7;0;2;3;1;1;
202300048852;155 593 882;B01;1;7;0;0;8;1;1;
202300048853;155 593 881;A01;1;7;3;0;9;2;1;
202300048854;155 593 880;A01;3;21;0;1;6;2;1;
202300048855;155 593 877;A01;2;2;0;0;9;1;1;
202300048856;155 593 876;A01;2;33;4;0;1;1;1;
202300048857;155 593 873;A01;1;21;0;0;6;15;1;
202300048857;155 593 875;B01;1;7;0;2;2;17;1;
202300048858;155 593 871;A01;1;7;0;2;1;1;1;
202300048858;155 593 874;B01;2;7;0;2;1;1;1;
202300048859;155 593 870;A01;1;10;0;2;2;17;1;
202300048859;155 593 872;B01;1;7;0;0;6;1;1;
202300048860;155 593 869;A01;1;31;13;0;1;1;1;
202300048861;155 593 863;A01;2;33;0;2;8;13;1;
202300048861;155 593 866;B01;1;7;0;2;3;1;1;
202300048862;155 593 864;B01;1;7;0;0;6;2;1;
202300048862;155 593 868;A01;1;7;4;2;1;2;1;
202300048863;155 593 865;A01;3;7;0;2;6;26;3;
202300048863;155 593 867;B01;3;80;0;2;1;19;3;
202300048864;155 593 861;A01;1;7;0;2;3;17;1;
202300048864;155 593 862;B01;2;7;0;2;3;1;1;
202300048865;155 593 860;A01;1;33;15;0;0;13;1;
202300048866;155 593 859;A01;1;2;0;0;0;0;6;
202300048867;155 593 857;A01;2;7;13;0;1;6;1;
202300048868;155 593 856;A01;1;33;10;0;8;13;1;
202300048869;155 593 855;A01;1;7;8;2;3;1;1;
202300048869;155 593 858;B01;2;10;15;2;2;1;1;
202300048870;155 593 854;A01;2;7;0;1;2;1;1;
202300048871;155 593 851;A01;1;7;0;2;2;15;1;
202300048871;155 593 853;B01;2;2;0;2;1;1;1;
202300048872;155 593 848;A01;2;33;0;2;2;15;1;
202300048872;155 593 852;B01;2;7;0;2;2;15;1;
202300048873;155 593 847;B01;1;7;0;2;1;1;0;
202300048873;155 593 849;A01;2;7;12;2;1;1;1;
202300048874;155 593 846;A01;1;13;0;2;3;1;1;
202300048874;155 593 850;B01;2;2;0;2;8;5;1;
202300048875;155 593 844;A01;1;7;0;2;2;5;1;
202300048875;155 593 845;B01;2;17;0;2;1;1;1;