Num_Acc;id_vehicule;num_veh;senc;catv;obs;obsm;choc;manv;motor;occutc
202300048876;155 593 843;A01;1;33;2;0;0;2;1;
202300048877;155 593 842;A01;3;7;0;1;1;1;1;
202300048878;155 593 841;A01;0;7;0;1;2;20;1;
202300048879;155 593 840;A01;2;33;0;0;8;1;1;
202300048880;155 593 838;A01;1;33;0;2;4;1;1;
202300048880;155 593 839;B01;1;7;0;2;1;1;1;
202300048881;155 593 837;A01;2;33;0;0;0;1;1;
202300048882;155 593 835;A01;2;7;0;1;0;0;1;
202300048883;155 593 831;A01;3;7;0;2;3;1;1;
202300048883;155 593 834;B01;3;7;0;2;3;1;1;
202300048884;155 593 833;A01;1;7;7;0;2;1;1;
202300048885;155 593 827;A01;1;33;4;0;8;1;1;
202300048886;155 593 826;A01;1;7;0;2;1;0;0;
202300048886;155 593 829;B01;2;7;0;2;1;0;0;
202300048887;155 593 825;B01;1;1;0;2;7;1;5;
202300048887;155 593 828;A01;1;7;0;9;1;19;1;
202300048888;155 593 823;A01;2;7;2;0;1;16;1;
202300048889;155 593 820;A01;2;7;0;2;2;1;1;
202300048889;155 593 824;B01;1;33;0;2;1;13;1;
202300048890;155 593 819;A01;1;1;0;2;3;19;5;
202300048890;155 593 821;B01;2;7;0;2;2;1;1;
202300048891;155 593 818;A01;1;7;13;0;3;13;0;
202300048892;155 593 815;A01;2;7;15;2;7;13;1;
202300048892;155 593 817;B01;1;7;0;2;1;1;1;
202300048893;155 593 814;A01;3;21;0;0;3;0;1;
202300048893;155 593 816;B01;0;1;0;0;1;1;5;
202300048894;155 593 811;B01;1;1;12;0;0;2;5;
202300048894;155 593 813;A01;1;7;0;0;0;2;1;
202300048895;155 593 808;A01;1;7;13;2;3;13;1;
202300048895;155 593 809;B01;1;7;0;2;3;1;1;
202300048896;155 593 810;A01;2;7;0;0;8;9;1;
202300048896;155 593 812;B01;2;7;0;2;1;1;1;
202300048897;155 593 806;A01;1;3;16;0;1;1;0;
202300048898;155 593 804;A01;2;7;14;0;1;13;1;
202300048899;155 593 807;A01;3;36;0;0;0;0;0;
202300048900;155 593 805;A01;2;10;5;0;0;1;1;
202300048901;155 593 802;B01;1;15;0;2;6;1;1;
202300048901;155 593 803;A01;1;7;0;2;1;17;1;
202300048902;155 593 799;A01;3;10;0;2;6;15;0;
202300048902;155 593 800;B01;0;2;0;2;2;1;6;
202300048903;155 593 797;A01;2;7;0;2;1;20;1;
202300048903;155 593 801;B01;1;7;6;2;1;19;1;
202300048904;155 593 796;A01;1;7;2;0;2;21;1;
202300048905;155 593 795;B01;1;7;0;2;4;1;1;
202300048905;155 593 798;A01;1;10;0;2;1;2;1;
202300048906;155 593 791;A01;1;7;0;2;1;1;1;
202300048906;155 593 792;B01;1;17;0;0;4;1;1;
202300048906;155 593 794;C01;1;7;0;2;4;1;1;
202300048907;155 593 789;A01;0;10;0;2;2;19;1;
202300048907;155 593 793;B01;2;7;0;2;3;1;1;
202300048908;155 593 787;A01;1;3;9;0;9;1;1;
202300048909;155 593 785;B01;2;10;0;2;7;2;1;
202300048909;155 593 786;A01;2;33;0;2;1;3;1;
202300048909;155 593 788;C01;2;10;0;2;8;0;1;
202300048909;155 593 790;D01;2;7;0;2;5;1;1;
202300048910;155 593 784;A01;2;80;14;0;1;0;3;
202300048911;155 593 782;A01;2;0;0;0;5;16;0;
202300048911;155 593 783;B01;2;1;0;2;3;1;5;
202300048912;155 593 781;A01;1;7;13;0;1;1;1;
202300048913;155 593 778;A01;2;7;0;2;4;12;1;
202300048913;155 593 780;B01;2;33;0;2;1;3;1;
202300048914;155 593 777;B01;2;33;0;2;1;17;1;
202300048914;155 593 779;A01;2;7;0;2;8;15;1;
202300048915;155 593 775;A01;1;7;0;2;3;1;1;
202300048915;155 593 776;B01;2;21;0;2;1;13;1;
202300048916;155 593 772;A01;2;7;0;2;1;2;1;
202300048916;155 593 773;B01;2;7;0;2;4;2;1;
202300048917;155 593 774;A01;3;37;0;1;7;1;1;1
202300048918;155 593 769;A01;1;33;0;2;1;5;1;
202300048918;155 593 770;B01;2;7;0;0;1;1;1;
202300048919;155 593 768;A01;2;10;0;1;3;15;1;
202300048920;155 593 767;A01;2;7;0;1;1;21;1;
202300048921;155 593 765;B01;2;1;0;2;7;1;5;
202300048921;155 593 766;A01;2;7;0;2;8;22;1;
202300048922;155 593 763;A01;1;10;0;2;1;13;1;
202300048922;155 593 764;B01;2;7;0;2;1;1;1;
202300048923;155 593 771;A01;1;33;13;0;1;1;1;
202300048924;155 593 761;A01;2;33;4;2;1;2;1;
202300048924;155 593 762;B01;2;7;0;0;4;0;1;
202300048925;155 593 760;A01;1;32;0;1;3;1;1;
202300048926;155 593 757;A01;1;33;0;2;1;17;1;
202300048926;155 593 759;B01;1;7;0;2;8;15;1;
202300048927;155 593 756;A01;1;7;0;2;1;2;1;
202300048927;155 593 758;B01;1;7;0;0;5;2;1;
202300048928;155 593 755;A01;3;32;0;1;1;1;1;
202300048929;155 593 752;A01;1;7;3;0;8;1;1;
202300048930;155 593 751;A01;3;10;0;2;3;19;1;
202300048930;155 593 754;B01;1;43;0;2;6;1;1;
202300048931;155 593 750;A01;1;7;0;2;2;15;1;
202300048931;155 593 753;B01;2;32;0;2;1;1;1;
202300048932;155 593 749;A01;1;7;17;0;1;14;1;
202300048933;155 593 746;A01;2;32;0;2;3;1;1;
202300048933;155 593 748;Z01;2;7;0;2;2;16;2;
202300048934;155 593 745;A01;2;7;0;2;5;12;1;
202300048934;155 593 747;B01;2;7;0;2;3;1;1;
202300048935;155 593 742;B01;1;10;0;2;4;23;1;
202300048935;155 593 744;A01;1;32;0;2;1;1;1;
202300048936;155 593 741;A01;2;7;4;2;1;0;1;
202300048936;155 593 743;B01;2;15;0;2;6;1;1;
202300048937;155 593 737;A01;2;10;2;0;2;14;1;
202300048938;155 593 736;A01;1;14;0;2;6;2;1;
202300048938;155 593 738;B01;1;7;0;2;2;2;1;
202300048939;155 593 739;A01;1;50;0;2;3;1;3;
202300048939;155 593 740;B01;1;7;0;2;3;15;2;
202300048940;155 593 734;A01;1;7;0;2;5;15;1;
202300048940;155 593 735;B01;2;33;0;2;1;1;1;
202300048941;155 593 732;A01;3;2;13;0;1;0;1;
202300048942;155 593 731;B01;1;1;0;2;8;15;5;
202300048942;155 593 733;A01;1;32;0;2;1;15;1;
202300048943;155 593 730;A01;2;7;15;0;3;1;1;
202300048944;155 593 729;A01;2;31;3;0;8;25;1;
202300048945;155 593 726;A01;2;33;4;0;3;1;1;
202300048946;155 593 727;A01;3;7;0;2;1;1;1;
202300048946;155 593 728;B01;3;7;0;2;4;1;1;
202300048947;155 593 724;B01;1;1;0;2;8;26;5;
202300048947;155 593 725;A01;1;7;0;2;2;17;1;
202300048948;155 593 722;A01;1;7;0;1;1;1;1;
202300048949;155 593 719;A01;1;10;2;0;2;1;1;
202300048950;155 593 720;A01;2;7;0;2;4;23;1;
202300048950;155 593 721;B01;2;7;0;2;1;23;0;
202300048950;155 593 723;C01;2;7;0;2;1;1;1;
202300048951;155 593 717;A01;2;7;0;2;2;1;1;
202300048951;155 593 718;B01;2;1;0;2;4;1;5;
202300048952;155 593 714;B01;2;30;0;2;7;17;1;
202300048952;155 593 716;A01;2;7;0;2;3;15;1;
202300048953;155 593 713;B01;3;7;0;2;3;5;2;
202300048953;155 593 715;A01;2;7;0;2;3;1;1;
202300048954;155 593 710;A01;3;7;13;0;3;14;1;
202300048955;155 593 708;A01;1;7;0;0;1;1;1;
202300048956;155 593 707;A01;3;7;0;2;3;1;1;
202300048956;155 593 709;B01;3;1;0;2;1;9;5;
202300048957;155 593 706;A01;3;7;1;0;2;1;1;
202300048958;155 593 705;A01;2;7;9;0;1;1;1;
202300048959;155 593 702;A01;2;1;0;0;0;1;5;
202300048960;155 593 703;A01;1;7;1;1;2;2;1;
202300048961;155 593 701;A01;2;99;0;2;1;19;3;
202300048961;155 593 704;B01;1;99;0;2;2;1;1;
202300048962;155 593 699;B01;2;10;0;2;3;15;1;
202300048962;155 593 700;A01;2;43;1;2;1;17;1;
202300048963;155 593 698;A01;2;7;0;1;3;21;1;
202300048964;155 593 695;A01;2;7;0;0;2;1;1;
202300048964;155 593 696;B01;1;7;0;2;3;1;1;
202300048965;155 593 694;A01;1;7;0;2;3;26;1;
202300048965;155 593 697;B01;1;7;0;2;2;1;1;
202300048966;155 593 691;B01;1;7;0;2;1;2;1;
202300048966;155 593 692;A01;1;10;0;2;4;2;1;
202300048967;155 593 690;A01;1;13;0;1;4;26;1;
202300048968;155 593 689;A01;1;7;3;0;1;1;1;
202300048969;155 593 686;A01;1;7;0;2;3;15;1;
202300048969;155 593 688;B01;1;13;0;2;2;5;1;
202300048970;155 593 685;B01;1;17;0;2;8;9;1;
202300048970;155 593 687;A01;1;10;0;2;1;12;1;
202300048971;155 593 683;A01;1;7;0;2;5;15;1;
202300048971;155 593 684;B01;2;7;0;2;1;1;1;
202300048971;155 593 693;C01;3;7;0;2;2;23;1;
202300048972;155 593 682;A01;0;33;0;1;0;0;0;
202300048973;155 593 680;A01;1;7;10;2;0;17;1;
202300048973;155 593 681;B01;2;7;0;0;7;1;1;
202300048974;155 593 679;A01;1;7;2;0;1;1;0;
202300048975;155 593 678;A01;1;15;0;1;1;1;1;
202300048976;155 593 677;A01;2;7;3;0;1;14;1;
202300048977;155 593 672;A01;1;7;0;2;1;13;1;
202300048977;155 593 674;B01;1;15;0;2;1;21;1;
202300048977;155 593 676;C01;2;7;0;2;1;1;1;
202300048978;155 593 670;A01;1;7;0;2;3;2;1;
202300048978;155 593 671;B01;1;33;0;0;4;2;1;
202300048979;155 593 669;A01;2;1;13;0;1;1;5;
202300048980;155 593 668;A01;1;7;2;0;1;21;1;
202300048981;155 593 665;B01;2;2;0;2;1;1;0;
202300048981;155 593 667;A01;1;7;0;2;1;15;1;
202300048982;155 593 663;A01;2;7;0;2;8;16;0;
202300048982;155 593 666;B01;2;7;0;2;1;1;0;
202300048983;155 593 662;B01;1;3;0;0;4;2;1;
202300048983;155 593 664;A01;1;7;0;2;2;2;1;
202300048984;155 593 659;A01;1;7;0;2;2;2;1;
202300048984;155 593 661;B01;2;1;0;0;4;2;5;
202300048985;155 593 657;C01;1;7;0;2;1;1;1;
202300048985;155 593 658;B01;1;7;0;2;1;1;1;
202300048985;155 593 660;A01;2;7;3;2;1;5;1;
202300048986;155 593 655;A01;1;33;0;2;1;3;1;
202300048986;155 593 656;B01;1;10;0;2;4;13;1;
202300048987;155 593 653;A01;1;1;0;0;0;0;5;
202300048988;155 593 651;C01;3;7;0;2;3;23;1;
202300048988;155 593 652;B01;2;33;0;2;1;1;1;
202300048988;155 593 654;A01;1;7;0;2;3;15;3;
202300048989;155 593 650;A01;2;7;0;1;1;1;1;
202300048990;155 593 649;A01;1;7;5;0;2;1;1;
202300048991;155 593 648;A01;2;7;4;0;8;1;1;
202300048992;155 593 647;A01;2;33;3;0;1;1;1;
202300048993;155 593 646;A01;2;2;0;9;7;26;6;
202300048994;155 593 644;A01;2;2;0;2;3;1;1;
202300048994;155 593 645;B01;1;10;0;2;3;1;1;
202300048995;155 593 642;A01;1;30;0;2;3;13;0;
202300048995;155 593 643;B01;1;7;0;9;3;26;0;
202300048996;155 593 641;A01;2;7;13;0;2;1;1;
202300048997;155 593 639;A01;2;7;2;0;8;1;1;
202300048998;155 593 638;A01;2;7;0;9;2;17;1;
202300048998;155 593 640;B01;2;1;0;0;6;1;5;
202300048999;155 593 637;A01;2;33;15;0;1;1;1;
202300049000;155 593 634;A01;2;33;16;0;0;17;1;
202300049001;155 593 633;A01;1;10;0;2;1;21;1;
202300049001;155 593 635;B01;1;7;0;0;4;1;1;
202300049001;155 593 636;C01;1;15;0;0;4;1;1;
202300049002;155 593 632;A01;2;7;0;0;0;14;0;
202300049003;155 593 630;A01;1;7;0;2;3;0;0;
202300049003;155 593 631;B01;2;7;0;2;1;13;1;
202300049004;155 593 628;A01;2;7;0;2;1;1;1;
202300049004;155 593 629;B01;1;7;0;2;1;1;1;
202300049005;155 593 626;A01;1;7;0;1;2;15;1;
202300049006;155 593 625;B01;2;7;0;0;2;0;1;
202300049006;155 593 627;A01;2;17;0;0;6;1;1;
202300049007;155 593 623;A01;1;43;0;2;7;26;1;
202300049007;155 593 624;B01;2;7;0;2;3;1;1;
202300049008;155 593 621;A01;2;7;0;2;3;5;1;
202300049008;155 593 622;B01;1;38;0;2;3;1;1;9
202300049009;155 593 619;A01;2;50;0;2;1;5;3;
202300049009;155 593 620;B01;1;7;0;2;1;1;1;
202300049010;155 593 617;B01;1;7;0;2;2;2;1;
202300049010;155 593 618;A01;1;7;2;2;2;2;1;
202300049011;155 593 615;A01;1;7;0;2;1;1;1;
202300049011;155 593 616;B01;1;7;0;0;4;1;1;
202300049012;155 593 613;A01;1;2;0;2;1;1;1;
202300049012;155 593 614;B01;2;7;0;2;7;15;1;
202300049013;155 593 611;A01;2;10;0;0;4;2;1;
202300049013;155 593 612;B01;2;33;0;2;1;2;1;
202300049014;155 593 609;A01;1;7;0;2;0;1;0;
202300049014;155 593 610;B01;1;1;0;2;4;1;5;
202300049015;155 593 607;A01;1;31;0;6;1;1;1;
202300049016;155 593 606;A01;1;7;0;2;1;2;1;
202300049016;155 593 608;B01;1;17;0;0;4;2;1;
202300049017;155 593 605;A01;1;33;13;0;3;13;1;
202300049018;155 593 604;A01;3;7;1;1;3;1;3;
202300049019;155 593 603;A01;1;7;6;0;1;2;1;
202300049020;155 593 602;A01;1;10;2;0;3;1;1;
202300049021;155 593 601;A01;1;7;16;0;9;1;1;
202300049022;155 593 599;A01;2;7;17;0;2;1;1;
202300049023;155 593 598;B01;1;7;0;2;2;1;1;
202300049023;155 593 600;A01;1;33;0;2;8;1;1;
202300049024;155 593 597;A01;2;10;2;0;2;1;1;
202300049025;155 593 593;A01;2;7;0;2;3;14;1;
202300049025;155 593 595;B01;2;15;0;0;5;1;1;
202300049026;155 593 592;A01;0;33;0;2;1;1;1;
202300049026;155 593 594;B01;0;10;0;2;3;13;3;
202300049027;155 593 590;B01;2;10;0;2;2;1;1;
202300049027;155 593 591;A01;1;7;0;2;1;13;1;
202300049028;155 593 588;A01;2;7;0;2;3;13;1;
202300049028;155 593 589;B01;1;7;0;2;3;1;1;
202300049029;155 593 586;A01;1;7;0;0;3;1;1;
202300049029;155 593 587;B01;1;7;0;0;3;1;1;
202300049030;155 593 584;A01;2;7;0;2;1;13;1;
202300049030;155 593 585;B01;1;7;0;2;3;1;1;
202300049031;155 593 582;A01;1;10;0;1;2;1;1;
202300049032;155 593 579;A01;2;2;0;2;4;1;1;
202300049032;155 593 580;B01;2;7;0;2;2;1;1;
202300049032;155 593 581;C01;2;7;14;2;3;1;1;
202300049032;155 593 583;D01;2;7;14;0;1;21;1;
202300049033;155 593 576;B01;1;7;0;2;2;1;1;
202300049033;155 593 578;A01;1;7;0;2;1;19;1;
202300049034;155 593 573;C01;2;38;0;9;0;1;1;1
202300049034;155 593 574;A01;2;33;0;2;1;17;1;
202300049034;155 593 575;B01;2;7;0;2;6;17;1;
202300049035;155 593 572;A01;1;10;0;2;8;15;1;
202300049035;155 593 577;B01;1;33;0;2;1;1;1;
202300049036;155 593 571;A01;2;1;0;0;0;2;5;
202300049037;155 593 569;A01;1;14;0;2;3;1;0;
202300049037;155 593 570;B01;2;7;0;0;8;9;1;
202300049038;155 593 567;B01;1;33;0;2;1;1;1;
202300049038;155 593 568;A01;1;7;0;2;1;9;1;
202300049039;155 593 564;A01;1;33;0;2;1;5;1;
202300049039;155 593 565;B01;2;7;0;2;3;1;1;
202300049039;155 593 566;C01;1;7;0;2;6;1;1;
202300049040;155 593 561;B01;1;1;0;2;6;2;5;
202300049040;155 593 562;A01;1;7;0;2;2;2;1;
202300049041;155 593 559;A01;3;7;0;0;7;0;0;
202300049041;155 593 560;B01;3;7;0;2;3;0;0;
202300049042;155 593 557;A01;3;7;0;2;3;15;1;
202300049042;155 593 558;B01;1;2;0;2;7;1;1;
202300049043;155 593 555;A01;1;7;0;2;3;9;1;
202300049043;155 593 556;B01;1;33;0;2;7;1;1;
202300049044;155 593 554;A01;2;33;7;0;1;1;1;
202300049045;155 593 552;A01;1;10;0;2;6;2;1;
202300049045;155 593 553;B01;1;33;0;2;2;2;1;
202300049046;155 593 551;A01;2;31;0;2;7;3;1;
202300049047;155 593 549;A01;1;7;0;2;4;1;1;
202300049047;155 593 550;Z01;1;7;0;2;1;0;0;
202300049048;155 593 547;A01;2;7;2;2;8;9;0;
202300049048;155 593 548;B01;2;17;0;2;7;1;0;
202300049049;155 593 545;A01;2;7;0;2;6;11;1;
202300049049;155 593 546;B01;2;31;0;2;1;3;1;
202300049050;155 593 543;A01;2;33;0;2;2;0;1;
202300049050;155 593 544;B01;2;7;0;2;6;13;1;
202300049051;155 593 541;A01;1;7;4;2;1;1;1;
202300049051;155 593 542;B01;1;10;4;2;4;1;1;
202300049052;155 593 539;B01;2;7;0;2;4;2;1;
202300049052;155 593 540;A01;2;7;0;2;1;2;1;
202300049053;155 593 538;A01;3;7;0;1;4;26;1;
202300049054;155 593 537;A01;1;50;0;0;0;0;3;
202300049055;155 593 536;A01;1;30;2;2;0;1;1;
202300049056;155 593 534;A01;1;7;0;2;1;1;1;
202300049056;155 593 535;B01;1;7;0;2;4;1;1;
202300049057;155 593 533;A01;3;7;0;1;3;1;1;
202300049058;155 593 531;A01;1;1;0;2;1;1;5;
202300049058;155 593 532;B01;1;7;0;2;4;1;1;
202300049059;155 593 530;B01;3;7;0;1;2;26;1;
202300049060;155 593 528;A01;1;7;0;2;3;1;1;
202300049060;155 593 529;B01;2;7;0;2;3;1;1;
202300049061;155 593 527;A01;2;1;0;1;7;19;5;
202300049062;155 593 525;A01;2;7;0;2;2;1;1;
202300049062;155 593 526;B01;2;32;0;2;8;21;1;
202300049063;155 593 524;A01;2;7;8;0;3;1;1;
202300049064;155 593 522;A01;2;7;0;2;8;15;1;
202300049064;155 593 523;B01;1;33;0;2;1;17;1;
202300049065;155 593 520;B01;1;7;0;2;5;1;1;
202300049065;155 593 521;A01;1;7;0;2;3;12;1;
202300049066;155 593 519;A01;1;10;0;1;4;4;1;
202300049067;155 593 518;A01;2;7;12;0;1;16;1;
202300049068;155 593 517;A01;0;7;3;0;3;13;1;
202300049069;155 593 515;B01;2;33;0;2;5;2;1;
202300049069;155 593 516;A01;2;33;0;2;1;2;1;
202300049070;155 593 513;B01;1;7;0;2;8;15;1;
202300049070;155 593 514;A01;1;33;0;2;1;1;1;
202300049071;155 593 511;A01;2;7;0;2;4;2;1;
202300049071;155 593 512;Z01;2;10;0;2;1;2;0;
202300049072;155 593 509;B01;2;7;0;0;4;2;1;
202300049072;155 593 510;A01;2;7;0;2;1;2;1;
202300049073;155 593 506;A01;2;7;0;2;1;2;1;
202300049073;155 593 507;B01;2;7;0;2;4;2;1;
202300049073;155 593 508;C01;2;7;0;2;4;1;1;
202300049074;155 593 505;A01;1;7;0;1;3;26;1;
202300049075;155 593 503;A01;1;15;0;2;7;12;1;
202300049075;155 593 504;B01;1;7;0;2;8;1;1;
202300049076;155 593 499;D01;2;7;0;0;0;0;0;
202300049076;155 593 500;Z01;2;7;0;2;1;2;0;
202300049076;155 593 501;B01;2;10;0;0;0;0;0;
202300049076;155 593 502;C01;2;7;0;0;0;0;0;
202300049077;155 593 497;A01;2;7;0;2;7;12;1;
202300049077;155 593 498;B01;2;33;0;2;3;0;1;
202300049078;155 593 495;A01;1;33;0;2;1;12;1;
202300049078;155 593 496;B01;1;7;0;2;6;1;1;
202300049079;155 593 492;A01;1;7;0;2;4;1;1;
202300049079;155 593 493;C01;1;7;0;2;1;2;1;
202300049079;155 593 494;B01;1;7;0;2;5;1;1;
202300049080;155 593 490;A01;2;33;0;2;2;14;1;
202300049080;155 593 491;B01;2;7;0;2;8;1;1;
202300049081;155 593 487;A01;1;10;0;2;1;2;1;
202300049081;155 593 488;C01;1;10;0;2;4;2;1;
202300049081;155 593 489;B01;1;7;0;2;4;2;1;
202300049082;155 593 485;A01;1;33;0;2;2;3;1;
202300049082;155 593 486;B01;1;7;0;2;3;11;1;
202300049083;155 593 482;B01;1;7;0;2;4;2;1;
202300049083;155 593 483;A01;1;10;0;2;1;2;1;
202300049083;155 593 484;C01;1;10;0;2;4;2;1;
202300049084;155 593 480;A01;1;33;0;2;1;0;1;
202300049084;155 593 481;Z01;1;7;0;2;0;0;0;
202300049085;155 593 478;B01;2;99;0;2;3;11;1;
202300049085;155 593 479;A01;2;33;0;2;1;3;1;
202300049086;155 593 475;B01;2;7;0;2;4;1;1;
202300049086;155 593 476;C01;2;7;0;2;1;1;1;
202300049086;155 593 477;A01;2;7;0;2;4;1;1;
202300049087;155 593 473;A01;2;7;0;2;4;2;1;
202300049087;155 593 474;B01;2;7;0;2;1;2;1;
202300049088;155 593 472;A01;2;7;4;0;1;13;1;
202300049089;155 593 468;A01;2;7;0;2;1;2;1;
202300049089;155 593 469;B01;2;7;0;0;4;2;1;
202300049090;155 593 466;A01;1;30;0;2;1;5;1;
202300049090;155 593 467;B01;2;7;0;2;1;1;1;
202300049091;155 593 465;Z01;1;0;0;1;0;0;0;
202300049092;155 593 463;A01;1;7;0;2;2;1;1;
202300049092;155 593 464;B01;1;7;0;2;3;16;1;
202300049093;155 593 457;A01;1;7;0;2;2;2;1;
202300049093;155 593 458;B01;1;7;0;2;4;2;1;
202300049094;155 593 456;A01;0;50;0;1;0;25;3;
202300049095;155 593 455;A01;3;7;1;1;4;4;1;
202300049096;155 593 453;X01;2;7;0;2;1;26;6;
202300049096;155 593 454;B01;1;10;0;2;4;23;0;
202300049097;155 593 451;A01;1;7;0;2;2;9;3;
202300049097;155 593 452;B01;1;33;0;2;4;23;1;
202300049098;155 593 449;B01;2;33;0;2;8;1;1;
202300049098;155 593 450;A01;2;7;0;2;2;12;1;
202300049099;155 593 448;A01;2;30;0;0;7;1;1;
202300049100;155 593 447;A01;0;7;0;0;0;1;1;
202300049101;155 593 446;A01;3;7;4;0;0;16;1;
202300049102;155 593 445;A01;2;7;0;1;1;1;1;
202300049103;155 593 443;B01;1;32;0;2;0;2;1;
202300049103;155 593 444;A01;2;7;0;2;3;9;1;
202300049104;155 593 442;A01;2;7;0;1;1;15;1;
202300049105;155 593 440;A01;2;7;0;2;3;15;1;
202300049105;155 593 441;B01;1;30;0;2;1;1;1;
202300049106;155 593 438;B01;0;10;0;0;5;1;1;
202300049106;155 593 439;A01;3;30;0;2;1;2;1;
202300049107;155 593 436;B01;0;10;0;2;1;1;0;
202300049107;155 593 437;A01;0;7;0;2;8;9;1;
202300049108;155 593 435;A01;3;7;0;2;7;0;1;
202300049109;155 593 433;A01;2;7;0;2;8;16;1;
202300049109;155 593 434;B01;1;50;0;2;1;1;3;
202300049110;155 593 431;A01;1;30;0;2;8;9;1;
202300049110;155 593 432;B01;2;10;0;2;1;9;1;
202300049111;155 593 429;B01;2;7;0;2;1;1;1;
202300049111;155 593 430;A01;2;7;0;0;4;23;0;
202300049112;155 593 428;A01;1;10;0;1;0;1;1;
202300049113;155 593 426;A01;2;7;0;2;8;1;1;
202300049113;155 593 427;B01;2;1;0;2;7;1;5;
202300049114;155 593 425;A01;1;7;4;0;1;2;1;
202300049115;155 593 424;A01;3;7;4;0;1;1;1;
202300049116;155 593 423;A01;1;7;6;0;1;13;1;
202300049117;155 593 422;A01;3;7;0;1;3;26;1;
202300049118;155 593 420;A01;2;7;0;2;2;17;1;
202300049118;155 593 421;B01;2;50;0;2;4;10;3;
202300049119;155 593 416;D01;1;7;0;2;4;2;0;
202300049119;155 593 417;B01;1;7;0;2;4;2;0;
202300049119;155 593 418;C01;1;7;0;2;4;2;0;
202300049119;155 593 419;A01;1;7;0;2;1;2;0;
202300049120;155 593 414;B01;3;30;0;2;0;0;0;
202300049120;155 593 415;A01;3;7;0;2;3;9;1;
202300049121;155 593 412;Z01;0;0;0;0;0;0;0;
202300049121;155 593 413;A01;3;3;0;0;0;0;1;
202300049122;155 593 411;A01;1;7;0;1;3;1;1;
202300049123;155 593 410;A01;2;33;0;0;0;26;1;
202300049124;155 593 409;A01;3;7;6;0;3;16;1;
202300049125;155 593 407;B01;1;10;0;2;1;1;1;
202300049125;155 593 408;A01;1;34;0;2;0;0;0;
202300049126;155 593 404;B01;2;7;0;2;6;1;1;
202300049126;155 593 405;Z01;2;7;0;2;2;12;0;
202300049126;155 593 406;A01;2;31;0;2;8;3;1;
202300049127;155 593 402;A01;1;7;0;2;1;2;1;
202300049127;155 593 403;B01;1;7;0;2;4;2;1;
202300049128;155 593 401;A01;2;7;6;0;4;12;1;
202300049129;155 593 400;A01;1;10;0;1;1;1;1;
202300049130;155 593 398;Z01;1;7;0;2;1;1;3;
202300049130;155 593 399;A01;1;31;0;2;4;1;1;
202300049131;155 593 396;B01;1;7;0;2;2;15;1;
202300049131;155 593 397;A01;2;31;0;2;1;7;1;
202300049132;155 593 394;B01;2;1;1;0;1;1;5;
202300049132;155 593 395;A01;1;7;0;2;8;22;1;
202300049133;155 593 392;A01;2;7;0;2;1;1;1;
202300049133;155 593 393;B01;2;1;0;2;4;15;5;
202300049134;155 593 390;A01;3;33;0;2;1;2;1;
202300049134;155 593 391;Z01;3;10;0;2;8;15;1;
202300049135;155 593 388;B01;1;33;0;2;8;15;1;
202300049135;155 593 389;A01;1;30;0;2;1;1;1;
202300049136;155 593 386;A01;2;30;0;2;1;2;1;
202300049136;155 593 387;B01;2;7;0;2;4;2;3;
202300049137;155 593 384;B01;3;7;0;2;1;26;0;
202300049137;155 593 385;A01;3;7;8;2;7;26;1;
202300049138;155 593 383;A01;1;7;0;1;2;1;0;
202300049139;155 593 382;A01;1;7;6;0;1;13;1;
202300049140;155 593 380;A01;1;7;0;2;6;11;2;
202300049140;155 593 381;B01;1;10;0;2;2;2;1;
202300049141;155 593 379;A01;1;7;0;2;1;0;0;
202300049142;155 593 377;B01;0;0;0;2;0;0;-1;
202300049142;155 593 378;A01;0;2;0;2;7;0;1;
202300049143;155 593 375;A01;1;30;0;0;7;16;1;
202300049143;155 593 376;B01;1;0;0;0;0;0;0;
202300049144;155 593 374;A01;3;10;0;1;0;15;0;
202300049145;155 593 373;A01;1;30;12;0;2;14;1;
202300049146;155 593 372;A01;2;80;0;0;0;1;3;
202300049147;155 593 370;A01;2;7;0;2;1;13;1;
202300049147;155 593 371;B01;1;7;0;2;3;1;1;
202300049148;155 593 368;A01;1;7;0;2;1;13;1;
202300049148;155 593 369;B01;2;7;0;2;3;1;1;
202300049149;155 593 366;A01;2;7;0;2;7;13;1;
202300049149;155 593 367;B01;1;10;0;2;1;1;1;
202300049150;155 593 364;A01;1;7;0;2;1;2;1;
202300049150;155 593 365;B01;1;7;0;2;4;2;1;
202300049151;155 593 363;A01;2;7;2;0;1;14;1;
202300049152;155 593 362;A01;1;7;13;0;2;14;1;
202300049153;155 593 360;A01;2;7;0;2;3;1;1;
202300049153;155 593 361;B01;1;7;0;2;2;13;1;
202300049154;155 593 359;A01;1;7;4;0;2;1;0;
202300049155;155 593 357;A01;2;7;0;2;6;1;1;
202300049155;155 593 358;B01;1;7;0;2;1;5;1;
202300049156;155 593 356;A01;2;36;6;0;2;14;1;
202300049157;155 593 355;A01;1;31;12;0;1;21;1;
202300049158;155 593 353;A01;1;7;0;2;1;13;1;
202300049158;155 593 354;B01;2;7;0;2;1;13;1;
202300049159;155 593 352;A01;2;7;6;0;2;0;1;
202300049160;155 593 350;A01;1;7;0;2;3;13;1;
202300049160;155 593 351;B01;2;7;0;2;3;1;1;
202300049161;155 593 348;B01;1;10;0;0;6;1;1;
202300049161;155 593 349;A01;1;7;0;2;2;1;1;