Num_Acc;id_vehicule;num_veh;senc;catv;obs;obsm;choc;manv;motor;occutc
202300049162;155 593 346;A01;3;7;0;9;3;9;1;
202300049162;155 593 347;B01;3;80;0;2;1;9;3;
202300049163;155 593 343;A01;1;7;0;1;2;1;1;
202300049164;155 593 341;A01;1;7;0;2;3;13;1;
202300049164;155 593 342;B01;2;31;0;2;1;21;1;
202300049165;155 593 340;A01;3;7;0;1;1;1;1;
202300049166;155 593 339;A01;1;7;15;0;1;1;0;
202300049167;155 593 338;A01;1;7;8;6;8;1;1;
202300049168;155 593 337;A01;3;80;0;0;0;1;3;
202300049169;155 593 335;B01;1;33;0;2;1;1;1;
202300049169;155 593 336;A01;1;7;0;2;6;15;1;
202300049170;155 593 334;A01;1;33;0;0;8;1;1;
202300049171;155 593 333;A01;1;7;0;1;3;1;1;
202300049172;155 593 331;A01;1;7;3;2;7;5;1;
202300049172;155 593 332;B01;2;7;0;2;1;5;1;
202300049173;155 593 330;A01;1;7;13;0;2;1;1;
202300049174;155 593 329;A01;3;14;13;9;3;15;1;
202300049175;155 593 328;A01;2;10;0;1;4;4;1;
202300049176;155 593 326;A01;1;7;0;1;1;1;1;
202300049177;155 593 324;A01;2;7;0;9;2;1;1;
202300049178;155 593 323;B01;2;7;0;2;3;15;1;
202300049178;155 593 325;A01;2;34;0;2;3;6;1;
202300049179;155 593 317;A01;3;20;0;0;0;1;1;
202300049180;155 593 316;B01;1;7;0;2;3;1;1;
202300049180;155 593 318;C01;1;7;0;2;1;0;0;
202300049180;155 593 319;A01;1;7;0;2;1;1;1;
202300049180;155 593 321;D01;1;7;0;2;1;1;1;
202300049181;155 593 313;A01;1;7;0;2;3;16;1;
202300049181;155 593 315;B01;1;50;0;2;7;9;3;
202300049182;155 593 312;A01;2;7;0;0;0;1;1;
202300049183;155 593 311;A01;3;10;0;1;4;4;1;
202300049184;155 593 308;B01;2;7;0;2;1;0;-1;
202300049184;155 593 310;A01;1;50;0;2;1;0;3;
202300049185;155 593 305;A01;1;33;0;1;1;0;1;
202300049186;155 593 304;B01;2;7;0;2;3;1;1;
202300049186;155 593 306;A01;3;10;0;2;2;19;1;
202300049187;155 593 302;A01;3;7;0;2;5;1;0;
202300049187;155 593 303;B01;3;7;0;2;1;2;0;
202300049188;155 593 300;A01;2;7;6;2;1;1;1;
202300049188;155 593 301;B01;2;7;6;2;3;1;1;
202300049189;155 593 298;B01;2;7;0;2;4;2;1;
202300049189;155 593 299;A01;2;7;0;2;1;2;1;
202300049190;155 593 296;B01;1;7;0;2;1;1;1;
202300049190;155 593 297;A01;1;10;0;2;4;1;1;
202300049191;155 593 295;A01;2;7;0;1;8;15;1;
202300049192;155 593 293;A01;1;7;12;0;1;1;1;
202300049193;155 593 291;A01;1;31;0;2;1;13;1;
202300049193;155 593 292;B01;2;33;0;2;1;1;1;
202300049194;155 593 290;A01;0;7;0;1;1;0;1;
202300049195;155 593 289;A01;2;7;0;1;1;0;1;
202300049196;155 593 287;B01;2;7;0;2;3;9;1;
202300049196;155 593 288;A01;2;36;0;2;2;2;1;
202300049197;155 593 286;A01;2;7;0;1;1;1;1;
202300049198;155 593 285;B01;3;7;0;2;5;26;1;
202300049199;155 593 284;A01;2;32;3;0;1;0;1;
202300049200;155 593 283;A01;1;7;3;2;0;17;2;
202300049201;155 593 278;A01;1;7;0;0;0;0;0;
202300049202;155 593 275;D01;3;7;0;2;0;0;0;
202300049202;155 593 276;C01;3;7;0;2;0;0;0;
202300049202;155 593 280;B01;3;7;0;2;4;1;0;
202300049202;155 593 281;A01;3;7;0;2;1;1;0;
202300049202;155 593 282;E01;3;7;0;2;4;1;0;
202300049203;155 593 273;A01;2;7;3;2;9;1;1;
202300049203;155 593 277;B01;2;15;0;2;8;1;1;
202300049203;155 593 279;C01;2;7;0;2;1;1;1;
202300049204;155 593 272;A01;1;2;0;2;1;2;1;
202300049204;155 593 274;B01;1;10;0;0;4;2;1;
202300049205;155 593 269;A01;1;7;0;2;2;26;1;
202300049205;155 593 271;B01;1;7;0;2;3;0;1;
202300049206;155 593 267;A01;2;7;0;2;3;2;3;
202300049206;155 593 268;B01;2;7;4;2;9;1;1;
202300049207;155 593 266;A01;3;13;0;0;7;21;2;
202300049207;155 593 270;B01;1;7;0;0;0;17;1;
202300049208;155 593 264;B01;1;7;0;2;2;2;1;
202300049208;155 593 265;A01;1;7;1;2;3;18;1;
202300049209;155 593 260;A01;1;7;3;0;1;14;1;
202300049209;155 593 263;B01;1;10;0;0;0;2;1;
202300049210;155 593 258;A01;2;7;0;0;9;1;1;
202300049210;155 593 259;B01;1;7;0;0;0;15;1;
202300049211;155 593 256;A01;1;7;0;2;1;9;1;
202300049211;155 593 257;B01;1;7;0;2;1;0;1;
202300049211;155 593 261;C01;1;7;0;2;4;2;0;
202300049212;155 593 254;A01;1;7;1;2;8;14;0;
202300049212;155 593 255;B01;1;10;0;2;4;0;0;
202300049213;155 593 252;A01;1;7;0;1;1;0;1;
202300049214;155 593 251;B01;1;7;0;2;1;1;3;
202300049214;155 593 253;A01;2;7;0;2;1;17;1;
202300049215;155 593 250;A01;2;7;4;0;1;2;1;
202300049216;155 593 249;A01;2;7;0;1;2;17;0;
202300049217;155 593 246;A01;1;7;0;1;5;23;1;
202300049217;155 593 248;B01;1;7;0;2;1;1;1;
202300049218;155 593 243;C01;1;10;0;2;8;1;1;
202300049218;155 593 245;A01;1;7;0;2;7;12;1;
202300049218;155 593 247;B01;1;14;0;2;3;1;1;
202300049219;155 593 242;A01;1;7;0;2;3;13;1;
202300049219;155 593 244;B01;2;14;0;2;6;1;1;
202300049220;155 593 241;A01;1;7;15;0;1;1;1;
202300049221;155 593 238;A01;1;7;13;0;2;1;1;
202300049222;155 593 236;B01;2;7;0;2;4;2;1;
202300049222;155 593 239;A01;2;10;0;2;1;2;1;
202300049223;155 593 237;A01;2;7;0;2;7;16;1;
202300049223;155 593 240;B01;2;33;0;2;1;1;1;
202300049224;155 593 233;A01;2;7;0;0;0;0;1;
202300049224;155 593 235;B01;1;30;0;0;0;0;1;
202300049225;155 593 232;A01;1;7;4;0;1;16;1;
202300049226;155 593 231;B01;1;1;0;2;3;1;5;
202300049226;155 593 234;A01;1;10;0;2;7;16;1;
202300049227;155 593 229;A01;2;7;0;1;3;1;1;
202300049228;155 593 224;A01;2;10;0;2;3;1;1;
202300049228;155 593 227;B01;2;33;0;2;1;17;1;
202300049229;155 593 226;B01;1;7;0;2;7;1;1;
202300049229;155 593 230;A01;2;10;0;2;1;1;1;
202300049230;155 593 223;A01;2;7;0;2;3;15;1;
202300049230;155 593 225;B01;2;30;0;2;1;1;1;
202300049231;155 593 221;A01;3;2;12;0;1;26;1;
202300049232;155 593 219;A01;1;7;0;1;1;1;1;
202300049233;155 593 218;A01;2;7;0;2;1;0;1;
202300049233;155 593 220;B01;2;7;0;2;4;0;1;
202300049233;155 593 222;C01;2;7;0;2;4;0;1;
202300049233;155 593 228;D01;2;7;0;2;4;0;1;
202300049234;155 593 216;A01;2;7;0;2;1;1;1;
202300049234;155 593 217;B01;1;7;0;2;1;1;1;
202300049235;155 593 212;A01;1;33;0;2;1;13;1;
202300049235;155 593 215;B01;2;99;0;2;1;1;1;
202300049236;155 593 213;A01;1;7;0;2;1;15;1;
202300049236;155 593 214;B01;2;31;0;2;1;1;1;
202300049237;155 593 210;A01;2;17;0;2;3;11;1;
202300049237;155 593 211;B01;2;7;0;2;5;0;1;
202300049238;155 593 209;A01;1;7;0;1;3;17;1;
202300049239;155 593 206;A01;3;7;0;2;5;15;1;
202300049239;155 593 207;B01;3;33;0;2;1;1;1;
202300049240;155 593 204;A01;2;2;0;2;2;17;1;
202300049240;155 593 205;B01;2;99;0;2;3;15;1;
202300049241;155 593 202;A01;1;10;0;2;4;1;1;
202300049241;155 593 208;B01;1;33;0;2;1;1;1;
202300049242;155 593 200;A01;1;7;2;0;0;0;1;
202300049243;155 593 199;B01;2;7;0;2;4;1;1;
202300049243;155 593 203;A01;2;7;0;2;1;1;1;
202300049244;155 593 198;B01;1;50;0;2;1;1;3;
202300049244;155 593 201;A01;1;7;0;2;3;9;1;
202300049245;155 593 196;A01;1;7;8;0;0;15;1;
202300049246;155 593 194;A01;1;7;0;2;3;13;1;
202300049246;155 593 197;B01;2;7;0;2;3;1;1;
202300049247;155 593 193;A01;2;7;0;2;3;13;1;
202300049247;155 593 195;B01;1;7;0;2;3;1;1;
202300049248;155 593 192;A01;1;7;3;0;1;1;1;
202300049249;155 593 189;A01;3;7;0;2;1;5;1;
202300049249;155 593 190;B01;3;10;0;2;1;1;1;
202300049250;155 593 184;B01;2;31;0;2;1;1;1;
202300049250;155 593 188;A01;1;2;0;2;1;3;1;
202300049251;155 593 185;A01;1;7;4;0;3;1;1;
202300049252;155 593 182;A01;1;7;0;2;3;13;1;
202300049252;155 593 187;B01;2;33;0;2;1;1;1;
202300049253;155 593 181;C01;0;7;0;2;0;0;1;
202300049253;155 593 183;B01;0;7;0;2;3;0;1;
202300049253;155 593 186;A01;0;7;0;2;1;15;1;
202300049254;155 593 180;A01;3;33;0;0;1;1;1;
202300049255;155 593 179;A01;1;33;6;0;1;13;1;
202300049256;155 593 175;A01;1;7;3;2;3;17;1;
202300049256;155 593 178;B01;1;7;0;2;7;1;1;
202300049257;155 593 169;A01;1;7;0;2;3;1;6;
202300049257;155 593 173;B01;2;7;0;2;2;15;0;
202300049258;155 593 166;A01;2;7;3;2;2;1;1;
202300049258;155 593 168;B01;2;7;0;2;4;1;1;
202300049259;155 593 170;A01;1;7;0;2;2;15;1;
202300049259;155 593 176;B01;2;31;0;2;1;1;1;
202300049260;155 593 163;A01;2;7;0;2;2;9;1;
202300049260;155 593 165;B01;2;2;0;2;7;23;1;
202300049261;155 593 164;D01;2;7;0;2;1;2;0;
202300049261;155 593 167;A01;2;7;0;2;4;2;1;
202300049261;155 593 171;B01;2;7;0;2;1;2;1;
202300049261;155 593 174;C01;2;7;0;2;4;2;1;
202300049262;155 593 158;A01;0;37;0;1;3;1;1;1
202300049263;155 593 160;B01;2;7;0;0;1;1;0;
202300049263;155 593 162;A01;-1;10;8;0;6;19;0;
202300049264;155 593 159;B01;2;1;0;2;1;0;5;
202300049264;155 593 161;A01;1;7;0;0;6;16;2;
202300049265;155 593 154;A01;1;7;0;2;4;1;1;
202300049265;155 593 156;C01;1;7;0;2;1;2;1;
202300049265;155 593 157;Z01;1;7;0;2;1;2;1;
202300049266;155 593 151;A01;1;7;0;2;1;13;1;
202300049266;155 593 155;B01;2;7;0;2;1;1;1;
202300049267;155 593 150;A01;3;7;0;2;3;1;1;
202300049267;155 593 153;B01;3;7;0;2;1;0;1;
202300049268;155 593 149;A01;3;2;0;2;1;1;1;
202300049268;155 593 152;B01;3;10;0;2;1;23;3;
202300049269;155 593 148;A01;3;7;7;0;1;13;1;
202300049270;155 593 145;A01;1;7;0;2;5;2;1;
202300049270;155 593 147;B01;1;33;0;2;1;2;1;
202300049271;155 593 143;B01;1;15;0;2;3;1;0;
202300049271;155 593 144;A01;2;10;0;2;3;13;0;
202300049272;155 593 141;A01;2;7;0;2;2;15;1;
202300049272;155 593 146;B01;2;2;0;2;1;1;1;
202300049273;155 593 140;A01;2;7;0;1;1;1;1;
202300049274;155 593 139;A01;1;33;0;0;0;1;0;
202300049275;155 593 134;A01;0;10;0;0;0;0;1;
202300049275;155 593 138;B01;2;1;0;2;4;1;5;
202300049276;155 593 135;B01;1;7;0;2;1;0;1;
202300049276;155 593 137;A01;1;7;0;2;4;0;1;
202300049277;155 593 133;A01;2;7;0;1;2;1;1;
202300049278;155 593 132;A01;2;10;0;2;1;1;1;
202300049278;155 593 136;B01;2;15;0;0;6;1;1;
202300049279;155 593 129;A01;1;33;13;0;1;1;1;
202300049280;155 593 127;A01;1;38;0;2;4;23;1;1
202300049280;155 593 130;B01;1;7;0;2;1;2;1;
202300049281;155 593 126;A01;3;10;0;2;8;19;1;
202300049281;155 593 131;B01;3;7;0;2;1;1;1;
202300049282;155 593 124;B01;1;7;0;2;2;26;1;
202300049282;155 593 128;A01;2;7;16;0;9;13;1;
202300049283;155 593 123;A01;1;7;3;2;2;1;1;
202300049283;155 593 125;B01;1;7;3;2;8;1;1;
202300049284;155 593 119;B01;2;7;0;2;3;1;1;
202300049284;155 593 122;A01;2;7;0;0;4;15;1;
202300049285;155 593 117;B01;1;7;0;2;6;1;1;
202300049285;155 593 121;A01;1;33;0;0;7;1;1;
202300049286;155 593 115;B01;2;7;0;2;8;11;2;
202300049286;155 593 118;A01;2;33;0;2;2;3;1;
202300049287;155 593 114;B01;1;10;13;2;7;1;1;
202300049287;155 593 120;A01;2;7;0;2;3;19;1;
202300049288;155 593 113;A01;1;7;0;2;3;15;1;
202300049288;155 593 116;B01;1;2;0;2;3;1;1;
202300049289;155 593 112;A01;2;30;0;0;0;1;0;
202300049290;155 593 106;A01;1;32;0;2;1;2;1;
202300049290;155 593 109;B01;1;7;0;2;4;2;1;
202300049291;155 593 107;A01;3;0;0;0;0;1;0;
202300049292;155 593 105;A01;1;33;11;0;1;1;1;
202300049293;155 593 103;A01;1;7;0;2;1;1;1;
202300049293;155 593 110;B01;2;7;0;2;1;1;1;
202300049294;155 593 104;A01;1;7;0;2;1;1;1;
202300049294;155 593 108;B01;1;7;0;2;5;1;1;
202300049294;155 593 111;C01;1;10;0;2;4;1;1;
202300049295;155 593 102;A01;1;30;12;0;1;1;1;
202300049296;155 593 100;A01;2;15;4;0;3;6;0;
202300049297;155 593 101;A01;1;7;4;0;2;14;1;
202300049298;155 593 098;B01;2;7;0;2;7;2;1;
202300049298;155 593 099;A01;2;1;16;0;8;2;5;
202300049299;155 593 096;A01;1;30;0;0;0;1;1;
202300049300;155 593 092;B01;1;33;0;2;1;1;1;
202300049300;155 593 095;A01;2;7;0;2;6;9;1;
202300049301;155 593 093;A01;1;7;0;2;1;1;1;
202300049301;155 593 097;B01;1;7;0;2;4;1;1;
202300049302;155 593 088;B01;1;50;0;2;1;1;3;
202300049302;155 593 090;A01;2;7;0;2;3;15;1;
202300049303;155 593 091;B01;1;1;0;2;3;1;5;
202300049303;155 593 094;A01;1;7;0;2;1;1;1;
202300049304;155 593 087;A01;1;33;13;0;0;0;1;
202300049305;155 593 086;B01;1;10;8;0;6;23;1;
202300049305;155 593 089;A01;1;7;0;2;1;2;1;
202300049306;155 593 084;B01;2;7;4;2;7;2;1;
202300049306;155 593 085;A01;2;33;4;2;8;3;1;
202300049307;155 593 082;A01;2;33;5;0;2;14;1;
202300049308;155 593 083;A01;2;37;0;1;5;1;1;1
202300049309;155 593 080;A01;1;37;0;2;0;15;1;3
202300049310;155 593 079;A01;1;21;0;2;0;1;1;
202300049310;155 593 081;B01;1;7;0;2;1;1;1;
202300049311;155 593 078;A01;1;7;6;0;1;0;1;
202300049312;155 593 075;A01;1;7;8;0;3;1;1;
202300049313;155 593 077;A01;2;7;4;0;6;26;1;
202300049314;155 593 076;A01;2;34;1;0;1;13;1;
202300049315;155 593 073;A01;2;7;0;2;5;15;1;
202300049315;155 593 074;B01;1;33;0;2;1;1;1;
202300049316;155 593 071;A01;1;80;0;1;2;5;3;
202300049317;155 593 070;A01;1;7;0;2;3;13;1;
202300049317;155 593 072;B01;2;7;0;2;3;1;3;
202300049318;155 593 069;A01;1;7;0;1;1;1;1;
202300049319;155 593 066;A01;2;7;0;2;1;1;1;
202300049319;155 593 067;B01;1;7;0;2;1;17;1;
202300049320;155 593 063;A01;1;7;1;0;2;2;1;
202300049321;155 593 064;A01;2;7;0;2;1;2;1;
202300049321;155 593 068;B01;2;7;0;2;4;2;1;
202300049322;155 593 062;B01;1;33;0;2;1;1;1;
202300049322;155 593 065;A01;1;33;0;0;6;15;1;
202300049323;155 593 054;A01;1;7;0;2;2;13;0;
202300049323;155 593 061;B01;1;7;0;2;1;0;0;
202300049324;155 593 055;B01;3;7;0;0;5;2;1;
202300049324;155 593 059;A01;0;2;0;2;3;2;0;
202300049325;155 593 052;A01;1;7;0;0;0;14;1;
202300049326;155 593 050;A01;1;7;10;0;2;1;1;
202300049327;155 593 048;A01;1;10;1;0;1;13;1;
202300049328;155 593 046;A01;1;7;2;6;2;0;1;
202300049329;155 593 049;B01;1;7;0;2;3;11;1;
202300049329;155 593 051;C01;1;7;0;2;5;1;1;
202300049329;155 593 053;D01;1;10;0;2;8;1;1;
202300049329;155 593 057;A01;1;33;0;2;1;3;1;
202300049330;155 593 045;A01;3;7;0;2;7;16;0;
202300049330;155 593 047;B01;3;1;0;2;8;1;5;
202300049331;155 593 044;A01;3;7;1;0;1;0;1;
202300049332;155 593 040;A01;2;33;0;0;0;0;1;
202300049333;155 593 039;A01;1;7;0;9;1;1;1;
202300049333;155 593 042;B01;2;15;0;0;0;16;1;
202300049334;155 593 037;A01;2;2;0;2;1;1;1;
202300049334;155 593 043;B01;1;7;0;2;3;1;1;
202300049335;155 593 038;A01;2;7;0;2;4;2;1;
202300049335;155 593 041;B01;2;7;0;2;1;2;1;
202300049336;155 593 036;A01;2;7;6;0;2;1;1;
202300049337;155 593 035;A01;2;7;15;0;1;1;1;
202300049338;155 593 032;A01;3;7;0;2;3;9;1;
202300049338;155 593 034;B01;0;50;0;2;7;1;3;
202300049339;155 593 029;B01;1;7;0;2;2;13;0;
202300049339;155 593 033;A01;2;7;0;2;2;1;1;
202300049340;155 593 026;A01;1;7;0;0;9;1;1;
202300049341;155 593 024;A01;2;7;0;2;1;1;1;
202300049341;155 593 027;B01;2;7;0;2;4;1;1;
202300049341;155 593 031;C01;2;7;0;2;4;1;1;
202300049342;155 593 023;A01;1;50;0;1;1;1;3;
202300049343;155 593 022;A01;2;7;1;0;1;0;1;
202300049344;155 593 021;A01;1;7;2;0;7;1;1;
202300049345;155 593 018;A01;2;7;6;0;1;1;1;
202300049346;155 593 017;B01;0;31;0;2;1;0;-1;
202300049346;155 593 020;A01;3;7;0;2;1;15;1;
202300049347;155 593 014;A01;2;7;0;2;1;2;1;
202300049347;155 593 019;B01;2;7;0;2;4;0;1;
202300049348;155 593 013;B01;3;2;0;2;1;1;1;
202300049348;155 593 015;A01;3;2;0;2;1;1;1;
202300049349;155 593 012;A01;1;7;0;2;1;2;1;
202300049349;155 593 016;B01;1;7;0;2;6;2;1;
202300049350;155 593 011;A01;1;7;2;0;1;1;0;
202300049351;155 593 008;A01;2;7;2;0;1;13;1;
202300049352;155 593 006;B01;3;2;0;0;4;0;1;
202300049352;155 593 010;A01;2;7;0;0;0;1;1;
202300049353;155 593 004;A01;2;7;0;2;1;5;1;
202300049353;155 593 007;B01;1;7;0;2;2;1;1;
202300049354;155 593 003;B01;2;7;0;2;3;13;1;
202300049354;155 593 009;A01;2;15;0;2;2;1;1;
202300049355;155 593 001;A01;0;15;0;1;2;1;1;
202300049356;155 593 000;B01;0;37;0;2;1;9;1;1
202300049356;155 593 002;C01;0;7;0;2;6;23;1;
202300049356;155 593 005;A01;0;7;0;2;8;1;1;
202300049357;155 592 999;A01;3;2;9;0;1;1;1;
202300049358;155 592 995;A01;1;7;0;2;2;18;1;
202300049358;155 592 997;B01;1;2;0;0;4;2;1;
202300049359;155 592 994;A01;3;32;0;2;1;17;1;
202300049359;155 592 998;B01;3;7;0;2;3;13;1;
202300049360;155 592 992;A01;1;7;0;1;2;1;1;
202300049361;155 592 990;C01;1;7;0;2;1;2;1;
202300049361;155 592 993;B01;1;7;0;2;4;2;1;
202300049361;155 592 996;A01;1;7;0;2;4;1;1;
202300049362;155 592 986;A01;1;7;0;1;2;1;1;
202300049363;155 592 987;A01;3;7;0;1;1;1;1;
202300049364;155 592 983;A01;2;7;14;0;1;1;1;
202300049364;155 592 988;B01;1;7;0;0;0;24;1;
202300049365;155 592 984;A01;3;33;14;0;1;1;1;
202300049366;155 592 981;A01;2;7;0;2;1;2;1;
202300049366;155 592 982;C01;2;7;0;2;4;2;1;
202300049366;155 592 985;B01;2;10;0;2;4;2;1;
202300049367;155 592 980;A01;2;7;0;1;3;16;1;
202300049368;155 592 979;A01;1;7;0;0;1;1;1;
202300049369;155 592 976;A01;1;3;0;2;2;3;1;
202300049369;155 592 978;B01;1;7;0;2;3;2;1;
202300049370;155 592 975;A01;1;2;0;0;7;1;1;
202300049371;155 592 971;B01;2;7;0;2;5;1;1;
202300049371;155 592 974;Z01;2;7;0;2;7;12;1;
202300049371;155 592 977;A01;2;32;4;2;3;1;1;
202300049372;155 592 970;A01;1;17;0;2;1;2;1;
202300049372;155 592 972;B01;1;38;0;0;4;23;1;11
202300049373;155 592 969;A01;2;7;0;2;2;15;1;
202300049373;155 592 973;B01;2;80;0;2;7;19;3;
202300049374;155 592 966;A01;1;7;0;2;1;2;1;
202300049374;155 592 968;B01;1;7;0;2;4;2;1;
202300049375;155 592 965;A01;1;7;0;2;1;2;1;
202300049375;155 592 967;B01;1;21;0;2;4;2;1;
202300049376;155 592 963;A01;2;7;0;0;0;0;0;
202300049377;155 592 961;A01;2;10;0;2;2;17;1;
202300049377;155 592 964;B01;2;15;0;2;6;1;1;
202300049378;155 592 960;A01;2;33;8;0;7;1;1;
202300049379;155 592 958;A01;2;7;8;0;5;2;1;
202300049379;155 592 962;B01;2;7;0;2;5;23;1;
202300049380;155 592 956;A01;2;7;0;0;6;11;1;
202300049380;155 592 957;B01;2;33;0;2;1;3;1;
202300049381;155 592 951;A01;2;7;2;0;5;1;1;
202300049382;155 592 953;A01;1;34;0;2;4;1;1;
202300049382;155 592 955;B01;1;7;0;2;4;1;1;
202300049383;155 592 950;B01;1;7;0;2;4;15;1;
202300049383;155 592 954;A01;1;31;0;2;1;2;1;
202300049384;155 592 952;A01;2;7;0;2;5;1;1;
202300049384;155 592 959;Z01;2;7;0;2;1;0;0;
202300049385;155 592 949;A01;2;7;0;0;1;1;1;
202300049386;155 592 947;A01;2;7;4;0;3;1;1;
202300049387;155 592 946;A01;2;10;0;2;1;1;1;
202300049387;155 592 948;B01;1;7;0;2;1;1;1;
202300049388;155 592 943;A01;1;7;10;0;1;1;1;
202300049389;155 592 944;A01;2;7;0;1;2;19;1;
202300049390;155 592 942;B01;1;99;0;2;1;2;0;
202300049390;155 592 945;A01;1;7;0;2;4;2;0;
202300049391;155 592 940;A01;2;7;2;0;8;14;1;
202300049392;155 592 938;Z01;1;0;0;1;0;0;0;
202300049393;155 592 937;B01;2;7;0;0;3;1;1;
202300049393;155 592 939;A01;1;7;0;2;3;15;1;
202300049394;155 592 933;B01;1;7;0;2;1;1;1;
202300049394;155 592 936;A01;1;7;0;0;8;1;1;
202300049395;155 592 931;A01;2;7;0;9;2;17;1;
202300049395;155 592 934;B01;2;1;0;2;3;15;5;
202300049396;155 592 928;B01;2;7;0;0;1;2;1;
202300049396;155 592 932;A01;1;7;0;0;1;2;1;
202300049397;155 592 930;A01;3;7;0;1;2;21;6;
202300049398;155 592 929;A01;1;7;0;2;1;1;1;
202300049398;155 592 935;B01;1;7;0;2;4;1;1;
202300049398;155 592 941;C01;1;7;0;2;6;1;1;
202300049399;155 592 927;A01;2;32;0;0;0;1;1;
202300049400;155 592 923;B01;1;7;0;2;3;1;1;
202300049400;155 592 925;A01;2;7;0;2;3;5;1;
202300049401;155 592 922;A01;1;7;0;1;7;1;1;
202300049402;155 592 919;A01;1;7;0;2;1;2;1;
202300049402;155 592 924;B01;1;7;0;2;5;2;1;
202300049403;155 592 920;A01;3;7;0;2;8;1;0;
202300049403;155 592 926;B01;1;7;0;2;1;1;0;
202300049404;155 592 918;A01;2;7;0;2;5;15;1;
202300049404;155 592 921;B01;1;33;0;2;1;1;1;
202300049405;155 592 914;A01;1;7;0;1;8;1;1;
202300049406;155 592 913;A01;1;7;0;2;4;2;1;
202300049406;155 592 916;B01;1;10;0;2;1;2;1;
202300049407;155 592 915;A01;1;7;0;1;1;1;0;
202300049408;155 592 912;A01;1;7;6;0;1;1;1;
202300049409;155 592 911;A01;1;7;0;1;1;1;1;
202300049410;155 592 907;A01;1;7;9;0;1;1;1;
202300049411;155 592 905;A01;1;7;0;2;8;15;1;
202300049411;155 592 910;B01;1;2;0;2;1;17;0;
202300049412;155 592 909;A01;3;7;0;1;1;1;1;
202300049413;155 592 904;A01;2;7;0;2;4;11;1;
202300049413;155 592 908;B01;2;17;0;2;2;1;1;
202300049414;155 592 901;A01;2;7;0;2;4;2;1;
202300049414;155 592 903;B01;2;7;0;2;4;2;1;
202300049414;155 592 906;C01;2;7;0;2;1;2;2;
202300049415;155 592 899;A01;3;7;0;2;3;16;1;
202300049415;155 592 902;B01;1;2;0;2;2;1;1;
202300049416;155 592 898;A01;1;7;0;1;3;1;1;
202300049417;155 592 896;B01;3;7;0;2;8;1;1;
202300049417;155 592 900;A01;3;7;0;2;1;16;1;
202300049418;155 592 893;A01;2;2;6;0;1;1;1;
202300049419;155 592 892;A01;1;7;15;0;2;20;1;
202300049420;155 592 891;B01;2;1;0;2;7;1;5;
202300049420;155 592 894;A01;1;7;0;2;7;1;1;
202300049421;155 592 888;A01;2;7;3;0;1;1;1;
202300049422;155 592 890;A01;2;7;0;2;4;1;1;
202300049422;155 592 895;B01;2;7;0;2;1;26;1;
202300049422;155 592 897;C01;2;7;1;2;6;1;1;
202300049423;155 592 887;A01;2;10;0;1;1;1;1;
202300049424;155 592 889;A01;3;7;0;1;1;1;1;
202300049425;155 592 885;A01;1;33;0;0;0;21;3;
202300049426;155 592 880;B01;2;7;0;2;4;2;1;
202300049426;155 592 884;A01;2;7;0;2;1;2;1;
202300049427;155 592 883;A01;1;80;0;1;1;25;3;
202300049428;155 592 881;B01;1;14;0;2;6;1;1;
202300049428;155 592 886;A01;1;7;0;2;2;1;1;
202300049429;155 592 879;A01;3;7;0;2;3;20;1;
202300049429;155 592 882;B01;3;7;0;2;2;1;1;
202300049430;155 592 878;A01;1;7;0;1;1;1;1;
202300049431;155 592 875;A01;1;33;0;1;1;17;1;
202300049432;155 592 873;A01;2;7;0;2;3;16;1;
202300049432;155 592 877;B01;1;33;0;2;7;0;1;
202300049433;155 592 874;A01;1;7;0;2;6;10;1;
202300049433;155 592 876;B01;1;30;0;2;1;15;1;
202300049434;155 592 871;A01;2;7;3;0;1;1;1;
202300049435;155 592 870;A01;1;7;0;2;4;9;1;
202300049435;155 592 872;B01;1;33;0;2;1;1;1;
202300049436;155 592 868;A01;1;7;10;0;3;13;1;
202300049437;155 592 866;A01;2;10;0;1;1;26;1;
202300049438;155 592 867;A01;3;7;0;1;0;1;1;
202300049439;155 592 865;A01;0;7;0;2;3;15;1;
202300049439;155 592 869;B01;0;32;0;2;2;1;1;
202300049440;155 592 862;A01;1;7;0;2;3;9;1;
202300049440;155 592 864;B01;2;33;0;2;7;15;1;
202300049441;155 592 859;A01;1;30;0;2;1;1;3;
202300049442;155 592 857;A01;1;7;0;1;2;26;1;
202300049443;155 592 852;A01;2;7;0;2;1;1;1;
202300049443;155 592 854;B01;2;7;0;2;6;15;1;
202300049444;155 592 846;A01;2;80;0;2;8;1;3;
202300049444;155 592 850;B01;1;7;0;2;1;15;1;
202300049445;155 592 843;A01;2;7;0;2;3;17;1;
202300049445;155 592 849;B01;2;7;0;2;1;1;1;
202300049446;155 592 841;B01;3;1;0;2;1;9;5;
202300049446;155 592 844;A01;3;7;0;2;6;9;1;
202300049447;155 592 839;A01;1;10;0;1;1;26;1;
202300049448;155 592 837;A01;1;40;0;1;1;1;3;
202300049449;155 592 836;A01;2;7;12;0;3;2;1;
202300049450;155 592 835;J01;2;7;0;2;0;1;1;
202300049450;155 592 838;F01;2;7;0;2;0;1;1;
202300049450;155 592 840;D01;2;7;0;2;8;1;1;
202300049450;155 592 842;I01;2;7;0;2;1;1;1;
202300049450;155 592 845;H01;2;10;0;9;1;1;1;
202300049450;155 592 848;E01;2;7;0;9;0;1;1;