Num_Acc;id_vehicule;num_veh;senc;catv;obs;obsm;choc;manv;motor;occutc
202300049450;155 592 851;C01;2;10;3;2;1;1;1;
202300049450;155 592 855;K01;2;7;0;2;0;1;1;
202300049450;155 592 856;B01;2;7;0;2;8;1;1;
202300049450;155 592 860;A01;2;7;4;0;1;1;1;
202300049450;155 592 863;G01;2;7;1;2;1;1;1;
202300049451;155 592 833;A01;1;7;0;2;3;11;1;
202300049451;155 592 834;B01;1;33;0;2;7;3;1;
202300049452;155 592 832;A01;1;7;11;0;1;6;1;
202300049453;155 592 829;A01;2;30;0;2;0;18;1;
202300049453;155 592 831;B01;2;7;0;2;7;16;1;
202300049454;155 592 828;A01;1;32;0;2;8;5;1;
202300049454;155 592 830;B01;2;7;0;2;8;21;1;
202300049455;155 592 826;A01;1;7;9;0;3;15;1;
202300049456;155 592 825;A01;1;7;12;0;1;1;1;
202300049457;155 592 823;A01;2;7;0;2;1;2;1;
202300049457;155 592 824;B01;2;10;0;2;4;2;1;
202300049457;155 592 827;C01;2;10;0;2;4;2;1;
202300049458;155 592 819;A01;1;34;7;0;1;14;1;
202300049458;155 592 822;B01;2;10;0;2;8;1;1;
202300049459;155 592 816;A01;1;10;0;2;1;1;1;
202300049459;155 592 818;B01;1;32;0;2;1;1;1;
202300049459;155 592 821;C01;3;7;0;2;6;16;1;
202300049460;155 592 814;A01;1;7;0;1;5;1;0;
202300049461;155 592 815;A01;1;7;0;2;3;2;2;
202300049461;155 592 820;B01;1;33;0;2;4;2;1;
202300049462;155 592 813;A01;2;7;0;2;1;2;1;
202300049462;155 592 817;B01;2;10;0;2;4;2;1;
202300049463;155 592 808;Z01;0;7;0;1;4;1;0;
202300049464;155 592 807;B01;1;7;0;0;2;1;1;
202300049464;155 592 812;A01;1;10;0;0;3;15;1;
202300049465;155 592 809;A01;2;7;8;0;3;0;1;
202300049466;155 592 806;A01;2;33;0;2;1;3;1;
202300049466;155 592 810;B01;2;7;0;2;5;12;1;
202300049467;155 592 805;A01;1;7;0;2;8;15;2;
202300049467;155 592 811;B01;1;33;0;2;1;1;1;
202300049468;155 592 804;A01;2;7;4;0;1;1;1;
202300049469;155 592 803;A01;2;7;0;1;1;1;1;
202300049470;155 592 798;B01;1;33;0;2;1;1;1;
202300049470;155 592 802;A01;3;7;0;2;2;15;1;
202300049471;155 592 799;A01;1;99;9;0;3;13;1;
202300049472;155 592 797;A01;1;7;0;2;1;5;1;
202300049472;155 592 801;B01;2;7;0;2;2;1;4;
202300049473;155 592 796;A01;2;7;4;2;1;2;1;
202300049473;155 592 800;B01;2;7;4;0;1;2;1;
202300049474;155 592 794;A01;1;7;0;0;4;2;1;
202300049474;155 592 795;B01;1;7;0;2;1;2;1;
202300049475;155 592 793;A01;3;33;0;0;1;0;1;
202300049476;155 592 792;A01;2;7;1;0;7;1;1;
202300049477;155 592 791;A01;2;7;4;0;2;0;1;
202300049478;155 592 790;A01;0;36;0;0;9;1;1;
202300049479;155 592 789;A01;0;7;0;1;0;2;1;
202300049480;155 592 786;A01;1;7;3;0;1;1;1;
202300049481;155 592 785;A01;2;50;0;2;1;5;3;
202300049481;155 592 788;B01;1;7;0;2;6;1;0;
202300049482;155 592 784;A01;1;50;0;2;0;0;3;
202300049482;155 592 787;B01;1;7;0;2;3;1;1;
202300049483;155 592 781;A01;1;7;0;2;8;13;1;
202300049483;155 592 783;B01;2;7;0;2;1;1;1;
202300049484;155 592 779;B01;2;7;0;2;3;1;1;
202300049484;155 592 782;A01;1;7;0;2;1;13;1;
202300049485;155 592 777;A01;2;2;0;2;8;2;1;
202300049485;155 592 780;B01;2;7;0;0;8;2;1;
202300049486;155 592 776;A01;1;7;0;2;3;10;1;
202300049486;155 592 778;B01;1;2;0;2;1;2;1;
202300049487;155 592 775;A01;2;7;4;0;1;0;1;
202300049488;155 592 772;A01;2;7;0;2;1;13;1;
202300049488;155 592 774;B01;1;7;0;2;1;1;1;
202300049489;155 592 770;B01;2;50;0;1;9;25;3;
202300049490;155 592 771;A01;2;7;0;2;1;1;1;
202300049490;155 592 773;B01;2;7;0;2;4;1;1;
202300049491;155 592 767;A01;2;1;0;0;9;1;5;
202300049492;155 592 764;B01;2;34;12;2;7;1;1;
202300049492;155 592 769;A01;3;7;0;2;1;1;1;
202300049493;155 592 765;A01;2;7;0;2;8;17;1;
202300049493;155 592 768;B01;1;33;0;2;8;21;1;
202300049494;155 592 762;A01;1;7;0;2;1;2;1;
202300049494;155 592 766;B01;1;7;0;0;4;1;1;
202300049495;155 592 756;A01;1;7;14;0;1;26;1;
202300049496;155 592 755;B01;1;15;0;0;6;2;1;
202300049496;155 592 757;A01;1;7;0;2;2;2;1;
202300049497;155 592 753;C01;2;7;1;2;1;24;1;
202300049497;155 592 758;A01;2;7;0;2;5;16;1;
202300049497;155 592 759;B01;2;7;0;2;0;1;1;
202300049498;155 592 754;A01;3;7;8;1;3;25;1;
202300049499;155 592 750;A01;3;7;0;1;2;14;1;
202300049500;155 592 749;A01;1;31;8;0;1;25;0;
202300049501;155 592 746;A01;2;7;0;2;1;14;1;
202300049501;155 592 747;B01;2;10;0;2;4;1;1;
202300049502;155 592 745;A01;1;15;0;2;1;1;1;
202300049502;155 592 748;B01;2;10;0;2;8;15;1;
202300049503;155 592 744;A01;2;7;0;2;8;13;1;
202300049503;155 592 751;B01;2;33;0;2;1;1;1;
202300049504;155 592 742;A01;1;10;3;0;1;1;1;
202300049505;155 592 741;A01;1;7;0;2;6;11;1;
202300049505;155 592 743;B01;1;7;0;2;2;2;1;
202300049506;155 592 739;A01;1;10;0;1;1;15;1;
202300049507;155 592 737;A01;2;7;0;2;1;2;1;
202300049507;155 592 740;B01;2;7;0;2;4;1;1;
202300049508;155 592 733;B01;2;7;9;2;1;1;1;
202300049508;155 592 738;A01;2;7;0;2;2;15;1;
202300049509;155 592 734;A01;1;7;0;2;1;2;0;
202300049509;155 592 735;B01;1;7;0;2;5;15;0;
202300049510;155 592 731;A01;3;7;2;0;1;26;1;
202300049511;155 592 732;B01;1;7;0;2;6;23;1;
202300049511;155 592 736;A01;1;7;0;2;2;2;1;
202300049512;155 592 730;A01;2;1;15;0;1;17;5;
202300049513;155 592 726;A01;2;50;0;0;1;1;3;
202300049514;155 592 725;A01;1;7;4;0;1;26;1;
202300049515;155 592 727;A01;1;13;0;2;1;1;1;
202300049515;155 592 729;B01;1;7;0;2;4;23;1;
202300049516;155 592 723;A01;1;33;1;0;7;1;1;
202300049517;155 592 724;A01;1;2;0;0;0;18;0;
202300049517;155 592 728;B01;1;7;0;2;2;16;1;
202300049518;155 592 720;A01;2;1;0;1;1;1;5;
202300049519;155 592 718;A01;2;7;0;1;1;26;1;
202300049520;155 592 721;A01;2;7;3;0;7;14;1;
202300049521;155 592 717;A01;2;7;0;2;1;2;1;
202300049521;155 592 722;B01;2;7;0;0;4;2;1;
202300049522;155 592 716;A01;1;32;0;2;3;2;1;
202300049522;155 592 719;B01;1;7;0;2;6;26;1;
202300049523;155 592 711;A01;3;7;0;2;2;13;1;
202300049523;155 592 713;B01;3;7;0;2;2;16;1;
202300049524;155 592 712;Z01;1;2;0;2;1;1;0;
202300049524;155 592 715;A01;2;1;0;2;7;19;5;
202300049525;155 592 709;A01;3;37;0;1;7;16;1;1
202300049526;155 592 708;A01;2;7;0;2;8;18;1;
202300049526;155 592 714;B01;1;7;0;2;2;1;1;
202300049527;155 592 707;A01;3;7;16;0;1;0;0;
202300049527;155 592 710;B01;3;7;16;0;1;0;0;
202300049528;155 592 705;A01;1;7;4;0;1;1;0;
202300049529;155 592 704;A01;3;7;0;0;0;11;0;
202300049530;155 592 701;A01;3;7;0;2;2;17;1;
202300049530;155 592 703;B01;3;1;0;2;1;1;5;
202300049531;155 592 700;A01;1;7;0;2;1;0;1;
202300049531;155 592 702;B01;0;1;0;2;8;0;5;
202300049532;155 592 699;A01;2;7;14;0;2;14;1;
202300049533;155 592 696;A01;2;33;1;0;1;14;1;
202300049534;155 592 697;B01;2;37;0;2;2;1;2;6
202300049534;155 592 706;A01;1;7;0;0;0;0;0;
202300049535;155 592 694;A01;1;7;0;1;3;1;0;
202300049536;155 592 695;B01;1;7;0;2;4;26;1;
202300049536;155 592 698;A01;1;10;0;2;1;2;1;
202300049537;155 592 693;A01;3;7;-1;-1;-1;0;0;
202300049538;155 592 692;A01;1;7;3;0;2;14;1;
202300049539;155 592 688;A01;2;10;0;2;3;15;1;
202300049539;155 592 691;B01;1;33;0;2;0;0;0;
202300049540;155 592 687;A01;1;7;0;2;1;15;1;
202300049540;155 592 689;B01;2;30;0;2;7;1;3;
202300049541;155 592 685;B01;3;7;0;2;5;9;1;
202300049541;155 592 690;A01;3;7;0;2;1;9;1;
202300049542;155 592 681;A01;2;7;0;2;3;13;1;
202300049542;155 592 684;B01;2;7;0;2;1;1;1;
202300049543;155 592 678;D01;1;7;0;2;4;2;0;
202300049543;155 592 680;B01;1;7;0;2;4;2;0;
202300049543;155 592 683;C01;1;7;0;2;4;2;0;
202300049543;155 592 686;A01;1;10;0;2;1;2;1;
202300049544;155 592 676;A01;1;10;0;1;1;1;1;
202300049545;155 592 674;A01;1;33;4;0;8;13;1;
202300049546;155 592 675;B01;3;7;0;2;1;9;1;
202300049546;155 592 682;A01;1;34;0;2;1;1;1;
202300049547;155 592 677;A01;2;7;0;2;3;19;1;
202300049547;155 592 679;B01;1;30;0;2;7;1;1;
202300049548;155 592 672;A01;2;1;0;0;1;1;5;
202300049549;155 592 670;B01;2;7;0;2;3;1;1;
202300049549;155 592 673;A01;2;7;0;2;2;14;1;
202300049550;155 592 668;A01;1;2;2;0;1;1;1;
202300049551;155 592 669;A01;0;2;0;2;1;3;0;
202300049551;155 592 671;B01;0;7;0;2;8;15;0;
202300049552;155 592 667;A01;1;7;0;1;2;16;0;
202300049553;155 592 666;A01;1;50;0;0;0;1;3;
202300049554;155 592 661;A01;2;7;0;2;1;15;1;
202300049554;155 592 665;B01;1;34;0;2;1;1;1;
202300049555;155 592 662;A01;1;7;0;2;1;17;1;
202300049555;155 592 664;B01;1;1;0;9;4;2;5;
202300049556;155 592 660;A01;1;7;0;1;1;20;2;
202300049557;155 592 659;A01;3;7;0;2;1;1;1;
202300049557;155 592 663;B01;3;50;0;2;8;19;3;
202300049558;155 592 655;A01;2;7;1;0;2;1;1;
202300049558;155 592 658;B01;2;7;1;0;6;0;1;
202300049559;155 592 654;A01;3;33;0;2;1;1;1;
202300049559;155 592 657;B01;3;7;0;2;3;10;1;
202300049560;155 592 652;A01;1;7;0;2;1;2;1;
202300049560;155 592 656;B01;2;37;0;2;4;2;1;1
202300049561;155 592 648;A01;2;7;4;2;3;13;1;
202300049561;155 592 651;B01;1;7;0;2;8;0;1;
202300049562;155 592 649;A01;1;7;0;2;5;15;1;
202300049562;155 592 653;B01;1;10;0;2;3;1;1;
202300049563;155 592 646;A01;1;33;0;0;8;13;1;
202300049564;155 592 647;A01;2;7;0;2;4;2;3;
202300049564;155 592 650;B01;2;30;0;2;1;2;3;
202300049565;155 592 643;A01;3;7;1;0;1;1;1;
202300049566;155 592 641;A01;1;7;0;2;3;15;1;
202300049566;155 592 644;B01;1;34;0;2;1;1;1;
202300049567;155 592 639;B01;1;7;0;2;1;1;1;
202300049567;155 592 642;A01;2;1;0;2;7;1;5;
202300049568;155 592 640;B01;2;2;0;2;8;1;3;
202300049568;155 592 645;A01;2;7;8;2;1;1;1;
202300049569;155 592 638;A01;1;7;6;0;2;14;1;
202300049570;155 592 637;A01;1;7;12;0;1;0;1;
202300049571;155 592 636;A01;1;7;0;1;2;9;1;
202300049572;155 592 634;A01;1;7;0;0;0;1;0;
202300049573;155 592 633;B01;3;10;5;2;1;23;1;
202300049573;155 592 635;A01;1;7;5;2;1;1;1;
202300049574;155 592 630;A01;1;10;0;1;2;1;1;
202300049575;155 592 628;A01;1;7;0;2;8;15;3;
202300049575;155 592 631;B01;1;7;0;0;0;0;1;
202300049576;155 592 627;A01;2;7;0;2;3;15;1;
202300049576;155 592 629;B01;2;32;0;2;7;2;1;
202300049577;155 592 626;B01;1;7;0;2;7;1;1;
202300049577;155 592 632;A01;1;7;0;2;1;1;1;
202300049578;155 592 623;A01;1;7;0;1;1;1;1;
202300049579;155 592 622;B01;1;7;0;2;2;15;1;
202300049579;155 592 625;A01;2;2;0;2;3;2;3;
202300049580;155 592 621;A01;2;50;0;1;1;0;3;
202300049581;155 592 619;A01;2;7;0;1;3;0;1;
202300049582;155 592 620;A01;1;7;0;2;1;1;3;
202300049582;155 592 624;B01;2;7;0;2;1;1;1;
202300049583;155 592 614;B01;2;1;0;2;1;1;5;
202300049583;155 592 618;A01;2;10;0;2;2;16;1;
202300049584;155 592 607;A01;1;33;0;2;2;7;1;
202300049584;155 592 608;B01;1;7;0;0;2;16;1;
202300049585;155 592 613;B01;2;43;0;2;1;1;0;
202300049585;155 592 617;A01;2;7;0;2;1;15;1;
202300049586;155 592 606;A01;3;33;15;0;1;1;1;
202300049587;155 592 605;A01;1;2;3;0;1;13;1;
202300049588;155 592 604;A01;1;7;0;1;2;1;1;
202300049589;155 592 602;A01;2;7;0;1;1;2;1;
202300049590;155 592 599;A01;1;7;0;2;4;1;2;
202300049590;155 592 601;Z01;1;7;0;2;1;0;0;
202300049591;155 592 598;A01;3;80;0;2;1;17;3;
202300049591;155 592 600;B01;0;1;0;2;1;17;5;
202300049592;155 592 596;B01;2;7;0;2;1;1;1;
202300049592;155 592 597;A01;1;7;0;2;1;13;1;
202300049593;155 592 595;B01;1;7;0;2;2;1;1;
202300049593;155 592 603;A01;1;7;0;2;1;9;1;
202300049594;155 592 593;A01;3;33;12;0;3;17;1;
202300049595;155 592 592;B01;1;7;0;2;4;1;1;
202300049595;155 592 594;A01;1;30;0;2;1;1;1;
202300049596;155 592 589;B01;0;40;0;2;3;1;3;
202300049596;155 592 590;A01;3;1;0;4;1;19;5;
202300049597;155 592 585;A01;1;1;0;2;1;1;5;
202300049597;155 592 588;B01;1;99;0;2;4;1;0;
202300049598;155 592 587;B01;2;50;0;2;8;1;3;
202300049598;155 592 591;A01;1;7;0;2;1;1;1;
202300049599;155 592 584;A01;1;10;0;2;7;12;1;
202300049599;155 592 586;B01;2;33;12;2;3;1;1;
202300049600;155 592 582;A01;2;7;2;0;1;1;1;
202300049601;155 592 581;B01;1;31;0;2;1;3;1;
202300049601;155 592 583;A01;1;7;0;2;3;15;0;
202300049602;155 592 579;A01;0;50;0;1;3;25;3;
202300049603;155 592 576;A01;3;7;2;0;3;2;1;
202300049604;155 592 578;A01;3;32;0;2;1;2;1;
202300049604;155 592 580;B01;3;7;0;2;0;0;1;
202300049605;155 592 574;A01;1;31;0;2;2;15;1;
202300049605;155 592 577;B01;2;7;0;2;3;1;1;
202300049606;155 592 572;A01;1;7;0;2;1;1;1;
202300049606;155 592 575;B01;2;7;0;2;1;1;1;
202300049607;155 592 570;A01;0;10;0;2;0;0;1;
202300049607;155 592 573;B01;0;33;0;0;0;0;1;
202300049608;155 592 567;A01;2;30;8;0;1;1;1;
202300049609;155 592 568;A01;1;7;0;1;3;1;1;
202300049610;155 592 569;A01;1;2;0;2;1;17;1;
202300049610;155 592 571;B01;2;7;0;2;3;1;1;
202300049611;155 592 565;A01;1;50;0;2;1;1;3;
202300049611;155 592 566;B01;3;7;0;2;1;15;1;
202300049612;155 592 564;A01;1;7;0;1;1;1;1;
202300049613;155 592 562;A01;2;7;0;1;1;1;1;
202300049614;155 592 560;A01;0;7;0;1;1;1;1;
202300049615;155 592 561;A01;1;7;0;2;6;15;1;
202300049615;155 592 563;B01;1;7;0;2;3;1;1;
202300049616;155 592 559;A01;1;7;0;1;7;1;1;
202300049617;155 592 556;A01;1;7;0;2;6;23;1;
202300049617;155 592 558;B01;1;33;0;2;1;1;1;
202300049618;155 592 553;B01;3;10;1;2;8;0;3;
202300049618;155 592 557;A01;3;7;0;2;1;1;1;
202300049619;155 592 552;A01;2;7;0;2;6;13;1;
202300049619;155 592 555;B01;2;15;0;2;3;1;1;
202300049620;155 592 551;B01;1;2;9;0;9;16;0;
202300049620;155 592 554;A01;1;99;9;0;3;11;0;
202300049621;155 592 547;B01;2;7;0;2;6;1;1;
202300049621;155 592 549;A01;2;30;0;2;1;1;1;
202300049622;155 592 548;A01;1;7;0;2;2;15;1;
202300049622;155 592 550;B01;2;33;0;2;1;1;1;
202300049623;155 592 545;B01;1;30;0;2;1;1;1;
202300049623;155 592 546;A01;2;7;0;2;3;19;1;
202300049624;155 592 541;B01;2;7;0;2;4;2;0;
202300049624;155 592 544;A01;2;7;0;2;1;2;0;
202300049625;155 592 537;A01;1;7;15;2;1;1;1;
202300049625;155 592 543;B01;1;7;0;0;4;23;1;
202300049626;155 592 539;B01;2;7;0;2;6;0;1;
202300049626;155 592 542;A01;2;7;0;2;3;0;1;
202300049627;155 592 535;A01;0;7;0;2;4;0;0;
202300049627;155 592 538;B01;2;7;0;2;1;26;0;
202300049627;155 592 540;C01;2;7;0;2;7;26;0;
202300049628;155 592 534;B01;1;33;0;2;0;0;0;
202300049628;155 592 536;A01;1;7;0;2;0;0;0;
202300049629;155 592 532;B01;1;50;0;2;1;1;3;
202300049629;155 592 533;A01;1;7;0;2;8;10;1;
202300049630;155 592 528;A01;2;33;0;2;1;13;1;
202300049630;155 592 531;B01;1;7;0;2;3;1;1;
202300049631;155 592 530;A01;3;7;15;0;1;1;1;
202300049632;155 592 526;A01;2;7;13;0;1;1;2;
202300049633;155 592 523;A01;2;7;0;2;1;15;1;
202300049633;155 592 525;B01;1;7;0;2;8;1;1;
202300049634;155 592 524;B01;1;3;0;2;3;0;3;
202300049634;155 592 527;A01;2;7;0;2;2;9;1;
202300049635;155 592 519;A01;1;7;8;2;2;1;1;
202300049635;155 592 521;B01;2;7;7;2;8;1;1;
202300049636;155 592 518;A01;1;1;1;0;1;14;5;
202300049637;155 592 516;A01;3;7;0;2;3;13;1;
202300049637;155 592 517;B01;2;7;0;2;3;1;1;
202300049638;155 592 513;A01;1;10;4;0;3;1;1;
202300049639;155 592 509;A01;2;7;0;0;4;2;1;
202300049639;155 592 512;B01;2;7;0;2;1;2;1;
202300049640;155 592 508;A01;1;33;0;1;1;1;1;
202300049641;155 592 505;A01;1;7;0;2;1;1;1;
202300049641;155 592 507;C01;2;7;0;0;4;1;1;
202300049641;155 592 511;B01;1;7;0;2;4;1;1;
202300049642;155 592 504;B01;1;33;0;2;8;23;1;
202300049642;155 592 506;A01;1;7;0;2;8;1;1;
202300049642;155 592 510;C01;1;33;0;2;8;23;1;
202300049643;155 592 501;A01;2;30;0;2;1;17;1;
202300049643;155 592 502;B01;2;7;0;2;4;2;1;
202300049644;155 592 500;B01;1;7;0;2;0;9;1;
202300049644;155 592 503;A01;1;7;8;2;1;21;1;
202300049645;155 592 498;A01;3;7;0;1;3;1;1;
202300049646;155 592 497;B01;2;17;0;2;1;1;1;
202300049646;155 592 499;A01;1;10;0;2;1;13;1;
202300049647;155 592 492;A01;2;7;0;2;1;13;1;
202300049647;155 592 495;B01;1;7;0;2;1;1;1;
202300049648;155 592 489;A01;1;7;1;0;1;1;1;
202300049648;155 592 493;B01;1;37;0;2;6;2;1;1
202300049649;155 592 486;B01;1;7;0;2;3;2;1;
202300049649;155 592 490;A01;1;30;0;2;7;17;1;
202300049650;155 592 484;B01;1;3;0;2;1;5;0;
202300049650;155 592 487;C01;1;3;0;2;1;1;0;
202300049650;155 592 491;A01;2;7;13;0;1;21;0;
202300049651;155 592 483;A01;2;32;0;2;1;3;1;
202300049651;155 592 488;B01;2;10;0;2;6;13;1;
202300049652;155 592 482;A01;2;30;12;0;5;1;1;
202300049653;155 592 481;A01;2;31;0;2;1;1;0;
202300049653;155 592 485;B01;1;7;0;2;3;10;1;
202300049654;155 592 479;A01;1;7;2;0;2;15;1;
202300049655;155 592 478;B01;3;10;0;2;1;2;1;
202300049655;155 592 480;A01;1;7;0;2;4;23;0;
202300049656;155 592 473;A01;3;7;16;0;0;26;1;
202300049656;155 592 476;B01;3;32;0;2;3;1;1;
202300049657;155 592 472;A01;3;10;0;1;3;1;1;
202300049658;155 592 470;A01;2;10;5;0;2;1;1;
202300049659;155 592 471;B01;1;7;0;2;3;1;1;
202300049659;155 592 474;A01;2;7;0;2;3;13;1;
202300049660;155 592 466;A01;1;7;2;0;1;2;1;
202300049661;155 592 465;A01;1;7;4;0;2;1;1;
202300049662;155 592 467;B01;1;7;0;2;9;23;1;
202300049662;155 592 468;C01;1;7;0;2;9;23;1;
202300049662;155 592 469;D01;1;7;0;2;9;23;1;
202300049662;155 592 475;E01;1;7;0;2;4;23;1;
202300049662;155 592 477;A01;1;10;0;2;1;1;1;
202300049663;155 592 463;A01;2;30;16;0;1;1;1;
202300049664;155 592 462;A01;1;1;0;9;1;1;5;
202300049665;155 592 460;B01;1;32;0;2;1;3;1;
202300049665;155 592 464;A01;1;7;0;2;3;9;1;
202300049666;155 592 459;B01;1;7;0;2;6;23;1;
202300049666;155 592 461;A01;1;7;0;2;2;2;1;
202300049667;155 592 457;A01;0;2;0;0;0;1;1;
202300049668;155 592 456;A01;2;7;13;0;3;1;1;
202300049669;155 592 455;B01;2;7;0;2;3;19;1;
202300049669;155 592 458;A01;1;32;0;2;1;17;1;
202300049670;155 592 454;A01;1;7;0;1;1;9;0;
202300049671;155 592 451;A01;1;43;15;0;1;1;1;
202300049672;155 592 450;A01;1;10;0;2;1;2;1;
202300049672;155 592 452;B01;1;7;0;2;4;2;1;
202300049672;155 592 453;C01;1;7;0;2;4;2;1;
202300049673;155 592 447;A01;2;7;0;0;9;21;1;
202300049674;155 592 444;A01;2;1;0;9;1;1;5;
202300049675;155 592 445;B01;1;7;0;2;1;1;1;
202300049675;155 592 448;A01;1;7;0;2;1;15;1;
202300049676;155 592 442;B01;1;7;0;2;1;1;1;
202300049676;155 592 446;A01;2;7;0;2;3;15;1;
202300049677;155 592 441;A01;2;30;0;0;8;1;1;
202300049678;155 592 439;A01;1;10;0;2;1;2;1;
202300049678;155 592 440;B01;1;7;0;2;4;2;1;
202300049678;155 592 443;C01;1;7;0;2;4;2;1;
202300049679;155 592 438;A01;1;7;13;0;2;1;1;
202300049680;155 592 435;A01;1;1;0;2;1;1;5;
202300049680;155 592 437;B01;1;1;0;2;4;1;5;
202300049681;155 592 433;A01;3;1;14;0;1;1;5;
202300049682;155 592 434;A01;1;7;0;2;5;15;2;
202300049682;155 592 436;B01;1;33;0;2;1;0;0;
202300049683;155 592 430;B01;2;7;0;2;2;12;1;
202300049683;155 592 432;A01;2;33;0;2;8;3;1;
202300049684;155 592 427;A01;3;3;0;9;2;1;1;
202300049684;155 592 431;B01;3;1;0;0;0;0;5;
202300049685;155 592 423;B01;2;7;0;2;1;1;1;
202300049685;155 592 428;A01;1;7;0;2;2;13;1;
202300049686;155 592 422;A01;1;7;0;2;5;4;1;
202300049686;155 592 426;B01;2;1;0;2;1;1;5;
202300049687;155 592 419;A01;1;33;9;2;1;13;1;
202300049687;155 592 421;B01;2;7;0;2;6;1;2;
202300049688;155 592 417;A01;1;7;2;0;3;0;1;
202300049689;155 592 415;A01;1;7;3;0;9;1;1;
202300049690;155 592 416;A01;2;7;0;2;1;5;1;
202300049690;155 592 420;B01;1;7;0;2;1;17;1;
202300049690;155 592 424;C01;1;7;14;0;1;17;1;
202300049690;155 592 429;D01;1;17;14;0;2;1;1;
202300049691;155 592 414;A01;1;32;0;2;1;19;1;
202300049691;155 592 418;B01;1;7;0;2;5;1;1;
202300049692;155 592 411;A01;1;50;0;1;1;1;3;
202300049693;155 592 408;B01;1;7;0;2;2;16;1;
202300049693;155 592 413;A01;1;43;0;2;1;18;1;
202300049694;155 592 407;A01;2;1;12;0;7;1;5;
202300049695;155 592 406;A01;3;10;0;2;1;1;1;
202300049695;155 592 412;B01;3;37;0;2;8;1;2;7
202300049696;155 592 405;B01;2;7;0;0;6;1;1;
202300049696;155 592 410;A01;2;17;0;2;2;1;1;
202300049697;155 592 402;A01;1;7;1;0;2;13;1;
202300049698;155 592 396;A01;1;7;0;2;3;1;1;
202300049698;155 592 401;B01;2;2;0;2;1;1;1;
202300049699;155 592 397;A01;2;33;0;2;1;17;1;
202300049699;155 592 400;B01;1;7;0;2;1;1;1;
202300049700;155 592 395;C01;1;7;0;2;4;1;1;
202300049700;155 592 399;A01;1;7;0;2;1;2;1;
202300049700;155 592 403;B01;1;7;0;2;1;2;1;
202300049701;155 592 394;A01;1;1;0;2;2;5;5;
202300049701;155 592 398;B01;1;7;0;9;2;1;0;
202300049702;155 592 393;A01;2;31;6;0;1;2;1;
202300049703;155 592 389;A01;3;10;0;2;1;1;1;
202300049703;155 592 391;B01;2;7;0;2;1;1;1;
202300049704;155 592 386;A01;1;7;13;0;1;13;1;
202300049705;155 592 388;A01;2;7;0;2;2;16;1;
202300049705;155 592 392;B01;2;33;0;2;3;1;1;
202300049706;155 592 385;A01;1;7;0;2;8;15;1;
202300049706;155 592 390;B01;1;32;0;2;3;1;1;
202300049707;155 592 383;A01;2;10;0;2;5;17;1;
202300049707;155 592 387;B01;2;30;0;2;1;1;1;
202300049708;155 592 381;A01;2;7;0;1;2;1;1;
202300049709;155 592 382;B01;1;33;0;2;8;9;1;
202300049709;155 592 384;A01;1;7;0;2;5;1;1;
202300049710;155 592 375;A01;3;33;0;0;7;14;1;
202300049711;155 592 376;A01;1;33;12;0;7;13;1;
202300049712;155 592 373;A01;3;7;0;2;1;2;1;
202300049712;155 592 378;B01;3;7;0;2;4;2;1;
202300049713;155 592 374;A01;1;7;0;2;3;10;1;
202300049713;155 592 379;B01;1;2;0;2;7;1;1;
202300049714;155 592 371;A01;2;33;12;0;8;16;1;
202300049715;155 592 368;A01;1;7;4;0;1;26;1;
202300049716;155 592 366;A01;1;7;8;0;9;0;1;
202300049717;155 592 370;A01;2;7;0;2;4;11;1;
202300049717;155 592 372;B01;2;15;0;0;4;1;1;
202300049718;155 592 365;B01;2;7;0;2;6;1;1;
202300049718;155 592 369;A01;2;7;0;2;2;17;1;
202300049719;155 592 364;A01;2;7;0;2;1;15;1;
202300049719;155 592 367;B01;1;43;0;2;8;1;1;
202300049720;155 592 361;A01;2;33;14;0;1;0;1;
202300049721;155 592 359;B01;1;50;0;2;6;17;3;
202300049721;155 592 362;A01;1;33;0;2;3;15;1;
202300049722;155 592 360;B01;1;32;0;2;4;23;1;
202300049722;155 592 363;A01;1;7;14;2;1;2;1;
202300049723;155 592 356;A01;1;10;3;0;9;13;1;
202300049724;155 592 355;B01;1;30;0;2;8;1;1;
202300049724;155 592 358;Z01;1;7;0;2;7;17;1;
202300049725;155 592 357;A01;2;7;3;0;9;14;1;
202300049726;155 592 353;A01;2;7;0;1;2;1;1;
202300049727;155 592 347;B01;3;0;0;0;0;0;0;
202300049727;155 592 352;A01;3;50;0;0;0;0;3;
202300049728;155 592 343;B01;1;7;0;2;1;1;0;
202300049728;155 592 350;A01;1;50;0;2;1;1;3;
202300049729;155 592 344;B01;1;31;0;2;1;17;1;
202300049729;155 592 349;A01;1;7;0;0;6;23;1;
202300049730;155 592 345;A01;1;7;2;0;3;0;0;
202300049731;155 592 342;A01;2;7;0;2;3;15;1;
202300049731;155 592 348;B01;2;33;0;2;1;1;1;
202300049732;155 592 339;A01;1;1;13;0;0;1;5;
202300049733;155 592 337;A01;2;1;0;2;8;1;5;
202300049733;155 592 341;B01;1;7;0;9;8;1;1;
202300049734;155 592 336;A01;1;7;0;1;2;1;1;
202300049735;155 592 333;A01;1;7;0;2;3;1;1;
202300049735;155 592 338;B01;1;2;0;2;1;1;1;
202300049736;155 592 334;A01;1;7;0;1;2;14;1;
202300049737;155 592 335;Y01;3;50;0;2;0;16;3;