Num_Acc;id_vehicule;num_veh;senc;catv;obs;obsm;choc;manv;motor;occutc
202300050019;155 591 831;A01;3;7;16;0;9;0;1;
202300050020;155 591 832;A01;1;10;0;1;1;26;1;
202300050021;155 591 827;B01;3;33;0;2;4;23;1;
202300050021;155 591 829;A01;3;7;0;2;1;2;1;
202300050022;155 591 826;A01;3;7;2;0;0;17;1;
202300050023;155 591 828;A01;2;7;0;2;3;1;1;
202300050023;155 591 830;B01;2;7;0;2;5;23;1;
202300050023;155 591 836;C01;1;33;0;2;1;1;1;
202300050024;155 591 825;A01;2;33;5;0;1;26;1;
202300050025;155 591 815;A01;1;30;0;0;0;1;1;
202300050026;155 591 819;B01;2;10;0;2;1;1;1;
202300050026;155 591 823;A01;1;33;0;2;1;17;1;
202300050027;155 591 817;B01;1;7;0;2;1;2;1;
202300050027;155 591 822;A01;1;7;0;2;4;2;1;
202300050028;155 591 816;A01;1;1;0;0;0;0;5;
202300050029;155 591 812;A01;2;7;0;2;2;1;1;
202300050029;155 591 814;B01;2;1;0;2;8;1;5;
202300050030;155 591 809;A01;2;7;0;2;3;5;1;
202300050030;155 591 811;B01;1;7;0;2;3;5;1;
202300050031;155 591 807;B01;3;7;0;2;2;20;0;
202300050031;155 591 810;A01;2;16;0;2;7;7;0;
202300050032;155 591 806;B01;2;7;0;2;4;2;1;
202300050032;155 591 813;C01;2;10;0;2;4;2;1;
202300050032;155 591 820;A01;1;38;0;2;1;2;6;1
202300050033;155 591 805;A01;2;10;1;1;1;16;0;
202300050034;155 591 803;A01;3;7;0;2;3;15;1;
202300050034;155 591 808;B01;3;30;0;2;1;1;3;
202300050035;155 591 802;A01;3;7;0;1;7;9;6;
202300050036;155 591 801;B01;3;7;0;2;3;1;1;
202300050036;155 591 804;A01;3;1;0;2;7;19;5;
202300050037;155 591 799;A01;1;14;0;1;1;1;1;
202300050038;155 591 798;A01;2;33;3;0;9;13;1;
202300050039;155 591 818;A01;1;33;8;0;1;0;1;
202300050040;155 591 794;A01;1;7;0;2;1;1;1;
202300050040;155 591 796;B01;2;7;0;2;1;13;1;
202300050041;155 591 792;B01;1;7;0;2;2;1;1;
202300050041;155 591 800;A01;3;7;0;2;3;9;1;
202300050042;155 591 793;B01;1;7;0;2;3;26;1;
202300050042;155 591 797;A01;2;2;0;2;0;1;1;
202300050043;155 591 791;A01;3;37;0;1;1;16;1;1
202300050044;155 591 790;A01;2;31;0;2;2;3;1;
202300050044;155 591 795;Z01;2;10;0;2;8;13;0;
202300050045;155 591 788;A01;1;7;0;1;1;1;1;
202300050046;155 591 784;A01;2;7;0;2;8;11;1;
202300050046;155 591 789;B01;2;33;0;2;1;1;1;
202300050047;155 591 782;A01;1;7;0;2;1;15;1;
202300050047;155 591 786;B01;2;10;0;2;1;1;1;
202300050048;155 591 779;A01;2;30;0;2;5;1;1;
202300050048;155 591 783;B01;2;10;0;2;8;0;1;
202300050049;155 591 777;B01;1;7;1;0;0;24;1;
202300050049;155 591 780;A01;1;33;1;0;1;14;1;
202300050050;155 591 774;B01;1;99;0;2;4;1;1;
202300050050;155 591 787;A01;1;7;0;2;0;0;1;
202300050051;155 591 773;A01;1;7;0;2;4;2;1;
202300050051;155 591 778;C01;1;7;0;2;4;26;1;
202300050051;155 591 781;D01;1;7;0;2;4;26;1;
202300050051;155 591 785;B01;1;7;0;2;4;26;1;
202300050052;155 591 771;A01;1;7;13;0;1;1;1;
202300050053;155 591 770;A01;2;7;0;2;3;9;1;
202300050053;155 591 775;B01;2;50;0;2;7;26;3;
202300050054;155 591 769;B01;0;31;0;2;8;1;1;
202300050054;155 591 776;A01;0;7;0;2;1;15;1;
202300050055;155 591 765;A01;1;7;0;2;8;11;1;
202300050055;155 591 767;B01;1;7;0;2;8;2;1;
202300050056;155 591 763;A01;1;0;0;1;0;0;0;
202300050057;155 591 762;B01;3;7;0;2;6;0;6;
202300050057;155 591 766;A01;3;33;1;0;1;26;1;
202300050058;155 591 758;B01;1;7;0;2;8;15;1;
202300050058;155 591 761;A01;1;1;0;2;1;1;5;
202300050059;155 591 757;A01;2;33;0;2;1;3;1;
202300050059;155 591 764;B01;2;33;0;2;4;3;1;
202300050059;155 591 768;C01;2;7;0;2;6;0;1;
202300050059;155 591 772;D01;2;7;0;2;2;1;2;
202300050060;155 591 756;A01;0;7;0;2;1;19;1;
202300050060;155 591 760;B01;0;7;13;0;0;1;0;
202300050061;155 591 755;A01;1;10;0;2;2;15;1;
202300050061;155 591 759;B01;1;1;0;2;4;15;5;
202300050062;155 591 752;A01;2;7;0;1;1;15;1;
202300050063;155 591 751;A01;1;7;0;1;1;1;1;
202300050064;155 591 750;B01;1;10;0;0;4;2;1;
202300050064;155 591 753;A01;1;7;0;2;1;2;1;
202300050065;155 591 748;A01;3;10;0;2;3;5;1;
202300050065;155 591 754;B01;3;33;0;2;3;2;1;
202300050066;155 591 745;B01;2;7;0;2;2;1;1;
202300050066;155 591 749;A01;2;1;0;2;1;1;5;
202300050067;155 591 744;B01;2;33;0;2;1;3;1;
202300050067;155 591 747;A01;2;7;0;2;6;11;1;
202300050068;155 591 738;B01;1;13;0;0;6;2;1;
202300050068;155 591 743;A01;1;7;0;2;2;2;1;
202300050069;155 591 737;A01;1;7;0;1;1;1;1;
202300050070;155 591 741;B01;2;50;0;2;1;2;3;
202300050070;155 591 746;A01;2;10;0;2;5;2;0;
202300050071;155 591 735;B01;2;1;0;2;7;1;5;
202300050071;155 591 740;A01;3;7;0;2;3;9;1;
202300050072;155 591 733;B01;1;50;0;2;8;2;3;
202300050072;155 591 742;A01;1;17;0;2;0;2;1;
202300050073;155 591 731;A01;1;10;3;2;1;2;1;
202300050073;155 591 736;B01;1;7;3;2;6;2;1;
202300050074;155 591 728;A01;1;33;12;0;3;1;1;
202300050075;155 591 730;B01;2;7;0;2;5;12;1;
202300050075;155 591 732;A01;2;33;0;2;1;3;1;
202300050076;155 591 734;A01;2;10;0;2;1;14;1;
202300050076;155 591 739;B01;2;7;0;2;4;2;2;
202300050077;155 591 727;A01;1;7;0;1;3;1;1;
202300050078;155 591 726;A01;1;7;14;0;2;17;1;
202300050078;155 591 729;B01;1;60;0;0;4;2;5;
202300050079;155 591 725;A01;1;2;0;0;2;1;1;
202300050080;155 591 720;A01;1;7;6;9;2;1;1;
202300050081;155 591 719;A01;1;50;0;0;0;1;3;
202300050082;155 591 715;B01;3;50;0;2;4;2;3;
202300050082;155 591 718;A01;3;7;0;2;1;2;1;
202300050083;155 591 714;A01;2;7;0;2;8;11;0;
202300050083;155 591 717;B01;2;7;0;2;7;1;0;
202300050083;155 591 723;C01;2;7;0;2;6;1;1;
202300050084;155 591 711;C01;3;7;0;2;1;2;1;
202300050084;155 591 713;B01;0;7;0;2;1;2;1;
202300050084;155 591 716;A01;3;7;0;2;4;26;1;
202300050085;155 591 709;A01;1;33;12;0;1;14;1;
202300050086;155 591 708;A01;2;7;4;0;1;1;1;
202300050087;155 591 706;A01;2;33;0;0;7;1;1;
202300050088;155 591 704;A01;1;7;15;0;1;9;1;
202300050089;155 591 697;B01;3;7;0;2;4;2;1;
202300050089;155 591 701;C01;3;7;0;2;4;2;1;
202300050089;155 591 703;A01;3;7;0;2;1;2;1;
202300050089;155 591 707;D01;3;7;0;2;1;2;1;
202300050090;155 591 692;A01;1;50;0;0;0;21;3;
202300050091;155 591 694;A01;3;10;0;2;3;13;1;
202300050091;155 591 699;Z01;3;13;0;2;0;0;1;
202300050092;155 591 690;B01;3;7;0;2;0;0;1;
202300050092;155 591 695;A01;3;7;0;2;0;0;1;
202300050093;155 591 685;D01;2;7;0;2;4;2;1;
202300050093;155 591 687;C01;2;7;0;2;4;2;1;
202300050093;155 591 691;B01;2;7;0;2;4;2;1;
202300050093;155 591 700;A01;2;10;0;2;1;2;1;
202300050094;155 591 686;E01;2;7;0;2;0;0;1;
202300050094;155 591 688;A01;2;10;0;2;1;1;1;
202300050094;155 591 693;B01;2;10;0;2;4;1;1;
202300050094;155 591 698;C01;2;7;0;2;0;1;1;
202300050094;155 591 702;D01;2;7;0;2;0;0;1;
202300050094;155 591 705;F01;2;10;0;2;0;0;1;
202300050095;155 591 684;C01;1;7;0;2;3;1;1;
202300050095;155 591 689;A01;1;38;0;2;5;15;1;1
202300050095;155 591 696;B01;1;36;0;2;7;3;1;
202300050096;155 591 681;B01;2;1;14;2;8;2;5;
202300050096;155 591 683;A01;2;7;0;9;1;11;1;
202300050097;155 591 682;A01;2;7;0;1;7;2;2;
202300050098;155 591 679;A01;1;50;0;1;1;1;3;
202300050099;155 591 678;A01;2;7;0;1;3;1;1;
202300050100;155 591 676;A01;1;7;0;2;1;2;1;
202300050100;155 591 680;B01;1;7;0;2;4;2;1;
202300050101;155 591 675;A01;2;7;0;2;7;12;1;
202300050101;155 591 677;B01;2;7;0;2;3;1;1;
202300050102;155 591 671;A01;2;30;0;0;0;16;1;
202300050103;155 591 674;A01;0;10;0;0;0;0;1;
202300050104;155 591 670;A01;2;7;3;0;0;14;1;
202300050105;155 591 668;B01;2;7;0;2;3;0;1;
202300050105;155 591 672;A01;1;7;0;2;1;13;1;
202300050106;155 591 667;B01;2;2;0;2;3;1;1;
202300050106;155 591 673;A01;1;7;0;2;2;1;3;
202300050107;155 591 657;A01;2;7;0;2;1;2;1;
202300050107;155 591 663;B01;2;31;0;2;4;2;1;
202300050108;155 591 659;A01;1;7;0;2;1;2;1;
202300050108;155 591 669;B01;2;7;0;2;4;2;2;
202300050109;155 591 661;A01;1;7;0;2;1;1;1;
202300050109;155 591 665;B01;1;7;0;2;4;1;1;
202300050110;155 591 658;A01;2;31;0;2;8;3;1;
202300050110;155 591 664;B01;2;7;0;2;2;12;1;
202300050110;155 591 666;C01;2;10;0;2;4;2;1;
202300050111;155 591 654;A01;1;7;0;2;1;15;1;
202300050111;155 591 662;B01;2;7;0;2;1;1;1;
202300050112;155 591 656;A01;2;14;0;2;1;2;1;
202300050112;155 591 660;B01;1;10;0;2;4;2;1;
202300050113;155 591 653;A01;1;10;0;2;1;21;1;
202300050114;155 591 652;A01;1;30;0;2;6;15;3;
202300050114;155 591 655;B01;1;50;0;2;2;1;3;
202300050115;155 591 648;A01;1;7;0;2;4;2;1;
202300050115;155 591 651;B01;1;7;0;2;1;2;1;
202300050116;155 591 647;A01;1;7;0;2;1;2;0;
202300050116;155 591 649;B01;1;33;0;2;4;11;1;
202300050117;155 591 646;A01;0;7;0;1;2;1;1;
202300050118;155 591 644;A01;2;7;4;0;3;26;1;
202300050119;155 591 643;A01;3;7;0;1;3;15;1;
202300050120;155 591 645;A01;3;7;0;9;7;22;1;
202300050120;155 591 650;B01;1;1;1;0;1;25;5;
202300050121;155 591 641;A01;1;7;15;0;1;26;1;
202300050122;155 591 642;A01;2;30;0;0;0;1;1;
202300050123;155 591 637;A01;2;33;0;2;2;1;1;
202300050123;155 591 640;B01;2;10;0;2;3;11;1;
202300050124;155 591 639;A01;1;50;0;2;8;1;3;
202300050125;155 591 636;A01;3;7;13;0;1;14;1;
202300050126;155 591 635;A01;3;7;9;0;9;1;1;
202300050127;155 591 633;A01;1;30;0;1;1;1;2;
202300050128;155 591 632;A01;2;7;0;2;7;1;1;
202300050129;155 591 627;A01;1;7;9;1;1;14;2;
202300050129;155 591 634;B01;1;7;0;2;1;23;1;
202300050130;155 591 626;B01;2;7;0;2;5;0;1;
202300050130;155 591 631;Z01;2;7;0;2;0;0;0;
202300050131;155 591 623;C01;0;7;0;2;4;23;1;
202300050131;155 591 629;B01;0;7;0;2;4;23;1;
202300050131;155 591 630;A01;0;7;0;2;1;2;2;
202300050132;155 591 622;A01;3;7;0;2;3;26;1;
202300050132;155 591 625;B01;3;7;0;1;5;24;1;
202300050133;155 591 619;A01;1;7;0;2;2;15;1;
202300050133;155 591 628;B01;2;7;0;2;3;1;1;
202300050134;155 591 620;A01;2;7;0;2;4;11;1;
202300050134;155 591 624;B01;2;33;0;2;1;3;1;
202300050135;155 591 617;A01;1;50;0;1;1;25;3;
202300050136;155 591 611;A01;3;31;0;2;1;1;1;
202300050136;155 591 616;B01;3;7;0;0;8;1;1;
202300050137;155 591 613;B01;2;7;0;2;1;1;1;
202300050137;155 591 621;A01;2;7;0;2;6;19;1;
202300050138;155 591 610;A01;2;7;0;2;2;15;1;
202300050138;155 591 614;B01;2;37;0;2;1;1;0;1
202300050139;155 591 615;B01;1;1;0;2;1;9;5;
202300050139;155 591 618;A01;2;7;0;9;2;16;1;
202300050140;155 591 606;A01;2;7;0;2;1;19;1;
202300050140;155 591 609;B01;1;7;0;2;1;1;1;
202300050141;155 591 608;A01;1;7;0;2;1;1;1;
202300050141;155 591 612;B01;1;7;0;2;4;1;1;
202300050142;155 591 605;A01;3;7;4;0;2;2;6;
202300050143;155 591 603;B01;2;50;0;2;1;1;3;
202300050143;155 591 607;A01;1;7;0;2;3;15;1;
202300050144;155 591 604;A01;0;31;0;0;0;0;-1;
202300050145;155 591 600;A01;1;33;0;6;2;1;1;
202300050146;155 591 596;A01;2;10;0;2;3;2;1;
202300050146;155 591 602;B01;1;1;0;2;1;0;5;
202300050147;155 591 599;A01;1;7;0;2;3;19;1;
202300050147;155 591 601;B01;2;1;0;2;1;1;5;
202300050148;155 591 595;A01;2;10;1;0;1;0;0;
202300050149;155 591 593;A01;2;7;0;2;1;5;1;
202300050149;155 591 597;B01;1;10;0;2;3;1;1;
202300050150;155 591 594;A01;1;1;0;1;1;5;5;
202300050151;155 591 592;B01;-1;7;-1;-1;-1;-1;-1;
202300050151;155 591 598;A01;0;7;0;2;1;9;1;
202300050152;155 591 591;A01;1;7;0;1;1;15;1;
202300050153;155 591 588;A01;1;43;10;0;8;26;1;
202300050154;155 591 587;Y01;-1;1;-1;-1;-1;-1;5;
202300050154;155 591 590;A01;1;7;0;2;2;1;1;
202300050155;155 591 585;A01;1;1;0;1;1;1;5;
202300050156;155 591 584;A01;2;30;0;0;0;1;1;
202300050157;155 591 583;A01;2;7;0;2;1;1;1;
202300050157;155 591 589;B01;2;7;0;2;3;15;1;
202300050158;155 591 582;A01;1;7;0;2;7;15;1;
202300050158;155 591 586;B01;2;7;0;0;1;1;1;
202300050159;155 591 581;A01;1;7;0;1;3;2;0;
202300050160;155 591 577;A01;1;50;0;2;3;19;3;
202300050161;155 591 576;A01;1;10;0;2;1;1;1;
202300050161;155 591 580;B01;1;7;0;2;4;15;1;
202300050162;155 591 574;B01;3;1;0;2;8;1;5;
202300050162;155 591 579;A01;3;33;0;2;7;15;1;
202300050163;155 591 571;A01;1;7;0;2;1;13;1;
202300050163;155 591 573;B01;2;30;0;2;1;1;1;
202300050164;155 591 570;A01;2;7;0;1;4;4;1;
202300050165;155 591 568;B01;3;3;1;2;3;17;1;
202300050165;155 591 572;A01;1;14;0;2;2;5;1;
202300050166;155 591 569;A01;1;10;0;2;1;2;1;
202300050166;155 591 575;B01;1;7;0;2;4;2;1;
202300050166;155 591 578;C01;1;7;0;2;4;2;1;
202300050167;155 591 567;A01;1;2;0;0;0;26;1;
202300050168;155 591 566;A01;1;3;0;0;1;0;1;
202300050169;155 591 561;A01;1;7;0;0;3;2;1;
202300050170;155 591 562;A01;2;7;0;2;1;1;1;
202300050170;155 591 565;B01;2;10;0;2;4;1;1;
202300050171;155 591 557;A01;1;33;0;2;3;0;1;
202300050172;155 591 558;A01;1;7;0;2;0;1;1;
202300050172;155 591 563;B01;1;50;0;2;0;19;3;
202300050173;155 591 556;A01;0;7;0;2;3;26;1;
202300050173;155 591 559;B01;0;1;0;2;1;5;5;
202300050174;155 591 555;A01;1;40;0;2;3;1;3;
202300050174;155 591 560;B01;1;50;0;4;7;1;3;
202300050175;155 591 554;A01;1;7;0;2;4;23;1;
202300050175;155 591 564;B01;1;7;0;2;1;1;1;
202300050176;155 591 552;A01;1;7;0;1;1;1;1;
202300050177;155 591 547;B01;3;7;0;2;4;23;1;
202300050177;155 591 550;A01;3;7;0;2;1;2;1;
202300050178;155 591 544;A01;2;7;0;2;4;1;2;
202300050178;155 591 549;B01;2;7;0;2;1;1;1;
202300050179;155 591 548;B01;1;32;0;2;0;0;1;
202300050180;155 591 546;A01;2;7;0;0;2;23;1;
202300050180;155 591 551;B01;2;1;1;0;1;1;5;
202300050181;155 591 542;A01;1;7;0;2;6;9;1;
202300050181;155 591 543;B01;2;33;0;2;1;17;1;
202300050182;155 591 541;A01;2;7;0;2;3;17;1;
202300050182;155 591 545;B01;2;7;0;2;6;20;1;
202300050183;155 591 538;A01;1;38;2;0;3;11;1;5
202300050184;155 591 539;A01;2;7;0;0;0;15;1;
202300050184;155 591 540;B01;3;50;0;2;0;19;3;
202300050185;155 591 533;A01;1;7;0;2;2;2;1;
202300050185;155 591 537;B01;1;7;0;2;5;2;1;
202300050186;155 591 532;B01;1;10;0;2;7;16;1;
202300050186;155 591 535;A01;1;31;0;2;1;9;1;
202300050187;155 591 534;A01;2;7;0;1;3;18;2;
202300050188;155 591 529;A01;2;7;0;1;1;1;1;
202300050189;155 591 528;B01;3;7;0;2;4;1;1;
202300050189;155 591 530;A01;3;7;0;2;1;1;1;
202300050190;155 591 526;A01;1;7;0;2;3;15;1;
202300050190;155 591 536;B01;1;30;0;2;1;17;1;
202300050191;155 591 523;A01;1;7;9;0;1;1;1;
202300050192;155 591 522;A01;0;14;0;2;5;1;1;
202300050192;155 591 525;B01;3;33;12;2;9;1;1;
202300050193;155 591 521;A01;1;7;0;2;2;17;1;
202300050193;155 591 524;B01;1;99;0;2;8;15;3;
202300050194;155 591 512;A01;2;1;0;2;4;1;5;
202300050194;155 591 517;B01;2;1;0;2;1;1;5;
202300050195;155 591 513;B01;1;7;0;2;6;1;1;
202300050195;155 591 520;A01;1;7;0;2;3;15;3;
202300050196;155 591 514;A01;3;10;0;1;1;1;1;
202300050197;155 591 515;A01;3;33;0;2;1;17;1;
202300050197;155 591 519;B01;3;7;0;2;3;15;1;
202300050198;155 591 516;B01;1;2;0;2;7;13;1;
202300050198;155 591 518;A01;2;7;0;2;1;15;1;
202300050199;155 591 510;A01;2;21;0;0;0;14;0;
202300050200;155 591 509;A01;2;7;0;2;4;1;1;
202300050200;155 591 511;B01;2;7;0;2;1;1;1;
202300050201;155 591 506;A01;2;32;0;2;0;0;1;
202300050201;155 591 508;B01;1;1;0;2;0;0;0;
202300050202;155 591 504;A01;2;7;0;2;1;2;1;
202300050202;155 591 507;B01;2;7;0;2;4;0;1;
202300050203;155 591 502;A01;3;7;0;1;0;26;1;
202300050204;155 591 499;A01;3;7;0;2;3;0;0;
202300050204;155 591 503;B01;3;1;0;2;0;0;5;
202300050205;155 591 494;A01;1;7;0;2;3;13;1;
202300050205;155 591 498;B01;1;7;0;2;3;1;1;
202300050206;155 591 495;A01;2;33;0;0;0;1;1;
202300050206;155 591 501;B01;1;7;0;0;0;19;0;
202300050207;155 591 496;A01;2;33;0;1;1;1;1;
202300050208;155 591 487;A01;2;7;0;2;1;2;1;
202300050208;155 591 491;B01;2;7;0;2;4;2;1;
202300050209;155 591 485;A01;1;7;15;0;1;14;1;
202300050210;155 591 484;A01;3;7;0;9;1;17;1;
202300050210;155 591 490;B01;3;1;0;2;1;1;5;
202300050211;155 591 482;D01;1;7;0;2;4;1;1;
202300050211;155 591 488;C01;1;7;0;2;4;1;1;
202300050211;155 591 493;B01;1;7;0;2;4;1;1;
202300050211;155 591 497;A01;1;7;0;2;1;1;1;
202300050212;155 591 483;A01;1;7;0;2;1;2;1;
202300050212;155 591 489;B01;1;7;0;2;1;2;1;
202300050212;155 591 492;C01;1;7;0;2;4;2;1;
202300050213;155 591 480;B01;3;1;0;2;1;0;5;
202300050213;155 591 486;A01;3;7;0;9;7;1;1;
202300050214;155 591 478;A01;1;7;0;2;2;16;1;
202300050214;155 591 481;B01;1;50;0;2;1;1;3;
202300050215;155 591 474;A01;1;7;0;1;8;15;1;
202300050216;155 591 471;C01;0;37;0;2;8;1;1;1
202300050216;155 591 472;B01;0;37;0;0;1;0;0;1
202300050216;155 591 477;A01;0;1;0;2;7;13;5;
202300050217;155 591 470;A01;2;30;15;0;1;1;1;
202300050218;155 591 468;A01;2;7;0;1;1;1;1;
202300050219;155 591 464;A01;1;10;0;2;2;2;1;
202300050219;155 591 469;B01;1;1;0;0;4;1;5;
202300050220;155 591 463;A01;3;34;8;0;0;1;0;
202300050221;155 591 467;A01;3;1;14;0;1;21;5;
202300050222;155 591 462;A01;2;50;0;1;1;1;3;
202300050223;155 591 456;A01;1;7;0;2;1;11;1;
202300050223;155 591 460;B01;1;7;0;2;2;1;1;
202300050224;155 591 455;A01;2;50;0;2;8;13;3;
202300050224;155 591 459;B01;1;80;0;2;8;0;5;
202300050225;155 591 453;A01;2;7;0;2;2;17;0;
202300050225;155 591 458;B01;2;33;0;2;8;17;0;
202300050226;155 591 454;A01;2;7;1;0;3;13;1;
202300050227;155 591 452;A01;2;7;13;2;2;1;1;
202300050227;155 591 457;B01;1;7;0;2;3;1;1;
202300050228;155 591 447;A01;1;34;4;0;8;1;1;
202300050229;155 591 444;A01;1;10;0;2;1;2;1;
202300050229;155 591 448;B01;1;7;0;2;4;23;1;
202300050230;155 591 442;B01;2;10;0;2;5;17;1;
202300050230;155 591 450;A01;2;80;0;2;3;13;3;
202300050231;155 591 439;A01;1;99;16;0;4;2;1;
202300050231;155 591 441;B01;1;7;0;2;4;2;1;
202300050232;155 591 437;A01;2;7;3;0;1;14;1;
202300050233;155 591 440;B01;2;7;0;2;8;15;1;
202300050233;155 591 446;A01;1;31;1;2;1;1;1;
202300050234;155 591 436;A01;1;7;1;1;2;1;1;
202300050235;155 591 445;A01;1;2;0;0;8;16;3;
202300050236;155 591 433;A01;1;1;0;2;4;16;5;
202300050236;155 591 435;B01;1;7;0;9;1;16;1;
202300050237;155 591 432;B01;1;7;0;2;8;0;1;
202300050237;155 591 434;A01;2;99;0;2;3;13;1;
202300050238;155 591 430;A01;2;7;0;1;1;1;1;
202300050239;155 591 429;A01;1;7;0;1;3;2;1;
202300050240;155 591 428;A01;3;7;3;0;7;1;1;
202300050241;155 591 427;A01;1;50;0;0;7;9;3;
202300050242;155 591 424;A01;1;7;0;2;1;13;1;
202300050242;155 591 426;B01;2;7;3;2;1;1;1;
202300050243;155 591 418;A01;1;7;0;2;1;10;1;
202300050243;155 591 422;B01;1;31;0;2;8;1;1;
202300050244;155 591 417;A01;3;7;0;2;3;1;1;
202300050244;155 591 425;B01;3;2;0;2;1;1;1;
202300050245;155 591 423;A01;1;50;0;1;1;1;3;
202300050246;155 591 416;B01;2;33;0;2;1;1;1;
202300050246;155 591 421;A01;1;10;0;2;1;15;1;
202300050247;155 591 413;B01;1;7;0;2;4;2;1;
202300050247;155 591 414;A01;1;7;0;2;1;1;1;
202300050248;155 591 411;A01;2;33;0;0;1;1;6;
202300050249;155 591 412;A01;3;7;0;1;1;2;1;
202300050250;155 591 415;A01;3;7;0;2;2;9;1;
202300050250;155 591 419;B01;3;50;0;0;0;0;3;
202300050251;155 591 410;A01;2;33;0;0;1;1;1;
202300050252;155 591 408;A01;1;10;0;2;1;9;0;
202300050252;155 591 420;B01;2;7;8;2;5;15;1;
202300050253;155 591 406;A01;2;7;0;1;1;1;1;
202300050254;155 591 405;A01;3;40;0;1;2;16;3;
202300050255;155 591 407;B01;3;7;0;2;2;16;2;
202300050255;155 591 409;A01;3;30;0;2;3;16;1;
202300050256;155 591 404;A01;2;1;0;1;1;1;5;
202300050257;155 591 402;B01;2;80;0;2;1;1;3;
202300050257;155 591 403;A01;0;7;0;2;1;19;1;
202300050258;155 591 401;A01;1;7;0;1;2;1;1;
202300050259;155 591 398;A01;1;50;0;0;0;1;3;
202300050260;155 591 397;A01;1;7;0;2;4;2;0;
202300050260;155 591 400;B01;1;7;0;2;1;2;0;
202300050261;155 591 396;A01;3;7;0;2;2;1;1;
202300050261;155 591 399;B01;3;2;0;2;1;26;1;
202300050262;155 591 392;A01;0;7;0;2;2;15;1;
202300050262;155 591 394;B01;0;50;0;2;2;0;3;
202300050263;155 591 393;A01;1;50;9;0;7;14;3;
202300050264;155 591 391;A01;1;7;0;2;1;13;1;
202300050264;155 591 395;B01;2;7;13;2;1;1;1;
202300050265;155 591 390;A01;1;7;0;1;6;4;1;
202300050266;155 591 389;A01;3;7;0;1;2;1;1;
202300050267;155 591 387;A01;1;14;0;1;5;16;1;
202300050268;155 591 386;B01;1;10;0;9;4;14;1;
202300050268;155 591 388;A01;1;1;0;2;1;16;5;
202300050269;155 591 382;A01;1;33;0;6;1;1;1;
202300050270;155 591 377;A01;2;7;0;2;3;20;1;
202300050270;155 591 383;B01;2;30;0;2;7;1;1;
202300050271;155 591 379;B01;1;33;0;2;1;1;1;
202300050271;155 591 385;A01;2;7;0;2;3;15;1;
202300050272;155 591 376;A01;2;50;0;2;6;15;3;
202300050272;155 591 378;B01;2;10;0;2;1;15;1;
202300050273;155 591 380;Z01;2;10;0;2;8;22;0;
202300050273;155 591 384;B01;1;1;0;2;7;1;5;
202300050274;155 591 373;A01;1;7;0;2;2;16;1;
202300050274;155 591 381;B01;1;1;0;2;1;1;5;
202300050275;155 591 369;A01;0;7;0;1;2;1;1;
202300050276;155 591 370;A01;2;7;0;2;2;19;1;
202300050276;155 591 372;B01;1;2;0;2;7;1;1;
202300050277;155 591 365;C01;3;10;0;2;0;0;1;
202300050277;155 591 374;B01;3;10;0;2;1;2;1;
202300050277;155 591 375;A01;3;7;16;0;0;0;1;
202300050278;155 591 362;A01;1;31;0;2;7;3;1;
202300050278;155 591 367;B01;1;7;0;2;8;12;1;
202300050279;155 591 366;A01;1;7;0;2;1;19;1;
202300050279;155 591 368;B01;2;1;0;2;0;0;5;
202300050279;155 591 371;C01;2;1;0;2;0;0;5;
202300050280;155 591 360;A01;1;10;0;2;3;2;3;
202300050280;155 591 363;B01;1;2;0;2;5;2;1;
202300050281;155 591 359;B01;1;7;0;2;8;2;1;
202300050281;155 591 364;A01;1;7;0;2;1;2;1;
202300050282;155 591 356;A01;0;37;0;1;5;1;3;1
202300050283;155 591 355;A01;2;7;0;2;2;17;1;
202300050283;155 591 358;B01;1;2;0;2;3;1;1;
202300050284;155 591 353;B01;2;10;0;2;5;2;1;
202300050284;155 591 357;A01;2;33;0;2;3;2;1;
202300050285;155 591 350;B01;3;14;0;2;5;4;1;
202300050285;155 591 352;A01;3;7;0;2;2;1;1;
202300050286;155 591 348;A01;2;50;0;2;1;5;3;
202300050286;155 591 354;B01;1;7;0;2;2;1;1;
202300050287;155 591 344;A01;3;10;0;2;1;2;1;
202300050287;155 591 349;C01;3;7;0;2;4;15;1;
202300050287;155 591 351;B01;3;7;0;2;4;2;1;
202300050288;155 591 345;A01;3;33;7;0;1;1;1;
202300050289;155 591 341;A01;1;10;0;2;2;15;1;
202300050289;155 591 346;B01;2;33;0;2;1;1;1;
202300050290;155 591 342;A01;3;10;0;2;3;1;1;
202300050290;155 591 347;B01;3;7;0;2;1;1;1;
202300050291;155 591 340;B01;0;14;0;0;0;0;0;
202300050291;155 591 343;A01;3;7;13;2;7;17;1;
202300050292;155 591 335;A01;1;7;0;1;2;15;1;
202300050293;155 591 333;B01;2;10;0;2;3;1;1;
202300050293;155 591 338;Z01;1;7;0;2;3;13;1;
202300050294;155 591 332;A01;0;2;0;0;0;9;1;
202300050295;155 591 336;B01;1;80;0;2;8;1;3;
202300050295;155 591 339;A01;2;80;0;0;7;15;3;
202300050296;155 591 331;A01;2;33;0;6;1;0;1;
202300050297;155 591 330;B01;2;7;0;2;4;1;1;
202300050297;155 591 337;A01;2;10;0;2;1;1;1;
202300050298;155 591 329;A01;1;1;0;2;1;5;5;
202300050298;155 591 334;B01;2;1;0;2;1;1;5;