Num_Acc;id_vehicule;num_veh;senc;catv;obs;obsm;choc;manv;motor;occutc
202300050299;155 591 328;A01;1;80;14;0;1;1;3;
202300050300;155 591 325;A01;0;31;0;0;0;14;1;
202300050301;155 591 321;A01;2;7;0;1;2;1;1;
202300050302;155 591 320;A01;1;7;0;2;3;1;1;
202300050302;155 591 324;B01;2;7;0;2;3;1;1;
202300050303;155 591 323;B01;2;50;0;2;8;1;3;
202300050303;155 591 326;A01;2;7;0;2;0;16;1;
202300050304;155 591 319;B01;2;2;0;2;0;13;1;
202300050304;155 591 327;A01;2;7;0;2;2;1;1;
202300050305;155 591 318;B01;1;2;1;0;3;2;1;
202300050305;155 591 322;A01;1;7;0;2;7;22;1;
202300050306;155 591 313;A01;1;7;9;0;1;14;1;
202300050307;155 591 314;A01;1;7;0;2;1;2;0;
202300050307;155 591 317;B01;1;7;0;2;4;1;0;
202300050308;155 591 311;B01;2;2;0;2;4;1;1;
202300050308;155 591 316;A01;2;7;0;2;1;1;0;
202300050309;155 591 309;A01;2;15;0;2;7;12;1;
202300050309;155 591 315;B01;1;7;0;2;8;1;1;
202300050310;155 591 308;A01;2;2;0;2;7;17;1;
202300050310;155 591 312;B01;2;2;0;2;8;13;1;
202300050311;155 591 307;A01;2;2;0;1;1;25;1;
202300050312;155 591 303;A01;3;7;0;1;3;9;1;
202300050313;155 591 302;A01;1;7;0;0;2;15;1;
202300050313;155 591 304;B01;1;7;0;0;3;1;1;
202300050314;155 591 300;A01;2;10;0;2;1;1;1;
202300050314;155 591 306;B01;2;7;0;2;6;1;1;
202300050315;155 591 299;B01;2;7;0;2;8;1;1;
202300050315;155 591 305;A01;3;1;0;2;1;15;5;
202300050316;155 591 296;A01;3;7;8;0;1;19;2;
202300050317;155 591 295;B01;3;7;0;0;4;1;1;
202300050317;155 591 298;A01;3;30;0;0;1;1;2;
202300050318;155 591 291;A01;2;7;0;2;2;1;1;
202300050318;155 591 294;B01;2;1;0;2;5;19;5;
202300050319;155 591 290;A01;1;7;0;2;2;15;1;
202300050319;155 591 293;B01;2;33;0;2;1;1;1;
202300050320;155 591 288;C01;1;7;0;2;1;2;1;
202300050320;155 591 297;A01;1;7;8;0;0;12;1;
202300050320;155 591 301;B01;1;7;0;2;4;2;1;
202300050321;155 591 289;B01;1;34;0;2;8;1;1;
202300050321;155 591 292;A01;1;7;0;2;7;12;1;
202300050322;155 591 286;A01;1;7;0;2;4;26;0;
202300050322;155 591 287;B01;1;7;0;2;4;26;0;
202300050323;155 591 282;A01;1;2;0;0;7;1;1;
202300050324;155 591 281;A01;1;7;0;2;2;1;1;
202300050324;155 591 285;B01;1;7;0;2;3;1;1;
202300050325;155 591 279;A01;3;10;0;2;6;23;1;
202300050325;155 591 284;B01;3;31;0;2;2;2;1;
202300050326;155 591 280;A01;0;99;0;2;1;26;0;
202300050326;155 591 283;B01;0;10;0;2;1;15;0;
202300050327;155 591 275;A01;1;31;0;2;1;17;1;
202300050327;155 591 277;B01;1;7;0;2;3;15;1;
202300050328;155 591 274;C01;1;7;0;2;4;23;1;
202300050328;155 591 276;A01;1;31;0;2;1;17;1;
202300050328;155 591 278;B01;1;7;0;2;8;23;1;
202300050329;155 591 272;A01;2;7;0;1;2;1;1;
202300050330;155 591 269;A01;2;7;0;2;1;1;1;
202300050330;155 591 273;B01;1;3;0;2;1;17;1;
202300050331;155 591 268;B01;1;31;0;2;1;1;1;
202300050331;155 591 271;A01;1;7;0;2;3;15;1;
202300050332;155 591 267;B01;2;1;0;0;0;1;5;
202300050332;155 591 270;A01;2;2;0;0;0;16;1;
202300050333;155 591 266;A01;1;15;0;1;2;20;1;
202300050334;155 591 260;A01;1;7;6;0;1;2;1;
202300050335;155 591 261;B01;2;7;0;2;4;23;1;
202300050335;155 591 264;A01;2;1;1;2;1;2;5;
202300050336;155 591 263;A01;2;7;0;2;1;1;1;
202300050336;155 591 265;B01;1;10;0;2;2;15;1;
202300050337;155 591 256;A01;2;1;0;2;8;15;5;
202300050337;155 591 259;B01;2;31;0;2;1;2;3;
202300050338;155 591 257;A01;1;7;0;2;3;1;1;
202300050338;155 591 262;B01;1;1;0;2;1;19;5;
202300050339;155 591 254;A01;3;33;0;2;1;2;1;
202300050339;155 591 258;B01;3;7;0;2;6;2;1;
202300050340;155 591 251;B01;2;7;0;2;4;23;1;
202300050340;155 591 252;A01;2;32;0;2;1;2;1;
202300050341;155 591 250;A01;1;7;0;2;1;15;1;
202300050341;155 591 255;B01;2;2;0;2;8;1;1;
202300050342;155 591 249;A01;2;33;0;6;1;1;1;
202300050343;155 591 247;B01;1;1;0;2;7;1;5;
202300050343;155 591 253;A01;1;7;0;2;3;9;1;
202300050344;155 591 246;B01;1;1;0;2;6;11;5;
202300050344;155 591 248;A01;1;31;0;2;2;1;1;
202300050345;155 591 241;A01;2;2;0;2;5;14;1;
202300050345;155 591 244;B01;2;32;0;2;3;2;1;
202300050346;155 591 240;B01;1;7;0;2;3;1;1;
202300050346;155 591 243;A01;1;7;0;2;1;15;1;
202300050347;155 591 242;A01;3;7;0;2;2;26;1;
202300050347;155 591 245;B01;3;10;0;2;3;0;1;
202300050348;155 591 236;A01;0;7;0;2;7;10;0;
202300050348;155 591 239;B01;2;50;0;2;2;2;3;
202300050349;155 591 235;A01;3;7;0;2;3;1;1;
202300050349;155 591 238;B01;3;7;0;2;2;1;1;
202300050350;155 591 233;A01;1;7;0;0;1;1;1;
202300050350;155 591 237;B01;1;7;6;0;5;1;1;
202300050351;155 591 232;A01;2;7;0;2;1;15;1;
202300050351;155 591 234;B01;2;7;0;2;3;1;2;
202300050352;155 591 230;A01;1;43;0;2;1;21;1;
202300050353;155 591 229;A01;1;7;0;2;1;1;1;
202300050353;155 591 231;B01;1;7;14;0;4;15;1;
202300050354;155 591 226;A01;2;10;0;1;1;15;1;
202300050355;155 591 224;A01;1;2;0;2;1;2;1;
202300050355;155 591 227;B01;3;7;0;0;4;1;1;
202300050356;155 591 222;B01;1;80;0;2;7;1;3;
202300050356;155 591 225;A01;1;7;0;2;1;15;1;
202300050357;155 591 218;A01;1;10;0;2;5;19;1;
202300050357;155 591 223;B01;2;33;0;2;1;1;1;
202300050358;155 591 215;A01;1;7;0;2;3;15;1;
202300050358;155 591 219;B01;1;33;0;2;1;1;1;
202300050359;155 591 217;A01;1;15;0;2;1;16;1;
202300050359;155 591 221;B01;1;1;0;2;8;1;5;
202300050360;155 591 213;A01;0;7;0;2;2;1;1;
202300050360;155 591 220;B01;0;21;0;2;4;16;1;
202300050361;155 591 214;B01;3;1;0;2;7;2;5;
202300050361;155 591 216;A01;2;7;0;2;1;1;2;
202300050362;155 591 211;A01;2;7;1;0;1;0;2;
202300050363;155 591 209;A01;0;2;0;0;0;0;1;
202300050364;155 591 207;A01;1;7;0;2;1;2;1;
202300050364;155 591 210;C01;1;7;0;2;4;23;1;
202300050364;155 591 212;B01;1;7;0;2;4;23;1;
202300050365;155 591 206;A01;2;40;0;1;1;26;3;
202300050366;155 591 205;B01;3;7;0;2;2;1;1;
202300050366;155 591 208;A01;2;1;0;2;1;19;5;
202300050367;155 591 203;A01;1;7;13;0;1;1;1;
202300050368;155 591 202;A01;1;7;0;1;1;0;1;
202300050369;155 591 198;A01;2;7;2;0;3;0;1;
202300050370;155 591 199;A01;3;7;0;2;1;2;2;
202300050370;155 591 200;B01;3;1;0;2;8;17;5;
202300050371;155 591 194;C01;3;7;0;2;4;1;0;
202300050371;155 591 195;B01;1;7;1;0;0;26;0;
202300050371;155 591 196;A01;1;1;0;2;1;2;5;
202300050372;155 591 193;A01;1;36;5;2;0;13;1;
202300050372;155 591 197;B01;1;7;0;2;2;1;1;
202300050373;155 591 192;A01;1;7;13;0;0;1;1;
202300050374;155 591 189;A01;3;2;0;0;1;0;1;
202300050375;155 591 187;B01;1;13;0;0;1;23;1;
202300050375;155 591 190;A01;2;43;0;1;1;3;1;
202300050376;155 591 185;A01;3;7;0;9;1;1;1;
202300050376;155 591 188;B01;3;1;0;2;3;1;5;
202300050377;155 591 186;B01;3;7;0;2;1;1;1;
202300050377;155 591 191;A01;3;1;0;2;8;1;5;
202300050378;155 591 183;A01;2;7;0;1;1;1;1;
202300050379;155 591 181;A01;2;7;0;1;3;1;1;
202300050380;155 591 182;A01;2;2;14;0;1;1;1;
202300050381;155 591 177;A01;2;7;0;2;8;9;1;
202300050381;155 591 180;B01;1;32;0;2;1;1;1;
202300050382;155 591 173;B01;2;1;0;2;1;1;5;
202300050382;155 591 176;A01;1;7;0;9;3;1;0;
202300050383;155 591 175;B01;1;7;0;2;0;0;1;
202300050383;155 591 178;A01;0;32;0;2;2;16;1;
202300050384;155 591 172;B01;3;50;0;2;8;19;3;
202300050384;155 591 179;A01;2;7;0;2;1;15;1;
202300050385;155 591 174;A01;1;7;0;2;1;2;1;
202300050385;155 591 184;B01;1;1;0;2;4;2;5;
202300050386;155 591 171;A01;2;2;2;0;1;14;1;
202300050387;155 591 167;B01;1;7;0;2;8;15;1;
202300050387;155 591 170;A01;1;7;0;2;3;1;1;
202300050388;155 591 164;A01;1;10;0;2;1;15;1;
202300050388;155 591 168;B01;1;50;0;2;7;1;3;
202300050389;155 591 165;A01;2;7;1;0;1;14;1;
202300050389;155 591 169;B01;0;21;0;2;6;23;1;
202300050390;155 591 162;A01;2;30;0;2;2;21;1;
202300050390;155 591 166;B01;3;7;0;2;1;15;1;
202300050391;155 591 159;A01;2;33;0;2;2;17;1;
202300050391;155 591 161;B01;2;7;0;0;6;2;1;
202300050392;155 591 158;A01;1;50;0;0;1;2;3;
202300050393;155 591 157;B01;3;33;0;2;7;1;1;
202300050393;155 591 163;A01;3;7;0;2;8;9;1;
202300050394;155 591 156;A01;0;7;0;2;8;9;0;
202300050394;155 591 160;B01;0;31;0;2;1;1;1;
202300050395;155 591 152;B01;1;33;0;2;1;1;0;
202300050395;155 591 154;A01;3;10;0;2;2;1;0;
202300050396;155 591 147;A01;2;7;0;2;3;10;1;
202300050396;155 591 150;B01;2;33;0;2;1;1;1;
202300050397;155 591 146;A01;1;7;8;0;4;0;0;
202300050397;155 591 149;B01;1;7;0;0;4;0;1;
202300050398;155 591 145;A01;2;7;0;1;1;1;0;
202300050399;155 591 142;A01;2;7;0;2;3;10;0;
202300050399;155 591 144;B01;2;32;0;2;2;3;1;
202300050400;155 591 143;A01;2;2;0;2;1;1;1;
202300050400;155 591 148;B01;1;7;0;2;5;1;1;
202300050401;155 591 138;B01;1;7;0;2;3;1;1;
202300050401;155 591 140;A01;2;7;0;2;3;13;1;
202300050402;155 591 137;A01;2;33;11;2;1;1;1;
202300050402;155 591 141;B01;2;34;0;2;8;1;1;
202300050403;155 591 135;B01;2;7;0;2;1;1;1;
202300050403;155 591 139;A01;3;10;0;2;6;19;1;
202300050404;155 591 136;A01;1;7;1;0;0;1;1;
202300050405;155 591 134;A01;2;7;6;0;1;1;1;
202300050406;155 591 129;A01;1;50;1;0;1;25;3;
202300050407;155 591 128;A01;3;7;0;2;2;19;1;
202300050407;155 591 133;B01;1;1;0;2;3;1;5;
202300050408;155 591 127;B01;1;7;3;0;1;2;3;
202300050408;155 591 131;A01;1;7;3;0;9;2;1;
202300050409;155 591 126;A01;2;7;8;0;1;26;1;
202300050410;155 591 123;A01;3;7;0;1;1;1;1;
202300050411;155 591 121;A01;2;7;0;2;9;1;1;
202300050411;155 591 125;B01;2;7;0;2;1;2;1;
202300050412;155 591 118;A01;2;7;4;0;1;2;1;
202300050412;155 591 120;B01;2;7;4;0;4;2;1;
202300050412;155 591 122;C01;2;7;4;0;6;2;1;
202300050413;155 591 114;A01;1;7;0;1;2;1;1;
202300050414;155 591 108;A01;3;30;0;2;1;1;1;
202300050414;155 591 112;B01;3;7;0;2;3;1;1;
202300050415;155 591 107;A01;3;2;0;2;3;17;1;
202300050415;155 591 111;B01;3;7;0;2;3;1;1;
202300050415;155 591 116;C01;3;7;0;2;6;1;1;
202300050416;155 591 104;A01;1;10;0;2;1;1;1;
202300050416;155 591 109;C01;1;7;0;2;4;15;1;
202300050416;155 591 113;B01;1;33;0;2;1;1;1;
202300050417;155 591 102;C01;1;7;0;2;4;1;0;
202300050417;155 591 105;A01;1;10;0;2;1;1;0;
202300050417;155 591 110;B01;1;7;0;2;1;1;1;
202300050418;155 591 101;A01;2;7;0;1;1;15;1;
202300050419;155 591 100;A01;1;7;0;2;0;1;1;
202300050420;155 591 096;A01;1;7;0;2;1;13;1;
202300050420;155 591 098;B01;2;7;0;2;1;1;1;
202300050421;155 591 095;A01;2;80;0;2;1;1;2;
202300050421;155 591 099;B01;3;7;0;2;2;15;1;
202300050422;155 591 097;A01;1;7;6;0;1;0;1;
202300050423;155 591 092;A01;2;7;0;2;2;1;1;
202300050423;155 591 093;B01;2;7;0;2;4;1;1;
202300050424;155 591 091;A01;3;7;0;2;1;1;1;
202300050424;155 591 094;B01;3;7;0;2;7;15;1;
202300050425;155 591 089;B01;2;33;6;2;8;1;1;
202300050425;155 591 090;A01;1;10;0;2;8;13;1;
202300050426;155 591 086;A01;1;10;0;2;1;0;1;
202300050426;155 591 088;B01;2;10;0;2;1;0;1;
202300050427;155 591 085;A01;2;7;0;2;1;2;1;
202300050427;155 591 087;B01;2;10;0;2;4;2;1;
202300050428;155 591 080;A01;1;7;0;2;3;1;1;
202300050428;155 591 083;B01;2;10;0;2;3;13;1;
202300050429;155 591 077;A01;2;30;0;0;0;1;0;
202300050430;155 591 081;B01;1;7;0;2;1;1;1;
202300050430;155 591 084;A01;2;10;0;2;5;15;1;
202300050431;155 591 076;A01;2;33;0;2;1;1;1;
202300050431;155 591 079;B01;2;7;0;2;4;1;1;
202300050432;155 591 073;A01;1;7;15;0;3;13;3;
202300050433;155 591 072;B01;2;7;3;0;4;2;2;
202300050433;155 591 074;A01;2;10;3;2;1;1;1;
202300050434;155 591 078;B01;1;10;0;2;3;1;1;
202300050434;155 591 082;A01;1;7;0;2;0;1;1;
202300050435;155 591 071;A01;1;7;0;2;3;1;1;
202300050435;155 591 075;B01;2;31;0;2;1;13;1;
202300050436;155 591 068;A01;1;7;0;2;0;15;1;
202300050436;155 591 070;B01;1;30;0;2;8;15;1;
202300050437;155 591 066;A01;1;7;0;2;3;9;1;
202300050437;155 591 069;B01;2;31;0;2;7;1;1;
202300050438;155 591 062;A01;2;7;0;2;4;2;1;
202300050438;155 591 065;B01;2;7;0;2;1;2;1;
202300050438;155 591 067;C01;2;7;0;2;1;2;1;
202300050439;155 591 058;A01;1;7;0;1;7;16;1;
202300050440;155 591 059;A01;1;7;0;2;3;10;1;
202300050440;155 591 063;B01;2;33;0;2;2;17;1;
202300050441;155 591 056;B01;2;2;0;2;1;1;1;
202300050441;155 591 061;A01;2;7;0;2;8;19;1;
202300050442;155 591 060;Z01;3;7;0;2;1;5;0;
202300050442;155 591 064;A01;3;50;0;2;1;1;3;
202300050443;155 591 054;B01;1;7;0;2;4;2;1;
202300050443;155 591 055;C01;1;7;0;2;5;2;1;
202300050443;155 591 057;A01;1;7;0;2;1;12;1;
202300050444;155 591 047;B01;3;7;0;2;3;1;1;
202300050444;155 591 051;A01;3;32;0;2;1;13;0;
202300050445;155 591 050;A01;2;10;0;2;8;9;1;
202300050445;155 591 052;B01;2;34;0;2;7;3;1;
202300050446;155 591 046;B01;1;7;0;2;8;1;1;
202300050446;155 591 049;A01;1;7;0;2;2;12;1;
202300050447;155 591 048;A01;3;33;0;2;1;1;1;
202300050447;155 591 053;B01;3;10;0;2;5;15;1;
202300050448;155 591 043;A01;1;7;0;1;1;1;1;
202300050449;155 591 040;A01;3;32;3;2;2;2;1;
202300050450;155 591 038;A01;3;7;0;2;2;2;1;
202300050450;155 591 039;B01;3;7;0;2;6;2;1;
202300050451;155 591 035;B01;2;1;0;2;7;26;5;
202300050451;155 591 037;A01;2;7;0;2;1;1;1;
202300050452;155 591 033;A01;1;7;0;2;7;1;1;
202300050452;155 591 036;B01;1;1;0;2;4;19;5;
202300050453;155 591 032;A01;1;7;0;2;1;12;1;
202300050453;155 591 034;B01;1;15;0;0;4;23;1;
202300050454;155 591 028;A01;0;7;0;2;1;1;1;
202300050454;155 591 030;B01;1;37;0;2;4;1;4;1
202300050455;155 591 044;A01;3;7;0;0;3;16;1;
202300050456;155 591 029;B01;1;34;0;2;1;1;1;
202300050456;155 591 031;A01;1;7;0;2;2;16;1;
202300050457;155 591 027;A01;2;7;2;0;1;14;1;
202300050458;155 591 022;A01;1;7;3;0;7;0;1;
202300050459;155 591 020;A01;1;7;0;2;1;9;1;
202300050459;155 591 023;B01;1;1;0;2;4;0;5;
202300050460;155 591 021;A01;2;34;0;2;1;17;1;
202300050460;155 591 026;B01;2;7;0;2;8;15;1;
202300050461;155 591 019;A01;3;2;0;2;0;21;1;
202300050461;155 591 025;Z01;3;7;0;2;0;1;0;
202300050462;155 591 018;B01;3;1;0;2;1;1;5;
202300050462;155 591 024;A01;3;7;0;2;1;9;1;
202300050463;155 591 015;B01;1;10;0;2;1;1;1;
202300050463;155 591 017;A01;1;7;0;2;8;16;1;
202300050464;155 591 013;A01;2;10;0;1;1;26;1;
202300050465;155 591 012;A01;1;10;0;2;1;1;1;
202300050465;155 591 014;B01;1;7;0;2;4;1;1;
202300050466;155 591 009;A01;1;7;0;2;2;9;1;
202300050466;155 591 011;B01;1;30;0;2;1;1;1;
202300050467;155 591 008;B01;1;7;0;2;5;1;1;
202300050467;155 591 010;A01;1;33;0;2;1;2;1;
202300050468;155 591 005;B01;2;30;0;2;1;1;1;
202300050468;155 591 007;A01;1;7;0;2;2;15;1;
202300050469;155 591 006;A01;0;7;0;1;1;16;0;
202300050470;155 591 016;A01;2;31;16;0;3;1;1;
202300050471;155 591 004;A01;3;7;0;1;1;16;2;
202300050472;155 591 002;A01;1;10;6;0;1;13;1;
202300050473;155 590 999;A01;1;7;0;1;4;4;1;
202300050474;155 591 000;B01;0;7;9;2;5;15;0;
202300050474;155 591 003;A01;0;10;9;2;2;2;1;
202300050475;155 590 997;A01;2;2;0;0;0;1;1;
202300050475;155 591 001;B01;0;0;0;0;0;0;0;
202300050476;155 590 998;A01;1;7;0;1;1;15;1;
202300050477;155 590 996;A01;3;37;1;1;3;1;1;1
202300050478;155 590 993;A01;2;7;0;2;1;26;1;
202300050478;155 590 995;B01;1;7;0;2;4;26;1;
202300050479;155 590 990;A01;1;10;0;2;2;15;1;
202300050479;155 590 994;B01;2;33;0;2;1;1;1;
202300050480;155 590 989;A01;2;7;0;0;2;1;1;
202300050481;155 590 988;A01;2;80;0;2;3;5;3;
202300050481;155 590 991;B01;1;7;0;2;3;1;1;
202300050482;155 590 987;A01;1;7;0;1;1;9;1;
202300050483;155 590 984;A01;2;33;0;0;0;17;1;
202300050484;155 590 983;A01;1;7;0;2;1;9;1;
202300050484;155 590 986;B01;1;10;0;2;4;9;1;
202300050485;155 590 981;A01;1;7;4;0;1;1;1;
202300050486;155 590 982;A01;1;10;0;2;1;15;1;
202300050486;155 590 992;B01;2;1;0;2;8;1;5;
202300050487;155 590 980;B01;1;30;0;2;8;1;1;
202300050487;155 590 985;A01;2;7;0;2;3;15;1;
202300050488;155 590 979;A01;2;7;0;1;7;19;1;
202300050489;155 590 975;B01;1;7;0;2;3;15;1;
202300050489;155 590 977;A01;2;50;0;2;8;1;3;
202300050490;155 590 974;A01;1;7;0;2;2;1;1;
202300050490;155 590 978;B01;1;7;0;2;3;2;1;
202300050491;155 590 973;A01;1;10;4;0;2;2;1;
202300050491;155 590 976;B01;1;7;4;0;4;2;1;
202300050492;155 590 969;A01;2;7;4;0;1;14;1;
202300050493;155 590 970;A01;3;7;0;2;2;1;1;
202300050493;155 590 971;B01;3;32;0;2;3;1;1;
202300050494;155 590 968;A01;2;7;0;2;1;2;1;
202300050494;155 590 972;B01;2;7;0;2;4;2;1;
202300050495;155 590 964;A01;3;7;0;1;1;1;1;
202300050496;155 590 965;B01;0;50;0;2;1;1;3;
202300050496;155 590 966;A01;0;7;0;2;6;1;1;
202300050497;155 590 961;T01;3;7;1;0;0;0;1;
202300050497;155 590 963;A01;3;50;0;2;8;1;3;
202300050497;155 590 967;Z01;3;10;0;2;0;2;0;
202300050498;155 590 960;A01;2;7;0;2;5;23;1;
202300050498;155 590 962;B01;2;31;0;2;1;2;1;
202300050499;155 590 956;A01;1;7;0;2;3;15;1;
202300050499;155 590 958;B01;2;33;0;2;8;1;1;
202300050500;155 590 955;B01;1;32;0;2;2;1;1;
202300050500;155 590 959;A01;2;7;0;9;2;15;1;
202300050501;155 590 952;B01;1;60;0;0;0;0;5;
202300050502;155 590 951;A01;0;7;15;0;3;1;0;
202300050502;155 590 953;B01;3;7;14;0;2;1;0;
202300050503;155 590 949;A01;3;7;0;9;1;9;1;
202300050503;155 590 954;B01;3;50;0;2;7;1;3;
202300050504;155 590 947;B01;2;7;0;2;4;2;1;
202300050504;155 590 950;A01;2;2;0;2;1;2;1;
202300050505;155 590 948;A01;1;7;0;2;7;17;1;
202300050505;155 590 957;B01;1;2;0;2;8;15;1;
202300050506;155 590 945;A01;1;2;1;0;2;1;1;
202300050507;155 590 944;A01;3;7;14;0;1;1;1;
202300050508;155 590 943;A01;3;7;0;2;1;15;1;
202300050508;155 590 946;B01;0;32;0;2;8;0;1;
202300050509;155 590 942;A01;2;7;16;0;9;1;1;
202300050510;155 590 936;A01;1;7;0;1;3;1;1;
202300050511;155 590 937;A01;1;10;0;2;3;16;1;
202300050511;155 590 940;B01;1;7;0;2;7;0;0;
202300050512;155 590 938;A01;1;1;0;2;1;1;5;
202300050512;155 590 941;B01;1;7;0;2;7;16;1;
202300050513;155 590 934;B01;3;7;0;0;2;1;1;
202300050513;155 590 939;A01;3;7;15;0;7;1;1;
202300050514;155 590 932;Z01;1;7;0;2;1;2;1;
202300050514;155 590 933;B01;1;7;0;2;4;23;1;
202300050514;155 590 935;C01;1;7;0;2;5;23;0;
202300050515;155 590 931;A01;3;7;9;0;1;14;1;
202300050516;155 590 928;B01;1;7;0;2;3;9;1;
202300050516;155 590 929;A01;1;31;0;2;2;1;1;
202300050517;155 590 925;A01;1;7;8;0;2;1;1;
202300050518;155 590 923;B01;1;2;0;2;1;0;1;
202300050518;155 590 927;A01;1;7;0;2;2;0;1;
202300050519;155 590 922;Z01;1;17;0;2;2;12;0;
202300050519;155 590 926;B01;1;7;0;2;6;1;1;
202300050520;155 590 919;A01;1;32;14;0;1;1;1;
202300050521;155 590 918;A01;2;7;4;0;3;1;1;
202300050522;155 590 920;A01;2;7;0;1;1;1;1;
202300050523;155 590 911;A01;3;7;0;0;7;1;1;
202300050524;155 590 912;A01;2;7;0;2;1;1;0;
202300050524;155 590 915;B01;2;7;0;2;4;1;0;
202300050524;155 590 916;C01;2;7;0;2;4;1;0;
202300050525;155 590 909;A01;2;7;0;2;3;9;1;
202300050525;155 590 913;B01;2;1;0;2;7;2;5;
202300050526;155 590 910;A01;3;30;6;0;7;14;1;
202300050527;155 590 908;A01;2;7;0;2;1;1;1;
202300050527;155 590 914;B01;1;7;0;2;2;15;1;
202300050528;155 590 905;B01;1;1;0;2;1;1;5;
202300050528;155 590 907;A01;2;7;0;2;1;15;1;
202300050529;155 590 904;A01;2;33;0;0;8;1;1;
202300050530;155 590 903;A01;1;43;0;2;8;1;1;
202300050530;155 590 906;Z01;1;7;0;2;7;9;1;
202300050531;155 590 902;A01;2;7;0;1;8;1;1;
202300050532;155 590 901;A01;1;80;10;0;1;21;3;
202300050533;155 590 897;A01;0;50;8;0;1;1;3;
202300050534;155 590 896;A01;1;7;0;2;1;2;1;
202300050534;155 590 899;B01;1;7;0;2;4;2;1;
202300050535;155 590 895;B01;3;33;0;2;1;1;1;
202300050535;155 590 898;A01;3;7;0;0;2;15;1;
202300050536;155 590 894;A01;1;1;0;0;8;1;5;
202300050537;155 590 892;A01;2;7;13;0;7;14;1;
202300050538;155 590 890;A01;1;7;13;0;9;1;0;
202300050539;155 590 889;A01;0;7;0;1;1;1;0;
202300050540;155 590 886;A01;2;7;0;2;1;1;0;
202300050540;155 590 888;B01;2;7;0;2;4;1;0;
202300050540;155 590 891;C01;2;7;0;2;4;1;0;
202300050541;155 590 885;A01;1;31;0;2;8;13;1;
202300050541;155 590 893;B01;1;7;0;2;7;17;1;
202300050542;155 590 884;A01;2;7;0;2;4;2;1;
202300050542;155 590 887;Z01;2;7;0;2;1;2;0;
202300050543;155 590 882;A01;3;30;0;0;8;26;1;
202300050544;155 590 883;A01;2;33;0;0;1;1;1;
202300050545;155 590 876;B01;2;1;0;2;0;0;5;
202300050545;155 590 879;A01;3;7;0;9;0;17;1;
202300050546;155 590 875;A01;2;10;0;2;1;1;1;
202300050546;155 590 878;B01;2;7;0;2;4;1;2;
202300050547;155 590 874;B01;2;37;0;2;3;9;3;2
202300050547;155 590 881;A01;2;7;0;2;2;1;2;
202300050548;155 590 873;A01;1;7;0;2;1;13;1;
202300050548;155 590 877;B01;2;7;0;2;1;1;1;
202300050549;155 590 869;A01;2;50;0;0;0;1;3;
202300050550;155 590 872;B01;1;2;0;2;1;1;1;
202300050550;155 590 880;A01;2;7;0;0;3;13;1;
202300050551;155 590 868;A01;1;7;0;2;6;1;1;
202300050551;155 590 871;B01;1;7;0;2;3;1;1;
202300050552;155 590 866;A01;2;7;0;2;1;2;1;
202300050553;155 590 867;A01;2;37;0;2;7;1;2;1
202300050553;155 590 870;B01;2;34;0;2;3;3;1;
202300050554;155 590 864;A01;3;7;0;2;4;15;1;
202300050554;155 590 865;B01;3;80;0;2;4;15;3;
202300050555;155 590 863;A01;1;33;0;2;8;3;1;
202300050556;155 590 859;A01;2;15;0;2;8;1;1;
202300050556;155 590 862;B01;1;7;13;9;8;1;1;
202300050557;155 590 858;A01;1;7;0;2;2;22;1;
202300050557;155 590 860;B01;1;50;0;2;1;1;3;
202300050558;155 590 856;A01;1;7;0;1;1;1;1;
202300050559;155 590 857;A01;2;2;0;2;1;17;1;
202300050559;155 590 861;B01;2;7;0;2;8;15;1;
202300050560;155 590 852;A01;2;7;0;2;1;1;1;
202300050560;155 590 855;B01;2;7;0;2;4;1;1;
202300050561;155 590 851;Z01;2;50;0;1;0;25;3;
202300050562;155 590 849;A01;2;7;0;1;1;1;1;
202300050563;155 590 846;A01;2;7;0;2;7;1;1;
202300050563;155 590 850;B01;2;1;0;2;7;1;5;
202300050564;155 590 843;B01;1;7;0;2;4;1;1;
202300050564;155 590 847;A01;1;7;7;2;1;15;1;
202300050565;155 590 844;A01;1;2;0;2;3;19;1;
202300050565;155 590 848;B01;1;7;0;2;2;1;1;
202300050566;155 590 842;B01;1;7;0;2;3;1;1;
202300050566;155 590 845;A01;1;50;0;2;3;17;3;
202300050567;155 590 838;A01;2;7;0;1;1;1;1;
202300050568;155 590 836;B01;2;1;1;0;7;1;5;
202300050568;155 590 840;A01;0;7;0;2;2;0;1;
202300050569;155 590 832;A01;1;7;12;0;1;14;1;
202300050570;155 590 833;C01;2;7;0;0;0;2;1;
202300050570;155 590 835;B01;1;7;0;2;2;2;1;
202300050570;155 590 839;A01;2;7;0;2;1;17;1;
202300050571;155 590 831;A01;1;10;0;4;7;16;1;
202300050571;155 590 834;B01;1;40;0;2;1;1;3;
202300050572;155 590 830;A01;1;7;0;2;1;0;1;
202300050572;155 590 837;B01;1;7;0;2;0;0;1;
202300050572;155 590 841;C01;1;7;0;2;1;23;1;
202300050573;155 590 826;A01;1;7;0;2;1;1;1;
202300050573;155 590 828;B01;1;1;0;2;8;16;5;
202300050574;155 590 825;A01;1;7;0;2;3;1;1;
202300050574;155 590 829;B01;2;1;0;2;1;1;5;
202300050575;155 590 823;A01;1;7;8;0;8;17;1;
202300050576;155 590 824;A01;2;32;1;1;1;17;1;
202300050577;155 590 819;A01;1;17;0;2;1;1;1;