Num_Acc;id_vehicule;num_veh;senc;catv;obs;obsm;choc;manv;motor;occutc
202300050577;155 590 822;B01;1;7;0;2;1;13;1;
202300050578;155 590 820;A01;1;7;0;2;2;1;1;
202300050578;155 590 827;B01;2;7;0;2;5;2;1;
202300050579;155 590 818;B01;1;33;0;2;3;1;1;
202300050579;155 590 821;A01;1;7;0;2;3;1;1;
202300050580;155 590 814;B01;2;2;0;2;1;26;1;
202300050580;155 590 817;Z01;1;10;0;2;0;13;1;
202300050581;155 590 812;A01;2;50;0;2;8;3;3;
202300050581;155 590 816;Z01;3;7;0;2;3;1;0;
202300050582;155 590 811;B01;2;7;0;2;4;1;1;
202300050582;155 590 815;A01;2;3;0;2;1;21;1;
202300050583;155 590 810;A01;1;7;0;2;1;1;1;
202300050583;155 590 813;B01;2;7;0;2;3;1;1;
202300050584;155 590 807;A01;3;7;0;2;3;9;1;
202300050584;155 590 809;B01;3;33;0;2;1;21;1;
202300050585;155 590 804;A01;1;7;4;2;0;0;1;
202300050585;155 590 808;B01;1;7;0;2;8;1;1;
202300050586;155 590 803;A01;1;0;0;2;1;0;0;
202300050586;155 590 806;B01;1;7;0;0;4;2;1;
202300050587;155 590 802;A01;1;7;0;2;2;15;1;
202300050587;155 590 805;B01;1;43;0;2;1;1;1;
202300050588;155 590 801;A01;1;13;0;1;2;1;1;
202300050589;155 590 798;A01;1;7;0;1;1;1;1;
202300050590;155 590 797;A01;1;7;0;2;6;15;1;
202300050590;155 590 800;B01;1;7;0;2;3;15;1;
202300050591;155 590 796;A01;2;7;0;1;2;1;1;
202300050592;155 590 795;B01;3;33;0;2;1;1;1;
202300050592;155 590 799;A01;3;2;0;2;7;15;1;
202300050593;155 590 794;A01;1;7;0;1;1;1;1;
202300050594;155 590 791;A01;1;7;0;1;1;1;1;
202300050595;155 590 792;A01;1;7;0;0;0;16;3;
202300050595;155 590 793;B01;1;1;0;2;8;1;5;
202300050596;155 590 789;A01;3;7;0;1;5;4;1;
202300050597;155 590 790;A01;2;7;6;0;2;14;1;
202300050598;155 590 785;B01;1;30;0;0;1;21;1;
202300050598;155 590 787;A01;1;7;0;2;0;4;1;
202300050599;155 590 786;A01;3;1;1;0;1;1;5;
202300050600;155 590 782;B01;2;34;0;2;7;1;0;
202300050600;155 590 784;A01;2;7;0;2;3;9;0;
202300050601;155 590 781;A01;2;33;12;2;1;18;1;
202300050601;155 590 788;B01;2;80;12;2;4;1;5;
202300050602;155 590 779;A01;1;7;0;1;1;15;1;
202300050603;155 590 778;A01;1;33;12;0;2;14;1;
202300050604;155 590 776;A01;1;7;2;0;1;1;1;
202300050605;155 590 775;A01;1;7;3;0;2;1;1;
202300050606;155 590 774;A01;2;7;14;0;1;6;1;
202300050606;155 590 777;C01;2;7;0;0;6;0;0;
202300050606;155 590 780;B01;2;7;0;2;6;23;0;
202300050606;155 590 783;D01;2;7;0;2;3;0;0;
202300050607;155 590 771;A01;2;50;0;2;2;19;3;
202300050607;155 590 773;B01;2;33;0;2;1;1;1;
202300050608;155 590 767;A01;3;10;0;1;1;1;1;
202300050609;155 590 769;A01;1;10;0;2;1;11;1;
202300050609;155 590 772;B01;1;30;0;2;2;1;1;
202300050610;155 590 765;A01;1;7;0;2;1;1;1;
202300050610;155 590 770;B01;2;7;0;2;7;1;1;
202300050611;155 590 766;A01;1;38;0;2;2;13;1;1
202300050611;155 590 768;B01;1;7;0;2;6;15;1;
202300050612;155 590 762;A01;2;7;0;1;3;1;1;
202300050613;155 590 759;A01;1;7;0;2;1;17;1;
202300050613;155 590 761;B01;1;31;0;2;6;15;1;
202300050614;155 590 760;B01;1;7;0;2;2;1;3;
202300050614;155 590 764;A01;2;34;0;2;3;15;1;
202300050615;155 590 757;A01;1;7;0;2;3;1;1;
202300050615;155 590 763;B01;1;33;0;2;1;1;1;
202300050616;155 590 756;A01;2;7;0;2;1;1;1;
202300050616;155 590 758;B01;1;10;0;2;1;17;1;
202300050617;155 590 754;A01;1;7;1;0;9;13;1;
202300050618;155 590 753;A01;0;10;0;1;6;4;1;
202300050619;155 590 751;A01;3;36;16;0;3;1;1;
202300050620;155 590 752;A01;2;1;0;2;7;17;5;
202300050620;155 590 755;B01;2;1;0;2;8;2;5;
202300050621;155 590 750;A01;2;7;0;1;3;1;1;
202300050622;155 590 749;A01;1;7;2;0;1;14;1;
202300050623;155 590 745;A01;1;2;0;0;8;1;1;
202300050624;155 590 743;A01;1;30;0;0;0;17;3;
202300050625;155 590 744;A01;2;7;0;2;8;9;1;
202300050625;155 590 747;B01;2;7;0;2;1;1;1;
202300050626;155 590 742;A01;1;7;0;1;2;1;1;
202300050627;155 590 738;B01;2;50;0;2;7;26;3;
202300050627;155 590 741;Z01;1;10;0;2;1;1;0;
202300050628;155 590 739;A01;1;33;4;0;1;14;1;
202300050629;155 590 736;A01;2;7;0;2;1;9;1;
202300050629;155 590 740;B01;2;1;0;0;8;5;5;
202300050630;155 590 735;A01;3;7;0;2;2;1;1;
202300050630;155 590 737;B01;3;7;0;2;1;1;1;
202300050631;155 590 730;B01;1;1;0;2;0;26;5;
202300050631;155 590 733;A01;1;7;0;2;1;1;1;
202300050632;155 590 732;A01;2;7;0;2;1;13;1;
202300050632;155 590 734;B01;1;10;0;2;1;1;1;
202300050633;155 590 727;B01;2;32;0;2;1;1;1;
202300050633;155 590 731;A01;1;7;0;2;3;9;1;
202300050634;155 590 725;B01;2;7;0;2;2;9;1;
202300050634;155 590 729;A01;2;33;0;9;5;1;1;
202300050635;155 590 722;B01;1;33;0;2;7;2;1;
202300050635;155 590 728;A01;3;7;0;2;3;9;2;
202300050636;155 590 723;A01;2;3;0;0;0;1;6;
202300050637;155 590 724;B01;1;1;0;2;1;1;5;
202300050637;155 590 726;A01;2;7;0;2;2;15;1;
202300050638;155 590 719;A01;2;7;0;9;1;1;1;
202300050638;155 590 721;B01;2;50;0;2;2;19;3;
202300050639;155 590 720;A01;1;33;0;0;0;26;1;
202300050640;155 590 717;A01;3;3;0;1;7;1;0;
202300050641;155 590 715;A01;2;7;0;2;1;2;3;
202300050641;155 590 718;B01;2;7;0;2;4;2;1;
202300050642;155 590 716;A01;0;2;0;0;0;0;0;
202300050643;155 590 714;A01;1;7;0;1;1;1;1;
202300050644;155 590 713;B01;1;7;0;1;4;19;0;
202300050645;155 590 709;B01;3;7;0;2;0;0;1;
202300050645;155 590 711;A01;3;7;0;2;3;15;1;
202300050646;155 590 704;A01;1;7;12;0;1;14;1;
202300050647;155 590 707;B01;1;31;0;2;1;1;1;
202300050647;155 590 710;A01;2;7;0;2;1;15;1;
202300050648;155 590 705;A01;2;7;0;2;3;13;1;
202300050648;155 590 708;B01;1;7;1;2;8;1;1;
202300050648;155 590 712;C01;1;7;0;2;1;1;1;
202300050649;155 590 703;B01;3;32;0;2;1;1;0;
202300050649;155 590 706;A01;3;7;0;2;1;9;0;
202300050650;155 590 702;A01;2;7;2;0;1;1;1;
202300050651;155 590 701;A01;1;7;2;6;1;1;0;
202300050652;155 590 697;B01;2;7;0;2;3;15;3;
202300050652;155 590 700;A01;1;1;0;2;1;1;5;
202300050653;155 590 693;B01;1;1;0;2;9;1;5;
202300050653;155 590 696;A01;1;21;0;2;5;17;1;
202300050654;155 590 694;B01;2;7;8;2;6;1;2;
202300050654;155 590 699;A01;1;7;0;2;3;1;1;
202300050655;155 590 695;B01;1;7;0;2;4;2;1;
202300050655;155 590 698;A01;1;2;0;2;1;2;1;
202300050656;155 590 690;A01;1;32;15;0;3;1;1;
202300050657;155 590 689;A01;2;7;0;2;3;15;1;
202300050657;155 590 691;B01;1;1;0;2;8;1;5;
202300050658;155 590 687;A01;2;10;8;0;2;1;1;
202300050659;155 590 686;A01;0;7;5;0;9;2;1;
202300050660;155 590 684;B01;2;1;0;2;1;1;5;
202300050660;155 590 688;A01;3;7;0;2;8;10;1;
202300050661;155 590 683;A01;0;7;0;9;0;0;1;
202300050661;155 590 685;B01;3;1;0;2;0;13;5;
202300050662;155 590 681;A01;1;33;0;0;0;1;1;
202300050663;155 590 679;A01;1;7;1;0;2;1;1;
202300050664;155 590 676;A01;1;30;0;2;1;17;1;
202300050664;155 590 680;C01;2;7;0;2;3;1;1;
202300050664;155 590 682;B01;1;7;0;2;6;1;1;
202300050665;155 590 677;A01;1;7;0;1;1;16;1;
202300050666;155 590 674;A01;1;33;0;2;1;1;1;
202300050666;155 590 678;B01;1;7;0;2;3;15;1;
202300050667;155 590 670;A01;3;2;0;0;1;16;1;
202300050668;155 590 672;B01;0;7;0;2;1;1;1;
202300050668;155 590 675;A01;0;35;0;2;7;1;1;
202300050669;155 590 667;A01;0;7;0;2;3;10;1;
202300050669;155 590 669;B01;0;33;0;2;1;17;1;
202300050670;155 590 668;A01;1;7;0;1;1;15;1;
202300050671;155 590 666;A01;2;7;13;0;8;13;1;
202300050672;155 590 664;A01;1;7;3;0;1;0;1;
202300050673;155 590 663;A01;1;50;0;2;1;1;3;
202300050673;155 590 665;B01;3;10;0;2;3;16;1;
202300050674;155 590 658;A01;1;30;0;2;6;1;1;
202300050674;155 590 661;B01;1;10;0;2;2;12;1;
202300050675;155 590 660;X01;0;7;0;1;1;0;0;
202300050676;155 590 657;B01;2;7;0;2;0;0;1;
202300050676;155 590 659;A01;2;7;0;2;1;2;1;
202300050676;155 590 662;C01;2;7;0;2;4;2;1;
202300050677;155 590 656;A01;1;10;0;1;5;1;1;
202300050678;155 590 651;A01;3;7;0;2;4;23;1;
202300050678;155 590 654;B01;3;7;0;2;2;21;1;
202300050679;155 590 650;A01;2;7;2;0;3;1;1;
202300050680;155 590 648;A01;3;7;0;2;4;1;1;
202300050680;155 590 653;B01;3;7;0;2;4;1;1;
202300050680;155 590 655;C01;3;7;0;0;4;23;1;
202300050681;155 590 647;B01;3;1;0;2;1;0;5;
202300050681;155 590 652;A01;3;7;0;2;1;0;1;
202300050682;155 590 646;B01;1;10;0;2;2;15;1;
202300050682;155 590 649;A01;1;32;0;2;3;1;1;
202300050683;155 590 642;A01;3;2;15;0;1;1;1;
202300050684;155 590 640;A01;3;7;0;1;1;1;1;
202300050685;155 590 641;A01;1;10;0;2;1;15;1;
202300050685;155 590 644;B01;2;33;0;2;1;1;1;
202300050686;155 590 637;A01;1;10;0;2;3;15;1;
202300050686;155 590 639;B01;1;33;0;0;2;1;1;
202300050687;155 590 636;A01;3;7;0;1;1;1;1;
202300050688;155 590 635;B01;3;30;0;2;8;1;1;
202300050688;155 590 638;A01;3;34;0;2;1;19;1;
202300050689;155 590 634;A01;2;33;0;0;8;1;1;
202300050690;155 590 632;A01;2;10;0;1;7;0;1;
202300050691;155 590 627;B01;2;40;0;2;1;1;3;
202300050691;155 590 631;A01;3;15;0;4;7;19;1;
202300050692;155 590 626;A01;1;10;0;9;3;9;1;
202300050692;155 590 630;B01;1;1;0;0;2;9;5;
202300050693;155 590 624;A01;1;7;0;2;9;17;0;
202300050693;155 590 628;C01;2;10;0;0;6;24;1;
202300050693;155 590 633;B01;1;7;1;0;2;15;0;
202300050694;155 590 625;A01;3;7;0;2;3;2;1;
202300050694;155 590 629;B01;3;33;0;2;7;2;1;
202300050695;155 590 623;A01;1;38;0;1;3;11;1;1
202300050696;155 590 621;A01;2;33;0;0;8;1;1;
202300050697;155 590 620;A01;2;7;0;2;3;15;1;
202300050697;155 590 622;B01;1;32;0;2;1;1;1;
202300050698;155 590 616;B01;2;15;0;0;6;1;1;
202300050698;155 590 618;A01;2;7;0;2;2;12;1;
202300050699;155 590 614;B01;0;33;0;2;2;17;1;
202300050699;155 590 617;A01;0;7;0;2;3;15;1;
202300050700;155 590 615;B01;3;31;0;2;1;1;1;
202300050700;155 590 619;A01;3;7;0;2;1;15;1;
202300050701;155 590 612;A01;1;7;0;1;0;1;1;
202300050702;155 590 611;A01;2;7;0;2;7;15;0;
202300050702;155 590 613;B01;1;2;0;2;1;3;0;
202300050703;155 590 606;A01;2;14;0;2;1;13;0;
202300050703;155 590 610;B01;1;7;0;2;1;1;0;
202300050704;155 590 605;A01;3;7;6;0;1;26;1;
202300050705;155 590 604;A01;1;7;0;2;4;18;1;
202300050705;155 590 609;B01;1;7;0;2;1;2;1;
202300050706;155 590 603;B01;3;99;0;2;1;1;3;
202300050706;155 590 608;A01;3;7;0;2;3;15;1;
202300050707;155 590 602;A01;3;7;0;2;3;1;1;
202300050707;155 590 607;B01;3;2;0;2;2;17;1;
202300050708;155 590 598;A01;1;7;3;0;1;14;2;
202300050709;155 590 594;A01;1;7;0;2;1;21;1;
202300050709;155 590 599;B01;1;7;0;2;6;1;1;
202300050710;155 590 593;B01;1;14;0;2;0;14;1;
202300050710;155 590 597;C01;1;14;0;2;2;1;1;
202300050710;155 590 601;A01;1;33;0;2;8;3;1;
202300050711;155 590 592;B01;2;50;0;2;0;0;3;
202300050711;155 590 596;A01;1;7;0;9;2;16;1;
202300050712;155 590 587;A01;1;10;15;0;1;1;0;
202300050713;155 590 589;A01;1;33;0;2;1;17;1;
202300050713;155 590 591;B01;1;99;0;2;6;11;1;
202300050714;155 590 585;A01;2;33;0;2;1;1;1;
202300050714;155 590 588;B01;1;1;0;2;1;5;5;
202300050715;155 590 580;Z01;1;7;0;2;0;11;0;
202300050715;155 590 583;A01;1;31;0;2;8;3;1;
202300050716;155 590 578;A01;2;10;0;2;3;2;1;
202300050716;155 590 582;B01;2;7;0;2;5;23;1;
202300050716;155 590 584;D01;2;7;0;2;5;1;2;
202300050716;155 590 586;C01;2;7;0;2;8;1;2;
202300050717;155 590 576;A01;1;33;0;2;9;1;1;
202300050717;155 590 579;B01;2;7;0;2;0;1;1;
202300050718;155 590 575;B01;3;31;0;0;5;3;1;
202300050718;155 590 577;A01;3;7;0;2;3;10;1;
202300050719;155 590 574;B01;1;7;0;0;6;15;1;
202300050719;155 590 581;A01;1;33;0;2;1;1;1;
202300050720;155 590 572;A01;1;34;0;1;2;1;1;
202300050721;155 590 571;A01;1;33;1;0;1;2;1;
202300050722;155 590 570;B01;2;7;0;2;8;2;1;
202300050722;155 590 573;A01;2;32;0;2;2;3;1;
202300050723;155 590 568;A01;2;31;0;0;0;1;1;
202300050724;155 590 566;A01;2;80;0;1;3;1;3;
202300050725;155 590 561;A01;2;43;0;2;1;3;1;
202300050725;155 590 565;B01;2;7;0;2;4;1;1;
202300050726;155 590 564;B01;2;20;13;0;1;21;1;
202300050726;155 590 569;A01;1;7;0;0;0;15;1;
202300050727;155 590 560;A01;2;30;0;2;7;17;1;
202300050727;155 590 562;B01;2;7;0;2;3;2;1;
202300050728;155 590 559;Z01;0;7;0;2;1;5;0;
202300050728;155 590 563;B01;0;7;0;2;1;23;0;
202300050728;155 590 567;C01;0;7;0;2;1;23;0;
202300050729;155 590 556;A01;2;7;0;2;1;1;2;
202300050729;155 590 558;B01;2;80;0;2;6;11;3;
202300050730;155 590 554;A01;2;21;0;0;9;1;1;
202300050731;155 590 552;B01;2;13;0;2;5;1;1;
202300050731;155 590 557;A01;2;33;0;2;3;3;1;
202300050732;155 590 551;A01;1;7;0;2;3;15;1;
202300050732;155 590 555;B01;1;43;0;2;1;3;1;
202300050733;155 590 550;A01;1;7;0;9;0;9;1;
202300050733;155 590 553;B01;1;1;0;2;0;1;5;
202300050734;155 590 547;A01;1;7;0;2;2;1;1;
202300050734;155 590 549;B01;1;1;0;0;4;1;5;
202300050735;155 590 546;A01;2;7;0;2;2;9;1;
202300050735;155 590 548;B01;2;33;0;2;1;1;1;
202300050736;155 590 543;B01;1;34;0;0;0;1;1;
202300050736;155 590 545;A01;2;7;0;2;1;15;1;
202300050737;155 590 538;B01;1;7;0;2;1;1;1;
202300050737;155 590 540;A01;1;30;0;2;1;13;1;
202300050738;155 590 539;A01;1;7;0;1;1;15;1;
202300050739;155 590 534;A01;2;7;0;2;4;23;1;
202300050739;155 590 537;B01;2;7;0;2;1;2;1;
202300050739;155 590 541;C01;2;7;0;2;1;2;1;
202300050740;155 590 533;A01;2;7;0;1;2;1;1;
202300050741;155 590 535;A01;1;32;0;2;2;17;1;
202300050741;155 590 536;B01;1;7;0;2;3;1;2;
202300050742;155 590 527;B01;3;43;12;2;1;1;1;
202300050742;155 590 529;A01;3;7;0;2;8;20;1;
202300050743;155 590 528;B01;3;33;0;2;5;1;1;
202300050743;155 590 530;A01;3;7;0;2;3;13;2;
202300050744;155 590 525;C01;1;7;0;2;3;23;1;
202300050744;155 590 531;B01;2;10;0;2;1;1;1;
202300050744;155 590 532;A01;1;7;0;2;1;11;3;
202300050745;155 590 526;A01;1;7;13;0;1;13;0;
202300050746;155 590 523;A01;3;34;0;1;1;1;1;
202300050747;155 590 524;A01;1;10;0;1;8;15;1;
202300050748;155 590 520;A01;2;33;0;2;3;3;1;
202300050748;155 590 522;B01;2;32;0;2;3;3;1;
202300050749;155 590 518;A01;1;10;0;2;4;1;1;
202300050749;155 590 521;B01;1;7;0;2;1;2;1;
202300050750;155 590 517;A01;2;7;0;1;1;1;1;
202300050751;155 590 519;A01;1;7;0;1;1;1;1;
202300050752;155 590 513;A01;1;10;0;2;6;9;3;
202300050752;155 590 516;Y01;1;1;0;2;1;1;5;
202300050753;155 590 514;A01;1;7;0;2;3;13;1;
202300050753;155 590 515;B01;2;7;0;2;3;1;1;
202300050754;155 590 510;Z01;2;7;0;2;1;2;0;
202300050754;155 590 512;A01;2;30;0;2;4;1;1;
202300050755;155 590 506;B01;2;10;0;0;4;23;3;
202300050755;155 590 509;A01;2;7;0;2;1;1;1;
202300050756;155 590 504;B01;1;7;0;2;3;1;2;
202300050756;155 590 508;A01;1;50;0;2;1;1;3;
202300050757;155 590 502;A01;1;7;4;0;5;11;1;
202300050757;155 590 505;B01;1;10;0;0;2;17;1;
202300050758;155 590 501;C01;2;7;0;2;1;2;1;
202300050758;155 590 507;A01;2;7;0;2;4;2;3;
202300050758;155 590 511;B01;2;7;0;2;4;2;1;
202300050759;155 590 503;A01;2;33;0;0;0;9;1;
202300050760;155 590 498;A01;1;7;0;2;7;1;1;
202300050760;155 590 500;B01;1;1;0;2;7;1;5;
202300050761;155 590 496;A01;1;7;2;0;1;1;1;
202300050762;155 590 495;A01;3;7;0;2;8;22;1;
202300050762;155 590 499;B01;2;1;0;2;1;1;5;
202300050763;155 590 492;Z01;2;7;0;2;3;10;0;
202300050763;155 590 494;A01;2;2;0;2;7;17;1;
202300050764;155 590 491;A01;1;7;0;1;0;1;1;
202300050765;155 590 489;A01;1;10;0;2;6;13;1;
202300050765;155 590 493;C01;1;14;0;2;6;1;1;
202300050765;155 590 497;B01;1;7;0;2;2;1;1;
202300050766;155 590 490;A01;0;7;0;1;1;15;1;
202300050767;155 590 485;A01;1;7;0;2;1;1;1;
202300050767;155 590 487;B01;2;2;0;2;4;23;3;
202300050768;155 590 482;B01;1;7;0;2;1;2;1;
202300050768;155 590 484;A01;1;7;0;2;6;9;1;
202300050769;155 590 481;A01;2;7;0;2;2;12;1;
202300050769;155 590 486;B01;2;33;0;2;8;0;1;
202300050770;155 590 480;B01;2;7;0;2;8;1;1;
202300050770;155 590 488;A01;2;7;0;2;2;1;1;
202300050771;155 590 479;A01;1;32;0;2;1;1;1;
202300050771;155 590 483;B01;2;2;0;2;3;15;1;
202300050772;155 590 477;A01;1;7;7;0;1;1;1;
202300050773;155 590 475;A01;1;7;0;2;1;2;0;
202300050773;155 590 478;B01;1;7;0;2;4;15;1;
202300050774;155 590 474;A01;2;80;0;1;1;1;3;
202300050775;155 590 473;A01;1;7;0;2;4;1;1;
202300050775;155 590 476;B01;1;14;0;2;1;1;1;
202300050776;155 590 471;A01;1;33;0;9;1;1;1;
202300050777;155 590 472;A01;2;7;0;1;7;16;1;
202300050778;155 590 470;A01;1;10;0;1;8;15;1;
202300050779;155 590 467;A01;3;7;0;2;3;16;2;
202300050779;155 590 469;B01;3;1;0;2;8;19;5;
202300050780;155 590 466;A01;1;7;6;0;3;13;1;
202300050781;155 590 465;A01;2;7;1;0;2;1;1;
202300050782;155 590 463;B01;1;7;0;2;3;11;1;
202300050782;155 590 464;A01;1;43;0;2;1;3;1;
202300050782;155 590 468;C01;1;7;0;2;5;1;1;
202300050783;155 590 459;A01;2;7;0;2;3;15;1;
202300050783;155 590 462;B01;3;1;0;2;1;1;5;
202300050784;155 590 460;B01;0;7;0;2;2;9;1;
202300050784;155 590 461;A01;0;7;0;2;1;1;1;
202300050785;155 590 455;A01;1;7;0;2;3;9;1;
202300050785;155 590 458;B01;1;7;0;2;5;15;1;
202300050786;155 590 454;A01;1;43;0;2;1;3;1;
202300050786;155 590 457;B01;1;10;0;2;5;2;1;
202300050787;155 590 453;B01;1;2;0;2;1;1;0;
202300050787;155 590 456;A01;1;7;0;2;4;17;0;
202300050788;155 590 449;B01;1;7;0;2;1;1;1;
202300050788;155 590 452;A01;1;7;0;2;8;1;1;
202300050789;155 590 451;A01;3;7;0;1;4;20;1;
202300050790;155 590 445;A01;1;7;1;0;2;14;3;
202300050790;155 590 448;B01;1;15;0;2;6;0;1;
202300050791;155 590 443;A01;1;2;1;0;3;2;1;
202300050792;155 590 444;B01;2;1;0;2;1;15;5;
202300050792;155 590 446;A01;2;7;0;2;7;15;1;
202300050793;155 590 442;C01;1;7;0;2;1;1;1;
202300050793;155 590 447;B01;2;7;0;2;4;23;1;
202300050793;155 590 450;A01;2;10;0;2;1;1;1;
202300050794;155 590 440;A01;1;30;0;2;3;17;3;
202300050794;155 590 441;B01;2;1;0;2;1;5;5;
202300050795;155 590 437;A01;2;7;0;2;3;26;3;
202300050795;155 590 439;B01;2;33;0;2;7;17;1;
202300050796;155 590 435;A01;1;7;0;2;3;15;1;
202300050796;155 590 438;B01;2;2;0;2;2;12;1;
202300050797;155 590 433;A01;1;2;15;2;3;1;1;
202300050797;155 590 436;B01;1;2;0;2;5;17;1;
202300050798;155 590 432;A01;2;80;0;2;2;17;3;
202300050798;155 590 434;B01;2;10;0;2;2;14;3;
202300050799;155 590 429;B01;2;7;0;0;4;1;0;
202300050799;155 590 430;A01;2;10;0;2;1;2;1;
202300050800;155 590 428;A01;2;33;0;2;8;2;1;
202300050800;155 590 431;B01;2;7;0;2;5;0;1;
202300050801;155 590 425;A01;3;10;0;1;5;1;1;
202300050802;155 590 424;A01;2;7;0;2;0;15;1;
202300050802;155 590 427;B01;1;1;0;2;0;1;5;
202300050803;155 590 418;A01;2;7;0;2;1;13;1;
202300050803;155 590 420;B01;1;7;0;2;1;1;1;
202300050803;155 590 422;C01;1;7;0;2;8;1;1;
202300050804;155 590 419;B01;2;10;0;2;6;2;1;
202300050804;155 590 421;A01;2;31;0;2;1;3;1;
202300050805;155 590 411;A01;2;7;0;2;4;1;1;
202300050805;155 590 414;B01;2;16;0;2;1;1;1;
202300050806;155 590 415;A01;3;10;0;2;1;23;3;
202300050806;155 590 417;B01;1;80;0;2;0;1;3;
202300050807;155 590 410;B01;1;7;0;2;1;2;1;
202300050807;155 590 413;A01;2;7;3;2;7;19;1;
202300050808;155 590 423;A01;2;15;1;0;1;0;0;
202300050808;155 590 426;B01;0;7;0;0;1;24;0;
202300050809;155 590 412;B01;1;7;0;2;3;2;0;
202300050809;155 590 416;A01;1;2;0;2;6;1;0;
202300050810;155 590 408;A01;1;7;0;1;1;1;1;
202300050811;155 590 407;A01;1;7;0;2;6;1;1;
202300050811;155 590 409;B01;1;13;0;2;2;12;1;
202300050812;155 590 406;A01;1;7;0;1;2;23;0;
202300050813;155 590 405;A01;1;7;8;0;1;1;1;
202300050814;155 590 402;A01;1;33;0;0;0;1;1;
202300050815;155 590 400;C01;2;17;0;2;4;1;1;
202300050815;155 590 403;A01;2;15;0;2;1;2;1;
202300050815;155 590 404;B01;2;7;0;2;4;1;1;
202300050816;155 590 399;B01;2;7;0;2;2;1;1;
202300050816;155 590 401;A01;2;33;0;2;1;1;1;
202300050817;155 590 395;A01;2;31;0;2;1;3;1;
202300050817;155 590 397;B01;2;7;0;2;6;0;1;
202300050818;155 590 392;B01;2;37;0;0;2;1;1;1
202300050818;155 590 394;A01;1;33;0;0;2;13;1;
202300050819;155 590 391;A01;1;7;0;2;3;13;1;
202300050819;155 590 393;B01;2;7;0;2;3;1;1;
202300050819;155 590 396;C01;2;7;0;2;3;1;1;
202300050819;155 590 398;D01;1;7;0;2;1;1;1;
202300050820;155 590 389;A01;2;10;0;2;5;12;1;
202300050820;155 590 390;B01;2;33;0;2;8;1;1;
202300050821;155 590 387;A01;0;10;0;1;2;1;3;
202300050822;155 590 384;A01;1;50;0;1;1;1;3;
202300050823;155 590 382;B01;0;7;0;2;4;26;1;
202300050823;155 590 383;A01;0;7;0;2;3;1;1;
202300050824;155 590 386;C01;2;7;0;0;2;15;1;
202300050824;155 590 388;B01;2;33;0;2;2;3;1;
202300050825;155 590 380;A01;1;60;9;0;1;1;5;
202300050826;155 590 378;B01;3;7;0;2;6;15;1;
202300050826;155 590 379;A01;3;31;0;2;2;17;1;
202300050827;155 590 376;B01;1;7;1;2;4;23;1;
202300050827;155 590 377;A01;1;2;1;2;1;1;1;
202300050828;155 590 381;A01;1;33;0;2;2;26;1;
202300050828;155 590 385;B01;1;7;0;2;5;1;1;
202300050829;155 590 373;A01;1;10;0;0;3;24;1;
202300050829;155 590 374;B01;1;1;1;0;1;17;5;
202300050830;155 590 372;B01;1;30;0;2;2;1;1;
202300050830;155 590 375;A01;2;7;0;2;7;15;1;
202300050831;155 590 369;C01;2;7;0;2;4;1;1;
202300050831;155 590 370;A01;2;7;0;2;7;12;1;
202300050831;155 590 371;B01;2;33;0;2;8;3;1;
202300050832;155 590 368;A01;2;7;2;0;2;1;0;
202300050833;155 590 367;A01;2;10;0;1;7;16;1;
202300050834;155 590 365;A01;2;15;4;0;1;1;1;
202300050835;155 590 364;B01;2;7;0;2;1;1;1;
202300050835;155 590 366;A01;1;7;0;2;1;11;1;
202300050836;155 590 361;A01;2;7;13;0;8;1;1;
202300050837;155 590 362;B01;1;7;0;2;5;1;1;
202300050837;155 590 363;A01;1;34;0;2;1;2;1;
202300050838;155 590 360;A01;3;7;0;1;3;0;0;
202300050839;155 590 357;B01;2;15;0;2;3;1;1;
202300050839;155 590 359;A01;1;7;0;2;8;1;1;
202300050840;155 590 355;A01;1;7;0;2;3;1;2;
202300050840;155 590 358;B01;1;34;0;2;0;0;1;
202300050841;155 590 354;B01;2;7;0;0;1;1;1;
202300050841;155 590 356;A01;2;7;0;0;4;23;1;
202300050842;155 590 351;A01;2;7;0;2;3;19;1;
202300050842;155 590 353;B01;1;31;0;2;1;1;1;
202300050843;155 590 350;A01;2;7;6;0;1;1;1;
202300050844;155 590 349;A01;3;7;0;2;8;1;1;
202300050844;155 590 352;B01;3;13;0;2;7;14;1;
202300050845;155 590 348;A01;2;7;0;1;2;1;1;
202300050846;155 590 344;A01;1;7;0;0;1;0;1;
202300050846;155 590 347;B01;2;7;0;0;1;0;1;
202300050847;155 590 345;A01;2;7;0;2;6;1;1;
202300050847;155 590 346;B01;2;7;0;2;1;1;1;
202300050848;155 590 342;A01;1;7;0;2;1;5;1;
202300050848;155 590 343;B01;2;7;0;2;1;1;1;
202300050849;155 590 341;A01;2;14;3;0;3;14;1;
202300050850;155 590 340;A01;3;7;0;1;3;0;1;
202300050851;155 590 338;B01;2;31;0;2;1;1;1;
202300050851;155 590 339;A01;1;7;0;2;7;15;1;
202300050852;155 590 337;A01;-1;7;-1;-1;-1;-1;-1;
202300050853;155 590 336;A01;2;7;0;1;1;1;1;
202300050854;155 590 331;B01;1;7;0;0;1;1;1;
202300050854;155 590 333;A01;2;7;6;0;6;9;1;
202300050855;155 590 329;A01;3;7;0;2;3;15;1;
202300050855;155 590 330;B01;1;33;0;2;2;1;1;