Num_Acc;id_vehicule;num_veh;senc;catv;obs;obsm;choc;manv;motor;occutc
202300051697;155 588 838;A01;2;33;0;2;8;9;1;
202300051697;155 588 844;B01;2;7;0;2;5;2;1;
202300051698;155 588 836;A01;0;7;14;0;0;1;1;
202300051699;155 588 837;A01;1;33;0;2;3;13;1;
202300051699;155 588 839;B01;1;7;0;2;7;1;1;
202300051700;155 588 834;B01;1;7;0;2;1;5;0;
202300051700;155 588 843;A01;1;7;12;0;4;5;0;
202300051701;155 588 832;A01;1;10;0;2;3;10;1;
202300051701;155 588 835;B01;1;43;0;2;1;1;1;
202300051702;155 588 830;A01;2;7;0;0;9;1;1;
202300051703;155 588 829;A01;0;7;8;2;7;1;1;
202300051703;155 588 831;B01;0;7;0;2;3;9;1;
202300051704;155 588 823;A01;1;7;0;1;2;1;3;
202300051705;155 588 822;A01;2;7;0;2;7;16;1;
202300051705;155 588 828;B01;2;1;0;2;8;1;5;
202300051706;155 588 821;A01;2;7;0;2;3;19;1;
202300051706;155 588 826;B01;1;2;0;2;1;1;1;
202300051707;155 588 817;A01;2;7;0;9;0;23;1;
202300051707;155 588 820;B01;2;10;0;2;4;2;1;
202300051707;155 588 827;C01;2;10;0;2;1;2;1;
202300051708;155 588 819;A01;3;2;0;2;1;0;1;
202300051708;155 588 824;B01;3;7;0;2;3;1;0;
202300051709;155 588 812;A01;1;7;0;2;3;1;1;
202300051709;155 588 816;B01;2;7;0;2;3;1;1;
202300051710;155 588 810;A01;2;7;6;0;1;14;1;
202300051711;155 588 808;A01;1;7;0;2;3;13;1;
202300051711;155 588 811;B01;1;7;0;2;3;1;1;
202300051711;155 588 815;C01;2;7;3;2;3;1;1;
202300051712;155 588 809;A01;2;33;0;0;0;1;1;
202300051713;155 588 813;A01;2;33;4;0;1;13;1;
202300051714;155 588 805;B01;1;7;0;2;2;1;1;
202300051714;155 588 807;A01;1;7;0;0;4;1;1;
202300051714;155 588 814;C01;1;7;0;2;4;1;1;
202300051714;155 588 818;D01;1;10;0;2;1;2;1;
202300051715;155 588 802;A01;2;15;0;2;1;1;1;
202300051715;155 588 806;B01;1;7;0;2;1;13;1;
202300051716;155 588 804;A01;2;7;0;1;1;9;1;
202300051717;155 588 801;A01;1;7;2;0;3;13;1;
202300051718;155 588 798;A01;1;7;0;2;1;13;1;
202300051718;155 588 803;B01;2;7;0;2;1;1;1;
202300051719;155 588 797;B01;2;30;0;2;4;2;1;
202300051719;155 588 800;A01;2;7;0;2;1;2;1;
202300051720;155 588 796;A01;0;33;0;0;3;0;1;
202300051721;155 588 793;A01;1;33;0;0;3;1;1;
202300051722;155 588 790;A01;0;7;0;1;2;15;1;
202300051723;155 588 784;A01;1;7;8;0;1;1;1;
202300051724;155 588 783;A01;3;2;0;2;3;1;1;
202300051724;155 588 788;B01;3;10;0;2;8;1;1;
202300051725;155 588 779;A01;2;7;0;2;1;13;1;
202300051725;155 588 786;B01;2;7;0;2;1;1;1;
202300051725;155 588 791;C01;2;7;0;2;6;1;1;
202300051726;155 588 781;A01;1;33;6;0;2;1;1;
202300051727;155 588 780;A01;2;7;0;2;1;26;1;
202300051727;155 588 787;B01;2;7;0;2;4;1;1;
202300051727;155 588 792;C01;2;7;0;2;4;1;1;
202300051727;155 588 795;D01;2;10;0;2;2;1;1;
202300051727;155 588 799;E01;2;15;0;2;5;1;1;
202300051728;155 588 777;A01;1;7;0;0;0;9;1;
202300051728;155 588 782;B01;1;7;0;2;1;1;1;
202300051728;155 588 789;C01;1;7;0;2;1;1;1;
202300051728;155 588 794;D01;1;13;3;0;9;1;1;
202300051729;155 588 773;A01;2;7;0;0;4;1;0;
202300051729;155 588 776;B01;2;7;0;2;1;1;0;
202300051730;155 588 775;B01;3;36;0;2;8;26;1;
202300051730;155 588 785;A01;1;33;0;2;1;1;1;
202300051731;155 588 771;A01;2;10;0;2;3;15;1;
202300051731;155 588 778;B01;2;7;0;2;1;1;1;
202300051732;155 588 770;B01;1;1;0;2;4;1;5;
202300051732;155 588 774;A01;1;7;0;2;1;26;1;
202300051733;155 588 769;B01;1;7;7;0;3;0;1;
202300051733;155 588 772;A01;2;7;0;0;2;0;1;
202300051734;155 588 767;A01;1;7;2;0;9;0;1;
202300051735;155 588 765;B01;1;7;0;2;2;1;1;
202300051735;155 588 768;A01;2;7;0;2;2;13;1;
202300051736;155 588 764;A01;1;7;4;0;1;1;1;
202300051737;155 588 761;A01;2;7;0;1;2;21;1;
202300051738;155 588 762;A01;1;7;0;1;2;1;1;
202300051739;155 588 759;B01;1;38;0;2;3;1;1;1
202300051739;155 588 763;A01;2;31;0;2;3;26;1;
202300051740;155 588 757;B01;1;1;0;2;0;1;5;
202300051740;155 588 760;A01;2;7;0;9;0;0;1;
202300051741;155 588 755;A01;1;7;2;0;1;1;1;
202300051742;155 588 756;A01;1;7;13;0;3;1;1;
202300051743;155 588 751;A01;3;7;0;1;1;1;1;
202300051744;155 588 752;A01;3;2;0;2;1;13;1;
202300051744;155 588 754;B01;3;7;0;2;3;21;1;
202300051745;155 588 749;A01;1;30;0;0;1;1;1;
202300051746;155 588 748;B01;2;7;0;2;3;1;1;
202300051746;155 588 753;A01;1;7;0;2;3;13;1;
202300051747;155 588 747;A01;0;33;0;2;4;1;1;
202300051747;155 588 750;B01;0;7;0;2;1;1;1;
202300051748;155 588 741;A01;3;10;0;1;1;1;1;
202300051749;155 588 739;A01;1;7;0;2;1;1;1;
202300051749;155 588 745;B01;1;7;0;2;4;23;0;
202300051750;155 588 737;A01;1;33;0;0;7;1;1;
202300051751;155 588 734;A01;2;7;4;0;1;11;1;
202300051752;155 588 733;A01;1;7;0;2;1;13;1;
202300051752;155 588 740;B01;2;10;0;0;1;1;1;
202300051753;155 588 738;B01;1;7;0;0;3;1;1;
202300051753;155 588 744;A01;1;33;0;0;8;1;0;
202300051754;155 588 736;A01;2;33;0;2;1;17;1;
202300051754;155 588 743;B01;1;7;0;2;7;13;1;
202300051754;155 588 746;C01;1;7;0;2;1;1;1;
202300051755;155 588 732;A01;1;10;0;2;2;15;1;
202300051755;155 588 742;B01;2;31;0;2;1;1;1;
202300051756;155 588 731;A01;1;7;0;2;1;2;1;
202300051756;155 588 735;B01;3;7;0;0;4;2;1;
202300051757;155 588 722;A01;1;7;0;2;7;26;1;
202300051757;155 588 730;B01;1;1;0;2;6;1;5;
202300051758;155 588 718;B01;1;7;0;2;2;2;1;
202300051758;155 588 729;A01;1;13;4;2;2;11;6;
202300051759;155 588 720;A01;3;7;0;2;1;15;0;
202300051759;155 588 726;B01;3;33;0;2;1;1;0;
202300051760;155 588 717;A01;2;7;0;2;3;1;1;
202300051760;155 588 727;B01;1;33;0;2;3;1;1;
202300051761;155 588 721;B01;2;7;0;2;1;1;1;
202300051761;155 588 728;A01;1;7;0;2;2;15;1;
202300051762;155 588 713;A01;2;7;3;0;2;1;1;
202300051763;155 588 724;A01;3;31;8;0;1;1;1;
202300051764;155 588 715;A01;1;7;0;2;3;1;1;
202300051764;155 588 716;B01;2;50;0;2;1;13;3;
202300051765;155 588 712;A01;1;7;0;1;4;4;1;
202300051766;155 588 719;B01;1;7;0;0;4;23;1;
202300051766;155 588 723;A01;1;33;0;2;1;1;1;
202300051767;155 588 710;A01;2;7;13;0;1;14;1;
202300051768;155 588 711;A01;1;2;0;2;1;17;1;
202300051768;155 588 714;B01;1;10;0;2;8;15;1;
202300051769;155 588 709;A01;2;7;14;0;9;1;1;
202300051770;155 588 707;A01;2;33;5;0;1;1;1;
202300051771;155 588 703;B01;1;33;0;2;1;3;1;
202300051771;155 588 708;A01;1;7;0;2;7;12;1;
202300051772;155 588 704;B01;1;7;0;2;7;15;1;
202300051772;155 588 725;A01;2;7;0;2;1;1;1;
202300051773;155 588 701;A01;1;7;13;0;4;0;1;
202300051774;155 588 699;A01;1;7;0;2;6;1;1;
202300051774;155 588 705;B01;2;7;0;2;3;1;1;
202300051775;155 588 702;A01;1;7;0;2;3;15;1;
202300051775;155 588 706;B01;1;7;0;2;2;1;1;
202300051776;155 588 695;A01;0;50;0;0;0;0;3;
202300051776;155 588 700;B01;0;99;0;2;0;0;0;
202300051777;155 588 692;A01;1;31;0;2;1;5;1;
202300051777;155 588 698;B01;2;7;0;2;3;1;1;
202300051778;155 588 688;B01;2;2;0;2;1;1;1;
202300051778;155 588 694;A01;1;7;0;2;1;17;1;
202300051779;155 588 690;A01;1;7;0;9;2;1;1;
202300051779;155 588 696;B01;1;1;0;0;4;1;5;
202300051780;155 588 689;B01;1;7;0;2;2;11;2;
202300051780;155 588 693;A01;1;33;0;2;1;3;1;
202300051781;155 588 685;B01;2;7;1;0;3;2;1;
202300051781;155 588 691;A01;2;7;13;0;2;1;1;
202300051782;155 588 682;B01;1;1;0;2;1;1;5;
202300051782;155 588 687;A01;1;7;0;2;3;1;1;
202300051783;155 588 679;B01;1;1;0;2;7;19;5;
202300051783;155 588 684;A01;1;31;0;2;1;0;1;
202300051784;155 588 676;A01;1;33;6;0;1;1;1;
202300051785;155 588 674;A01;1;7;0;2;1;13;1;
202300051785;155 588 681;B01;2;7;0;0;6;1;1;
202300051785;155 588 686;C01;2;7;0;0;1;1;1;
202300051785;155 588 697;D01;2;7;0;2;1;1;1;
202300051786;155 588 673;A01;0;31;0;0;0;0;1;
202300051787;155 588 669;A01;1;7;0;2;3;17;1;
202300051787;155 588 675;B01;1;33;0;2;2;17;1;
202300051788;155 588 667;B01;2;7;0;2;1;1;1;
202300051788;155 588 672;D01;2;7;0;2;4;1;1;
202300051788;155 588 680;A01;2;10;0;2;4;9;1;
202300051788;155 588 683;C01;2;10;0;2;4;1;1;
202300051789;155 588 665;A01;2;7;0;2;2;15;1;
202300051789;155 588 671;B01;1;50;0;2;1;1;3;
202300051790;155 588 663;A01;1;7;0;2;2;0;1;
202300051790;155 588 668;B01;3;7;0;2;0;9;1;
202300051790;155 588 678;C01;1;2;0;2;1;0;1;
202300051791;155 588 662;A01;1;33;0;2;2;2;1;
202300051791;155 588 666;B01;1;7;0;0;6;2;1;
202300051792;155 588 658;D01;2;10;0;2;5;1;1;
202300051792;155 588 664;B01;2;7;0;2;6;12;1;
202300051792;155 588 670;A01;2;33;0;2;2;3;1;
202300051792;155 588 677;C01;2;7;0;2;5;1;1;
202300051793;155 588 655;A01;1;7;0;2;2;17;1;
202300051793;155 588 661;B01;1;1;0;2;3;1;5;
202300051794;155 588 657;A01;1;7;0;2;8;1;1;
202300051794;155 588 660;B01;2;7;0;2;1;1;1;
202300051795;155 588 652;A01;1;7;0;2;1;17;1;
202300051795;155 588 659;B01;2;7;0;2;1;1;1;
202300051796;155 588 650;A01;1;7;0;2;1;1;1;
202300051796;155 588 653;B01;2;7;0;2;1;1;1;
202300051797;155 588 646;C01;1;7;0;2;5;1;1;
202300051797;155 588 651;A01;1;33;0;2;1;3;1;
202300051797;155 588 656;B01;1;13;0;2;3;1;1;
202300051798;155 588 643;A01;1;7;0;2;3;17;1;
202300051798;155 588 648;B01;1;33;0;2;7;17;1;
202300051799;155 588 644;A01;1;7;13;0;2;1;1;
202300051800;155 588 642;A01;2;7;0;0;9;1;1;
202300051801;155 588 641;A01;1;7;0;2;2;16;1;
202300051801;155 588 647;B01;1;1;0;2;1;1;5;
202300051802;155 588 640;A01;2;7;0;5;6;2;1;
202300051802;155 588 654;B01;2;7;0;2;2;2;1;
202300051803;155 588 639;A01;2;7;0;2;1;2;1;
202300051803;155 588 645;B01;2;7;0;2;4;2;1;
202300051804;155 588 637;A01;1;7;13;2;8;1;1;
202300051804;155 588 649;B01;1;7;0;2;1;1;1;
202300051805;155 588 636;A01;0;7;0;1;2;1;0;
202300051806;155 588 634;A01;1;10;16;0;1;2;1;
202300051807;155 588 632;A01;0;10;0;0;0;0;1;
202300051808;155 588 627;A01;1;7;11;0;1;1;1;
202300051809;155 588 633;B01;3;7;0;2;8;16;1;
202300051809;155 588 638;A01;3;2;0;2;1;1;1;
202300051810;155 588 629;A01;2;99;0;2;4;1;1;
202300051810;155 588 635;B01;2;7;0;2;1;1;1;
202300051811;155 588 622;A01;1;2;0;2;2;17;1;
202300051811;155 588 628;B01;1;21;0;2;3;15;0;
202300051812;155 588 623;A01;3;7;13;0;9;21;1;
202300051813;155 588 618;B01;1;17;0;2;4;2;1;
202300051813;155 588 624;A01;1;7;0;2;1;1;1;
202300051814;155 588 621;A01;2;7;0;2;1;1;1;
202300051814;155 588 631;B01;1;7;0;2;2;1;1;
202300051815;155 588 619;A01;2;7;8;2;2;17;1;
202300051815;155 588 626;B01;2;21;0;2;3;15;1;
202300051816;155 588 614;B01;2;7;13;2;7;17;0;
202300051816;155 588 617;A01;2;0;0;2;8;16;0;
202300051817;155 588 612;A01;2;15;0;2;1;12;1;
202300051817;155 588 615;B01;2;7;0;2;8;9;1;
202300051818;155 588 613;A01;2;13;0;2;3;1;1;
202300051818;155 588 616;B01;1;7;0;2;3;13;1;
202300051819;155 588 606;A01;1;7;13;0;9;1;1;
202300051820;155 588 607;A01;1;7;2;0;1;13;1;
202300051821;155 588 604;B01;0;36;0;2;1;26;1;
202300051821;155 588 610;A01;3;36;0;2;1;0;0;
202300051822;155 588 605;A01;1;7;6;0;1;1;1;
202300051823;155 588 602;A01;2;7;0;2;1;2;1;
202300051823;155 588 608;B01;2;7;0;2;1;2;1;
202300051823;155 588 611;C01;2;7;0;2;4;0;0;
202300051824;155 588 600;B01;2;7;0;2;6;1;1;
202300051824;155 588 609;A01;1;10;0;2;3;13;1;
202300051825;155 588 601;A01;1;33;0;0;7;23;1;
202300051826;155 588 597;B01;2;7;0;2;4;2;1;
202300051826;155 588 603;A01;2;7;0;2;1;1;1;
202300051827;155 588 598;A01;1;7;6;0;1;1;1;
202300051828;155 588 594;A01;2;7;2;0;1;13;1;
202300051829;155 588 593;A01;2;7;0;1;1;1;1;
202300051830;155 588 595;B01;2;33;3;2;8;3;1;
202300051830;155 588 599;A01;2;7;3;2;7;14;1;
202300051831;155 588 591;A01;2;50;12;0;1;16;3;
202300051832;155 588 589;A01;2;1;0;2;1;5;5;
202300051832;155 588 596;B01;1;10;0;2;2;1;1;
202300051833;155 588 592;A01;1;7;0;1;3;1;1;
202300051834;155 588 586;A01;2;10;0;2;3;20;1;
202300051834;155 588 590;B01;2;2;0;2;2;2;1;
202300051835;155 588 582;A01;2;38;0;2;3;2;1;1
202300051835;155 588 587;B01;2;7;0;2;5;2;1;
202300051836;155 588 580;A01;1;7;0;2;8;0;1;
202300051836;155 588 584;B01;1;14;0;2;1;0;1;
202300051837;155 588 579;A01;2;33;2;0;2;1;1;
202300051838;155 588 577;B01;1;7;0;2;3;1;1;
202300051838;155 588 588;A01;1;7;0;2;2;19;1;
202300051839;155 588 575;A01;1;7;2;0;3;13;1;
202300051840;155 588 573;A01;1;17;1;2;2;14;1;
202300051840;155 588 578;B01;1;10;4;2;7;17;1;
202300051840;155 588 585;C01;1;10;0;2;6;23;1;
202300051841;155 588 572;B01;3;7;0;2;0;0;1;
202300051841;155 588 576;A01;3;32;0;2;8;0;1;
202300051842;155 588 571;A01;2;31;0;2;8;1;1;
202300051842;155 588 574;B01;2;7;0;2;2;16;1;
202300051843;155 588 570;A01;1;7;0;1;2;1;1;
202300051844;155 588 565;A01;2;7;0;1;4;4;1;
202300051845;155 588 564;A01;2;15;0;2;8;11;1;
202300051845;155 588 569;B01;2;43;0;2;7;1;1;
202300051846;155 588 562;A01;1;17;6;0;1;14;1;
202300051847;155 588 558;A01;1;7;0;2;1;1;1;
202300051847;155 588 563;B01;2;33;0;2;7;13;1;
202300051848;155 588 556;A01;3;7;0;1;5;4;1;
202300051849;155 588 559;A01;2;7;0;2;1;5;1;
202300051849;155 588 568;B01;1;7;0;0;1;0;1;
202300051850;155 588 557;A01;1;7;8;0;0;0;1;
202300051851;155 588 555;A01;2;33;0;2;1;14;1;
202300051851;155 588 560;B01;1;7;0;2;3;15;1;
202300051851;155 588 566;C01;1;7;0;2;3;1;1;
202300051852;155 588 552;A01;1;16;0;0;2;14;6;
202300051853;155 588 553;A01;3;10;0;1;1;19;1;
202300051854;155 588 551;A01;2;7;4;0;1;0;1;
202300051855;155 588 550;A01;3;1;0;0;0;1;5;
202300051856;155 588 548;A01;1;10;0;1;2;1;1;
202300051857;155 588 549;A01;2;7;13;0;1;13;1;
202300051858;155 588 546;A01;0;7;6;0;3;0;0;
202300051859;155 588 545;A01;3;7;0;1;1;0;1;
202300051860;155 588 540;A01;1;33;4;0;3;1;1;
202300051861;155 588 539;B01;1;31;0;2;1;18;0;
202300051861;155 588 543;A01;1;7;0;2;2;14;0;
202300051862;155 588 538;B01;2;7;0;2;3;9;1;
202300051862;155 588 544;A01;1;33;1;2;1;1;1;
202300051863;155 588 535;A01;2;7;0;2;7;12;1;
202300051863;155 588 541;B01;2;33;4;2;3;3;1;
202300051864;155 588 533;A01;2;10;13;0;2;14;1;
202300051865;155 588 534;A01;2;7;0;2;1;21;1;
202300051865;155 588 536;B01;2;7;0;0;4;1;1;
202300051866;155 588 532;A01;2;7;0;2;1;2;1;
202300051866;155 588 542;B01;2;7;0;2;4;2;1;
202300051867;155 588 527;B01;3;50;0;2;7;19;3;
202300051867;155 588 531;A01;0;7;0;2;1;1;1;
202300051868;155 588 526;A01;1;32;0;0;0;0;1;
202300051869;155 588 528;A01;1;7;0;2;4;1;1;
202300051869;155 588 530;B01;1;7;0;2;1;2;1;
202300051870;155 588 524;A01;2;7;2;0;3;5;1;
202300051871;155 588 523;A01;1;2;0;2;1;2;1;
202300051871;155 588 529;B01;1;14;0;0;4;23;1;
202300051872;155 588 522;A01;1;32;0;0;9;16;1;
202300051873;155 588 521;A01;2;7;0;0;3;1;1;
202300051874;155 588 520;A01;1;7;0;1;1;1;1;
202300051875;155 588 519;A01;2;7;0;1;3;0;1;
202300051876;155 588 516;A01;2;32;0;1;1;0;1;
202300051877;155 588 513;A01;2;7;6;2;1;1;1;
202300051877;155 588 517;B01;1;7;0;2;1;17;1;
202300051878;155 588 512;A01;2;1;0;0;1;1;5;
202300051879;155 588 514;A01;3;7;0;9;1;23;1;
202300051879;155 588 518;B01;1;1;14;2;3;25;5;
202300051880;155 588 510;B01;1;1;0;9;4;1;5;
202300051880;155 588 515;A01;1;13;0;9;0;17;1;
202300051881;155 588 509;A01;3;7;0;1;4;4;1;
202300051882;155 588 511;A01;2;7;3;0;0;1;1;
202300051883;155 588 506;A01;2;7;0;1;8;15;0;
202300051884;155 588 504;A01;1;7;13;0;9;1;1;
202300051885;155 588 502;A01;3;7;0;1;2;15;1;
202300051886;155 588 499;A01;1;13;12;0;5;1;1;
202300051887;155 588 500;A01;3;7;0;2;1;2;1;
202300051887;155 588 505;B01;3;7;0;2;4;1;1;
202300051888;155 588 498;A01;1;7;0;9;1;1;1;
202300051888;155 588 503;B01;1;1;0;0;4;1;5;
202300051889;155 588 495;A01;2;7;7;2;1;12;1;
202300051889;155 588 501;B01;2;7;0;2;6;1;1;
202300051890;155 588 491;B01;1;14;0;2;2;1;1;
202300051890;155 588 496;A01;1;7;1;2;6;17;1;
202300051891;155 588 490;A01;0;10;2;0;3;1;1;
202300051892;155 588 486;A01;1;7;0;2;1;17;0;
202300051892;155 588 492;B01;1;21;0;0;4;15;0;
202300051893;155 588 482;A01;1;10;0;2;2;2;1;
202300051893;155 588 488;B01;1;7;0;0;6;2;1;
202300051894;155 588 480;A01;1;13;0;1;3;1;0;
202300051895;155 588 481;C01;2;7;0;2;1;2;1;
202300051895;155 588 487;B01;2;7;0;2;4;2;1;
202300051895;155 588 493;A01;2;7;0;0;4;2;2;
202300051896;155 588 478;B01;2;1;0;2;7;15;5;
202300051896;155 588 483;A01;2;10;0;2;2;11;1;
202300051897;155 588 476;B01;1;7;0;2;1;1;1;
202300051897;155 588 484;A01;2;10;0;2;1;5;0;
202300051898;155 588 472;A01;1;33;3;0;0;0;1;
202300051899;155 588 470;A01;1;7;0;2;1;0;1;
202300051899;155 588 475;Z01;1;10;0;0;0;0;1;
202300051900;155 588 471;B01;2;2;0;2;1;5;1;
202300051900;155 588 477;A01;1;7;0;2;3;15;1;
202300051901;155 588 468;A01;2;33;0;2;1;1;1;
202300051901;155 588 474;B01;1;7;0;2;3;1;1;
202300051902;155 588 469;A01;1;17;13;0;5;1;1;
202300051903;155 588 466;A01;3;7;0;1;6;4;1;
202300051904;155 588 465;A01;2;7;0;1;1;1;1;
202300051905;155 588 464;A01;1;7;0;0;1;13;1;
202300051906;155 588 462;A01;1;7;6;0;2;14;1;
202300051907;155 588 463;D01;1;7;0;2;4;2;1;
202300051907;155 588 473;C01;1;7;0;2;4;2;1;
202300051907;155 588 479;A01;1;7;0;2;1;2;1;
202300051907;155 588 485;B01;1;7;0;2;1;2;1;
202300051908;155 588 458;B01;2;7;0;2;4;2;1;
202300051908;155 588 461;A01;2;32;0;2;1;2;1;
202300051909;155 588 459;A01;0;7;9;0;1;1;1;
202300051910;155 588 456;A01;1;30;0;0;7;1;1;
202300051911;155 588 446;A01;1;7;0;2;7;12;3;
202300051911;155 588 452;B01;1;33;0;2;3;1;1;
202300051912;155 588 450;A01;2;33;0;6;0;1;1;
202300051913;155 588 445;A01;2;7;8;0;1;1;1;
202300051914;155 588 449;A01;2;7;4;0;1;19;1;
202300051915;155 588 443;A01;2;7;0;2;1;1;1;
202300051915;155 588 455;C01;2;7;0;2;1;2;1;
202300051915;155 588 460;D01;2;7;0;2;1;1;1;
202300051915;155 588 467;B01;2;10;0;2;4;1;1;
202300051916;155 588 447;A01;1;7;0;1;1;0;1;
202300051917;155 588 444;A01;1;2;0;2;1;1;1;
202300051917;155 588 451;B01;2;7;0;0;7;26;1;
202300051918;155 588 442;A01;1;33;0;2;1;21;1;
202300051918;155 588 448;B01;1;7;0;2;5;1;1;
202300051919;155 588 441;B01;3;7;0;2;1;16;1;
202300051919;155 588 453;A01;1;7;0;0;2;1;1;
202300051920;155 588 437;A01;1;15;3;0;1;1;1;
202300051921;155 588 439;A01;2;7;3;0;1;1;1;
202300051922;155 588 438;A01;1;7;8;0;1;1;1;
202300051923;155 588 435;A01;2;7;0;1;1;26;0;
202300051924;155 588 436;A01;1;7;16;0;3;0;0;
202300051925;155 588 432;B01;1;7;0;2;2;1;1;
202300051925;155 588 440;A01;1;7;0;2;1;1;1;
202300051926;155 588 433;A01;3;1;6;0;1;5;5;
202300051927;155 588 429;A01;3;7;0;2;8;24;1;
202300051927;155 588 434;B01;3;50;1;0;1;1;3;
202300051928;155 588 431;A01;1;7;3;0;1;14;1;
202300051929;155 588 428;A01;1;7;0;2;3;0;1;
202300051929;155 588 430;B01;2;7;0;2;3;1;1;
202300051930;155 588 427;A01;1;7;8;0;1;1;1;
202300051931;155 588 422;A01;2;7;0;1;0;0;0;
202300051932;155 588 420;A01;1;7;4;2;1;0;1;
202300051933;155 588 419;B01;3;7;0;0;0;9;0;
202300051933;155 588 426;A01;1;33;0;2;7;0;0;
202300051934;155 588 417;A01;1;32;0;2;1;0;1;
202300051934;155 588 424;B01;2;7;0;2;3;23;1;
202300051935;155 588 418;A01;1;7;0;1;4;4;1;
202300051936;155 588 416;A01;3;7;8;0;9;1;1;
202300051936;155 588 423;X01;3;7;0;2;2;14;0;
202300051937;155 588 414;A01;2;7;13;0;1;13;1;
202300051938;155 588 409;A01;1;30;0;2;2;17;0;
202300051938;155 588 413;B01;2;16;0;0;0;0;0;
202300051939;155 588 410;A01;2;7;13;0;1;1;1;
202300051940;155 588 408;A01;2;7;8;0;1;17;1;
202300051941;155 588 406;A01;1;7;0;2;8;11;1;
202300051941;155 588 411;B01;1;31;0;2;3;3;1;
202300051942;155 588 400;A01;1;7;0;2;2;12;1;
202300051942;155 588 402;B01;1;7;0;2;3;1;1;
202300051943;155 588 401;B01;2;7;0;2;5;2;2;
202300051943;155 588 407;A01;2;43;0;2;1;2;1;
202300051944;155 588 399;A01;3;7;0;2;3;16;1;
202300051944;155 588 405;B01;3;0;1;2;3;23;0;
202300051945;155 588 403;A01;3;30;0;2;0;1;1;
202300051946;155 588 396;A01;2;7;0;1;5;13;1;
202300051947;155 588 395;A01;1;33;0;2;7;17;1;
202300051947;155 588 398;B01;0;7;0;2;3;15;1;
202300051948;155 588 397;A01;1;7;0;2;1;13;1;
202300051948;155 588 404;B01;2;7;0;2;1;1;1;
202300051949;155 588 390;B01;3;1;0;2;2;1;5;
202300051949;155 588 392;A01;3;7;0;9;8;1;1;
202300051950;155 588 387;A01;1;33;0;0;0;20;1;
202300051951;155 588 391;A01;1;7;0;2;3;16;1;
202300051951;155 588 394;B01;2;7;0;2;3;23;1;
202300051952;155 588 382;A01;1;7;0;1;2;1;1;
202300051953;155 588 380;B01;1;7;0;2;5;2;1;
202300051953;155 588 383;C01;1;10;0;2;1;2;1;
202300051953;155 588 389;A01;1;33;0;2;2;2;1;
202300051954;155 588 381;A01;2;7;0;2;4;2;1;
202300051954;155 588 386;B01;2;7;0;2;1;2;1;
202300051954;155 588 393;C01;2;7;0;2;1;2;1;
202300051955;155 588 377;A01;1;7;8;0;1;1;1;
202300051956;155 588 376;A01;1;36;0;2;6;2;1;
202300051956;155 588 385;B01;1;7;0;2;5;15;1;
202300051957;155 588 375;A01;2;7;0;2;1;2;1;
202300051957;155 588 388;B01;2;7;0;2;6;0;1;
202300051958;155 588 373;A01;1;7;3;0;1;1;0;
202300051959;155 588 374;B01;1;7;0;0;5;1;1;
202300051959;155 588 378;A01;1;31;0;0;1;1;1;
202300051960;155 588 372;A01;1;7;0;1;1;1;1;
202300051961;155 588 371;A01;1;2;0;2;1;1;1;
202300051962;155 588 367;A01;2;7;8;0;9;0;1;
202300051963;155 588 366;A01;1;7;4;0;1;1;1;
202300051964;155 588 365;B01;1;33;0;2;2;2;1;
202300051964;155 588 370;A01;1;7;0;2;6;11;1;
202300051965;155 588 359;B01;1;7;0;2;9;1;2;
202300051965;155 588 369;A01;2;7;0;2;3;16;1;
202300051966;155 588 361;A01;1;7;0;2;3;9;1;
202300051966;155 588 368;B01;2;33;0;2;1;1;1;
202300051967;155 588 357;A01;3;7;0;2;8;9;3;
202300051967;155 588 362;B01;3;2;0;2;0;0;1;
202300051968;155 588 356;A01;2;7;0;2;4;23;1;
202300051968;155 588 363;B01;2;15;3;2;1;1;1;
202300051969;155 588 354;A01;2;7;3;0;1;0;1;
202300051970;155 588 352;A01;2;50;0;2;7;1;3;
202300051970;155 588 360;B01;2;7;0;2;1;1;1;
202300051971;155 588 345;A01;3;7;0;1;1;11;1;
202300051972;155 588 347;A01;1;7;0;2;3;1;1;
202300051972;155 588 358;B01;1;7;0;2;2;19;1;
202300051973;155 588 346;A01;1;7;0;2;3;13;1;
202300051973;155 588 353;B01;2;15;0;2;3;1;1;
202300051974;155 588 351;B01;2;7;0;2;1;13;1;
202300051974;155 588 355;A01;2;1;0;2;8;15;5;
202300051975;155 588 343;B01;1;7;0;2;4;1;1;
202300051975;155 588 348;A01;1;7;0;2;1;1;1;
202300051976;155 588 344;B01;1;32;0;2;1;1;1;
202300051976;155 588 350;A01;2;7;0;2;2;15;1;
202300051977;155 588 339;A01;2;7;0;2;3;2;1;
202300051977;155 588 342;B01;2;7;0;2;5;2;1;
202300051978;155 588 340;A01;3;30;0;1;1;0;1;
202300051979;155 588 338;A01;1;7;0;2;1;2;1;
202300051979;155 588 341;B01;1;2;0;2;4;2;3;
202300051980;155 588 336;A01;2;15;9;0;2;0;1;
202300051981;155 588 335;A01;3;7;0;1;2;1;1;
202300051982;155 588 332;A01;0;7;0;1;1;1;1;
202300051983;155 588 333;A01;1;7;0;1;1;2;1;
202300051984;155 588 324;A01;1;30;0;2;9;0;1;
202300051985;155 588 322;A01;2;33;0;2;8;1;1;
202300051985;155 588 327;B01;2;7;0;2;0;26;0;