Num_Acc;id_vehicule;num_veh;senc;catv;obs;obsm;choc;manv;motor;occutc
202300051986;155 588 320;A01;1;13;13;2;3;1;1;
202300051986;155 588 325;B01;1;10;13;2;3;17;1;
202300051986;155 588 329;C01;2;7;13;2;3;1;1;
202300051987;155 588 319;A01;2;7;8;0;3;14;1;
202300051987;155 588 323;B01;2;7;8;0;1;1;1;
202300051988;155 588 317;B01;2;1;0;2;1;1;5;
202300051988;155 588 321;A01;1;7;0;9;2;15;1;
202300051989;155 588 316;A01;1;32;4;0;1;1;1;
202300051990;155 588 315;A01;2;2;0;0;0;1;1;
202300051991;155 588 310;A01;1;10;0;1;0;15;1;
202300051992;155 588 308;A01;1;7;0;2;2;2;1;
202300051992;155 588 314;B01;1;7;0;2;6;1;1;
202300051992;155 588 318;C01;1;7;0;2;7;1;0;
202300051992;155 588 330;D01;1;7;0;2;6;1;1;
202300051993;155 588 306;A01;3;7;0;2;1;15;1;
202300051993;155 588 312;B01;3;32;0;2;8;1;1;
202300051994;155 588 309;A01;3;7;13;0;1;16;1;
202300051995;155 588 307;A01;1;17;6;0;1;14;1;
202300051996;155 588 304;A01;1;7;13;0;3;21;1;
202300051997;155 588 301;B01;2;30;0;2;0;0;0;
202300051997;155 588 311;A01;3;7;0;2;2;15;1;
202300051998;155 588 303;B01;2;7;0;2;4;1;1;
202300051998;155 588 313;A01;2;7;0;2;4;15;1;
202300051998;155 588 326;C01;2;7;0;2;1;1;1;
202300051998;155 588 334;D01;1;7;0;2;3;1;1;
202300051999;155 588 300;A01;2;7;0;2;5;15;1;
202300051999;155 588 305;B01;1;7;0;2;1;1;1;
202300052000;155 588 294;A01;2;7;12;0;2;1;1;
202300052001;155 588 297;A01;2;7;3;0;1;14;1;
202300052002;155 588 293;B01;3;7;0;9;2;1;1;
202300052002;155 588 299;A01;3;2;0;2;8;18;1;
202300052003;155 588 292;B01;0;50;0;2;0;19;3;
202300052003;155 588 295;A01;1;7;0;2;1;1;1;
202300052004;155 588 298;B01;2;7;0;2;1;1;0;
202300052004;155 588 302;A01;1;7;15;2;1;1;0;
202300052005;155 588 291;A01;3;30;0;2;7;2;1;
202300052005;155 588 296;B01;3;7;0;2;4;2;1;
202300052006;155 588 288;A01;3;32;0;1;1;17;1;
202300052007;155 588 289;A01;1;7;12;0;1;1;1;
202300052008;155 588 285;A01;0;2;13;0;0;1;0;
202300052009;155 588 284;A01;1;33;4;0;7;16;0;
202300052010;155 588 286;B01;1;10;0;2;5;1;1;
202300052010;155 588 290;A01;1;1;0;2;3;2;5;
202300052011;155 588 283;A01;3;7;12;0;1;11;1;
202300052011;155 588 287;B01;3;33;12;0;0;1;1;
202300052012;155 588 282;A01;1;10;0;1;1;2;0;
202300052013;155 588 280;A01;2;33;13;0;8;1;1;
202300052014;155 588 281;A01;1;7;0;0;9;1;1;
202300052015;155 588 274;A01;3;7;2;0;1;6;0;
202300052016;155 588 271;A01;2;7;0;2;8;9;1;
202300052016;155 588 276;B01;1;33;0;2;1;1;1;
202300052017;155 588 268;A01;3;7;0;2;1;15;1;
202300052017;155 588 272;B01;1;1;0;2;8;1;5;
202300052018;155 588 269;B01;1;7;0;2;7;1;1;
202300052018;155 588 279;A01;2;7;0;2;1;9;1;
202300052019;155 588 270;B01;3;10;0;2;2;1;0;
202300052019;155 588 275;A01;3;7;4;2;3;11;1;
202300052020;155 588 263;B01;2;7;0;2;2;10;1;
202300052020;155 588 273;A01;1;34;0;2;1;1;1;
202300052021;155 588 261;C01;2;7;0;2;4;1;1;
202300052021;155 588 267;B01;2;7;0;2;4;1;1;
202300052021;155 588 277;A01;2;7;0;2;1;1;1;
202300052022;155 588 260;A01;2;7;0;9;2;2;0;
202300052022;155 588 265;B01;2;80;0;0;4;2;3;
202300052023;155 588 253;A01;2;7;0;2;6;15;1;
202300052023;155 588 259;B01;2;33;0;2;1;17;1;
202300052024;155 588 252;B01;1;30;0;2;7;17;1;
202300052024;155 588 258;A01;1;7;0;2;1;15;1;
202300052025;155 588 254;A01;0;7;0;2;3;26;1;
202300052025;155 588 266;B01;0;33;0;2;7;1;1;
202300052026;155 588 250;B01;2;7;0;2;1;1;1;
202300052026;155 588 257;A01;2;34;0;2;8;15;1;
202300052027;155 588 246;A01;1;7;0;2;8;15;1;
202300052027;155 588 255;B01;1;50;0;2;1;1;3;
202300052028;155 588 247;A01;2;33;3;0;1;1;1;
202300052029;155 588 244;B01;3;7;0;2;1;9;1;
202300052029;155 588 248;A01;3;7;0;2;8;9;1;
202300052030;155 588 245;B01;3;99;0;2;8;1;1;
202300052030;155 588 256;A01;1;43;0;2;1;1;1;
202300052031;155 588 242;A01;0;33;0;0;0;0;0;
202300052032;155 588 243;B01;3;38;0;2;6;2;0;1
202300052032;155 588 249;A01;1;30;1;0;1;2;1;
202300052033;155 588 237;A01;1;7;0;2;1;2;1;
202300052033;155 588 241;B01;1;7;0;2;4;23;1;
202300052034;155 588 236;B01;3;1;0;2;7;5;5;
202300052034;155 588 240;A01;3;7;0;2;8;15;1;
202300052035;155 588 233;B01;1;10;0;2;3;1;1;
202300052035;155 588 239;A01;1;30;0;2;7;1;1;
202300052036;155 588 234;A01;3;7;0;0;9;0;1;
202300052037;155 588 230;A01;3;7;0;2;1;19;1;
202300052037;155 588 235;B01;3;43;0;2;1;19;1;
202300052038;155 588 231;B01;3;2;0;2;3;13;1;
202300052038;155 588 238;A01;2;0;0;2;8;17;0;
202300052039;155 588 229;A01;2;7;3;0;2;1;1;
202300052040;155 588 224;B01;2;33;0;2;4;1;1;
202300052040;155 588 228;A01;1;33;1;2;1;1;1;
202300052041;155 588 221;A01;1;7;0;2;2;24;2;
202300052041;155 588 226;B01;1;80;1;2;1;1;3;
202300052042;155 588 222;Y01;2;60;6;2;7;1;5;
202300052042;155 588 225;A01;2;7;6;2;1;1;1;
202300052043;155 588 223;A01;1;7;13;0;9;14;1;
202300052044;155 588 215;A01;1;7;0;2;7;17;0;
202300052044;155 588 217;B01;1;80;0;2;6;1;2;
202300052045;155 588 214;B01;1;7;0;2;1;1;1;
202300052045;155 588 220;A01;1;50;0;2;2;1;3;
202300052046;155 588 213;A01;2;7;0;2;4;23;1;
202300052046;155 588 219;B01;2;10;0;2;1;2;1;
202300052047;155 588 211;B01;1;15;0;2;3;21;1;
202300052047;155 588 216;A01;2;7;0;2;3;13;1;
202300052048;155 588 210;A01;2;10;0;1;1;1;1;
202300052049;155 588 212;B01;0;7;0;9;0;1;0;
202300052049;155 588 218;A01;1;30;0;0;0;1;1;
202300052050;155 588 206;A01;3;2;0;2;1;9;1;
202300052050;155 588 209;B01;3;14;0;2;3;1;1;
202300052051;155 588 205;A01;1;34;0;2;1;1;1;
202300052051;155 588 208;B01;1;7;0;0;8;15;1;
202300052052;155 588 201;A01;0;7;6;0;1;1;1;
202300052053;155 588 200;A01;3;7;0;2;3;9;1;
202300052053;155 588 207;B01;3;50;0;2;1;1;3;
202300052054;155 588 202;A01;1;7;6;0;2;0;1;
202300052055;155 588 196;A01;3;7;0;0;1;1;0;
202300052055;155 588 203;B01;0;7;0;2;8;0;1;
202300052056;155 588 198;A01;2;7;0;2;2;17;1;
202300052056;155 588 204;B01;2;30;0;2;8;1;1;
202300052057;155 588 192;B01;1;43;0;2;7;1;0;
202300052057;155 588 199;A01;1;7;0;2;1;9;0;
202300052058;155 588 190;A01;1;7;0;2;8;10;1;
202300052058;155 588 194;B01;1;33;0;2;1;17;1;
202300052059;155 588 187;A01;2;7;2;0;2;14;1;
202300052060;155 588 191;A01;1;7;0;2;2;19;1;
202300052060;155 588 195;B01;2;1;0;0;2;15;5;
202300052061;155 588 182;A01;3;10;0;1;0;16;1;
202300052062;155 588 184;A01;1;10;0;1;1;20;1;
202300052063;155 588 183;A01;3;50;0;2;1;19;3;
202300052063;155 588 189;B01;3;7;0;2;2;1;1;
202300052064;155 588 185;A01;1;7;0;1;1;19;1;
202300052065;155 588 186;B01;3;7;0;2;4;2;0;
202300052065;155 588 197;A01;3;7;0;2;1;2;0;
202300052066;155 588 179;C01;2;7;0;2;4;2;1;
202300052066;155 588 181;D01;2;7;0;2;1;2;1;
202300052066;155 588 188;A01;2;10;0;2;2;2;1;
202300052066;155 588 193;B01;2;7;0;2;4;2;1;
202300052067;155 588 180;A01;2;7;4;0;1;0;1;
202300052068;155 588 175;A01;1;7;0;1;2;1;1;
202300052069;155 588 171;A01;1;7;0;1;2;1;6;
202300052070;155 588 172;A01;1;7;0;2;8;0;0;
202300052070;155 588 177;B01;2;7;6;2;2;1;1;
202300052071;155 588 166;A01;3;7;0;2;1;2;1;
202300052071;155 588 174;B01;3;7;0;2;4;2;1;
202300052072;155 588 170;A01;3;30;0;1;1;19;1;
202300052073;155 588 167;A01;2;7;0;2;5;15;1;
202300052073;155 588 173;B01;1;34;0;2;1;5;1;
202300052074;155 588 165;B01;1;7;0;2;1;19;1;
202300052074;155 588 176;A01;1;7;13;2;3;1;1;
202300052075;155 588 163;A01;1;7;0;1;3;0;1;
202300052076;155 588 168;A01;2;7;0;2;8;15;1;
202300052076;155 588 178;B01;2;7;0;2;1;17;1;
202300052077;155 588 161;A01;1;7;0;2;7;12;1;
202300052077;155 588 164;C01;1;10;0;2;6;2;1;
202300052077;155 588 169;B01;1;33;0;2;8;3;1;
202300052078;155 588 160;B01;3;50;0;2;0;0;3;
202300052078;155 588 162;A01;3;7;0;2;8;0;0;
202300052079;155 588 158;A01;1;10;0;1;2;15;1;
202300052080;155 588 155;A01;1;7;0;1;4;26;0;
202300052081;155 588 151;A01;3;7;1;0;2;4;1;
202300052082;155 588 149;A01;1;80;0;0;1;1;3;
202300052083;155 588 148;B01;3;7;0;2;0;0;0;
202300052083;155 588 156;A01;3;7;0;2;1;1;1;
202300052084;155 588 144;B01;2;7;0;2;3;1;1;
202300052084;155 588 153;A01;1;7;0;2;3;15;1;
202300052085;155 588 150;B01;1;1;0;2;1;1;5;
202300052085;155 588 157;A01;2;7;0;2;3;1;1;
202300052086;155 588 146;Z01;1;99;0;9;0;26;0;
202300052086;155 588 154;A01;1;1;0;2;0;26;5;
202300052087;155 588 142;A01;1;7;13;0;2;0;1;
202300052088;155 588 141;B01;1;7;0;2;4;1;1;
202300052088;155 588 147;C01;1;7;0;2;4;2;1;
202300052088;155 588 152;A01;1;7;0;2;1;2;1;
202300052088;155 588 159;D01;1;7;0;2;4;23;1;
202300052089;155 588 138;A01;1;7;0;2;3;16;1;
202300052089;155 588 145;B01;2;32;0;2;7;1;1;
202300052090;155 588 139;B01;1;31;0;2;2;3;1;
202300052090;155 588 143;A01;1;7;0;2;8;11;1;
202300052091;155 588 137;A01;2;50;0;0;0;2;3;
202300052092;155 588 133;A01;2;7;0;2;2;1;1;
202300052092;155 588 140;B01;1;7;0;2;2;15;1;
202300052093;155 588 134;A01;2;7;0;0;1;1;1;
202300052094;155 588 132;A01;0;7;0;1;4;4;1;
202300052095;155 588 128;A01;2;33;13;0;1;15;1;
202300052096;155 588 129;A01;1;7;6;0;2;2;1;
202300052097;155 588 126;A01;2;7;0;2;3;1;2;
202300052097;155 588 135;B01;1;7;0;2;3;1;1;
202300052098;155 588 131;A01;1;30;0;1;1;1;1;
202300052099;155 588 124;A01;1;7;0;0;1;1;1;
202300052099;155 588 130;B01;2;7;0;0;4;1;1;
202300052099;155 588 136;C01;2;7;0;0;0;0;0;
202300052100;155 588 125;A01;1;50;0;1;1;1;3;
202300052101;155 588 123;A01;2;7;14;0;1;1;1;
202300052102;155 588 122;A01;1;7;0;2;8;9;1;
202300052102;155 588 127;B01;1;7;0;2;1;1;2;
202300052103;155 588 119;A01;2;10;13;9;2;2;0;
202300052104;155 588 118;A01;3;7;0;1;5;4;1;
202300052105;155 588 117;A01;3;32;11;0;1;1;1;
202300052106;155 588 116;A01;1;7;1;0;2;2;1;
202300052107;155 588 115;B01;2;33;0;2;1;2;1;
202300052107;155 588 120;A01;2;7;0;2;2;12;1;
202300052108;155 588 111;B01;2;7;0;2;6;9;1;
202300052108;155 588 121;A01;1;33;0;2;3;1;1;
202300052109;155 588 106;A01;3;32;0;2;1;1;1;
202300052109;155 588 112;B01;3;7;0;2;3;9;1;
202300052110;155 588 107;A01;1;7;0;2;7;26;1;
202300052110;155 588 113;B01;3;50;0;2;8;1;3;
202300052111;155 588 103;A01;2;7;0;2;1;1;1;
202300052111;155 588 110;B01;1;7;0;2;6;23;1;
202300052111;155 588 114;C01;1;7;0;2;1;23;1;
202300052112;155 588 109;A01;3;38;0;1;1;15;1;1
202300052113;155 588 099;B01;0;1;0;2;8;19;5;
202300052113;155 588 105;A01;0;10;0;2;1;11;0;
202300052114;155 588 096;A01;1;33;0;2;0;26;1;
202300052114;155 588 102;B01;1;10;0;2;2;2;1;
202300052115;155 588 095;B01;2;7;0;2;4;1;1;
202300052115;155 588 100;A01;2;7;0;2;1;1;1;
202300052116;155 588 098;B01;3;99;0;2;0;0;3;
202300052116;155 588 101;A01;3;7;0;2;3;1;3;
202300052117;155 588 093;A01;1;7;0;2;2;15;1;
202300052117;155 588 097;B01;1;2;0;2;1;1;1;
202300052118;155 588 090;A01;2;7;13;0;0;1;1;
202300052119;155 588 087;A01;2;7;0;2;1;13;1;
202300052119;155 588 092;B01;1;7;13;2;3;1;1;
202300052120;155 588 086;A01;1;7;3;0;2;1;1;
202300052121;155 588 088;A01;1;30;0;0;1;0;0;
202300052122;155 588 084;B01;1;1;0;2;1;1;5;
202300052122;155 588 094;A01;2;7;0;2;2;1;1;
202300052123;155 588 085;A01;2;7;0;2;0;2;1;
202300052123;155 588 089;B01;2;1;0;2;0;2;5;
202300052124;155 588 081;A01;3;7;9;0;8;22;1;
202300052125;155 588 080;A01;3;7;0;9;8;26;1;
202300052125;155 588 083;B01;3;50;0;2;1;0;3;
202300052126;155 588 079;A01;3;7;16;0;2;1;1;
202300052127;155 588 069;A01;2;7;0;1;7;21;1;
202300052128;155 588 065;A01;2;7;8;0;1;0;1;
202300052129;155 588 070;C01;1;7;0;2;4;1;1;
202300052129;155 588 076;A01;1;7;0;2;8;11;1;
202300052129;155 588 082;B01;1;31;3;2;7;1;1;
202300052130;155 588 066;A01;1;33;0;2;1;2;1;
202300052130;155 588 074;B01;1;7;0;2;6;2;1;
202300052131;155 588 068;A01;1;7;0;9;1;15;1;
202300052131;155 588 075;B01;2;50;0;2;1;1;3;
202300052132;155 588 072;B01;0;7;0;2;8;15;0;
202300052132;155 588 077;A01;0;2;0;2;7;17;1;
202300052133;155 588 063;A01;1;2;11;0;1;6;1;
202300052134;155 588 064;A01;3;7;0;2;1;2;1;
202300052134;155 588 071;B01;3;37;0;2;6;23;1;1
202300052135;155 588 061;A01;1;7;2;0;3;1;1;
202300052136;155 588 059;B01;3;7;0;2;3;1;1;
202300052136;155 588 062;A01;3;7;0;2;3;9;1;
202300052137;155 588 055;A01;3;17;0;1;8;26;1;
202300052138;155 588 051;A01;1;7;0;2;1;13;1;
202300052138;155 588 058;B01;2;7;0;2;1;1;1;
202300052139;155 588 053;A01;2;7;0;2;5;26;1;
202300052139;155 588 060;B01;2;33;0;2;1;2;1;
202300052140;155 588 049;B01;1;7;0;2;8;1;1;
202300052140;155 588 057;A01;2;33;0;2;8;13;1;
202300052141;155 588 050;B01;1;7;0;2;6;11;1;
202300052141;155 588 056;A01;1;33;0;2;1;3;1;
202300052142;155 588 048;A01;3;33;0;2;1;2;1;
202300052142;155 588 054;B01;3;33;0;2;4;2;1;
202300052143;155 588 046;A01;2;2;0;1;1;1;0;
202300052144;155 588 044;A01;1;7;0;2;2;1;1;
202300052144;155 588 047;B01;2;7;0;2;1;1;1;
202300052145;155 588 043;B01;1;7;3;2;6;1;1;
202300052145;155 588 052;A01;1;7;3;2;2;17;1;
202300052146;155 588 042;Z01;1;10;0;1;8;21;0;
202300052147;155 588 038;A01;2;33;0;2;1;3;1;
202300052147;155 588 041;B01;2;7;0;2;4;1;1;
202300052148;155 588 035;A01;0;10;0;1;1;1;1;
202300052149;155 588 032;C01;2;7;0;2;3;1;1;
202300052149;155 588 040;A01;2;10;0;2;5;15;1;
202300052149;155 588 045;B01;1;7;0;2;1;1;1;
202300052150;155 588 031;B01;1;50;0;2;5;19;3;
202300052150;155 588 036;A01;1;7;0;9;1;1;1;
202300052151;155 588 033;A01;1;7;6;0;1;1;1;
202300052152;155 588 029;A01;1;7;0;2;1;2;1;
202300052152;155 588 039;B01;-1;7;-1;2;-1;23;-1;
202300052153;155 588 027;A01;1;7;0;1;1;16;1;
202300052154;155 588 030;A01;2;7;13;0;1;1;1;
202300052155;155 588 026;A01;2;10;4;0;0;0;1;
202300052156;155 588 023;A01;0;32;0;1;1;1;1;
202300052157;155 588 024;A01;1;7;4;0;1;13;1;
202300052158;155 588 020;A01;1;7;0;0;1;1;1;
202300052159;155 588 019;A01;1;7;0;1;1;1;1;
202300052160;155 588 013;A01;1;7;0;0;4;23;1;
202300052160;155 588 018;C01;1;7;0;2;1;1;1;
202300052160;155 588 021;B01;1;10;0;2;4;23;1;
202300052161;155 588 015;A01;2;33;0;0;4;1;1;
202300052162;155 588 011;A01;1;7;0;2;2;12;1;
202300052162;155 588 014;B01;1;33;0;2;3;3;1;
202300052163;155 588 010;A01;2;7;0;2;1;26;6;
202300052164;155 588 008;A01;3;7;0;2;1;1;1;
202300052164;155 588 016;B01;3;1;0;2;8;1;5;
202300052165;155 588 006;A01;3;7;0;1;1;1;1;
202300052166;155 588 004;A01;2;7;0;2;2;2;1;
202300052166;155 588 009;B01;2;36;0;2;4;2;1;
202300052166;155 588 012;C01;2;7;0;2;8;2;1;
202300052167;155 588 002;B01;1;30;0;2;1;1;1;
202300052167;155 588 007;A01;2;7;0;2;7;15;1;
202300052168;155 587 999;A01;1;10;0;2;1;2;3;
202300052168;155 588 001;B01;1;7;0;2;4;2;1;
202300052169;155 587 996;B01;1;7;0;2;3;1;1;
202300052169;155 588 003;A01;2;7;0;2;3;13;1;
202300052170;155 587 989;A01;0;7;0;2;2;15;1;
202300052171;155 587 995;A01;3;7;8;2;1;9;1;
202300052171;155 587 997;B01;3;1;0;2;4;1;5;
202300052172;155 587 994;A01;3;7;0;2;3;1;1;
202300052172;155 587 998;B01;2;7;0;2;2;1;1;
202300052173;155 587 993;C01;1;7;0;2;8;23;1;
202300052173;155 588 000;A01;1;7;0;2;1;9;1;
202300052173;155 588 005;B01;1;7;0;2;1;21;1;
202300052174;155 587 986;A01;0;2;0;2;1;26;1;
202300052174;155 587 990;B01;2;7;0;2;3;1;1;
202300052175;155 587 987;A01;1;7;0;2;3;1;1;
202300052175;155 587 992;B01;2;7;0;2;3;1;1;
202300052176;155 587 985;A01;2;15;0;2;1;2;0;
202300052176;155 587 988;B01;2;7;0;2;4;2;0;
202300052177;155 587 984;A01;3;2;0;2;1;15;1;
202300052177;155 587 991;B01;3;7;0;2;2;1;1;
202300052178;155 587 978;A01;1;7;0;2;8;26;1;
202300052178;155 587 982;B01;3;80;0;2;1;1;3;
202300052179;155 587 975;A01;3;7;12;0;2;9;1;
202300052180;155 587 973;B01;2;31;0;2;1;1;1;
202300052180;155 587 981;A01;1;7;0;2;2;15;1;
202300052181;155 587 976;B01;1;1;0;2;6;1;5;
202300052181;155 587 980;A01;1;7;0;2;1;1;1;
202300052182;155 587 977;A01;2;1;0;2;1;26;5;
202300052182;155 587 983;B01;2;10;0;9;3;15;1;
202300052183;155 587 974;A01;1;7;4;2;7;14;1;
202300052184;155 587 972;A01;2;7;3;2;1;2;2;
202300052184;155 587 979;B01;2;10;3;2;4;1;1;
202300052185;155 587 967;A01;1;7;0;2;1;13;0;
202300052185;155 587 970;B01;2;14;0;2;1;1;0;
202300052186;155 587 968;A01;2;7;0;2;3;1;1;
202300052186;155 587 971;B01;2;2;0;2;5;15;1;
202300052187;155 587 964;A01;1;33;0;2;7;1;1;
202300052187;155 587 969;B01;1;7;0;2;8;15;2;
202300052188;155 587 960;A01;1;10;0;1;6;4;1;
202300052189;155 587 959;B01;1;7;3;2;7;1;1;
202300052189;155 587 965;A01;1;7;0;2;1;11;1;
202300052190;155 587 958;A01;1;7;0;2;8;9;2;
202300052190;155 587 963;B01;1;80;0;2;1;1;3;
202300052191;155 587 956;B01;2;7;0;2;2;1;1;
202300052191;155 587 966;A01;3;1;0;2;7;15;5;
202300052192;155 587 954;A01;1;7;0;2;1;1;1;
202300052192;155 587 961;B01;1;7;0;2;4;1;1;
202300052193;155 587 952;A01;2;7;0;1;1;17;1;
202300052194;155 587 948;C01;1;7;0;0;4;23;0;
202300052194;155 587 953;B01;1;7;0;0;4;23;0;
202300052194;155 587 957;A01;1;7;0;0;0;1;0;
202300052195;155 587 950;C01;2;7;0;2;3;1;1;
202300052195;155 587 955;B01;2;7;0;2;1;2;1;
202300052195;155 587 962;A01;1;7;0;2;3;1;1;
202300052196;155 587 946;A01;3;7;0;2;0;22;1;
202300052196;155 587 951;B01;2;1;0;0;0;1;5;
202300052197;155 587 947;A01;3;37;0;1;8;1;1;1
202300052198;155 587 942;A01;2;7;15;0;0;1;1;
202300052199;155 587 941;A01;1;7;0;1;1;1;1;
202300052200;155 587 939;A01;2;33;0;1;1;2;1;
202300052201;155 587 938;B01;2;7;0;2;4;1;1;
202300052201;155 587 940;C01;2;7;0;2;4;0;2;
202300052201;155 587 945;A01;2;7;0;2;1;1;1;
202300052201;155 587 949;D01;2;7;0;2;1;1;1;
202300052202;155 587 937;B01;1;1;0;2;1;1;5;
202300052202;155 587 944;A01;1;14;0;2;2;16;1;
202300052203;155 587 936;A01;2;7;0;1;1;1;1;
202300052204;155 587 934;B01;1;7;0;2;2;1;1;
202300052204;155 587 943;A01;1;7;0;2;3;1;2;
202300052205;155 587 933;A01;1;7;0;1;3;1;1;
202300052206;155 587 932;B01;3;37;0;2;5;1;1;1
202300052206;155 587 935;A01;3;50;0;2;1;1;3;
202300052207;155 587 930;A01;1;1;0;0;1;21;5;
202300052208;155 587 928;A01;2;7;0;2;1;1;1;
202300052208;155 587 931;B01;1;7;0;2;1;1;1;
202300052209;155 587 926;A01;1;7;13;0;9;13;1;
202300052210;155 587 925;B01;2;7;0;2;4;2;1;
202300052210;155 587 929;A01;2;32;4;2;2;2;1;
202300052211;155 587 922;A01;3;10;0;2;7;17;1;
202300052211;155 587 927;B01;3;2;0;2;8;2;1;
202300052212;155 587 919;B01;2;7;3;2;1;1;0;
202300052212;155 587 923;A01;1;7;0;2;1;1;0;
202300052213;155 587 918;A01;1;80;0;2;2;1;3;
202300052213;155 587 924;B01;1;7;0;2;3;1;1;
202300052214;155 587 917;A01;2;10;0;2;3;9;1;
202300052214;155 587 920;B01;2;50;0;2;7;1;3;
202300052215;155 587 916;A01;1;7;0;2;2;14;1;
202300052215;155 587 921;B01;1;30;0;2;8;1;1;
202300052216;155 587 910;A01;1;7;13;0;9;13;1;
202300052217;155 587 912;A01;2;33;0;0;0;16;1;
202300052218;155 587 908;B01;1;7;0;2;4;2;1;
202300052218;155 587 913;A01;1;7;0;2;1;2;1;
202300052219;155 587 909;A01;1;7;0;2;5;9;2;
202300052219;155 587 915;B01;1;32;0;2;1;1;1;
202300052220;155 587 911;A01;0;7;0;1;1;1;1;
202300052221;155 587 906;A01;2;7;0;1;7;1;1;
202300052222;155 587 902;A01;2;7;0;9;7;15;1;
202300052222;155 587 907;B01;1;2;0;2;1;1;1;
202300052223;155 587 899;A01;1;7;0;1;2;19;1;
202300052224;155 587 895;A01;2;13;0;2;4;23;1;
202300052224;155 587 900;B01;2;14;1;0;1;2;1;
202300052225;155 587 896;A01;3;7;0;2;3;1;0;
202300052225;155 587 903;B01;3;50;0;2;1;1;3;
202300052226;155 587 897;A01;2;2;0;2;1;2;1;
202300052226;155 587 901;B01;2;7;0;2;4;2;1;
202300052227;155 587 904;A01;1;7;0;2;2;9;1;
202300052227;155 587 914;B01;1;2;0;2;7;17;3;
202300052228;155 587 894;A01;2;7;1;0;2;1;1;
202300052229;155 587 892;B01;1;7;0;2;0;1;1;
202300052229;155 587 905;A01;1;7;0;2;0;16;1;
202300052230;155 587 888;A01;1;7;0;1;3;1;1;
202300052231;155 587 893;A01;2;7;0;2;2;16;1;
202300052231;155 587 898;B01;2;2;0;2;1;18;1;
202300052232;155 587 887;A01;1;10;0;2;1;9;1;
202300052232;155 587 891;B01;2;31;0;2;7;1;1;
202300052233;155 587 886;B01;0;10;0;2;3;0;1;
202300052233;155 587 890;A01;0;7;0;2;3;5;1;
202300052234;155 587 882;A01;0;30;0;2;6;2;1;
202300052234;155 587 889;B01;0;7;0;2;2;20;1;
202300052235;155 587 885;A01;2;2;0;0;0;3;1;
202300052236;155 587 880;A01;2;7;0;2;7;19;1;
202300052236;155 587 884;B01;1;33;0;2;1;1;1;
202300052237;155 587 877;A01;2;33;0;0;8;26;1;
202300052238;155 587 878;A01;1;7;0;2;2;14;1;
202300052238;155 587 883;B01;1;31;0;2;1;2;1;
202300052239;155 587 876;B01;2;7;0;2;3;1;1;
202300052239;155 587 881;A01;2;7;0;2;1;13;1;
202300052240;155 587 871;B01;2;80;0;2;7;1;3;
202300052240;155 587 879;A01;3;7;0;2;3;15;1;
202300052241;155 587 870;B01;2;50;0;2;7;19;3;
202300052241;155 587 874;A01;1;7;0;9;3;1;1;
202300052242;155 587 869;B01;1;1;0;2;3;1;5;
202300052242;155 587 875;A01;1;7;0;2;5;16;1;
202300052243;155 587 868;A01;1;7;0;2;3;13;1;
202300052243;155 587 872;B01;2;7;0;2;3;1;1;
202300052244;155 587 866;A01;2;7;0;2;5;22;2;
202300052244;155 587 873;B01;2;30;0;0;8;18;3;
202300052245;155 587 863;A01;1;7;0;0;1;1;1;
202300052245;155 587 867;B01;1;7;0;0;4;2;1;
202300052246;155 587 862;A01;3;7;0;2;1;11;1;
202300052246;155 587 865;B01;3;7;0;2;1;0;1;
202300052247;155 587 860;A01;3;7;4;0;3;13;1;
202300052248;155 587 856;B01;2;7;0;9;8;0;1;
202300052248;155 587 864;A01;2;1;0;2;1;19;5;
202300052249;155 587 857;A01;1;33;0;2;1;2;1;
202300052249;155 587 861;B01;1;7;1;0;2;2;1;
202300052250;155 587 858;A01;2;33;7;0;7;3;1;
202300052251;155 587 855;A01;0;2;0;2;1;0;1;
202300052251;155 587 859;B01;0;2;0;2;1;0;1;
202300052252;155 587 849;A01;3;10;12;0;4;1;0;
202300052252;155 587 854;B01;3;2;0;2;1;1;1;
202300052253;155 587 848;A01;3;2;0;2;8;26;1;
202300052253;155 587 852;B01;3;7;0;2;1;1;1;
202300052254;155 587 847;A01;0;7;0;2;1;1;1;
202300052254;155 587 851;B01;0;1;0;2;1;19;5;
202300052255;155 587 853;A01;3;1;1;0;2;14;5;
202300052256;155 587 844;A01;2;7;0;2;7;15;2;
202300052256;155 587 850;B01;1;7;0;2;1;1;1;
202300052257;155 587 841;B01;1;7;0;2;1;1;1;
202300052257;155 587 846;A01;2;3;0;2;7;15;2;
202300052258;155 587 838;A01;2;7;0;2;1;16;1;
202300052258;155 587 842;B01;1;7;0;2;4;23;1;
202300052259;155 587 839;A01;0;33;0;2;1;18;1;
202300052259;155 587 843;B01;0;7;0;2;2;16;1;
202300052260;155 587 840;A01;1;30;0;2;1;1;1;
202300052260;155 587 845;Z01;2;2;0;2;1;1;0;
202300052261;155 587 834;B01;1;14;0;0;6;1;1;
202300052261;155 587 836;A01;1;7;0;2;3;3;2;
202300052262;155 587 831;A01;0;7;0;2;0;0;0;
202300052262;155 587 837;B01;0;2;0;2;0;0;1;
202300052263;155 587 832;A01;2;7;1;0;1;1;1;
202300052264;155 587 828;B01;2;7;0;2;0;0;1;
202300052264;155 587 830;A01;1;7;0;2;3;13;1;
202300052265;155 587 827;A01;3;7;0;2;1;13;1;