Num_Acc;id_vehicule;num_veh;senc;catv;obs;obsm;choc;manv;motor;occutc
202300052841;155 586 818;A01;1;80;0;1;5;1;3;
202300052842;155 586 816;C01;1;7;0;2;3;1;1;
202300052842;155 586 819;B01;1;7;0;2;2;1;1;
202300052842;155 586 821;A01;2;7;0;2;3;13;1;
202300052843;155 586 817;A01;2;33;0;2;8;3;1;
202300052843;155 586 820;C01;2;7;0;0;8;1;1;
202300052843;155 586 822;B01;2;7;0;0;7;12;1;
202300052844;155 586 815;A01;2;33;1;0;1;1;1;
202300052845;155 586 811;B01;1;38;0;2;3;1;4;2
202300052845;155 586 812;A01;2;7;0;2;1;13;1;
202300052845;155 586 814;C01;2;10;0;2;1;1;1;
202300052846;155 586 810;A01;2;7;8;0;1;2;1;
202300052847;155 586 808;C01;2;7;0;2;1;2;1;
202300052847;155 586 809;A01;2;7;0;2;4;23;1;
202300052847;155 586 813;B01;2;7;0;2;4;23;0;
202300052848;155 586 806;A01;2;7;0;1;2;1;1;
202300052849;155 586 807;A01;1;7;0;1;2;16;1;
202300052850;155 586 805;A01;2;32;0;1;0;0;0;
202300052851;155 586 803;A01;1;7;0;1;1;2;1;
202300052852;155 586 802;A01;2;2;0;2;1;1;1;
202300052852;155 586 804;B01;2;7;0;2;5;23;1;
202300052853;155 586 800;B01;2;7;0;2;8;15;0;
202300052853;155 586 801;A01;2;7;0;2;1;1;0;
202300052854;155 586 797;B01;1;10;0;2;1;1;1;
202300052854;155 586 798;A01;2;7;7;2;2;9;1;
202300052855;155 586 796;A01;2;10;0;2;2;1;1;
202300052855;155 586 799;B01;2;7;0;2;1;1;2;
202300052856;155 586 794;A01;1;15;0;0;0;1;1;
202300052857;155 586 792;A01;1;37;0;1;2;1;6;1
202300052858;155 586 793;B01;3;7;0;2;2;16;1;
202300052858;155 586 795;A01;3;30;0;2;1;18;1;
202300052859;155 586 791;A01;1;7;1;0;1;1;1;
202300052860;155 586 790;A01;1;10;0;1;3;1;1;
202300052861;155 586 789;A01;3;7;0;1;1;26;0;
202300052862;155 586 787;A01;1;7;0;2;1;2;1;
202300052863;155 586 785;A01;1;3;0;2;1;13;1;
202300052863;155 586 786;B01;2;10;0;2;1;1;1;
202300052864;155 586 781;B01;1;2;0;2;7;21;1;
202300052864;155 586 783;Y01;1;10;0;2;7;2;0;
202300052864;155 586 788;A01;1;10;0;2;8;20;1;
202300052865;155 586 780;A01;2;33;0;2;1;3;1;
202300052865;155 586 782;B01;2;14;0;2;6;1;0;
202300052865;155 586 784;C01;2;7;0;2;5;1;1;
202300052866;155 586 777;A01;1;7;0;1;2;1;1;
202300052867;155 586 778;A01;3;1;0;2;7;1;5;
202300052867;155 586 779;B01;0;7;0;9;3;26;0;
202300052868;155 586 772;A01;2;7;0;2;1;2;1;
202300052868;155 586 774;B01;2;7;0;2;4;2;1;
202300052869;155 586 773;A01;1;7;2;0;1;26;1;
202300052869;155 586 776;B01;1;33;0;2;1;1;1;
202300052870;155 586 769;B01;3;7;0;2;5;2;1;
202300052870;155 586 771;A01;3;7;0;2;2;2;1;
202300052871;155 586 768;A01;1;7;14;0;1;2;1;
202300052871;155 586 770;B01;1;7;0;2;4;23;0;
202300052871;155 586 775;C01;1;7;0;2;5;1;0;
202300052872;155 586 765;A01;1;7;0;2;5;15;1;
202300052872;155 586 767;B01;2;30;0;2;1;1;1;
202300052873;155 586 763;A01;1;33;0;2;5;1;1;
202300052873;155 586 764;B01;1;7;0;2;6;11;1;
202300052874;155 586 762;A01;3;7;0;2;2;19;1;
202300052874;155 586 766;B01;1;7;0;2;1;1;1;
202300052875;155 586 759;B01;1;7;0;2;1;1;1;
202300052875;155 586 761;A01;2;7;0;2;2;15;0;
202300052876;155 586 758;B01;1;7;0;0;6;26;1;
202300052876;155 586 760;A01;1;33;0;2;1;26;1;
202300052877;155 586 757;A01;2;7;0;1;3;1;1;
202300052878;155 586 755;A01;2;7;3;0;1;2;1;
202300052879;155 586 754;A01;1;7;0;2;7;2;1;
202300052879;155 586 756;B01;1;50;0;2;8;2;3;
202300052880;155 586 752;A01;1;37;0;1;2;9;0;1
202300052881;155 586 750;A01;0;33;0;1;1;0;1;
202300052882;155 586 749;A01;2;7;0;0;3;15;1;
202300052882;155 586 751;B01;1;32;0;2;1;0;1;
202300052882;155 586 753;C01;0;7;0;0;8;23;1;
202300052883;155 586 747;A01;1;7;0;2;2;1;1;
202300052883;155 586 748;B01;2;1;0;2;6;1;5;
202300052884;155 586 745;A01;1;7;0;2;8;24;1;
202300052884;155 586 746;B01;1;50;1;0;1;1;3;
202300052885;155 586 743;B01;2;2;0;2;2;0;1;
202300052885;155 586 744;A01;2;7;0;2;8;11;1;
202300052886;155 586 740;A01;1;33;0;2;1;17;1;
202300052886;155 586 742;B01;2;7;0;2;3;0;1;
202300052887;155 586 739;A01;1;7;0;2;3;15;1;
202300052887;155 586 741;B01;2;30;0;2;1;1;1;
202300052888;155 586 737;A01;1;33;12;0;1;0;1;
202300052889;155 586 736;B01;1;7;0;2;8;15;1;
202300052889;155 586 738;A01;3;33;0;2;1;1;1;
202300052890;155 586 732;A01;1;32;0;2;1;2;1;
202300052890;155 586 733;B01;1;10;0;2;4;1;1;
202300052891;155 586 730;A01;1;37;0;2;8;1;1;1
202300052891;155 586 731;B01;3;1;0;2;7;1;5;
202300052892;155 586 734;A01;3;17;0;2;1;1;0;
202300052892;155 586 735;B01;3;7;0;2;4;1;0;
202300052893;155 586 728;A01;0;7;0;2;1;26;1;
202300052893;155 586 729;B01;0;7;0;2;4;0;1;
202300052894;155 586 726;A01;1;7;8;2;1;2;1;
202300052894;155 586 727;B01;1;13;0;0;0;0;1;
202300052895;155 586 725;A01;2;7;2;0;0;1;1;
202300052896;155 586 724;A01;1;7;4;0;3;13;1;
202300052897;155 586 722;B01;2;7;0;2;4;1;1;
202300052897;155 586 723;A01;2;7;0;2;1;2;1;
202300052898;155 586 721;A01;1;7;3;0;3;21;3;
202300052899;155 586 720;A01;1;7;4;2;8;13;1;
202300052900;155 586 719;A01;1;7;0;1;1;1;1;
202300052901;155 586 718;A01;1;7;0;1;1;1;1;
202300052902;155 586 717;A01;1;40;0;1;3;26;3;
202300052903;155 586 716;A01;3;7;0;1;1;1;1;
202300052904;155 586 713;B01;1;7;0;2;7;1;2;
202300052904;155 586 715;A01;1;7;0;2;1;1;1;
202300052905;155 586 712;A01;1;7;0;2;2;13;1;
202300052905;155 586 714;B01;2;7;0;2;3;1;1;
202300052906;155 586 711;A01;1;7;0;0;1;26;1;
202300052907;155 586 709;B01;1;7;0;2;6;1;1;
202300052907;155 586 710;A01;1;7;4;2;9;26;1;
202300052908;155 586 706;A01;1;0;0;2;2;1;0;
202300052908;155 586 708;B01;1;1;0;2;4;1;5;
202300052909;155 586 704;A01;3;21;16;0;0;1;1;
202300052910;155 586 703;A01;2;7;0;2;1;1;1;
202300052910;155 586 705;B01;1;7;1;2;1;1;1;
202300052911;155 586 702;A01;3;7;0;2;7;19;1;
202300052911;155 586 707;B01;3;7;0;2;0;1;1;
202300052912;155 586 700;A01;2;7;0;1;1;16;1;
202300052913;155 586 699;B01;1;7;0;2;1;13;1;
202300052913;155 586 701;A01;2;7;0;2;3;1;1;
202300052914;155 586 695;B01;1;33;0;2;1;17;1;
202300052914;155 586 698;A01;1;10;0;2;3;15;1;
202300052915;155 586 694;B01;1;7;0;2;7;12;1;
202300052915;155 586 697;A01;1;43;0;2;8;3;1;
202300052916;155 586 691;A01;1;7;15;0;3;26;2;
202300052917;155 586 690;B01;1;7;0;2;4;1;1;
202300052917;155 586 692;A01;1;7;0;2;1;1;1;
202300052918;155 586 689;A01;1;7;2;0;2;14;1;
202300052919;155 586 686;B01;2;7;0;2;6;1;1;
202300052919;155 586 687;A01;1;30;3;2;8;17;1;
202300052920;155 586 684;B01;1;1;0;0;6;1;5;
202300052920;155 586 685;A01;1;7;0;9;2;17;1;
202300052921;155 586 681;B01;1;1;0;2;1;1;5;
202300052921;155 586 683;A01;2;7;0;2;8;19;1;
202300052922;155 586 680;A01;1;2;0;6;2;1;1;
202300052923;155 586 682;B01;1;33;0;2;1;1;1;
202300052923;155 586 688;A01;1;31;0;2;2;1;1;
202300052924;155 586 679;A01;1;7;0;0;8;1;1;
202300052925;155 586 677;A01;2;33;0;2;2;17;1;
202300052925;155 586 678;B01;2;7;0;2;6;1;1;
202300052926;155 586 675;A01;1;38;0;1;1;1;1;2
202300052927;155 586 676;A01;1;2;0;0;8;15;1;
202300052928;155 586 671;A01;1;1;0;2;1;13;5;
202300052928;155 586 673;B01;2;7;0;9;3;1;1;
202300052929;155 586 669;A01;2;1;0;2;6;15;5;
202300052929;155 586 672;B01;2;50;0;2;1;17;3;
202300052930;155 586 670;A01;1;7;0;2;3;15;1;
202300052930;155 586 674;B01;1;7;0;2;1;1;1;
202300052931;155 586 665;B01;2;1;0;2;8;1;5;
202300052931;155 586 667;A01;1;7;0;0;8;15;1;
202300052932;155 586 666;B01;1;7;0;2;3;1;1;
202300052932;155 586 668;A01;2;7;0;2;1;1;1;
202300052933;155 586 664;A01;1;1;7;1;1;21;5;
202300052934;155 586 660;A01;2;7;0;2;1;17;0;
202300052934;155 586 662;B01;1;7;0;2;1;1;1;
202300052935;155 586 661;B01;2;7;0;2;4;1;1;
202300052935;155 586 663;A01;2;7;0;2;1;2;1;
202300052936;155 586 658;A01;2;33;0;2;6;15;1;
202300052936;155 586 659;B01;2;14;0;2;2;1;1;
202300052937;155 586 656;B01;3;1;0;2;7;1;5;
202300052937;155 586 657;A01;1;7;0;2;3;9;3;
202300052938;155 586 655;A01;3;7;8;0;1;1;1;
202300052939;155 586 653;A01;2;1;0;1;1;1;5;
202300052940;155 586 651;A01;1;7;1;0;1;2;1;
202300052940;155 586 654;B01;1;7;0;2;4;23;1;
202300052941;155 586 650;A01;2;17;0;0;7;1;1;
202300052942;155 586 648;A01;2;50;0;0;0;1;3;
202300052943;155 586 646;A01;3;10;0;9;5;2;1;
202300052943;155 586 649;B01;3;1;0;2;8;1;5;
202300052944;155 586 644;A01;3;7;0;1;1;0;1;
202300052945;155 586 647;A01;2;7;0;1;1;9;1;
202300052946;155 586 642;Z01;2;7;0;2;7;15;1;
202300052946;155 586 643;B01;1;2;0;2;1;1;1;
202300052947;155 586 639;B01;2;31;0;2;1;2;1;
202300052947;155 586 641;A01;1;7;0;2;2;15;1;
202300052948;155 586 635;B01;1;7;13;2;0;1;1;
202300052948;155 586 638;A01;1;7;13;0;0;17;1;
202300052949;155 586 633;A01;1;7;0;2;2;0;4;
202300052949;155 586 636;B01;2;7;0;2;3;5;1;
202300052950;155 586 634;A01;3;7;0;2;1;19;1;
202300052950;155 586 640;B01;2;2;0;2;1;1;1;
202300052951;155 586 632;A01;2;7;0;2;4;2;2;
202300052951;155 586 637;B01;2;7;0;2;1;2;1;
202300052952;155 586 626;A01;3;7;0;2;3;22;1;
202300052952;155 586 630;B01;3;1;0;0;0;0;5;
202300052953;155 586 627;A01;1;7;0;2;0;0;1;
202300052953;155 586 631;B01;2;7;0;2;1;1;1;
202300052954;155 586 623;A01;1;7;0;2;1;9;1;
202300052954;155 586 629;B01;1;2;0;2;3;1;1;
202300052955;155 586 624;A01;2;7;0;2;3;15;1;
202300052955;155 586 628;B01;1;2;0;2;1;1;1;
202300052956;155 586 622;A01;1;7;0;1;2;1;1;
202300052957;155 586 620;A01;3;7;0;2;3;15;1;
202300052957;155 586 625;B01;3;1;0;2;7;1;5;
202300052958;155 586 617;B01;2;7;0;2;2;2;0;
202300052958;155 586 621;A01;2;7;0;2;1;2;1;
202300052959;155 586 619;A01;2;7;4;0;1;1;1;
202300052960;155 586 613;B01;2;32;0;2;2;17;1;
202300052960;155 586 615;A01;1;7;0;2;3;15;1;
202300052961;155 586 611;C01;2;7;0;2;1;1;1;
202300052961;155 586 616;A01;1;7;9;2;3;5;1;
202300052961;155 586 618;B01;2;30;0;2;1;1;1;
202300052962;155 586 612;B01;2;33;0;2;6;2;1;
202300052962;155 586 614;A01;2;7;0;2;8;1;1;
202300052963;155 586 608;A01;3;10;0;2;4;4;1;
202300052963;155 586 610;B01;3;1;0;2;1;23;5;
202300052964;155 586 606;B01;1;1;0;2;2;1;5;
202300052964;155 586 607;A01;2;7;0;2;3;9;1;
202300052965;155 586 601;A01;3;7;0;2;0;0;1;
202300052965;155 586 605;B01;3;33;0;2;1;17;1;
202300052966;155 586 603;A01;1;7;0;2;3;9;1;
202300052966;155 586 609;B01;2;33;0;0;7;1;1;
202300052967;155 586 600;A01;1;1;0;2;4;13;5;
202300052967;155 586 602;B01;1;33;0;2;1;1;1;
202300052968;155 586 599;A01;1;7;2;0;1;13;2;
202300052969;155 586 597;A01;3;34;0;1;1;26;1;
202300052970;155 586 595;A01;2;7;1;0;9;14;1;
202300052971;155 586 594;B01;2;2;0;2;1;1;1;
202300052971;155 586 596;A01;2;7;0;2;3;9;1;
202300052972;155 586 598;A01;1;7;0;2;4;11;1;
202300052972;155 586 604;B01;1;33;0;2;1;3;1;
202300052973;155 586 588;A01;3;7;0;2;2;15;1;
202300052973;155 586 592;B01;2;1;0;2;1;1;0;
202300052974;155 586 586;A01;3;7;0;2;1;1;2;
202300052974;155 586 593;B01;3;10;0;2;7;1;1;
202300052975;155 586 585;A01;1;7;0;2;2;15;1;
202300052975;155 586 590;B01;2;33;0;2;1;1;1;
202300052976;155 586 583;B01;1;7;3;2;4;1;1;
202300052976;155 586 589;A01;1;7;3;2;1;1;1;
202300052977;155 586 576;B01;1;33;0;2;1;1;1;
202300052977;155 586 581;A01;1;7;0;2;1;9;1;
202300052978;155 586 580;C01;2;7;0;2;2;1;1;
202300052978;155 586 587;A01;1;7;13;2;8;1;1;
202300052978;155 586 591;B01;2;7;0;2;1;1;1;
202300052979;155 586 575;B01;1;7;0;2;2;2;1;
202300052979;155 586 578;A01;2;7;0;2;3;16;1;
202300052980;155 586 577;A01;2;34;0;2;1;1;1;
202300052980;155 586 582;B01;1;1;0;2;8;15;0;
202300052981;155 586 573;A01;1;7;0;2;8;1;2;
202300052981;155 586 579;Z01;0;7;0;2;1;26;1;
202300052982;155 586 572;A01;2;7;0;2;6;1;1;
202300052983;155 586 571;A01;3;33;0;2;8;0;1;
202300052984;155 586 567;A01;2;7;0;2;2;1;0;
202300052984;155 586 569;B01;2;7;0;2;3;1;1;
202300052985;155 586 565;A01;3;3;0;9;2;16;1;
202300052985;155 586 566;B01;0;1;0;2;8;1;5;
202300052986;155 586 562;A01;0;30;0;1;2;3;1;
202300052987;155 586 564;A01;2;7;0;2;1;1;1;
202300052987;155 586 570;B01;0;1;0;2;8;25;5;
202300052988;155 586 559;A01;2;10;0;2;4;14;1;
202300052988;155 586 563;B01;2;1;0;2;1;2;5;
202300052989;155 586 558;A01;1;50;0;2;1;1;3;
202300052989;155 586 561;B01;1;7;0;2;6;15;3;
202300052990;155 586 556;A01;1;10;0;1;7;1;1;
202300052991;155 586 560;A01;2;7;0;2;1;1;1;
202300052991;155 586 568;B01;2;7;0;2;4;1;1;
202300052991;155 586 574;C01;2;7;0;2;4;1;1;
202300052991;155 586 584;D01;2;7;0;2;4;1;1;
202300052992;155 586 555;A01;1;7;6;0;1;17;1;
202300052993;155 586 553;A01;1;14;13;0;1;1;1;
202300052994;155 586 550;A01;1;50;0;1;1;1;3;
202300052995;155 586 551;A01;3;33;14;0;1;11;0;
202300052995;155 586 554;C01;3;7;14;0;0;0;0;
202300052995;155 586 557;B01;3;7;15;0;0;0;0;
202300052996;155 586 547;B01;1;1;0;2;7;19;5;
202300052996;155 586 552;A01;2;7;0;2;1;19;1;
202300052997;155 586 548;A01;1;2;12;0;1;26;3;
202300052998;155 586 544;A01;2;7;0;2;1;2;1;
202300052998;155 586 549;B01;2;10;0;2;4;2;1;
202300052999;155 586 542;A01;2;10;0;1;4;4;1;
202300053000;155 586 543;A01;2;7;0;2;3;1;1;
202300053000;155 586 546;B01;1;1;0;2;3;1;5;
202300053001;155 586 540;A01;1;7;1;2;2;1;1;
202300053001;155 586 545;B01;1;33;1;2;1;1;1;
202300053002;155 586 538;A01;1;7;2;0;1;14;1;
202300053003;155 586 539;A01;3;7;0;1;1;1;0;
202300053004;155 586 535;A01;1;7;0;1;1;2;1;
202300053005;155 586 532;B01;2;37;0;2;1;1;1;1
202300053005;155 586 536;A01;1;7;0;2;1;11;1;
202300053006;155 586 534;B01;2;7;0;2;3;2;0;
202300053006;155 586 537;A01;2;7;0;2;2;12;2;
202300053006;155 586 541;C01;2;7;0;2;2;2;1;
202300053007;155 586 528;A01;3;7;0;1;3;1;1;
202300053008;155 586 529;A01;2;10;13;0;2;14;1;
202300053009;155 586 526;A01;1;7;0;2;3;2;1;
202300053009;155 586 531;B01;1;7;0;2;5;1;0;
202300053010;155 586 523;B01;2;7;0;2;4;11;1;
202300053010;155 586 527;A01;2;34;0;2;1;3;1;
202300053011;155 586 520;B01;3;7;0;2;1;1;1;
202300053011;155 586 525;A01;3;7;0;2;8;19;1;
202300053012;155 586 522;A01;3;7;0;1;1;15;0;
202300053013;155 586 515;A01;3;2;0;2;5;19;1;
202300053013;155 586 521;B01;3;7;0;2;1;1;1;
202300053014;155 586 518;A01;1;43;14;0;1;3;1;
202300053014;155 586 524;B01;1;7;0;2;6;23;1;
202300053015;155 586 513;A01;1;7;0;2;1;2;1;
202300053015;155 586 516;B01;1;7;0;2;4;2;1;
202300053016;155 586 514;B01;2;7;0;2;4;2;1;
202300053016;155 586 517;A01;2;13;0;2;1;2;1;
202300053017;155 586 512;A01;1;2;0;2;6;1;1;
202300053017;155 586 519;B01;1;2;0;2;0;1;1;
202300053018;155 586 508;A01;2;10;0;1;1;1;1;
202300053019;155 586 506;A01;3;7;0;2;1;2;1;
202300053019;155 586 509;C01;3;7;0;2;4;23;1;
202300053019;155 586 511;B01;3;7;0;2;4;23;1;
202300053020;155 586 503;A01;2;7;4;2;1;2;2;
202300053020;155 586 507;B01;2;7;0;2;4;1;1;
202300053020;155 586 510;C01;2;7;0;2;6;1;2;
202300053021;155 586 502;A01;1;7;0;1;2;15;0;
202300053022;155 586 501;A01;2;7;0;2;2;12;0;
202300053022;155 586 505;B01;2;43;0;2;3;3;1;
202300053023;155 586 500;A01;1;33;0;2;1;17;1;
202300053023;155 586 504;B01;1;7;0;2;3;15;1;
202300053024;155 586 498;A01;2;7;0;1;1;1;1;
202300053025;155 586 496;A01;3;33;0;0;2;13;0;
202300053026;155 586 495;A01;1;7;0;1;3;16;2;
202300053027;155 586 494;B01;2;7;0;2;1;1;1;
202300053027;155 586 497;A01;1;7;0;2;1;13;1;
202300053028;155 586 492;B01;1;7;0;2;8;1;1;
202300053028;155 586 499;A01;2;7;0;2;3;13;1;
202300053029;155 586 490;A01;1;32;14;0;1;14;1;
202300053030;155 586 487;A01;0;10;0;1;1;1;1;
202300053031;155 586 484;A01;1;10;0;2;7;12;1;
202300053031;155 586 488;C01;1;10;0;2;4;1;1;
202300053031;155 586 491;B01;1;33;0;2;1;3;1;
202300053032;155 586 486;A01;3;7;0;1;1;1;1;
202300053033;155 586 483;A01;0;7;1;0;1;19;1;
202300053034;155 586 481;A01;1;10;0;2;1;21;1;
202300053034;155 586 485;B01;1;7;0;2;4;23;2;
202300053034;155 586 489;C01;1;15;0;2;1;2;1;
202300053034;155 586 493;D01;1;15;0;2;4;23;1;
202300053035;155 586 482;A01;3;7;4;0;1;14;1;
202300053036;155 586 480;A01;2;7;13;0;1;17;1;
202300053037;155 586 475;A01;2;33;3;0;7;9;1;
202300053038;155 586 474;B01;3;33;0;2;8;1;1;
202300053038;155 586 478;A01;3;10;0;2;2;12;1;
202300053039;155 586 471;A01;0;7;1;0;2;1;0;
202300053040;155 586 472;B01;1;34;0;2;7;1;1;
202300053040;155 586 476;A01;1;7;0;2;3;11;1;
202300053041;155 586 473;A01;2;7;0;2;3;1;1;
202300053041;155 586 479;B01;3;1;0;2;2;19;5;
202300053042;155 586 468;A01;0;7;0;2;3;1;1;
202300053042;155 586 469;B01;0;7;0;2;3;13;1;
202300053043;155 586 465;A01;3;30;0;0;3;16;3;
202300053044;155 586 463;A01;1;7;1;0;1;1;1;
202300053044;155 586 466;B01;1;7;0;2;4;23;1;
202300053045;155 586 461;A01;1;30;0;2;1;2;1;
202300053045;155 586 467;B01;1;7;0;2;4;2;1;
202300053046;155 586 458;B01;0;7;0;2;2;1;1;
202300053046;155 586 462;A01;0;33;2;2;1;5;1;
202300053046;155 586 464;C01;0;7;0;2;8;1;1;
202300053047;155 586 459;A01;2;15;2;0;3;13;1;
202300053048;155 586 457;A01;0;7;0;1;3;1;2;
202300053049;155 586 452;A01;1;7;8;0;1;1;1;
202300053050;155 586 455;A01;1;32;0;0;0;21;1;
202300053051;155 586 456;A01;1;7;1;0;1;0;1;
202300053051;155 586 460;B01;1;15;0;0;4;24;1;
202300053052;155 586 451;B01;1;7;0;2;0;0;1;
202300053052;155 586 453;A01;1;7;0;2;1;26;1;
202300053053;155 586 450;A01;2;7;0;2;2;14;1;
202300053053;155 586 454;B01;2;7;0;2;8;1;1;
202300053054;155 586 447;A01;2;7;0;2;2;20;1;
202300053054;155 586 448;B01;2;30;0;2;3;18;1;
202300053055;155 586 443;A01;1;7;14;5;8;1;1;
202300053056;155 586 439;A01;0;30;0;2;0;2;1;
202300053056;155 586 445;B01;1;7;0;0;0;26;1;
202300053057;155 586 441;B01;1;20;0;0;7;26;1;
202300053057;155 586 449;A01;1;7;0;2;1;2;1;
202300053058;155 586 438;A01;2;7;0;2;8;1;1;
202300053058;155 586 444;B01;1;43;0;2;2;1;1;
202300053059;155 586 437;B01;2;7;0;2;4;2;2;
202300053059;155 586 442;A01;2;14;0;2;1;2;1;
202300053060;155 586 435;A01;2;7;0;2;2;12;1;
202300053060;155 586 440;B01;2;17;0;0;6;1;1;
202300053060;155 586 446;C01;2;7;0;2;1;1;1;
202300053061;155 586 428;A01;2;7;0;1;1;1;1;
202300053062;155 586 429;A01;1;50;0;2;3;1;3;
202300053062;155 586 433;B01;1;7;0;2;1;1;1;
202300053063;155 586 431;A01;1;10;5;6;2;1;1;
202300053064;155 586 426;A01;1;7;0;2;1;2;1;
202300053064;155 586 430;B01;1;43;0;2;4;2;1;
202300053065;155 586 427;V01;3;1;0;2;1;1;5;
202300053065;155 586 434;A01;1;7;0;2;1;1;1;
202300053066;155 586 425;A01;2;7;15;0;9;0;1;
202300053067;155 586 423;A01;1;7;13;0;2;0;0;
202300053068;155 586 422;A01;1;2;0;2;1;13;1;
202300053068;155 586 424;B01;2;10;0;2;3;1;1;
202300053069;155 586 421;A01;2;1;4;0;1;13;5;
202300053070;155 586 414;B01;2;1;0;0;0;0;5;
202300053070;155 586 418;A01;1;7;0;2;1;26;3;
202300053071;155 586 413;A01;2;1;0;0;0;1;5;
202300053072;155 586 416;B01;2;43;0;2;1;2;1;
202300053072;155 586 420;A01;2;7;0;2;4;2;1;
202300053073;155 586 411;A01;1;7;0;2;3;13;1;
202300053073;155 586 412;B01;2;7;0;2;3;1;1;
202300053074;155 586 409;C01;1;7;0;2;5;1;1;
202300053074;155 586 417;A01;1;7;0;2;1;1;1;
202300053074;155 586 419;B01;1;7;0;2;5;1;1;
202300053075;155 586 410;A01;1;7;0;0;3;15;0;
202300053076;155 586 405;A01;2;7;3;2;3;1;1;
202300053077;155 586 403;A01;1;7;0;2;3;13;1;
202300053077;155 586 407;B01;2;7;0;2;3;1;1;
202300053078;155 586 399;B01;1;1;0;2;7;1;5;
202300053078;155 586 406;A01;2;7;0;2;3;16;1;
202300053079;155 586 402;A01;3;30;0;2;1;2;1;
202300053079;155 586 408;B01;3;7;1;0;6;23;1;
202300053080;155 586 398;A01;2;2;0;2;1;1;1;
202300053080;155 586 404;B01;1;7;0;2;2;15;1;
202300053081;155 586 394;B01;2;7;0;2;1;23;0;
202300053081;155 586 397;A01;2;7;0;2;1;1;0;
202300053081;155 586 400;C01;2;10;0;2;4;23;1;
202300053082;155 586 395;A01;2;7;2;0;2;14;1;
202300053083;155 586 393;C01;1;7;0;2;8;1;1;
202300053083;155 586 396;B01;1;7;4;2;2;1;1;
202300053083;155 586 401;A01;1;10;0;2;1;15;1;
202300053084;155 586 385;B01;1;7;0;2;3;1;1;
202300053084;155 586 390;A01;2;7;0;2;3;13;6;
202300053085;155 586 387;Z01;2;30;0;2;1;1;0;
202300053085;155 586 392;A01;2;1;0;2;6;21;5;
202300053086;155 586 386;A01;1;10;0;2;2;14;1;
202300053086;155 586 391;B01;1;7;0;0;6;1;1;
202300053087;155 586 384;A01;1;7;0;2;1;1;1;
202300053087;155 586 389;B01;2;15;0;2;6;1;1;
202300053088;155 586 381;A01;1;7;13;0;1;1;1;
202300053089;155 586 380;A01;1;7;0;2;6;1;0;
202300053089;155 586 383;B01;1;7;0;2;1;17;0;
202300053090;155 586 379;A01;1;10;4;0;1;1;1;
202300053091;155 586 378;C01;1;7;0;0;1;2;1;
202300053091;155 586 382;B01;1;7;0;2;4;1;1;
202300053091;155 586 388;A01;1;7;0;2;1;1;1;
202300053092;155 586 374;A01;1;50;0;2;8;15;3;
202300053092;155 586 376;B01;2;7;0;2;1;1;2;
202300053093;155 586 371;B01;2;2;0;2;3;1;1;
202300053093;155 586 375;A01;1;7;0;2;3;15;1;
202300053094;155 586 368;C01;1;7;0;2;1;1;1;
202300053094;155 586 373;A01;1;7;0;2;4;1;1;
202300053094;155 586 377;B01;1;7;0;2;4;1;1;
202300053095;155 586 367;A01;1;7;0;2;1;2;1;
202300053095;155 586 369;B01;1;7;0;2;4;23;1;
202300053096;155 586 365;B01;1;2;0;0;4;1;1;
202300053096;155 586 370;A01;1;7;0;2;3;9;1;
202300053097;155 586 363;B01;0;34;0;2;1;21;1;
202300053097;155 586 372;A01;3;7;0;2;1;23;1;
202300053098;155 586 362;A01;2;7;0;2;4;1;1;
202300053098;155 586 366;B01;2;33;0;2;1;1;1;
202300053099;155 586 361;A01;1;10;0;1;1;1;1;
202300053100;155 586 357;A01;2;7;0;2;4;2;1;
202300053100;155 586 359;C01;2;7;0;2;1;2;1;
202300053100;155 586 360;B01;2;32;0;2;4;2;1;
202300053100;155 586 364;D01;2;10;0;2;1;2;1;
202300053101;155 586 354;B01;2;1;0;2;8;26;5;
202300053101;155 586 358;A01;2;7;0;2;2;1;1;
202300053102;155 586 356;A01;1;7;0;1;1;15;2;
202300053103;155 586 353;A01;1;7;3;0;1;1;1;
202300053104;155 586 351;A01;1;33;5;6;1;1;1;
202300053105;155 586 349;A01;3;7;0;1;1;2;1;
202300053106;155 586 350;A01;1;7;0;2;2;26;1;
202300053106;155 586 355;B01;1;7;0;2;4;26;1;
202300053107;155 586 348;A01;1;7;0;2;3;13;1;
202300053107;155 586 352;B01;2;7;0;2;3;1;1;
202300053108;155 586 345;A01;1;37;0;1;5;13;6;1
202300053109;155 586 342;A01;1;7;0;2;1;1;1;
202300053109;155 586 346;B01;1;7;0;2;4;1;1;
202300053110;155 586 341;B01;2;7;0;2;4;23;1;
202300053110;155 586 347;A01;2;7;0;2;1;1;1;
202300053111;155 586 339;A01;1;7;0;0;0;13;1;
202300053112;155 586 338;A01;1;33;13;0;8;15;1;
202300053113;155 586 333;A01;0;7;0;2;1;15;1;
202300053113;155 586 336;B01;0;1;0;2;1;1;5;
202300053114;155 586 335;A01;3;7;0;2;2;1;1;
202300053114;155 586 340;B01;3;15;0;2;2;15;1;
202300053115;155 586 334;A01;2;7;0;2;3;26;1;
202300053115;155 586 343;B01;0;1;0;2;8;1;5;
202300053116;155 586 330;A01;1;7;0;1;3;15;1;
202300053117;155 586 331;A01;1;7;0;2;3;13;1;
202300053117;155 586 332;B01;2;17;0;0;3;1;1;