Num_Acc;id_vehicule;num_veh;senc;catv;obs;obsm;choc;manv;motor;occutc
202300053118;155 586 326;A01;3;7;0;1;1;1;1;
202300053119;155 586 323;B01;3;7;0;2;3;1;1;
202300053119;155 586 329;A01;3;7;0;2;3;1;1;
202300053120;155 586 322;A01;3;7;0;2;3;1;1;
202300053120;155 586 327;B01;3;50;0;2;1;19;3;
202300053121;155 586 321;A01;1;7;0;1;1;1;1;
202300053122;155 586 319;B01;3;32;0;2;2;17;0;
202300053122;155 586 324;A01;3;7;0;2;8;15;1;
202300053123;155 586 316;A01;1;10;0;2;1;1;1;
202300053123;155 586 318;C01;2;7;7;0;1;1;1;
202300053123;155 586 325;B01;2;7;0;2;1;1;1;
202300053124;155 586 315;A01;1;7;0;2;3;15;1;
202300053124;155 586 320;B01;1;15;0;2;1;1;1;
202300053125;155 586 317;B01;1;7;13;0;5;2;0;
202300053125;155 586 328;A01;1;7;12;2;3;1;0;
202300053126;155 586 313;A01;1;7;0;1;1;1;1;
202300053127;155 586 309;A01;1;7;0;2;3;2;1;
202300053127;155 586 314;B01;2;7;0;2;3;17;1;
202300053128;155 586 308;A01;1;14;0;2;7;26;1;
202300053128;155 586 311;B01;3;7;0;2;3;0;2;
202300053129;155 586 310;A01;1;7;0;1;7;2;1;
202300053130;155 586 306;A01;1;7;8;0;2;1;1;
202300053131;155 586 307;A01;2;14;0;1;0;16;1;
202300053132;155 586 301;A01;0;30;0;2;2;17;3;
202300053132;155 586 303;B01;0;7;0;2;3;1;1;
202300053133;155 586 299;A01;1;7;0;2;1;1;1;
202300053133;155 586 304;B01;1;7;0;2;4;1;1;
202300053134;155 586 297;A01;2;7;0;2;3;9;0;
202300053134;155 586 302;B01;1;2;0;2;7;15;1;
202300053135;155 586 296;B01;1;37;0;2;3;1;1;6
202300053135;155 586 312;A01;2;14;0;2;2;1;1;
202300053136;155 586 295;B01;1;7;0;0;4;23;1;
202300053136;155 586 300;A01;1;7;0;2;1;1;1;
202300053137;155 586 292;A01;1;7;6;0;3;1;1;
202300053138;155 586 290;B01;1;15;0;0;6;1;1;
202300053138;155 586 294;A01;1;10;0;2;2;2;1;
202300053139;155 586 293;A01;2;7;0;2;5;14;1;
202300053139;155 586 298;B01;2;33;0;2;3;18;1;
202300053140;155 586 288;A01;2;34;0;2;1;1;1;
202300053140;155 586 291;B01;1;7;0;2;0;15;1;
202300053141;155 586 285;B01;1;3;0;2;2;14;2;
202300053141;155 586 287;A01;1;99;0;2;1;1;3;
202300053142;155 586 284;A01;0;7;0;1;1;1;1;
202300053143;155 586 280;A01;1;33;13;0;1;5;1;
202300053144;155 586 282;A01;2;33;0;2;0;21;1;
202300053144;155 586 286;B01;1;31;0;2;0;0;1;
202300053145;155 586 279;A01;1;7;1;0;3;1;1;
202300053146;155 586 281;A01;1;10;0;2;2;13;1;
202300053146;155 586 289;B01;2;7;13;2;6;1;1;
202300053147;155 586 275;A01;3;7;0;0;4;2;1;
202300053147;155 586 277;B01;0;7;0;2;0;0;1;
202300053148;155 586 274;A01;3;10;0;1;6;26;1;
202300053149;155 586 273;A01;1;7;0;2;1;5;1;
202300053149;155 586 278;C01;2;7;0;2;1;1;1;
202300053149;155 586 283;B01;2;7;0;2;1;1;1;
202300053150;155 586 276;A01;2;32;8;0;1;14;1;
202300053151;155 586 268;A01;1;7;0;0;6;24;2;
202300053151;155 586 272;B01;1;15;1;0;2;1;1;
202300053152;155 586 266;B01;2;7;0;9;1;1;1;
202300053152;155 586 270;A01;1;15;0;0;0;1;0;
202300053153;155 586 263;A01;3;1;0;0;0;0;5;
202300053154;155 586 265;B01;2;10;0;2;1;1;1;
202300053154;155 586 271;A01;1;50;0;2;0;15;3;
202300053155;155 586 259;A01;0;13;0;2;3;2;1;
202300053155;155 586 262;B01;0;7;0;2;4;2;1;
202300053155;155 586 267;C01;0;7;0;0;4;2;3;
202300053156;155 586 257;A01;2;14;0;0;8;1;1;
202300053157;155 586 260;A01;1;7;0;0;5;16;1;
202300053157;155 586 264;B01;1;7;0;2;1;7;1;
202300053158;155 586 256;A01;2;7;2;0;0;1;1;
202300053159;155 586 255;B01;2;7;0;9;3;9;1;
202300053159;155 586 261;A01;2;2;0;2;1;1;1;
202300053160;155 586 253;A01;2;7;0;9;1;1;0;
202300053160;155 586 258;B01;2;1;0;0;4;1;5;
202300053161;155 586 249;A01;1;7;2;0;1;14;1;
202300053162;155 586 250;B01;1;1;0;2;1;1;5;
202300053162;155 586 252;A01;1;7;0;2;3;9;1;
202300053163;155 586 244;A01;2;7;0;0;8;1;1;
202300053163;155 586 251;B01;2;7;0;0;1;1;1;
202300053164;155 586 243;B01;1;7;0;2;1;1;2;
202300053164;155 586 248;A01;2;7;0;2;1;5;1;
202300053165;155 586 241;A01;1;7;0;2;2;26;1;
202300053165;155 586 245;B01;2;50;0;2;2;25;3;
202300053166;155 586 240;B01;3;7;0;2;1;5;1;
202300053166;155 586 246;A01;3;7;0;2;1;1;1;
202300053167;155 586 237;A01;1;7;2;0;7;1;1;
202300053168;155 586 238;A01;1;7;0;2;3;1;1;
202300053168;155 586 242;B01;2;7;0;2;3;1;1;
202300053169;155 586 235;A01;2;7;0;1;1;1;1;
202300053170;155 586 233;A01;3;10;0;2;1;1;1;
202300053170;155 586 234;B01;3;10;0;2;8;19;0;
202300053171;155 586 232;B01;2;7;0;2;5;2;1;
202300053171;155 586 236;A01;2;34;0;2;3;2;1;
202300053172;155 586 231;A01;1;10;7;0;9;1;1;
202300053173;155 586 230;A01;2;7;0;1;1;1;1;
202300053174;155 586 224;A01;1;7;0;2;1;15;1;
202300053174;155 586 228;B01;1;7;9;2;8;1;1;
202300053175;155 586 223;A01;1;7;0;2;1;13;1;
202300053175;155 586 225;B01;1;7;0;2;1;1;1;
202300053176;155 586 222;C01;1;7;0;0;0;1;1;
202300053176;155 586 226;B01;2;7;0;2;1;1;1;
202300053176;155 586 229;A01;1;7;0;2;1;17;1;
202300053177;155 586 218;A01;2;7;0;9;2;2;1;
202300053177;155 586 221;B01;2;1;0;2;8;1;5;
202300053178;155 586 216;A01;1;50;0;0;3;21;3;
202300053179;155 586 214;B01;1;14;0;2;0;0;1;
202300053179;155 586 219;A01;1;7;0;2;5;1;1;
202300053180;155 586 215;A01;1;33;6;2;1;26;1;
202300053180;155 586 220;B01;2;7;0;2;3;15;1;
202300053181;155 586 210;A01;1;7;0;1;7;1;1;
202300053182;155 586 211;A01;1;7;0;2;5;15;3;
202300053182;155 586 217;B01;2;33;0;2;1;1;1;
202300053183;155 586 208;A01;1;7;0;2;1;1;1;
202300053183;155 586 212;B01;2;7;0;2;1;1;1;
202300053184;155 586 203;A01;1;2;9;0;3;26;1;
202300053184;155 586 207;B01;1;1;0;2;0;26;5;
202300053185;155 586 202;A01;2;7;0;1;3;21;2;
202300053185;155 586 209;C01;2;7;0;2;4;0;1;
202300053185;155 586 213;B01;2;7;0;2;1;0;1;
202300053186;155 586 204;A01;2;7;12;0;3;0;1;
202300053187;155 586 200;A01;1;7;0;2;2;16;1;
202300053187;155 586 205;B01;1;1;0;0;0;0;5;
202300053188;155 586 201;B01;1;33;0;2;1;1;1;
202300053188;155 586 206;A01;2;7;0;2;2;15;1;
202300053189;155 586 197;B01;2;7;0;2;2;15;1;
202300053189;155 586 199;A01;1;7;0;2;3;1;3;
202300053190;155 586 198;A01;1;10;0;1;3;1;1;
202300053191;155 586 194;A01;2;7;6;0;7;1;1;
202300053192;155 586 193;A01;1;36;9;0;1;1;1;
202300053193;155 586 191;A01;1;7;0;2;3;13;1;
202300053193;155 586 196;B01;2;7;0;2;3;1;1;
202300053194;155 586 187;A01;2;7;0;2;1;15;1;
202300053194;155 586 192;B01;2;31;0;2;1;1;1;
202300053195;155 586 189;A01;0;7;0;2;3;9;0;
202300053195;155 586 195;B01;0;33;0;2;1;1;0;
202300053196;155 586 188;A01;2;31;0;2;0;1;1;
202300053196;155 586 190;B01;2;7;0;2;3;20;1;
202300053197;155 586 183;A01;0;50;0;0;2;0;3;
202300053198;155 586 181;A01;2;50;0;2;1;19;3;
202300053198;155 586 185;B01;3;7;0;2;2;23;1;
202300053199;155 586 179;A01;1;7;0;2;3;2;1;
202300053199;155 586 184;B01;1;7;0;2;5;2;2;
202300053200;155 586 180;B01;2;7;0;2;3;19;1;
202300053200;155 586 186;A01;1;2;0;2;1;1;1;
202300053201;155 586 176;A01;1;7;2;0;1;1;1;
202300053202;155 586 174;A01;1;7;0;2;2;1;1;
202300053202;155 586 178;B01;1;7;0;2;3;19;1;
202300053203;155 586 173;A01;1;7;0;0;9;1;1;
202300053204;155 586 172;A01;3;21;0;0;0;1;1;
202300053205;155 586 168;A01;3;7;0;1;3;15;1;
202300053206;155 586 171;A01;1;7;2;0;4;14;1;
202300053207;155 586 166;A01;1;2;1;0;2;1;1;
202300053208;155 586 163;B01;1;7;0;2;1;1;1;
202300053208;155 586 169;A01;2;7;0;2;2;15;1;
202300053208;155 586 175;C01;2;7;0;0;3;23;1;
202300053209;155 586 165;B01;3;33;0;2;6;0;1;
202300053209;155 586 170;A01;3;33;0;2;2;21;1;
202300053210;155 586 164;A01;1;7;0;2;1;17;1;
202300053210;155 586 167;B01;2;2;0;2;1;1;1;
202300053211;155 586 161;A01;1;36;0;0;0;1;1;
202300053212;155 586 160;A01;3;2;6;0;3;0;1;
202300053213;155 586 158;A01;2;33;3;0;0;1;1;
202300053214;155 586 157;A01;2;31;0;2;3;17;1;
202300053214;155 586 162;B01;1;7;0;2;3;1;1;
202300053215;155 586 155;A01;1;7;0;2;3;5;1;
202300053215;155 586 159;B01;2;17;0;2;3;1;1;
202300053216;155 586 154;A01;2;10;2;0;1;14;1;
202300053217;155 586 149;A01;3;7;0;2;3;13;0;
202300053217;155 586 153;B01;3;7;0;2;3;1;0;
202300053218;155 586 147;A01;2;7;0;2;3;14;1;
202300053218;155 586 151;B01;2;7;0;2;5;1;1;
202300053219;155 586 146;A01;1;33;0;0;7;1;1;
202300053220;155 586 140;B01;1;1;0;0;6;2;5;
202300053220;155 586 143;A01;1;7;0;2;2;9;1;
202300053221;155 586 137;B01;1;7;0;2;2;1;1;
202300053221;155 586 148;A01;2;10;0;2;3;19;1;
202300053222;155 586 139;A01;1;10;0;2;1;1;1;
202300053222;155 586 145;B01;1;7;0;2;4;23;1;
202300053222;155 586 152;C01;1;7;0;0;4;23;1;
202300053223;155 586 138;A01;3;7;0;1;1;1;1;
202300053224;155 586 133;E01;3;7;0;2;0;2;1;
202300053224;155 586 141;B01;3;7;0;2;4;2;1;
202300053224;155 586 144;C01;3;7;0;2;9;2;1;
202300053224;155 586 150;F01;3;7;0;2;0;2;1;
202300053224;155 586 156;D01;3;7;0;2;0;2;1;
202300053225;155 586 134;B01;2;7;0;2;3;1;1;
202300053225;155 586 142;A01;1;7;0;2;7;1;1;
202300053226;155 586 132;A01;2;17;0;2;3;13;1;
202300053226;155 586 135;B01;1;33;0;2;3;1;1;
202300053227;155 586 130;A01;2;7;0;2;3;1;1;
202300053227;155 586 136;B01;2;50;0;2;7;19;3;
202300053228;155 586 129;A01;1;7;13;0;9;1;1;
202300053229;155 586 125;A01;2;7;16;0;1;1;1;
202300053230;155 586 127;A01;3;10;2;0;2;14;1;
202300053231;155 586 123;A01;1;7;0;2;2;10;3;
202300053231;155 586 131;B01;2;33;0;2;8;1;1;
202300053232;155 586 118;B01;1;7;0;2;1;1;1;
202300053232;155 586 126;A01;2;7;0;2;1;17;1;
202300053233;155 586 117;A01;1;7;0;1;3;2;1;
202300053234;155 586 116;A01;1;30;0;0;7;0;1;
202300053235;155 586 120;B01;1;2;0;2;1;17;1;
202300053235;155 586 124;A01;1;7;0;2;3;15;1;
202300053236;155 586 119;A01;1;50;0;2;1;2;3;
202300053236;155 586 122;B01;1;7;0;2;5;16;1;
202300053237;155 586 110;A01;2;33;13;0;0;1;1;
202300053238;155 586 107;A01;2;7;0;2;1;1;1;
202300053238;155 586 113;B01;2;7;0;0;4;1;3;
202300053239;155 586 108;A01;0;7;13;0;2;1;1;
202300053240;155 586 105;A01;1;7;0;2;1;1;1;
202300053240;155 586 112;B01;2;30;0;2;7;9;1;
202300053241;155 586 106;D01;2;7;0;2;4;2;1;
202300053241;155 586 115;C01;2;7;0;2;4;1;1;
202300053241;155 586 121;B01;2;7;0;2;4;2;1;
202300053241;155 586 128;A01;2;10;0;2;1;2;1;
202300053242;155 586 103;B01;3;30;0;2;0;0;0;
202300053242;155 586 111;A01;2;7;0;2;3;16;6;
202300053243;155 586 101;A01;2;34;0;0;0;0;1;
202300053244;155 586 104;A01;1;7;0;1;1;1;1;
202300053245;155 586 099;A01;2;10;3;2;1;1;1;
202300053245;155 586 102;B01;2;17;0;2;4;1;1;
202300053246;155 586 098;A01;1;7;0;1;3;1;1;
202300053247;155 586 095;A01;1;7;13;0;2;1;1;
202300053248;155 586 096;A01;2;32;0;0;0;2;1;
202300053249;155 586 094;A01;1;7;13;0;5;0;1;
202300053250;155 586 092;B01;1;7;0;0;2;1;1;
202300053250;155 586 100;C01;2;7;0;0;8;1;1;
202300053250;155 586 109;A01;2;7;0;0;3;1;1;
202300053251;155 586 093;A01;1;30;0;2;1;1;1;
202300053251;155 586 097;B01;2;7;0;2;2;15;1;
202300053252;155 586 086;A01;2;15;0;0;2;1;1;
202300053252;155 586 090;B01;1;7;0;2;9;1;1;
202300053253;155 586 087;B01;2;1;0;2;1;13;5;
202300053253;155 586 091;A01;1;7;0;2;2;1;1;
202300053254;155 586 085;A01;1;33;12;0;1;13;1;
202300053255;155 586 084;B01;1;1;0;2;7;1;5;
202300053255;155 586 088;A01;2;7;0;2;3;10;1;
202300053256;155 586 081;B01;1;1;0;2;8;1;5;
202300053256;155 586 082;A01;1;7;0;2;7;2;1;
202300053257;155 586 078;A01;0;0;0;1;0;0;0;
202300053258;155 586 076;C01;2;7;0;2;1;1;0;
202300053258;155 586 080;B01;2;7;0;2;1;1;1;
202300053258;155 586 083;A01;2;7;0;2;4;1;1;
202300053259;155 586 071;A01;2;10;2;0;1;1;1;
202300053260;155 586 070;A01;2;33;12;0;8;0;1;
202300053261;155 586 072;A01;1;50;0;2;1;19;3;
202300053261;155 586 079;B01;1;7;0;2;3;1;1;
202300053262;155 586 073;A01;2;7;0;1;1;1;1;
202300053263;155 586 069;A01;1;7;0;2;3;13;1;
202300053263;155 586 077;B01;2;7;0;2;3;1;1;
202300053264;155 586 068;A01;3;7;14;2;4;1;1;
202300053264;155 586 075;B01;3;7;0;2;1;1;1;
202300053265;155 586 066;A01;2;7;13;0;1;1;1;
202300053266;155 586 065;A01;2;50;0;2;1;5;3;
202300053266;155 586 067;B01;1;7;0;9;1;1;1;
202300053267;155 586 057;A01;1;7;0;1;2;1;1;
202300053268;155 586 059;A01;1;7;2;2;2;14;1;
202300053269;155 586 055;B01;1;7;0;2;8;1;2;
202300053269;155 586 064;A01;2;30;0;2;1;7;1;
202300053270;155 586 054;C01;2;7;0;2;8;1;1;
202300053270;155 586 060;Z01;2;7;0;2;1;1;0;
202300053270;155 586 062;B01;2;7;0;2;5;1;1;
202300053271;155 586 053;A01;0;33;0;0;9;13;1;
202300053272;155 586 052;A01;2;15;0;2;3;1;1;
202300053272;155 586 056;B01;1;15;0;0;0;1;1;
202300053272;155 586 063;C01;1;7;0;2;1;0;1;
202300053273;155 586 050;A01;2;7;13;0;1;1;1;
202300053274;155 586 049;A01;1;33;0;0;0;1;1;
202300053275;155 586 048;B01;2;7;3;2;3;1;1;
202300053275;155 586 051;A01;1;7;0;2;1;15;1;
202300053276;155 586 046;A01;2;7;0;1;1;1;1;
202300053277;155 586 039;A01;2;7;16;0;1;17;1;
202300053278;155 586 042;A01;0;21;0;0;0;0;1;
202300053279;155 586 038;A01;2;10;0;2;7;12;0;
202300053279;155 586 044;B01;2;33;0;2;8;3;1;
202300053280;155 586 040;A01;2;7;0;2;3;15;1;
202300053280;155 586 045;B01;2;7;6;2;1;17;1;
202300053281;155 586 036;A01;2;7;0;2;1;15;1;
202300053281;155 586 047;B01;1;30;0;2;1;1;1;
202300053282;155 586 035;A01;0;10;0;2;3;13;1;
202300053282;155 586 043;B01;0;7;0;2;2;1;1;
202300053283;155 586 029;A01;2;7;0;0;1;1;1;
202300053284;155 586 037;B01;0;10;0;2;1;1;1;
202300053284;155 586 041;A01;0;7;0;0;8;9;1;
202300053285;155 586 027;A01;2;7;0;2;2;13;1;
202300053285;155 586 031;B01;1;7;0;2;2;1;1;
202300053286;155 586 028;B01;1;7;0;2;6;1;1;
202300053286;155 586 030;A01;1;10;0;2;2;12;1;
202300053287;155 586 033;A01;2;7;0;1;1;26;2;
202300053288;155 586 024;A01;-1;7;13;0;8;2;1;
202300053289;155 586 020;A01;2;7;0;2;1;1;1;
202300053289;155 586 026;B01;3;7;0;2;3;19;1;
202300053290;155 586 023;B01;2;7;0;2;1;17;1;
202300053290;155 586 032;A01;2;7;0;2;6;15;1;
202300053291;155 586 019;B01;1;7;0;2;3;1;1;
202300053291;155 586 034;A01;2;7;0;2;1;26;1;
202300053292;155 586 017;A01;2;7;0;2;2;15;1;
202300053292;155 586 025;B01;1;31;0;2;1;16;1;
202300053293;155 586 016;A01;2;33;17;0;1;1;1;
202300053294;155 586 015;A01;1;31;0;2;1;0;1;
202300053294;155 586 021;B01;1;32;0;2;1;0;1;
202300053295;155 586 013;A01;2;34;0;2;1;1;1;
202300053295;155 586 018;B01;1;7;0;2;1;17;1;
202300053296;155 586 011;B01;2;10;0;2;4;2;1;
202300053296;155 586 014;C01;2;7;0;2;4;2;4;
202300053296;155 586 022;A01;1;10;0;2;3;1;1;
202300053297;155 586 008;A01;2;7;9;1;2;14;1;
202300053298;155 586 007;B01;1;7;3;0;6;2;1;
202300053298;155 586 012;A01;1;7;0;2;3;2;1;
202300053299;155 586 006;A01;3;7;13;0;2;1;1;
202300053300;155 586 004;A01;2;7;0;2;1;16;1;
202300053300;155 586 009;B01;2;30;0;2;2;21;1;
202300053301;155 586 002;A01;0;7;0;1;1;19;1;
202300053302;155 586 001;B01;1;21;0;2;3;19;1;
202300053302;155 586 010;A01;1;33;0;2;1;1;1;
202300053303;155 586 000;A01;3;7;6;0;1;1;1;
202300053304;155 585 999;A01;1;7;0;2;3;0;1;
202300053304;155 586 003;B01;2;33;0;2;3;3;1;
202300053305;155 585 997;A01;1;7;13;0;3;1;1;
202300053306;155 585 994;A01;1;33;0;0;1;26;1;
202300053307;155 585 993;A01;1;7;4;0;1;0;1;
202300053307;155 585 996;B01;1;7;0;2;1;2;1;
202300053307;155 585 998;C01;1;7;0;2;1;1;1;
202300053308;155 585 992;A01;1;7;0;1;2;15;1;
202300053309;155 585 989;B01;1;7;0;2;2;17;1;
202300053309;155 586 005;A01;1;7;0;2;3;13;1;
202300053310;155 585 990;A01;3;7;1;0;0;1;1;
202300053311;155 585 987;B01;1;7;0;2;4;1;0;
202300053311;155 585 995;A01;1;7;0;2;1;1;0;
202300053312;155 585 984;A01;2;33;13;0;1;14;1;
202300053313;155 585 982;A01;1;7;7;0;7;0;1;
202300053314;155 585 985;A01;0;7;0;0;0;15;1;
202300053314;155 585 988;B01;0;1;0;0;0;1;5;
202300053315;155 585 979;A01;2;2;0;2;1;13;1;
202300053315;155 585 981;B01;1;7;0;2;3;1;1;
202300053316;155 585 980;B01;3;2;0;2;1;19;1;
202300053316;155 585 991;A01;3;7;0;2;2;26;1;
202300053317;155 585 978;B01;1;17;0;2;5;1;1;
202300053317;155 585 983;C01;1;17;0;2;1;1;1;
202300053317;155 585 986;A01;1;10;0;2;1;2;1;
202300053318;155 585 977;A01;3;7;6;0;8;26;1;
202300053319;155 585 974;A01;1;33;0;0;8;1;0;
202300053320;155 585 973;A01;1;7;2;0;1;1;1;
202300053321;155 585 968;B01;3;10;0;2;1;1;1;
202300053321;155 585 972;A01;3;7;0;2;2;16;1;
202300053322;155 585 964;B01;1;15;0;2;8;1;1;
202300053322;155 585 967;A01;2;7;0;9;3;1;1;
202300053323;155 585 963;A01;2;7;6;0;1;2;0;
202300053324;155 585 970;B01;1;17;0;2;2;1;1;
202300053324;155 585 975;A01;1;7;0;2;8;4;1;
202300053325;155 585 971;B01;1;7;0;2;1;1;3;
202300053325;155 585 976;A01;2;10;0;2;3;13;1;
202300053326;155 585 960;A01;1;33;0;0;8;1;1;
202300053327;155 585 961;A01;3;7;0;2;8;15;1;
202300053327;155 585 966;B01;3;7;0;2;3;1;1;
202300053328;155 585 959;B01;1;7;7;2;8;0;1;
202300053328;155 585 969;A01;1;7;7;2;1;0;1;
202300053329;155 585 955;A01;2;7;0;0;0;24;1;
202300053330;155 585 951;A01;2;7;0;0;0;1;1;
202300053330;155 585 962;B01;2;33;0;0;2;1;1;
202300053331;155 585 949;B01;2;10;0;2;3;1;1;
202300053331;155 585 954;A01;1;7;0;2;3;13;1;
202300053332;155 585 952;A01;2;3;0;2;2;17;1;
202300053332;155 585 957;B01;2;1;0;0;3;1;5;
202300053333;155 585 947;A01;2;7;6;2;5;9;1;
202300053333;155 585 958;B01;2;10;0;2;3;23;1;
202300053333;155 585 965;C01;2;7;1;2;1;1;1;
202300053334;155 585 943;A01;1;33;13;0;1;1;1;
202300053335;155 585 944;A01;1;2;0;2;0;18;1;
202300053335;155 585 953;B01;1;7;0;2;2;1;1;
202300053336;155 585 942;B01;2;1;0;2;8;13;5;
202300053336;155 585 948;A01;1;31;0;2;8;26;1;
202300053337;155 585 941;A01;1;7;1;0;1;1;1;
202300053338;155 585 940;B01;1;33;0;0;0;15;1;
202300053338;155 585 945;A01;2;33;0;0;0;17;1;
202300053339;155 585 938;A01;2;33;8;0;0;1;0;
202300053340;155 585 937;B01;2;7;0;2;1;1;1;
202300053340;155 585 939;A01;1;7;0;2;1;13;1;
202300053341;155 585 933;B01;2;33;0;2;1;1;1;
202300053341;155 585 936;A01;2;7;0;2;8;10;1;
202300053342;155 585 927;A01;1;33;0;0;4;1;1;
202300053342;155 585 934;B01;1;7;0;2;2;12;1;
202300053343;155 585 926;A01;3;7;6;0;3;13;1;
202300053344;155 585 925;A01;3;10;0;2;1;24;0;
202300053344;155 585 931;B01;0;50;0;0;0;0;3;
202300053345;155 585 923;A01;2;7;0;2;3;15;1;
202300053345;155 585 932;B01;1;33;0;2;1;1;1;
202300053346;155 585 920;A01;1;7;0;2;1;2;1;
202300053346;155 585 929;B01;1;14;0;0;4;2;1;
202300053347;155 585 917;A01;1;7;0;2;2;12;1;
202300053347;155 585 924;B01;1;2;0;2;8;1;1;
202300053348;155 585 915;A01;1;7;0;2;3;13;1;
202300053348;155 585 921;B01;2;7;0;2;3;1;1;
202300053349;155 585 914;A01;3;7;0;1;1;1;1;
202300053350;155 585 912;B01;2;7;1;2;5;1;1;
202300053350;155 585 918;C01;2;34;0;2;1;1;1;
202300053350;155 585 922;D01;2;7;0;2;7;1;1;
202300053350;155 585 930;A01;2;15;0;2;3;1;1;
202300053351;155 585 910;B01;1;17;0;2;3;1;1;
202300053351;155 585 913;C01;2;7;14;0;1;1;1;
202300053351;155 585 916;A01;2;7;0;2;3;13;1;
202300053352;155 585 906;A01;2;7;2;0;1;11;1;
202300053353;155 585 908;A01;1;7;13;0;2;16;1;
202300053354;155 585 905;A01;1;7;0;2;2;9;1;
202300053354;155 585 911;B01;1;1;0;2;4;0;5;
202300053355;155 585 907;A01;1;7;3;0;2;1;1;
202300053356;155 585 900;A01;2;7;0;2;1;1;1;
202300053356;155 585 903;B01;2;2;0;2;4;1;1;
202300053357;155 585 902;A01;2;15;0;1;1;1;1;
202300053358;155 585 895;A01;2;32;4;0;8;2;1;
202300053359;155 585 896;D01;2;38;0;0;3;1;0;1
202300053359;155 585 901;C01;2;7;0;0;4;1;0;
202300053359;155 585 904;B01;2;17;0;0;6;9;0;
202300053359;155 585 909;A01;2;7;0;2;5;12;0;
202300053360;155 585 893;A01;1;10;0;1;3;1;1;
202300053361;155 585 890;B01;3;1;0;2;1;19;5;
202300053361;155 585 898;A01;3;7;0;1;3;19;1;
202300053362;155 585 886;A01;2;10;0;2;1;1;1;
202300053362;155 585 897;B01;2;10;0;2;2;1;1;
202300053363;155 585 889;A01;2;7;0;2;3;15;1;
202300053363;155 585 894;B01;2;2;0;2;2;17;1;
202300053364;155 585 887;A01;1;10;3;0;1;26;1;
202300053365;155 585 884;A01;1;7;12;0;3;1;1;
202300053366;155 585 885;A01;1;7;0;2;4;2;1;
202300053366;155 585 891;B01;1;7;0;2;3;2;1;
202300053366;155 585 899;C01;1;7;0;2;4;1;1;
202300053367;155 585 879;A01;2;14;3;0;2;0;1;
202300053368;155 585 882;A01;2;10;0;1;1;15;1;
202300053369;155 585 876;B01;1;7;0;2;4;1;1;
202300053369;155 585 881;C01;1;10;0;2;4;2;1;
202300053369;155 585 883;D01;1;10;0;2;5;2;1;
202300053369;155 585 888;E01;1;7;0;0;4;2;1;
202300053369;155 585 892;A01;1;15;0;2;1;2;1;
202300053370;155 585 869;B01;3;33;0;2;1;1;1;
202300053370;155 585 875;A01;3;7;0;2;3;11;1;
202300053371;155 585 871;A01;2;7;4;0;3;1;1;
202300053372;155 585 870;A01;2;33;0;2;1;2;1;
202300053372;155 585 877;B01;2;7;0;0;4;2;1;
202300053373;155 585 868;A01;1;7;0;2;8;19;1;
202300053373;155 585 874;B01;1;7;0;2;1;1;1;
202300053374;155 585 873;B01;3;1;0;0;0;19;5;
202300053374;155 585 878;A01;3;7;0;2;2;1;1;
202300053375;155 585 867;B01;1;33;0;2;4;1;1;
202300053375;155 585 872;A01;1;7;0;2;1;11;1;
202300053376;155 585 865;A01;1;7;12;0;0;17;1;
202300053377;155 585 863;A01;1;7;4;0;1;0;1;
202300053378;155 585 866;A01;3;10;1;0;1;1;1;
202300053379;155 585 861;A01;3;7;16;0;1;1;1;
202300053380;155 585 858;A01;2;30;11;0;3;13;1;
202300053381;155 585 853;A01;1;7;3;0;8;1;1;
202300053381;155 585 857;B01;1;17;0;2;2;12;1;
202300053382;155 585 851;B01;1;10;0;2;5;2;1;
202300053382;155 585 856;A01;1;33;0;2;3;1;1;
202300053383;155 585 855;B01;1;7;0;2;3;11;1;
202300053383;155 585 859;A01;1;33;0;2;1;26;1;
202300053384;155 585 850;A01;0;35;6;0;0;0;0;
202300053385;155 585 848;A01;2;7;3;0;1;13;1;
202300053386;155 585 847;A01;2;21;0;2;2;15;1;
202300053386;155 585 852;B01;1;7;6;2;1;1;1;
202300053387;155 585 843;A01;2;7;13;2;3;1;1;
202300053387;155 585 849;B01;2;10;0;2;2;19;1;
202300053388;155 585 842;A01;2;10;15;0;1;14;1;
202300053389;155 585 837;A01;1;7;3;0;1;1;1;
202300053390;155 585 839;A01;0;2;0;2;1;9;0;
202300053390;155 585 844;B01;0;7;0;2;1;1;0;
202300053391;155 585 835;A01;1;7;0;0;0;1;1;
202300053392;155 585 838;A01;3;7;0;2;1;2;1;
202300053392;155 585 846;B01;3;7;0;2;4;2;1;
202300053393;155 585 833;A01;2;10;0;1;3;17;1;
202300053394;155 585 828;A01;1;10;0;2;8;13;1;
202300053394;155 585 834;C01;1;7;0;2;8;1;1;
202300053394;155 585 840;B01;1;7;0;2;7;1;1;
202300053395;155 585 827;A01;1;7;0;2;3;15;0;
202300053395;155 585 832;B01;1;33;0;2;2;17;1;
202300053396;155 585 824;A01;1;7;2;0;1;14;1;
202300053397;155 585 826;A01;1;7;4;0;3;1;1;
202300053397;155 585 831;E01;1;13;0;0;4;1;1;
202300053397;155 585 836;F01;1;7;1;0;1;2;1;
202300053397;155 585 841;B01;1;10;0;2;1;1;1;
202300053397;155 585 845;C01;1;7;0;2;3;1;1;
202300053397;155 585 854;D01;1;7;0;0;4;0;1;