Num_Acc;id_vehicule;num_veh;senc;catv;obs;obsm;choc;manv;motor;occutc
202300053673;155 585 329;B01;1;10;0;2;1;2;1;
202300053674;155 585 323;A01;2;7;0;2;4;4;1;
202300053674;155 585 333;B01;2;33;0;2;1;1;1;
202300053675;155 585 319;A01;1;7;0;2;1;1;2;
202300053675;155 585 325;B01;1;10;0;2;4;23;1;
202300053675;155 585 330;C01;1;7;0;2;4;23;1;
202300053676;155 585 324;A01;1;7;2;0;1;1;0;
202300053677;155 585 315;A01;1;10;0;2;1;2;1;
202300053677;155 585 320;B01;1;7;0;2;4;23;1;
202300053678;155 585 316;B01;1;7;0;2;4;1;1;
202300053678;155 585 321;A01;1;7;0;2;1;2;1;
202300053679;155 585 313;A01;1;7;0;2;1;21;1;
202300053679;155 585 317;B01;3;1;0;2;0;25;5;
202300053680;155 585 312;B01;3;33;0;2;7;0;0;
202300053680;155 585 318;A01;3;7;0;2;8;2;0;
202300053681;155 585 309;A01;1;7;0;2;8;11;1;
202300053681;155 585 314;B01;1;33;0;2;2;3;1;
202300053682;155 585 307;A01;2;7;13;0;9;13;1;
202300053683;155 585 306;B01;1;7;0;2;2;1;1;
202300053683;155 585 311;A01;3;10;1;2;8;9;1;
202300053684;155 585 305;B01;2;33;0;2;8;1;1;
202300053684;155 585 308;A01;1;7;0;2;8;13;1;
202300053685;155 585 304;A01;3;7;8;0;1;14;1;
202300053686;155 585 303;A01;0;50;0;2;0;5;3;
202300053686;155 585 310;B01;2;7;0;2;2;1;1;
202300053687;155 585 302;A01;1;7;0;1;3;1;1;
202300053688;155 585 295;A01;2;7;17;0;1;13;1;
202300053689;155 585 294;A01;1;7;0;2;2;13;1;
202300053689;155 585 301;B01;1;7;0;2;1;1;1;
202300053690;155 585 293;A01;0;7;0;2;1;9;-1;
202300053690;155 585 300;B01;0;2;0;2;1;1;-1;
202300053691;155 585 291;Z01;3;7;0;2;1;1;1;
202300053691;155 585 298;B01;3;1;0;2;8;26;5;
202300053692;155 585 299;A01;3;7;0;1;1;16;2;
202300053693;155 585 292;A01;1;7;0;2;1;9;1;
202300053693;155 585 296;B01;1;32;0;2;4;1;1;
202300053694;155 585 290;B01;2;7;0;2;5;12;1;
202300053694;155 585 297;A01;2;32;0;2;3;3;1;
202300053695;155 585 286;A01;2;7;8;0;8;1;1;
202300053696;155 585 283;B01;1;80;0;2;1;19;3;
202300053696;155 585 288;A01;1;7;0;2;3;9;1;
202300053697;155 585 279;A01;3;80;0;1;5;0;3;
202300053698;155 585 280;B01;3;7;0;2;1;1;0;
202300053698;155 585 289;A01;3;7;0;2;6;1;0;
202300053699;155 585 277;B01;2;2;0;2;8;1;1;
202300053699;155 585 285;A01;2;10;0;2;7;16;1;
202300053700;155 585 278;A01;1;7;0;1;2;16;1;
202300053701;155 585 275;A01;1;50;0;2;5;14;3;
202300053701;155 585 281;Z01;2;7;0;2;3;1;0;
202300053702;155 585 274;B01;1;1;0;2;8;1;5;
202300053702;155 585 282;A01;1;7;0;9;1;26;2;
202300053703;155 585 273;A01;2;33;0;0;2;0;1;
202300053704;155 585 271;A01;1;33;0;2;1;2;1;
202300053704;155 585 276;B01;1;7;0;2;4;2;1;
202300053705;155 585 267;A01;0;7;0;0;0;26;1;
202300053706;155 585 264;A01;1;32;0;2;0;1;1;
202300053706;155 585 272;Z01;1;7;0;2;0;9;0;
202300053707;155 585 263;A01;2;7;0;2;1;1;1;
202300053707;155 585 269;B01;1;2;0;2;1;1;1;
202300053708;155 585 262;A01;2;50;0;2;1;19;3;
202300053708;155 585 270;B01;1;7;0;2;1;1;1;
202300053709;155 585 260;A01;1;7;13;0;1;13;1;
202300053710;155 585 257;A01;2;7;2;0;1;13;1;
202300053711;155 585 258;A01;3;7;0;2;2;9;1;
202300053711;155 585 268;B01;1;7;14;0;8;0;1;
202300053712;155 585 261;A01;1;10;0;2;5;1;1;
202300053712;155 585 265;B01;1;33;0;2;5;16;1;
202300053713;155 585 256;A01;1;10;0;2;3;13;1;
202300053713;155 585 259;B01;2;7;0;2;3;17;1;
202300053713;155 585 266;C01;2;7;0;2;1;1;1;
202300053714;155 585 254;A01;1;30;1;0;2;1;1;
202300053715;155 585 252;A01;2;7;0;1;1;1;1;
202300053716;155 585 250;A01;2;33;0;2;1;2;1;
202300053716;155 585 253;B01;2;33;0;2;4;15;1;
202300053717;155 585 245;A01;0;7;0;1;2;16;1;
202300053718;155 585 244;B01;3;7;0;2;2;1;1;
202300053718;155 585 251;A01;3;1;0;2;1;19;5;
202300053719;155 585 243;B01;1;7;0;0;1;1;1;
202300053719;155 585 249;A01;1;7;0;2;1;5;2;
202300053720;155 585 248;A01;0;7;0;1;2;1;1;
202300053721;155 585 241;A01;3;1;0;1;3;7;5;
202300053722;155 585 239;A01;1;7;15;0;7;0;1;
202300053723;155 585 238;A01;0;7;0;1;1;1;1;
202300053724;155 585 234;A01;2;7;2;0;1;19;1;
202300053725;155 585 235;B01;2;7;0;2;2;1;1;
202300053725;155 585 240;A01;1;7;0;2;3;9;1;
202300053726;155 585 233;A01;1;7;0;2;1;15;1;
202300053726;155 585 237;B01;3;1;0;0;0;0;5;
202300053727;155 585 227;Z01;3;7;0;2;1;1;0;
202300053727;155 585 231;A01;3;50;0;2;1;19;3;
202300053728;155 585 228;A01;2;7;0;2;6;1;1;
202300053728;155 585 232;B01;1;33;0;2;3;13;1;
202300053729;155 585 226;A01;2;14;1;2;1;1;1;
202300053729;155 585 230;B01;2;14;0;2;6;23;1;
202300053729;155 585 236;C01;2;7;0;2;1;1;1;
202300053730;155 585 224;A01;2;7;0;1;1;1;1;
202300053731;155 585 222;A01;2;7;0;1;2;1;1;
202300053732;155 585 215;A01;1;7;0;1;1;1;1;
202300053733;155 585 216;A01;2;10;0;2;2;2;1;
202300053733;155 585 225;B01;2;7;0;2;4;0;1;
202300053734;155 585 218;A01;2;7;2;6;7;1;1;
202300053735;155 585 220;B01;3;7;6;2;8;1;1;
202300053735;155 585 223;A01;2;7;0;2;1;26;1;
202300053736;155 585 214;A01;1;30;0;0;0;26;1;
202300053737;155 585 213;A01;3;7;0;9;2;16;1;
202300053737;155 585 221;B01;3;1;0;2;1;1;5;
202300053738;155 585 211;A01;3;7;0;2;3;13;1;
202300053738;155 585 217;B01;3;7;0;2;1;1;1;
202300053739;155 585 212;A01;3;32;0;2;1;5;1;
202300053739;155 585 219;B01;3;1;0;2;8;19;5;
202300053740;155 585 209;A01;1;7;0;0;1;1;1;
202300053741;155 585 203;A01;3;40;0;1;7;1;3;
202300053742;155 585 206;A01;1;30;0;0;0;1;1;
202300053743;155 585 201;B01;1;7;0;2;1;1;1;
202300053743;155 585 208;Z01;0;7;0;2;1;5;0;
202300053744;155 585 200;A01;3;7;0;2;3;1;1;
202300053744;155 585 204;B01;3;31;0;2;2;17;1;
202300053745;155 585 198;A01;2;10;0;2;1;2;1;
202300053745;155 585 207;B01;2;15;0;2;4;2;1;
202300053746;155 585 199;A01;1;7;0;9;2;10;0;
202300053746;155 585 205;B01;1;1;0;2;8;2;5;
202300053747;155 585 193;A01;3;7;0;2;8;9;1;
202300053747;155 585 197;B01;3;7;0;2;1;1;0;
202300053748;155 585 192;A01;1;7;4;0;0;1;1;
202300053749;155 585 195;A01;3;7;0;2;1;15;1;
202300053749;155 585 196;B01;3;33;0;2;4;23;0;
202300053750;155 585 194;A01;2;1;8;0;1;15;5;
202300053751;155 585 189;A01;1;7;0;1;6;2;2;
202300053752;155 585 188;A01;2;7;3;0;3;1;1;
202300053753;155 585 187;A01;2;7;4;0;1;1;1;
202300053754;155 585 186;A01;1;10;0;2;0;15;1;
202300053754;155 585 191;B01;2;1;0;2;0;1;5;
202300053755;155 585 184;B01;2;7;0;2;8;1;1;
202300053755;155 585 190;A01;1;7;0;2;3;13;1;
202300053756;155 585 183;A01;1;30;11;0;1;17;1;
202300053757;155 585 182;A01;1;1;0;2;1;2;5;
202300053757;155 585 185;B01;1;7;0;2;4;23;1;
202300053758;155 585 175;A01;1;30;0;0;0;3;1;
202300053759;155 585 172;A01;3;1;0;2;8;1;5;
202300053759;155 585 181;B01;3;7;0;2;1;1;1;
202300053760;155 585 178;A01;3;7;0;1;1;16;1;
202300053761;155 585 173;A01;1;7;0;2;1;1;1;
202300053761;155 585 180;B01;1;37;0;2;4;1;1;1
202300053762;155 585 174;A01;2;7;0;2;3;26;1;
202300053762;155 585 179;B01;2;7;0;2;8;1;1;
202300053763;155 585 171;B01;2;7;0;2;6;1;0;
202300053763;155 585 177;A01;3;3;12;2;1;26;1;
202300053764;155 585 166;A01;1;7;0;2;1;1;1;
202300053764;155 585 168;B01;1;33;0;2;4;23;1;
202300053765;155 585 170;A01;1;7;0;2;1;2;1;
202300053765;155 585 176;B01;1;10;0;0;4;2;1;
202300053766;155 585 165;A01;3;32;13;0;8;1;1;
202300053767;155 585 160;B01;2;40;0;2;1;1;3;
202300053767;155 585 169;A01;1;10;8;4;8;16;3;
202300053768;155 585 158;A01;3;7;0;1;8;1;1;
202300053769;155 585 162;B01;2;7;0;2;1;1;1;
202300053769;155 585 167;A01;1;7;3;2;1;5;1;
202300053770;155 585 159;A01;2;1;0;1;8;1;5;
202300053771;155 585 155;A01;2;1;0;2;7;1;5;
202300053771;155 585 164;B01;1;33;0;2;1;1;1;
202300053772;155 585 157;B01;3;7;0;2;2;1;1;
202300053772;155 585 161;A01;3;2;0;2;1;5;1;
202300053773;155 585 154;B01;3;1;0;2;3;0;5;
202300053773;155 585 163;A01;1;7;0;2;3;9;1;
202300053774;155 585 153;A01;1;33;0;1;7;3;1;
202300053775;155 585 152;B01;3;30;0;2;1;1;1;
202300053775;155 585 156;A01;3;7;0;2;3;13;0;
202300053776;155 585 149;A01;0;7;5;0;1;0;1;
202300053777;155 585 148;B01;2;7;0;2;4;1;1;
202300053777;155 585 151;A01;2;7;0;2;1;1;1;
202300053778;155 585 146;A01;3;80;0;2;1;5;3;
202300053778;155 585 150;B01;3;7;0;2;2;16;1;
202300053779;155 585 144;A01;1;7;0;1;0;1;1;
202300053780;155 585 141;A01;0;7;15;0;9;14;0;
202300053781;155 585 142;B01;3;1;0;2;1;1;5;
202300053781;155 585 145;A01;3;2;0;2;1;20;1;
202300053782;155 585 140;B01;1;1;0;2;8;5;5;
202300053782;155 585 147;A01;2;43;0;2;1;1;1;
202300053783;155 585 139;A01;2;7;0;1;5;1;1;
202300053784;155 585 138;A01;2;30;0;0;0;21;1;
202300053784;155 585 143;B01;2;7;0;0;0;0;1;
202300053785;155 585 136;Z01;1;7;0;1;1;1;1;
202300053786;155 585 130;A01;1;7;0;2;1;21;1;
202300053786;155 585 135;B01;1;7;0;2;4;1;1;
202300053786;155 585 137;C01;1;7;0;2;5;1;1;
202300053787;155 585 128;A01;2;7;0;2;1;2;1;
202300053787;155 585 134;B01;2;7;0;2;4;23;1;
202300053788;155 585 125;B01;1;7;0;2;0;0;1;
202300053788;155 585 133;A01;2;7;0;2;1;1;1;
202300053789;155 585 122;A01;1;7;0;2;3;15;1;
202300053789;155 585 132;B01;2;2;0;2;1;1;1;
202300053790;155 585 121;A01;1;7;0;2;5;2;1;
202300053790;155 585 129;B01;1;7;0;2;2;2;1;
202300053791;155 585 124;A01;2;7;0;1;2;1;2;
202300053792;155 585 123;A01;1;7;0;2;3;15;1;
202300053792;155 585 127;B01;2;60;0;2;3;1;5;
202300053793;155 585 119;A01;2;7;9;0;1;13;1;
202300053794;155 585 120;A01;1;7;0;2;1;1;1;
202300053794;155 585 126;B01;2;7;0;2;5;15;1;
202300053795;155 585 110;X01;1;7;0;9;0;0;0;
202300053795;155 585 115;A01;0;30;0;2;3;16;1;
202300053796;155 585 108;A01;2;32;0;2;1;2;1;
202300053796;155 585 114;B01;2;32;0;2;4;11;1;
202300053796;155 585 118;C01;2;7;0;2;8;1;1;
202300053797;155 585 112;B01;2;30;0;2;1;21;1;
202300053797;155 585 117;A01;1;10;0;2;3;15;1;
202300053798;155 585 106;A01;2;7;0;1;1;0;1;
202300053799;155 585 104;A01;2;7;0;2;1;19;1;
202300053799;155 585 116;B01;2;33;0;2;7;2;1;
202300053800;155 585 102;A01;1;7;0;2;1;26;1;
202300053800;155 585 105;B01;1;33;0;2;7;1;1;
202300053801;155 585 101;A01;1;50;0;2;1;16;3;
202300053801;155 585 107;B01;1;7;0;2;5;16;1;
202300053802;155 585 103;B01;0;33;0;2;7;0;1;
202300053802;155 585 113;A01;0;0;0;2;0;0;1;
202300053803;155 585 100;B01;1;17;0;2;5;1;1;
202300053803;155 585 109;A01;1;33;0;2;1;1;1;
202300053804;155 585 099;A01;2;10;0;2;6;1;1;
202300053804;155 585 111;B01;1;34;0;2;1;1;1;
202300053805;155 585 098;A01;2;7;3;0;1;1;1;
202300053806;155 585 095;A01;1;7;0;0;1;1;1;
202300053807;155 585 091;A01;1;3;16;0;1;1;1;
202300053808;155 585 092;A01;1;7;0;1;3;1;1;
202300053809;155 585 088;A01;0;7;0;0;4;24;3;
202300053809;155 585 096;B01;0;1;1;0;1;2;5;
202300053810;155 585 087;A01;2;30;14;0;1;2;1;
202300053810;155 585 093;B01;2;7;0;2;4;2;1;
202300053811;155 585 085;A01;2;10;0;2;1;2;1;
202300053811;155 585 089;B01;2;33;0;2;4;23;1;
202300053811;155 585 097;C01;1;7;0;2;8;13;1;
202300053812;155 585 086;A01;3;7;0;1;2;1;1;
202300053813;155 585 084;A01;1;7;0;2;1;15;1;
202300053813;155 585 090;B01;2;50;0;2;8;19;3;
202300053814;155 585 083;A01;1;7;0;1;1;21;0;
202300053815;155 585 079;A01;1;7;12;0;2;1;1;
202300053816;155 585 072;B01;3;7;0;2;2;1;1;
202300053816;155 585 082;A01;3;7;0;2;1;9;1;
202300053817;155 585 074;B01;1;7;0;2;5;17;1;
202300053817;155 585 078;A01;1;31;0;2;3;1;1;
202300053818;155 585 071;A01;0;7;0;2;1;1;1;
202300053818;155 585 077;B01;0;7;0;2;7;19;1;
202300053819;155 585 073;A01;2;7;8;0;2;1;1;
202300053820;155 585 075;B01;3;1;0;2;4;2;5;
202300053820;155 585 080;A01;3;10;0;2;1;1;1;
202300053821;155 585 070;C01;3;7;0;2;7;0;1;
202300053821;155 585 076;B01;3;2;0;2;7;1;1;
202300053821;155 585 081;Z01;3;7;0;2;3;20;0;
202300053822;155 585 067;A01;2;30;4;0;1;13;1;
202300053823;155 585 065;B01;3;30;0;2;1;1;1;
202300053823;155 585 068;A01;3;7;0;2;8;15;1;
202300053824;155 585 053;A01;1;7;0;1;4;4;1;
202300053825;155 585 052;B01;2;7;0;2;1;2;1;
202300053825;155 585 059;A01;2;7;0;2;0;19;3;
202300053826;155 585 051;B01;2;80;0;2;2;1;3;
202300053826;155 585 060;A01;1;32;0;2;3;16;1;
202300053827;155 585 056;B01;1;2;0;2;8;1;1;
202300053827;155 585 066;A01;2;7;0;0;1;15;1;
202300053828;155 585 049;A01;1;7;0;2;1;2;1;
202300053828;155 585 054;B01;1;7;0;2;4;1;1;
202300053828;155 585 062;C01;1;7;0;2;4;23;1;
202300053829;155 585 050;A01;3;7;2;0;1;6;1;
202300053830;155 585 046;A01;1;7;0;1;2;15;1;
202300053831;155 585 041;B01;0;7;0;2;6;15;1;
202300053831;155 585 045;A01;0;7;0;2;2;17;1;
202300053832;155 585 042;A01;2;7;0;1;1;21;1;
202300053833;155 585 039;A01;1;30;0;0;7;2;0;
202300053834;155 585 038;A01;3;7;0;1;3;1;0;
202300053835;155 585 040;A01;3;34;0;2;1;19;1;
202300053835;155 585 047;B01;3;7;0;2;2;1;1;
202300053836;155 585 036;B01;1;50;0;2;7;1;3;
202300053836;155 585 043;Z01;2;7;0;0;0;15;0;
202300053837;155 585 033;A01;1;7;8;0;2;26;1;
202300053838;155 585 035;A01;0;7;0;2;2;16;1;
202300053838;155 585 037;B01;0;7;0;2;3;1;1;
202300053839;155 585 034;A01;2;7;0;0;5;26;1;
202300053840;155 585 031;A01;1;7;13;0;3;1;1;
202300053841;155 585 025;Z01;1;7;0;2;3;9;1;
202300053841;155 585 032;A01;2;33;0;2;1;1;1;
202300053842;155 585 023;A01;1;1;0;1;1;14;5;
202300053843;155 585 022;A01;0;1;0;-1;8;1;5;
202300053844;155 585 021;C01;1;7;0;2;2;1;1;
202300053844;155 585 026;B01;2;7;0;2;3;1;1;
202300053844;155 585 030;A01;1;33;0;2;8;17;1;
202300053845;155 585 019;A01;2;7;0;2;3;9;1;
202300053845;155 585 027;B01;3;31;0;2;5;1;1;
202300053846;155 585 018;C01;2;7;0;2;4;2;1;
202300053846;155 585 024;A01;2;7;0;2;1;2;1;
202300053846;155 585 029;B01;2;7;0;2;4;2;1;
202300053847;155 585 017;A01;2;10;0;1;3;16;1;
202300053848;155 585 015;A01;1;10;0;2;1;0;1;
202300053848;155 585 020;B01;1;7;0;2;4;0;0;
202300053849;155 585 016;A01;2;33;0;0;1;1;1;
202300053850;155 585 011;A01;1;7;0;2;3;9;1;
202300053850;155 585 014;B01;1;33;0;2;2;2;1;
202300053851;155 585 007;A01;2;7;0;1;1;1;1;
202300053852;155 585 005;A01;1;7;0;2;2;1;1;
202300053852;155 585 013;B01;1;7;0;2;3;16;1;
202300053853;155 585 003;A01;1;7;0;2;2;15;1;
202300053853;155 585 009;B01;1;31;0;2;0;0;1;
202300053854;155 585 002;B01;3;7;0;2;1;1;1;
202300053854;155 585 008;C01;3;7;0;2;1;1;1;
202300053854;155 585 012;A01;3;7;0;2;1;1;1;
202300053855;155 584 999;A01;2;3;3;0;1;1;1;
202300053856;155 585 000;A01;2;7;0;2;1;13;1;
202300053856;155 585 006;B01;1;7;0;2;6;2;1;
202300053856;155 585 010;C01;1;7;0;2;1;2;1;
202300053857;155 584 998;A01;3;7;0;2;2;5;1;
202300053857;155 585 004;B01;3;7;0;2;5;22;1;
202300053858;155 585 001;A01;3;37;0;1;1;15;1;1
202300053859;155 584 996;A01;1;10;0;1;7;1;1;
202300053860;155 584 995;A01;2;7;0;2;7;12;1;
202300053860;155 584 997;B01;2;7;7;2;1;18;1;
202300053861;155 584 992;A01;1;50;0;0;8;25;3;
202300053862;155 584 990;A01;1;10;0;1;1;1;1;
202300053863;155 584 989;A01;3;1;0;2;1;1;5;
202300053863;155 584 994;B01;3;1;0;2;1;1;5;
202300053864;155 584 985;A01;2;7;0;2;2;13;1;
202300053864;155 584 991;B01;2;30;0;2;1;13;1;
202300053865;155 584 987;A01;3;7;1;1;5;24;1;
202300053866;155 584 986;A01;2;7;0;1;2;1;1;
202300053867;155 584 984;B01;3;1;0;2;3;1;5;
202300053867;155 584 993;A01;3;10;0;2;2;1;1;
202300053868;155 584 983;B01;2;7;0;2;5;2;1;
202300053868;155 584 988;A01;2;1;0;2;1;2;5;
202300053869;155 584 982;A01;1;7;2;0;1;0;0;
202300053870;155 584 981;A01;3;7;0;1;8;13;2;
202300053871;155 584 977;A01;1;7;0;1;2;1;1;
202300053872;155 584 978;A01;2;7;0;2;8;11;1;
202300053872;155 584 980;B01;2;33;0;2;7;2;1;
202300053873;155 584 972;B01;1;7;0;2;8;1;1;
202300053873;155 584 979;A01;1;7;0;2;1;1;1;
202300053874;155 584 971;A01;2;7;9;0;1;14;1;
202300053875;155 584 968;A01;1;2;11;2;5;17;1;
202300053875;155 584 975;B01;2;10;0;2;5;4;1;
202300053876;155 584 969;A01;1;7;13;0;2;14;1;
202300053877;155 584 970;B01;1;3;0;2;3;0;1;
202300053877;155 584 976;A01;1;7;0;2;2;2;1;
202300053878;155 584 963;B01;2;7;0;2;1;26;1;
202300053878;155 584 973;A01;2;7;0;2;1;26;1;
202300053879;155 584 965;A01;2;14;0;0;7;14;1;
202300053880;155 584 967;B01;2;50;0;2;1;1;3;
202300053880;155 584 974;Z01;1;7;0;2;1;1;1;
202300053881;155 584 962;A01;1;80;0;2;1;1;3;
202300053881;155 584 966;B01;2;50;0;2;1;13;3;
202300053882;155 584 961;B01;2;1;0;2;8;1;5;
202300053882;155 584 964;A01;1;7;0;2;1;15;1;
202300053883;155 584 958;A01;1;80;1;0;1;15;3;
202300053884;155 584 950;A01;2;7;0;1;1;15;1;
202300053885;155 584 949;A01;1;36;0;2;1;1;1;
202300053885;155 584 955;B01;3;7;0;2;4;26;1;
202300053886;155 584 945;D01;3;7;0;2;4;1;1;
202300053886;155 584 951;C01;3;7;0;2;4;1;1;
202300053886;155 584 956;A01;3;7;0;2;1;1;1;
202300053886;155 584 959;B01;3;7;0;2;4;1;1;
202300053887;155 584 946;A01;1;7;0;2;3;15;1;
202300053887;155 584 957;B01;2;7;0;2;2;1;1;
202300053888;155 584 944;A01;1;7;0;2;8;1;1;
202300053888;155 584 954;B01;2;80;0;2;8;23;3;
202300053889;155 584 943;A01;3;33;0;2;1;2;1;
202300053889;155 584 952;B01;3;7;0;2;4;15;1;
202300053890;155 584 942;B01;2;7;0;2;3;15;1;
202300053890;155 584 953;A01;1;50;0;2;1;5;3;
202300053891;155 584 940;A01;2;33;1;2;1;3;1;
202300053891;155 584 947;C01;2;7;0;2;8;23;1;
202300053891;155 584 960;B01;2;43;1;2;1;3;1;
202300053892;155 584 939;B01;1;33;0;2;6;1;1;
202300053892;155 584 948;A01;3;7;0;2;2;15;1;
202300053893;155 584 937;B01;1;10;0;2;2;22;1;
202300053893;155 584 941;A01;1;10;0;2;5;4;1;
202300053894;155 584 930;A01;2;50;0;0;1;1;3;
202300053895;155 584 929;A01;3;50;0;1;1;2;3;
202300053896;155 584 925;B01;3;1;0;2;8;1;5;
202300053896;155 584 936;A01;2;7;0;2;1;1;1;
202300053897;155 584 926;A01;2;31;0;0;2;19;1;
202300053897;155 584 934;B01;1;1;0;0;1;1;5;
202300053898;155 584 924;A01;3;3;1;0;0;1;1;
202300053898;155 584 933;Z01;3;0;0;2;0;26;0;
202300053899;155 584 927;A01;1;10;0;1;2;1;1;
202300053900;155 584 923;A01;1;80;0;2;8;15;3;
202300053900;155 584 931;B01;1;32;0;2;7;1;1;
202300053901;155 584 922;A01;1;7;0;1;3;1;1;
202300053902;155 584 920;A01;2;7;0;2;1;1;1;
202300053902;155 584 928;B01;2;7;0;2;1;0;1;
202300053903;155 584 916;A01;1;7;0;0;0;14;0;
202300053904;155 584 914;A01;2;7;0;2;1;2;1;
202300053904;155 584 921;B01;2;31;1;2;4;2;1;
202300053905;155 584 913;B01;1;7;0;2;1;1;0;
202300053905;155 584 919;A01;1;1;0;2;1;1;5;
202300053906;155 584 910;A01;2;7;0;2;2;15;1;
202300053906;155 584 915;B01;1;33;0;2;1;1;1;
202300053907;155 584 911;A01;1;7;5;0;3;13;1;
202300053908;155 584 907;A01;1;7;1;0;3;23;1;
202300053909;155 584 908;B01;2;7;0;2;2;1;1;
202300053909;155 584 912;A01;2;7;0;2;8;11;1;
202300053910;155 584 909;A01;1;7;0;2;1;13;1;
202300053910;155 584 918;B01;2;10;0;2;1;1;3;
202300053911;155 584 902;B01;2;50;1;0;1;1;3;
202300053911;155 584 904;A01;2;10;0;0;8;24;1;
202300053912;155 584 900;B01;3;7;0;2;5;12;1;
202300053912;155 584 906;A01;0;10;0;2;3;12;0;
202300053913;155 584 901;B01;2;7;3;2;1;13;1;
202300053913;155 584 905;A01;1;7;3;2;3;1;3;
202300053914;155 584 903;A01;2;7;0;1;1;15;1;
202300053915;155 584 896;A01;1;7;0;1;2;1;1;
202300053916;155 584 895;A01;3;7;0;2;1;1;0;
202300053916;155 584 898;B01;3;50;0;2;3;15;3;
202300053917;155 584 893;A01;2;50;0;2;8;13;3;
202300053917;155 584 897;B01;1;37;0;2;1;1;1;1
202300053918;155 584 890;A01;1;33;6;0;1;1;1;
202300053919;155 584 891;A01;2;7;0;2;1;1;0;
202300053919;155 584 894;B01;2;10;0;2;4;1;0;
202300053920;155 584 892;A01;1;7;0;1;7;1;1;
202300053921;155 584 887;A01;3;7;0;1;3;1;1;
202300053922;155 584 889;A01;3;10;8;1;1;10;1;
202300053923;155 584 886;A01;1;7;0;2;8;1;1;
202300053923;155 584 899;B01;1;7;0;2;1;15;1;
202300053924;155 584 882;A01;2;7;12;0;3;13;1;
202300053925;155 584 881;A01;1;7;0;2;1;1;1;
202300053925;155 584 884;B01;2;2;0;2;5;1;1;
202300053926;155 584 885;B01;1;31;0;2;1;1;1;
202300053926;155 584 888;A01;1;1;0;2;8;15;5;
202300053927;155 584 880;A01;3;31;0;2;1;7;1;
202300053927;155 584 883;B01;3;7;0;2;7;15;1;
202300053928;155 584 878;A01;1;7;5;0;9;14;1;
202300053929;155 584 876;A01;1;7;0;1;8;2;1;
202300053930;155 584 875;A01;1;7;0;1;7;1;1;
202300053931;155 584 874;A01;3;7;1;0;1;1;1;
202300053931;155 584 879;B01;3;7;0;2;3;1;1;
202300053932;155 584 877;A01;2;50;0;0;7;1;3;
202300053933;155 584 873;A01;1;7;0;1;2;1;1;
202300053934;155 584 871;A01;1;1;0;0;0;1;5;
202300053935;155 584 868;A01;2;7;0;2;8;11;1;
202300053935;155 584 872;B01;2;33;0;2;1;1;1;
202300053936;155 584 869;A01;2;7;0;1;2;1;1;
202300053937;155 584 864;A01;1;7;0;1;4;26;1;
202300053938;155 584 866;A01;2;7;0;2;1;2;1;
202300053938;155 584 870;B01;2;2;0;2;4;23;1;
202300053939;155 584 863;A01;1;7;0;1;4;4;1;
202300053940;155 584 858;A01;2;7;0;2;2;15;1;
202300053940;155 584 862;B01;1;33;0;2;1;1;1;
202300053941;155 584 860;A01;2;10;0;2;2;10;1;
202300053941;155 584 865;B01;1;10;0;2;1;1;1;
202300053942;155 584 857;A01;0;7;13;2;3;9;6;
202300053942;155 584 867;B01;2;32;0;2;1;9;1;
202300053943;155 584 856;A01;1;1;0;2;1;2;5;
202300053943;155 584 859;B01;1;7;0;9;5;2;1;
202300053944;155 584 855;A01;1;7;12;0;1;14;1;
202300053945;155 584 852;A01;1;7;0;2;1;13;1;
202300053945;155 584 861;B01;2;7;0;2;1;1;1;
202300053946;155 584 851;A01;0;3;1;1;1;1;1;
202300053947;155 584 850;A01;3;30;0;0;0;21;1;
202300053948;155 584 849;A01;2;30;0;2;8;2;1;
202300053948;155 584 853;B01;2;7;0;2;2;23;1;
202300053949;155 584 848;A01;2;7;8;0;1;1;1;
202300053950;155 584 847;A01;1;7;0;1;1;15;1;
202300053951;155 584 846;B01;1;7;0;2;3;16;1;
202300053951;155 584 854;A01;2;7;0;2;2;1;1;
202300053952;155 584 843;A01;1;7;2;0;1;14;1;
202300053953;155 584 842;A01;1;7;1;0;9;1;1;
202300053954;155 584 841;B01;2;21;0;2;3;15;1;
202300053954;155 584 844;A01;2;7;0;2;2;17;3;
202300053955;155 584 837;A01;1;7;0;1;3;1;1;
202300053956;155 584 838;A01;2;7;0;2;2;1;1;
202300053956;155 584 845;B01;3;7;1;2;1;20;1;
202300053957;155 584 840;A01;0;50;0;0;1;1;3;
202300053958;155 584 834;A01;1;10;15;0;2;2;1;
202300053959;155 584 832;B01;1;50;0;2;1;1;3;
202300053959;155 584 836;A01;1;7;0;2;7;14;1;
202300053960;155 584 831;A01;0;33;0;2;2;26;1;
202300053960;155 584 835;B01;0;7;0;2;7;23;1;
202300053960;155 584 839;C01;0;7;0;2;2;23;1;
202300053961;155 584 828;A01;1;32;0;6;1;1;1;
202300053962;155 584 826;A01;1;7;0;2;1;15;1;
202300053962;155 584 833;B01;1;7;0;2;3;21;1;
202300053963;155 584 824;B01;2;7;0;2;1;1;1;
202300053963;155 584 830;A01;0;7;0;2;1;26;1;
202300053964;155 584 825;B01;3;7;0;1;4;4;1;
202300053965;155 584 823;A01;0;7;0;1;4;20;1;
202300053966;155 584 821;B01;3;7;0;2;2;1;2;
202300053966;155 584 829;A01;3;30;0;2;8;9;1;