Num_Acc;id_vehicule;num_veh;senc;catv;obs;obsm;choc;manv;motor;occutc
202300054247;155 584 332;A01;3;99;0;1;3;16;6;
202300054248;155 584 329;A01;2;15;0;0;3;23;1;
202300054248;155 584 333;B01;2;7;1;0;7;1;1;
202300054248;155 584 338;C01;2;7;0;2;2;1;1;
202300054248;155 584 348;D01;2;7;0;2;2;1;2;
202300054249;155 584 328;A01;2;7;0;1;1;15;1;
202300054250;155 584 326;A01;2;7;1;0;1;1;0;
202300054251;155 584 327;A01;1;7;0;1;5;1;1;
202300054252;155 584 324;A01;1;7;5;0;2;1;1;
202300054253;155 584 323;A01;1;33;0;2;1;1;1;
202300054253;155 584 325;B01;1;7;0;2;4;23;1;
202300054254;155 584 317;B01;1;7;0;2;1;1;1;
202300054254;155 584 322;A01;2;7;0;2;1;13;1;
202300054255;155 584 316;A01;2;7;1;1;1;1;1;
202300054256;155 584 315;A01;2;10;0;1;1;1;1;
202300054257;155 584 313;A01;1;7;0;2;8;10;1;
202300054257;155 584 320;B01;1;33;0;2;1;17;1;
202300054258;155 584 314;A01;1;7;7;0;3;1;0;
202300054258;155 584 321;B01;1;7;0;2;1;1;0;
202300054259;155 584 311;A01;3;7;0;1;1;15;1;
202300054260;155 584 310;A01;1;7;0;0;0;26;1;
202300054261;155 584 308;B01;2;7;0;0;0;0;1;
202300054261;155 584 319;A01;1;3;0;0;0;0;1;
202300054262;155 584 307;A01;1;7;0;2;3;15;6;
202300054262;155 584 309;B01;1;30;0;2;1;17;3;
202300054263;155 584 298;A01;1;10;0;2;0;20;1;
202300054263;155 584 306;B01;1;33;0;2;0;1;1;
202300054264;155 584 297;A01;1;7;0;2;7;15;1;
202300054264;155 584 303;B01;2;31;0;2;1;1;1;
202300054265;155 584 299;A01;1;21;0;2;1;26;4;
202300054265;155 584 304;B01;2;7;0;2;2;1;1;
202300054266;155 584 294;B01;2;7;0;2;4;2;1;
202300054266;155 584 301;A01;2;33;0;2;1;2;1;
202300054267;155 584 292;A01;1;30;0;0;7;15;1;
202300054268;155 584 295;A01;2;7;0;2;1;5;0;
202300054268;155 584 302;B01;1;7;0;2;1;23;0;
202300054269;155 584 285;A01;1;7;0;1;3;1;1;
202300054270;155 584 282;A01;3;7;13;0;1;1;0;
202300054271;155 584 279;A01;1;7;0;2;3;1;1;
202300054271;155 584 288;B01;1;50;0;2;1;26;3;
202300054272;155 584 287;A01;3;7;0;2;2;15;1;
202300054272;155 584 290;B01;3;1;0;2;1;1;5;
202300054273;155 584 276;A01;2;1;0;2;8;19;5;
202300054273;155 584 280;B01;2;7;0;2;3;1;0;
202300054274;155 584 272;A01;1;13;1;2;1;5;1;
202300054274;155 584 277;B01;2;13;0;0;1;24;1;
202300054274;155 584 284;C01;2;10;0;2;6;1;1;
202300054275;155 584 273;B01;1;10;0;2;4;2;1;
202300054275;155 584 289;A01;1;10;0;2;1;2;1;
202300054275;155 584 291;C01;1;7;0;2;4;2;1;
202300054276;155 584 271;A01;2;31;0;2;1;3;1;
202300054276;155 584 275;B01;2;7;0;2;5;1;1;
202300054276;155 584 281;C01;2;7;0;2;6;1;3;
202300054277;155 584 270;A01;2;7;0;1;1;16;1;
202300054278;155 584 263;A01;3;7;0;2;7;2;1;
202300054278;155 584 267;B01;3;1;0;2;3;11;5;
202300054279;155 584 262;A01;0;7;0;2;2;16;1;
202300054279;155 584 266;B01;3;7;0;2;3;1;1;
202300054280;155 584 259;A01;3;7;0;2;2;1;1;
202300054280;155 584 268;B01;3;30;0;2;1;0;1;
202300054281;155 584 260;B01;2;15;0;0;4;2;1;
202300054281;155 584 265;A01;2;10;0;2;1;2;1;
202300054282;155 584 255;B01;1;33;0;0;4;1;1;
202300054282;155 584 264;A01;1;7;0;2;1;0;0;
202300054283;155 584 256;B01;1;31;0;2;1;1;1;
202300054283;155 584 269;A01;1;10;0;2;2;1;1;
202300054284;155 584 261;A01;0;7;6;1;1;0;1;
202300054285;155 584 252;B01;2;7;0;2;4;2;1;
202300054285;155 584 258;A01;2;15;0;2;1;2;1;
202300054286;155 584 250;A01;2;31;0;2;1;3;1;
202300054286;155 584 254;B01;2;7;0;2;3;1;1;
202300054286;155 584 257;C01;2;7;0;2;5;1;2;
202300054287;155 584 246;A01;1;0;0;1;0;0;1;
202300054288;155 584 240;A01;2;7;0;9;7;9;1;
202300054288;155 584 245;B01;1;1;0;2;8;13;5;
202300054289;155 584 238;B01;3;7;0;2;3;1;1;
202300054289;155 584 251;A01;3;21;0;2;1;9;1;
202300054290;155 584 239;A01;2;50;0;1;4;25;3;
202300054291;155 584 244;A01;2;80;0;1;2;1;3;
202300054292;155 584 243;B01;3;7;0;2;1;15;1;
202300054292;155 584 249;A01;3;7;0;2;1;1;1;
202300054293;155 584 242;B01;1;2;0;2;4;2;1;
202300054293;155 584 247;A01;1;7;0;2;2;2;1;
202300054293;155 584 253;C01;1;7;0;2;4;2;1;
202300054294;155 584 237;B01;1;7;0;0;4;1;1;
202300054294;155 584 248;A01;1;7;0;2;1;2;1;
202300054295;155 584 233;C01;1;7;0;2;4;2;1;
202300054295;155 584 235;B01;1;7;0;2;1;2;1;
202300054295;155 584 241;A01;1;7;0;2;1;2;1;
202300054296;155 584 225;B01;1;7;0;2;3;21;1;
202300054296;155 584 234;A01;1;35;0;2;2;9;1;
202300054297;155 584 230;A01;2;30;0;0;0;1;3;
202300054298;155 584 232;Z01;2;31;0;2;1;2;1;
202300054298;155 584 236;A01;3;1;0;2;4;2;5;
202300054299;155 584 228;A01;2;7;3;0;9;26;6;
202300054300;155 584 223;A01;3;7;0;2;1;1;1;
202300054300;155 584 229;B01;3;50;0;2;8;0;3;
202300054301;155 584 222;B01;1;31;0;9;1;13;1;
202300054301;155 584 227;A01;1;1;0;2;8;10;5;
202300054302;155 584 221;B01;1;7;0;0;2;1;1;
202300054302;155 584 226;A01;3;10;7;0;5;4;1;
202300054303;155 584 220;A01;1;7;0;2;1;1;1;
202300054303;155 584 224;B01;2;7;0;2;6;16;1;
202300054304;155 584 217;A01;0;1;0;1;1;21;5;
202300054305;155 584 216;A01;1;7;3;0;1;1;1;
202300054306;155 584 211;A01;0;33;15;0;3;2;1;
202300054307;155 584 212;A01;1;37;0;0;0;1;3;2
202300054308;155 584 215;A01;1;10;0;2;3;1;1;
202300054308;155 584 218;B01;3;1;0;2;6;23;5;
202300054309;155 584 209;B01;2;33;0;2;1;2;0;
202300054309;155 584 214;A01;2;99;0;2;7;15;0;
202300054310;155 584 207;B01;1;7;0;2;5;2;1;
202300054310;155 584 219;A01;1;7;0;2;3;2;1;
202300054311;155 584 208;B01;3;32;0;2;0;1;1;
202300054311;155 584 213;A01;3;10;0;2;0;15;1;
202300054312;155 584 204;A01;2;2;14;0;1;1;1;
202300054313;155 584 201;B01;1;7;0;0;1;1;1;
202300054313;155 584 210;A01;1;7;15;0;2;19;1;
202300054314;155 584 200;A01;3;15;0;2;2;15;1;
202300054314;155 584 205;B01;3;10;0;2;1;2;1;
202300054315;155 584 202;A01;0;7;6;0;1;0;0;
202300054315;155 584 206;B01;3;7;6;2;2;1;0;
202300054316;155 584 199;A01;1;7;0;1;2;1;1;
202300054317;155 584 195;A01;1;7;3;0;1;1;1;
202300054318;155 584 191;A01;2;7;0;2;3;15;1;
202300054318;155 584 194;B01;1;33;0;2;1;1;1;
202300054319;155 584 197;A01;1;7;0;2;1;1;1;
202300054319;155 584 203;B01;1;7;0;0;6;19;2;
202300054320;155 584 189;A01;3;33;6;0;1;13;1;
202300054321;155 584 190;A01;1;33;0;0;0;1;1;
202300054322;155 584 188;B01;1;7;0;2;3;1;0;
202300054322;155 584 192;A01;2;7;0;2;3;1;0;
202300054323;155 584 186;A01;2;7;0;2;7;1;1;
202300054323;155 584 193;C01;1;7;0;2;1;1;1;
202300054323;155 584 198;B01;2;7;0;2;1;15;1;
202300054324;155 584 185;A01;2;30;0;2;1;2;1;
202300054325;155 584 182;A01;1;7;0;0;9;14;1;
202300054326;155 584 180;A01;1;1;0;2;7;17;5;
202300054326;155 584 183;B01;1;1;0;2;8;1;5;
202300054327;155 584 184;A01;1;7;0;2;3;15;1;
202300054327;155 584 187;B01;1;1;0;2;0;1;5;
202300054328;155 584 181;A01;2;7;0;2;3;10;1;
202300054328;155 584 196;B01;-1;31;0;2;1;1;1;
202300054329;155 584 176;A01;1;7;2;0;0;14;1;
202300054330;155 584 177;A01;2;7;13;0;9;1;1;
202300054331;155 584 174;A01;1;10;0;2;1;1;1;
202300054331;155 584 179;B01;1;10;0;2;4;1;1;
202300054332;155 584 171;A01;1;33;12;0;1;1;1;
202300054333;155 584 169;A01;2;7;0;2;6;15;1;
202300054333;155 584 178;B01;2;7;0;2;3;1;1;
202300054334;155 584 168;A01;3;10;0;1;4;4;1;
202300054335;155 584 167;A01;1;7;0;2;2;17;0;
202300054335;155 584 173;B01;1;7;0;2;1;2;0;
202300054336;155 584 165;A01;2;7;0;2;4;1;1;
202300054336;155 584 172;B01;2;10;0;2;4;1;1;
202300054336;155 584 175;Z01;2;7;0;2;1;1;1;
202300054337;155 584 164;A01;3;21;0;2;3;19;1;
202300054337;155 584 170;B01;2;1;0;2;1;1;5;
202300054338;155 584 162;A01;1;7;4;0;1;1;1;
202300054339;155 584 163;A01;3;33;12;0;9;19;1;
202300054340;155 584 161;B01;2;15;0;2;1;1;1;
202300054340;155 584 166;A01;1;7;0;2;1;15;1;
202300054341;155 584 158;A01;3;1;0;0;1;1;5;
202300054342;155 584 157;B01;0;7;0;1;1;1;1;
202300054343;155 584 154;B01;2;33;0;2;3;1;1;
202300054343;155 584 159;A01;1;7;0;2;2;15;1;
202300054344;155 584 151;A01;2;7;0;0;3;1;1;
202300054345;155 584 148;B01;2;33;0;2;3;1;1;
202300054345;155 584 153;A01;1;33;0;2;3;13;1;
202300054346;155 584 150;A01;1;43;0;2;0;17;1;
202300054346;155 584 156;B01;2;43;0;2;0;5;1;
202300054346;155 584 160;Z01;1;33;0;2;0;13;0;
202300054347;155 584 146;B01;3;34;0;2;1;1;1;
202300054347;155 584 152;A01;3;7;0;2;1;9;1;
202300054348;155 584 143;B01;0;33;0;2;8;1;1;
202300054348;155 584 145;A01;0;10;0;2;1;15;1;
202300054349;155 584 141;A01;3;7;0;2;1;1;1;
202300054349;155 584 149;B01;3;7;0;2;4;23;1;
202300054349;155 584 155;C01;3;7;0;2;4;23;1;
202300054350;155 584 140;A01;1;7;0;2;2;15;1;
202300054350;155 584 144;B01;1;33;0;2;1;1;1;
202300054351;155 584 142;A01;1;7;0;1;3;15;1;
202300054352;155 584 138;A01;2;31;9;0;3;1;1;
202300054353;155 584 136;A01;1;7;0;1;3;1;1;
202300054354;155 584 137;B01;2;7;0;2;3;1;1;
202300054354;155 584 147;A01;2;7;0;2;1;1;2;
202300054355;155 584 134;A01;2;7;3;2;9;26;1;
202300054355;155 584 139;B01;2;7;0;2;6;2;1;
202300054356;155 584 133;B01;3;50;0;2;7;19;3;
202300054356;155 584 135;A01;3;7;0;2;1;15;1;
202300054357;155 584 127;A01;2;32;0;1;9;1;1;
202300054358;155 584 124;A01;2;2;12;2;1;2;1;
202300054358;155 584 132;B01;2;7;0;0;5;2;1;
202300054359;155 584 123;Z01;1;7;0;2;7;17;1;
202300054359;155 584 131;A01;1;32;6;2;8;2;1;
202300054360;155 584 122;A01;3;7;0;2;0;0;0;
202300054360;155 584 130;B01;1;30;0;2;1;2;1;
202300054361;155 584 121;B01;1;7;0;2;1;9;1;
202300054361;155 584 126;A01;1;7;0;2;4;9;1;
202300054362;155 584 120;B01;1;7;0;0;5;15;1;
202300054362;155 584 128;A01;2;1;0;2;1;19;5;
202300054363;155 584 119;B01;1;2;0;0;1;23;1;
202300054363;155 584 125;A01;1;7;0;2;3;15;1;
202300054364;155 584 114;A01;3;1;0;2;7;17;5;
202300054364;155 584 118;B01;3;1;0;2;6;1;5;
202300054365;155 584 117;A01;2;7;0;2;3;15;1;
202300054365;155 584 129;B01;1;2;1;2;3;1;1;
202300054366;155 584 115;A01;1;7;4;0;1;1;1;
202300054367;155 584 112;A01;3;1;13;0;1;1;5;
202300054368;155 584 109;A01;3;7;0;2;3;6;1;
202300054368;155 584 111;B01;3;2;0;2;2;26;1;
202300054369;155 584 108;B01;1;33;0;2;1;19;1;
202300054369;155 584 116;A01;1;7;0;2;3;1;1;
202300054370;155 584 106;A01;3;7;0;2;1;13;1;
202300054370;155 584 113;B01;3;7;0;2;1;1;1;
202300054371;155 584 104;A01;1;33;13;0;1;1;1;
202300054372;155 584 105;A01;3;33;0;2;2;1;0;
202300054372;155 584 110;Z01;0;10;0;2;0;9;0;
202300054373;155 584 103;A01;3;7;0;2;3;9;1;
202300054373;155 584 107;B01;3;33;0;2;1;1;1;
202300054374;155 584 102;A01;2;2;0;2;1;18;1;
202300054375;155 584 100;A01;2;7;0;1;2;16;1;
202300054376;155 584 097;A01;2;7;7;0;2;14;1;
202300054377;155 584 096;A01;1;7;0;1;2;11;1;
202300054378;155 584 095;A01;2;7;0;2;3;15;1;
202300054378;155 584 101;B01;1;2;0;2;7;1;1;
202300054379;155 584 091;A01;2;1;0;2;3;1;5;
202300054379;155 584 093;B01;1;7;0;0;8;1;1;
202300054380;155 584 098;A01;1;7;0;1;4;4;1;
202300054381;155 584 089;A01;2;10;6;0;1;1;1;
202300054382;155 584 090;A01;1;10;0;2;3;16;1;
202300054382;155 584 094;B01;1;2;0;2;1;1;1;
202300054383;155 584 092;A01;2;7;0;2;1;15;1;
202300054383;155 584 099;B01;2;7;13;2;3;1;1;
202300054384;155 584 086;A01;1;7;0;1;6;4;1;
202300054385;155 584 085;A01;1;7;8;0;1;14;1;
202300054386;155 584 083;A01;1;7;0;2;5;15;2;
202300054386;155 584 088;B01;1;2;0;2;1;1;1;
202300054387;155 584 080;B01;1;7;0;2;3;2;1;
202300054387;155 584 087;A01;1;7;0;2;3;2;1;
202300054388;155 584 079;A01;1;7;2;0;1;1;1;
202300054389;155 584 076;A01;2;7;0;2;1;1;1;
202300054389;155 584 081;B01;2;7;0;2;4;1;1;
202300054390;155 584 075;A01;2;7;2;0;3;13;1;
202300054391;155 584 072;A01;3;7;0;1;2;1;1;
202300054392;155 584 071;A01;0;7;0;2;1;17;1;
202300054392;155 584 074;B01;0;7;0;2;1;1;1;
202300054393;155 584 077;B01;2;7;0;2;1;9;1;
202300054393;155 584 082;C01;1;7;0;2;6;2;1;
202300054393;155 584 084;A01;1;7;0;2;1;17;1;
202300054394;155 584 078;A01;0;33;0;1;1;1;1;
202300054395;155 584 069;B01;1;7;0;2;1;1;1;
202300054395;155 584 073;A01;1;7;0;2;1;13;1;
202300054396;155 584 067;A01;2;33;1;0;1;1;1;
202300054397;155 584 066;B01;2;7;0;2;2;1;1;
202300054397;155 584 070;A01;2;1;0;2;3;16;5;
202300054398;155 584 068;Z01;1;32;0;1;0;1;0;
202300054399;155 584 064;A01;1;31;2;0;0;16;1;
202300054400;155 584 061;A01;1;33;13;0;1;1;1;
202300054401;155 584 058;A01;2;7;0;1;1;15;1;
202300054402;155 584 057;B01;1;7;0;2;6;1;1;
202300054402;155 584 062;A01;1;33;0;2;7;2;1;
202300054403;155 584 060;A01;1;17;0;1;7;1;1;
202300054404;155 584 055;B01;1;7;0;2;3;1;1;
202300054404;155 584 063;C01;2;7;0;2;2;2;1;
202300054404;155 584 065;A01;2;33;0;2;1;1;1;
202300054405;155 584 054;A01;1;33;0;0;1;1;1;
202300054406;155 584 056;A01;3;31;0;0;7;1;1;
202300054407;155 584 052;A01;2;30;1;0;1;14;1;
202300054407;155 584 059;C01;1;2;0;2;8;26;1;
202300054408;155 584 050;A01;2;33;3;0;8;13;1;
202300054409;155 584 053;A01;2;43;0;1;1;1;1;
202300054410;155 584 046;A01;3;7;0;1;3;1;1;
202300054411;155 584 048;A01;2;3;0;2;7;15;1;
202300054411;155 584 051;B01;1;2;0;2;1;1;1;
202300054412;155 584 043;A01;1;10;0;0;8;9;1;
202300054412;155 584 049;B01;2;33;0;2;2;1;1;
202300054413;155 584 041;B01;2;10;0;2;1;2;1;
202300054413;155 584 044;A01;2;17;0;2;4;2;1;
202300054414;155 584 039;A01;2;7;0;9;7;17;1;
202300054414;155 584 045;B01;2;80;0;0;8;2;3;
202300054415;155 584 040;A01;0;7;0;2;1;0;1;
202300054415;155 584 047;B01;1;10;0;2;2;1;1;
202300054416;155 584 037;A01;3;7;2;0;1;1;1;
202300054417;155 584 035;A01;1;7;6;0;1;1;1;
202300054418;155 584 034;A01;1;7;0;2;8;15;1;
202300054418;155 584 042;B01;1;33;0;2;1;1;1;
202300054419;155 584 032;A01;1;7;0;2;3;15;1;
202300054419;155 584 038;B01;2;32;0;2;1;1;1;
202300054420;155 584 031;A01;1;7;0;2;3;9;1;
202300054420;155 584 033;B01;1;1;0;2;2;9;5;
202300054421;155 584 029;A01;2;7;2;0;1;1;1;
202300054422;155 584 022;B01;1;80;0;2;1;2;3;
202300054422;155 584 027;A01;1;10;0;0;6;4;1;
202300054423;155 584 025;A01;1;7;0;2;3;1;1;
202300054423;155 584 030;B01;2;21;0;2;6;1;1;
202300054424;155 584 024;A01;3;43;0;1;1;2;1;
202300054425;155 584 021;A01;2;7;15;0;1;1;1;
202300054426;155 584 019;A01;1;7;0;1;1;1;1;
202300054427;155 584 017;A01;2;7;0;2;1;2;1;
202300054427;155 584 023;B01;3;1;0;2;7;19;5;
202300054428;155 584 015;A01;1;7;0;2;1;26;0;
202300054428;155 584 028;C01;2;7;0;2;8;23;1;
202300054428;155 584 036;B01;2;10;0;2;3;1;1;
202300054429;155 584 018;A01;1;10;0;2;8;19;1;
202300054429;155 584 026;B01;1;7;0;2;1;1;1;
202300054430;155 584 016;A01;2;7;0;2;2;9;1;
202300054430;155 584 020;B01;2;33;0;2;1;1;1;
202300054431;155 584 011;A01;1;33;0;2;1;1;1;
202300054431;155 584 014;B01;2;7;0;2;3;1;1;
202300054432;155 584 010;A01;0;10;0;1;1;1;0;
202300054433;155 584 008;A01;1;7;8;0;1;0;1;
202300054434;155 584 007;B01;1;15;0;2;7;1;1;
202300054434;155 584 012;A01;1;32;0;2;8;1;1;
202300054435;155 584 005;A01;2;3;0;2;7;19;1;
202300054435;155 584 013;B01;1;33;0;2;1;1;1;
202300054436;155 584 001;A01;3;7;8;0;1;19;1;
202300054437;155 584 000;A01;3;50;0;2;3;19;3;
202300054437;155 584 004;B01;3;7;0;2;1;1;0;
202300054438;155 583 999;B01;3;50;0;2;1;25;3;
202300054438;155 584 002;A01;0;7;0;9;2;16;1;
202300054439;155 583 998;A01;2;7;0;2;1;15;1;
202300054439;155 584 003;B01;1;7;0;2;1;1;1;
202300054440;155 583 994;A01;2;2;0;2;8;1;1;
202300054440;155 583 997;B01;1;2;0;2;8;1;1;
202300054441;155 583 993;A01;1;7;0;2;3;13;1;
202300054441;155 583 995;B01;2;10;0;2;2;1;1;
202300054442;155 583 990;A01;1;7;0;2;3;2;1;
202300054442;155 583 996;B01;2;50;0;2;8;19;3;
202300054443;155 583 986;A01;3;7;0;1;3;16;1;
202300054444;155 583 984;A01;2;7;0;2;1;0;0;
202300054444;155 583 991;B01;2;7;0;2;0;0;0;
202300054445;155 583 985;B01;2;7;3;2;8;1;1;
202300054445;155 583 992;A01;1;17;3;2;3;1;1;
202300054446;155 583 982;A01;1;10;0;2;1;2;1;
202300054446;155 583 988;B01;1;15;0;0;4;2;1;
202300054447;155 583 981;A01;2;33;3;0;1;1;1;
202300054448;155 583 983;A01;1;7;0;2;8;15;1;
202300054448;155 583 989;B01;1;7;0;2;7;17;1;
202300054449;155 583 979;A01;1;7;4;0;9;1;1;
202300054450;155 583 977;B01;2;80;0;2;1;5;3;
202300054450;155 583 978;A01;1;7;15;2;3;1;1;
202300054451;155 583 974;A01;3;37;0;1;7;19;0;1
202300054452;155 583 972;B01;1;33;0;2;1;21;1;
202300054452;155 583 975;A01;1;3;0;2;2;9;1;
202300054453;155 583 971;C01;2;7;0;2;1;1;1;
202300054453;155 583 976;B01;2;7;0;2;1;1;1;
202300054453;155 583 980;A01;1;10;0;2;1;5;1;
202300054454;155 583 970;A01;1;7;0;9;7;1;0;
202300054455;155 583 964;A01;0;7;0;9;3;18;0;
202300054455;155 583 973;B01;0;1;0;2;2;14;5;
202300054456;155 583 965;A01;1;7;4;0;3;2;2;
202300054457;155 583 962;A01;2;7;0;2;1;13;1;
202300054457;155 583 968;B01;1;15;0;2;3;1;1;
202300054458;155 583 961;A01;3;7;0;2;0;1;1;
202300054458;155 583 966;B01;3;1;0;0;0;0;5;
202300054459;155 583 960;B01;1;13;0;2;8;0;1;
202300054459;155 583 967;A01;2;7;0;2;3;13;1;
202300054460;155 583 957;B01;1;0;0;0;0;0;0;
202300054461;155 583 956;B01;3;7;0;2;3;1;1;
202300054461;155 583 959;A01;3;7;0;2;3;5;2;
202300054462;155 583 952;E01;3;7;0;0;3;23;1;
202300054462;155 583 958;D01;3;7;0;0;8;24;1;
202300054462;155 583 963;C01;3;7;0;0;8;23;1;
202300054462;155 583 969;A01;3;7;15;2;7;19;1;
202300054462;155 583 987;B01;3;10;0;2;1;1;3;
202300054463;155 583 950;B01;2;33;0;2;1;2;1;
202300054463;155 583 955;A01;2;7;0;0;4;1;2;
202300054464;155 583 948;A01;0;33;0;0;4;2;1;
202300054464;155 583 953;B01;0;33;0;2;1;2;1;
202300054465;155 583 949;A01;1;7;6;2;9;1;1;
202300054465;155 583 954;B01;2;10;0;2;3;21;3;
202300054466;155 583 946;A01;2;7;0;0;6;23;1;
202300054466;155 583 951;B01;2;32;0;2;3;3;1;
202300054467;155 583 942;A01;1;7;0;2;1;15;1;
202300054467;155 583 947;B01;2;33;0;2;1;1;1;
202300054468;155 583 943;A01;1;7;8;0;6;0;0;
202300054469;155 583 938;A01;1;3;14;0;5;17;1;
202300054469;155 583 944;B01;1;2;14;0;0;0;1;
202300054470;155 583 940;B01;1;17;0;2;8;1;1;
202300054470;155 583 945;A01;2;15;0;2;3;13;1;
202300054471;155 583 937;A01;2;7;3;0;3;13;1;
202300054472;155 583 935;A01;1;33;0;0;1;0;1;
202300054473;155 583 934;A01;3;7;2;0;2;2;0;
202300054474;155 583 933;B01;2;50;0;2;1;0;3;
202300054474;155 583 941;A01;1;10;0;2;2;15;1;
202300054475;155 583 931;A01;1;7;0;1;2;1;1;
202300054476;155 583 932;A01;2;7;0;2;4;2;1;
202300054476;155 583 936;B01;2;7;0;2;1;2;1;
202300054477;155 583 930;B01;1;80;0;0;0;0;3;
202300054477;155 583 939;A01;2;7;0;2;3;13;1;
202300054478;155 583 926;A01;3;10;0;2;1;2;1;
202300054478;155 583 929;B01;3;7;0;2;4;2;1;
202300054479;155 583 927;A01;2;7;13;0;1;16;1;
202300054480;155 583 923;B01;1;10;0;2;4;2;1;
202300054480;155 583 928;A01;1;31;0;2;1;2;1;
202300054481;155 583 921;A01;3;50;0;1;1;1;3;
202300054482;155 583 919;B01;0;33;0;2;1;1;1;
202300054482;155 583 922;A01;3;10;0;2;4;2;1;
202300054483;155 583 917;A01;1;7;4;0;8;13;1;
202300054484;155 583 915;A01;2;32;0;0;0;17;1;
202300054485;155 583 916;A01;3;10;0;1;1;1;0;
202300054485;155 583 924;B01;3;7;0;1;8;23;0;
202300054486;155 583 910;A01;2;7;13;0;1;1;1;
202300054487;155 583 912;A01;1;33;7;0;1;9;1;
202300054488;155 583 913;B01;1;7;0;2;3;23;1;
202300054488;155 583 918;A01;2;7;9;2;1;19;1;
202300054489;155 583 908;C01;1;7;0;2;1;1;1;
202300054489;155 583 914;A01;1;7;0;2;4;1;1;
202300054489;155 583 920;B01;1;7;0;2;4;1;1;
202300054490;155 583 907;A01;0;7;0;2;3;15;1;
202300054490;155 583 911;B01;0;33;0;2;1;17;1;
202300054491;155 583 902;A01;1;7;0;0;9;0;1;
202300054492;155 583 903;B01;1;10;0;2;1;1;1;
202300054492;155 583 906;A01;2;7;13;2;2;1;1;
202300054493;155 583 901;A01;2;32;0;2;8;17;1;
202300054493;155 583 905;B01;1;7;0;2;3;14;1;
202300054494;155 583 904;B01;2;31;0;2;0;0;1;
202300054494;155 583 909;A01;3;21;0;2;7;19;1;
202300054495;155 583 897;A01;2;1;0;1;1;1;5;
202300054496;155 583 896;A01;3;33;12;2;1;21;1;
202300054497;155 583 900;A01;1;0;0;1;3;2;0;
202300054498;155 583 895;A01;1;7;0;2;5;1;3;
202300054498;155 583 899;B01;1;13;0;2;3;1;1;
202300054499;155 583 893;A01;1;7;0;0;9;1;1;
202300054500;155 583 894;A01;0;7;0;2;1;15;1;
202300054500;155 583 898;B01;0;32;0;2;8;1;1;
202300054501;155 583 891;A01;1;7;0;1;1;1;0;
202300054502;155 583 889;Z01;1;7;0;1;8;1;0;
202300054503;155 583 888;A01;1;7;0;1;3;1;0;
202300054504;155 583 883;B01;2;7;0;0;1;1;0;
202300054504;155 583 892;A01;2;17;0;0;0;0;1;
202300054505;155 583 885;A01;2;7;2;2;8;17;1;
202300054505;155 583 890;B01;2;14;0;2;3;1;1;
202300054506;155 583 881;A01;2;32;0;2;1;3;1;
202300054506;155 583 886;B01;2;7;0;2;5;12;1;
202300054507;155 583 879;B01;1;7;0;2;3;1;1;
202300054507;155 583 884;A01;1;7;0;2;3;1;1;
202300054507;155 583 887;C01;1;7;0;2;3;1;1;
202300054508;155 583 878;A01;1;34;16;0;8;1;1;
202300054509;155 583 875;A01;1;7;0;2;1;5;1;
202300054509;155 583 880;B01;2;7;0;2;1;1;1;
202300054510;155 583 877;A01;1;7;0;1;4;26;0;
202300054511;155 583 876;A01;3;10;0;2;1;19;1;
202300054512;155 583 872;A01;2;7;13;0;1;1;1;
202300054513;155 583 870;A01;1;7;0;2;3;9;1;
202300054513;155 583 874;B01;1;33;0;2;1;2;1;
202300054514;155 583 867;B01;2;10;0;0;5;2;1;
202300054514;155 583 873;A01;2;2;0;2;1;0;1;
202300054515;155 583 864;A01;2;7;0;2;8;9;1;
202300054515;155 583 869;B01;1;33;0;2;2;1;1;
202300054516;155 583 861;A01;1;10;0;2;1;1;1;
202300054516;155 583 866;B01;1;1;0;2;4;2;5;
202300054517;155 583 860;A01;1;7;0;1;2;1;1;
202300054518;155 583 858;A01;1;7;0;1;2;15;1;
202300054519;155 583 857;C01;1;7;14;0;3;0;1;
202300054519;155 583 862;A01;1;7;3;2;1;2;1;
202300054519;155 583 868;D01;1;7;14;0;3;2;2;
202300054519;155 583 871;B01;1;7;0;2;4;2;1;
202300054520;155 583 855;B01;1;7;0;2;6;15;1;
202300054520;155 583 863;A01;1;7;0;2;1;1;1;
202300054521;155 583 859;A01;2;10;0;9;3;15;0;
202300054521;155 583 865;B01;2;1;0;2;1;1;5;
202300054522;155 583 852;A01;3;7;0;2;3;1;1;
202300054522;155 583 854;B01;3;34;0;2;1;1;1;
202300054523;155 583 848;A01;2;7;0;2;3;15;1;
202300054523;155 583 853;B01;2;7;0;2;2;17;1;
202300054524;155 583 844;A01;2;7;13;0;1;1;0;
202300054525;155 583 845;A01;2;7;0;2;1;15;1;
202300054525;155 583 849;B01;1;31;0;2;0;1;1;
202300054526;155 583 846;B01;2;2;0;2;1;18;0;
202300054526;155 583 850;A01;2;7;0;2;7;19;1;
202300054527;155 583 843;A01;1;7;0;2;4;15;1;
202300054527;155 583 851;B01;1;7;0;2;1;1;1;
202300054527;155 583 856;C01;1;13;0;2;8;23;1;
202300054528;155 583 841;A01;2;37;0;1;5;1;1;1
202300054529;155 583 838;A01;0;7;0;1;1;1;1;
202300054530;155 583 836;B01;1;7;0;2;2;15;1;
202300054530;155 583 847;A01;2;32;0;2;3;8;1;
202300054531;155 583 839;A01;1;7;0;2;7;12;1;